Customer.ID,Customer.Name,Segment,Sales,Profit,Orders,Quantity,Profit_Margin
AA-103151,Alex Avila,Consumer,1445,12.875999999999976,5,44,0.008910726643598599
AA-103152,Alex Avila,Consumer,6105,568.737,7,50,0.09315921375921375
AA-103153,Alex Avila,Consumer,633,228.95999999999998,2,21,0.36170616113744075
AA-103154,Alex Avila,Consumer,5565,-362.88249999999994,5,30,-0.06520799640610961
AA-103751,Allen Armold,Consumer,2407,577.935,4,35,0.2401059410054009
AA-103752,Allen Armold,Consumer,560,-60.257999999999996,3,28,-0.10760357142857142
AA-103753,Allen Armold,Consumer,1861,-117.58200000000006,7,35,-0.06318216012896295
AA-103754,Allen Armold,Consumer,1056,277.3824,9,41,0.2626727272727273
AA-104801,Andrew Allen,Consumer,5946,601.3884,5,21,0.10114167507568114
AA-104802,Andrew Allen,Consumer,5253,190.99650000000003,7,44,0.03635950885208453
AA-104803,Andrew Allen,Consumer,4704,288.26288,4,49,0.061280374149659866
AA-104804,Andrew Allen,Consumer,1792,435.8274,4,36,0.24320725446428573
AA-106451,Anna Andreadi,Consumer,5264,1578.0795,12,91,0.2997871390577508
AA-106452,Anna Andreadi,Consumer,2730,219.05700000000002,9,62,0.08024065934065934
AA-106453,Anna Andreadi,Consumer,2263,396.49920000000003,9,50,0.17520954485196644
AA-106454,Anna Andreadi,Consumer,5087,857.8033,6,64,0.1686265578926676
AA-3151,Alex Avila,Consumer,11,4.29,1,1,0.39
AA-3152,Alex Avila,Consumer,2234,531.276,6,19,0.23781378692927482
AA-3751,Allen Armold,Consumer,365,49.482,4,18,0.13556712328767123
AA-3752,Allen Armold,Consumer,27,11.28,1,4,0.41777777777777775
AA-3753,Allen Armold,Consumer,261,16.680000000000003,3,8,0.06390804597701151
AA-4801,Andrew Allen,Consumer,496,25.68,2,8,0.051774193548387096
AA-4802,Andrew Allen,Consumer,1085,488.1,1,2,0.4498617511520738
AA-4803,Andrew Allen,Consumer,482,40.832999999999984,2,15,0.08471576763485474
AA-6451,Anna Andreadi,Consumer,1503,-820.4159999999999,8,32,-0.5458522954091816
AA-6452,Anna Andreadi,Consumer,465,212.07,3,3,0.45606451612903226
AB-100151,Aaron Bergman,Consumer,10662,1772.7075,9,128,0.16626406865503657
AB-100152,Aaron Bergman,Consumer,6116,1122.894,12,81,0.18359941137998692
AB-100153,Aaron Bergman,Consumer,2375,694.54,8,46,0.29243789473684206
AB-100154,Aaron Bergman,Consumer,887,129.3465,3,13,0.14582468996617812
AB-100601,Adam Bellavance,Home Office,2107,320.27639999999997,9,42,0.15200588514475555
AB-100602,Adam Bellavance,Home Office,3345,1020.066,5,31,0.304952466367713
AB-100603,Adam Bellavance,Home Office,5210,1119.128,10,103,0.21480383877159306
AB-100604,Adam Bellavance,Home Office,7757,2054.5885,8,56,0.2648689570710326
AB-101051,Adrian Barton,Consumer,4309,1451.607,7,54,0.3368779299141332
AB-101052,Adrian Barton,Consumer,2949,276.91800000000006,6,41,0.09390233977619535
AB-101053,Adrian Barton,Consumer,1234,-260.716,10,54,-0.2112771474878444
AB-101054,Adrian Barton,Consumer,14476,5444.8055,10,73,0.3761263815971263
AB-101501,Aimee Bixby,Consumer,429,92.793,4,11,0.2163006993006993
AB-101502,Aimee Bixby,Consumer,9139,1009.5120000000001,6,61,0.11046197614618668
AB-101503,Aimee Bixby,Consumer,2523,648.2496,9,71,0.2569360285374554
AB-101504,Aimee Bixby,Consumer,969,313.65970000000004,5,37,0.3236942208462333
AB-101651,Alan Barnes,Consumer,3435,578.784,5,42,0.16849606986899562
AB-101652,Alan Barnes,Consumer,6437,1322.793,11,99,0.20549836880534408
AB-101653,Alan Barnes,Consumer,668,207.07999999999998,5,24,0.31
AB-101654,Alan Barnes,Consumer,1114,220.813,8,48,0.19821633752244164
AB-102551,Alejandro Ballentine,Home Office,4277,-879.9366,7,68,-0.20573687163899929
AB-102552,Alejandro Ballentine,Home Office,949,262.755,6,25,0.27687565858798735
AB-102553,Alejandro Ballentine,Home Office,4644,309.376,9,48,0.06661843238587424
AB-102554,Alejandro Ballentine,Home Office,914,264.5675,9,39,0.28946115973741793
AB-1051,Adrian Barton,Consumer,97,10.41,2,3,0.10731958762886598
AB-1052,Adrian Barton,Consumer,64,25.02,1,4,0.3909375
AB-1053,Adrian Barton,Consumer,1996,-530.76,4,36,-0.2659118236472946
AB-106001,Ann Blume,Corporate,7148,1608.9561,9,57,0.22509178791270287
AB-106002,Ann Blume,Corporate,4276,-503.295,6,58,-0.11770229186155286
AB-106003,Ann Blume,Corporate,377,74.66,3,20,0.19803713527851458
AB-106004,Ann Blume,Corporate,1515,-274.9604,4,38,-0.18149201320132013
AB-1501,Aimee Bixby,Consumer,3145,862.1400000000001,4,28,0.27413036565977744
AB-151,Aaron Bergman,Consumer,2125,386.64,2,18,0.18194823529411763
AB-152,Aaron Bergman,Consumer,2481,577.0799999999999,3,15,0.2325997581620314
AB-1651,Alan Barnes,Consumer,160,35.22,1,2,0.220125
AB-1652,Alan Barnes,Consumer,411,78.0,1,8,0.1897810218978102
AB-1653,Alan Barnes,Consumer,828,-6.62399999999999,4,9,-0.007999999999999988
AB-2551,Alejandro Ballentine,Home Office,4083,787.2,5,20,0.19279941219691404
AB-2552,Alejandro Ballentine,Home Office,283,57.96,1,3,0.20480565371024737
AB-2553,Alejandro Ballentine,Home Office,313,-43.308,2,4,-0.13836421725239617
AB-6001,Ann Blume,Corporate,1384,253.56,3,55,0.18320809248554915
AB-6002,Ann Blume,Corporate,4027,711.0899999999999,2,10,0.17658058107772534
AB-601,Adam Bellavance,Home Office,1483,685.9979999999999,3,18,0.4625745111260957
AB-602,Adam Bellavance,Home Office,287,-220.07999999999998,6,12,-0.7668292682926828
AC-104201,Alyssa Crouse,Corporate,4086,709.7487,5,36,0.1737025697503671
AC-104202,Alyssa Crouse,Corporate,1033,214.278,7,32,0.207432720232333
AC-104203,Alyssa Crouse,Corporate,4561,-655.4119999999999,9,67,-0.14369918877439156
AC-104204,Alyssa Crouse,Corporate,926,-62.13420000000001,3,17,-0.06709956803455724
AC-104501,Amy Cox,Consumer,7610,2310.4524,5,35,0.30360741130091984
AC-104502,Amy Cox,Consumer,2295,614.19,4,26,0.26762091503267976
AC-104503,Amy Cox,Consumer,694,-185.048,3,18,-0.26663976945244955
AC-104504,Amy Cox,Consumer,5529,1366.0098,7,43,0.24706272381985894
AC-106151,Ann Chong,Corporate,5753,1253.5158,11,100,0.2178890665739614
AC-106152,Ann Chong,Corporate,2738,-394.92,5,44,-0.14423666910153396
AC-106153,Ann Chong,Corporate,1699,3.252679999999998,8,29,0.0019144673337257198
AC-106154,Ann Chong,Corporate,2538,298.8273,5,59,0.11774125295508274
AC-106601,Anna Chung,Consumer,1175,-38.54820000000001,4,26,-0.03280697872340426
AC-106602,Anna Chung,Consumer,2234,-87.876,6,36,-0.03933572068039391
AC-106603,Anna Chung,Consumer,2189,-843.8727200000001,6,58,-0.38550603928734584
AC-106604,Anna Chung,Consumer,658,-28.700399999999995,5,16,-0.0436176291793313
AC-4201,Alyssa Crouse,Corporate,841,150.159,6,17,0.17854815695600473
AC-4202,Alyssa Crouse,Corporate,849,87.39600000000002,3,11,0.10293992932862192
AC-4501,Amy Cox,Consumer,670,81.78,3,4,0.12205970149253731
AC-4502,Amy Cox,Consumer,147,34.32,2,6,0.23346938775510204
AC-4503,Amy Cox,Consumer,210,-241.29299999999998,2,11,-1.1490142857142855
AC-6151,Ann Chong,Corporate,1706,-438.85799999999995,3,14,-0.2572438452520516
AC-6152,Ann Chong,Corporate,593,158.31,4,18,0.266964586846543
AC-6601,Anna Chung,Consumer,2666,726.12,3,15,0.27236309077269316
AC-6602,Anna Chung,Consumer,10,0.75,1,1,0.075
AD-101801,Alan Dominguez,Home Office,9209,-25.87769999999992,8,66,-0.002810044521663581
AD-101802,Alan Dominguez,Home Office,1001,119.8785,5,20,0.11975874125874127
AD-101803,Alan Dominguez,Home Office,1541,86.82400000000001,6,27,0.05634263465282285
AD-101804,Alan Dominguez,Home Office,6106,1869.9294000000002,8,40,0.3062445791025221
AD-1801,Alan Dominguez,Home Office,12,3.45,1,1,0.28750000000000003
AD-1802,Alan Dominguez,Home Office,669,-514.212,2,13,-0.768627802690583
AF-108701,Art Ferguson,Consumer,10793,-411.62550000000005,14,137,-0.03813819142036506
AF-108702,Art Ferguson,Consumer,7808,-172.30199999999996,6,39,-0.022067366803278685
AF-108703,Art Ferguson,Consumer,5832,2002.028,9,65,0.3432832647462277
AF-108704,Art Ferguson,Consumer,2052,317.9712,7,51,0.15495672514619885
AF-108851,Art Foster,Consumer,8347,1099.395,10,81,0.13171139331496345
AF-108852,Art Foster,Consumer,5880,921.48,13,98,0.15671428571428572
AF-108853,Art Foster,Consumer,4621,1025.1572800000001,8,58,0.22184749621294095
AF-108854,Art Foster,Consumer,862,-163.1175,4,37,-0.1892314385150812
AF-8701,Art Ferguson,Consumer,672,201.33,4,21,0.2995982142857143
AF-8702,Art Ferguson,Consumer,125,43.8,1,3,0.3504
AF-8703,Art Ferguson,Consumer,901,297.102,4,10,0.32974694783573805
AF-8851,Art Foster,Consumer,139,32.46,1,2,0.23352517985611512
AF-8852,Art Foster,Consumer,215,55.86,1,7,0.2598139534883721
AG-102701,Alejandro Grove,Consumer,4771,891.3987,7,79,0.18683686858101026
AG-102702,Alejandro Grove,Consumer,1663,249.21,4,30,0.1498556825015033
AG-102703,Alejandro Grove,Consumer,1622,278.64752,9,41,0.17179255240443894
AG-102704,Alejandro Grove,Consumer,2584,732.7399,5,58,0.28356807275541795
AG-103001,Aleksandra Gannaway,Corporate,3212,385.78020000000004,5,31,0.12010591531755917
AG-103002,Aleksandra Gannaway,Corporate,6071,1280.598,7,46,0.2109369131938725
AG-103003,Aleksandra Gannaway,Corporate,3364,120.09999999999998,8,66,0.03570154577883471
AG-103004,Aleksandra Gannaway,Corporate,367,59.288399999999996,4,16,0.16154877384196184
AG-103301,Alex Grayson,Consumer,4208,259.6632,5,42,0.06170703422053232
AG-103302,Alex Grayson,Consumer,3590,661.5405000000001,9,54,0.1842731197771588
AG-103303,Alex Grayson,Consumer,6078,13.400479999999902,10,78,0.002204751563014133
AG-103304,Alex Grayson,Consumer,662,-5.137099999999997,5,47,-0.007759969788519633
AG-103901,Allen Goldenen,Consumer,2228,377.229,2,27,0.1693128366247756
AG-103902,Allen Goldenen,Consumer,2646,28.842000000000006,4,33,0.010900226757369617
AG-103903,Allen Goldenen,Consumer,3380,520.3936,8,69,0.15396260355029587
AG-103904,Allen Goldenen,Consumer,201,69.2784,5,33,0.34466865671641794
AG-104951,Andrew Gjertsen,Corporate,3451,463.533,6,44,0.1343184584178499
AG-104952,Andrew Gjertsen,Corporate,7461,1669.5525,11,109,0.22377060715721753
AG-104953,Andrew Gjertsen,Corporate,2110,320.30956,4,18,0.15180547867298577
AG-104954,Andrew Gjertsen,Corporate,2356,295.6668,8,93,0.12549524617996605
AG-105251,Andy Gerbode,Corporate,324,13.259999999999998,3,9,0.04092592592592592
AG-105252,Andy Gerbode,Corporate,4071,151.71900000000002,8,44,0.03726823876197495
AG-105253,Andy Gerbode,Corporate,2620,23.816000000000006,5,22,0.009090076335877864
AG-105254,Andy Gerbode,Corporate,1455,-152.7613,4,33,-0.10499058419243987
AG-106751,Anna Gayman,Consumer,3644,360.429,3,57,0.09891026344676179
AG-106752,Anna Gayman,Consumer,2284,206.21099999999996,7,39,0.09028502626970225
AG-106753,Anna Gayman,Consumer,3606,360.5763999999999,4,50,0.09999345535219077
AG-106754,Anna Gayman,Consumer,3489,-246.42569999999998,7,54,-0.07062932072226999
AG-107651,Anthony Garverick,Home Office,1586,93.21150000000002,4,12,0.05877143757881464
AG-107652,Anthony Garverick,Home Office,2159,110.80199999999998,6,52,0.05132098193608151
AG-107653,Anthony Garverick,Home Office,5913,1055.002,13,117,0.17842076779976324
AG-107654,Anthony Garverick,Home Office,170,-8.430999999999997,4,20,-0.04959411764705881
AG-109001,Arthur Gainer,Consumer,5035,359.2755,8,65,0.07135561072492552
AG-109002,Arthur Gainer,Consumer,3108,551.1795,8,49,0.17734218146718145
AG-109003,Arthur Gainer,Consumer,5519,625.62976,3,41,0.11335926073564052
AG-109004,Arthur Gainer,Consumer,4511,343.68240000000003,10,92,0.07618763023719796
AG-2701,Alejandro Grove,Consumer,1997,232.10999999999999,5,26,0.11622934401602403
AG-2702,Alejandro Grove,Consumer,296,55.44,1,16,0.1872972972972973
AG-2703,Alejandro Grove,Consumer,486,163.026,2,5,0.3354444444444445
AG-3001,Aleksandra Gannaway,Corporate,866,-802.452,2,23,-0.9266189376443418
AG-3002,Aleksandra Gannaway,Corporate,835,-270.168,4,24,-0.3235544910179641
AG-3301,Alex Grayson,Consumer,513,74.20499999999998,6,27,0.1446491228070175
AG-3302,Alex Grayson,Consumer,20,3.3,1,2,0.16499999999999998
AG-3901,Allen Goldenen,Consumer,414,-504.774,2,9,-1.2192608695652174
AG-3902,Allen Goldenen,Consumer,59,-43.704,2,7,-0.7407457627118644
AG-4951,Andrew Gjertsen,Corporate,469,48.66,3,19,0.10375266524520255
AG-4952,Andrew Gjertsen,Corporate,52,9.149999999999999,2,2,0.17596153846153845
AG-4953,Andrew Gjertsen,Corporate,482,-164.658,6,17,-0.3416141078838174
AG-5251,Andy Gerbode,Corporate,802,-211.644,6,15,-0.26389526184538653
AG-5252,Andy Gerbode,Corporate,2067,345.0,1,16,0.16690856313497823
AG-6751,Anna Gayman,Consumer,774,-318.02099999999996,6,36,-0.41087984496124025
AG-6752,Anna Gayman,Consumer,1595,560.2919999999999,4,13,0.351280250783699
AG-7651,Anthony Garverick,Home Office,769,-891.0600000000001,4,15,-1.1587256176853056
AG-7652,Anthony Garverick,Home Office,1090,-184.21799999999996,4,11,-0.16900733944954124
AG-9001,Arthur Gainer,Consumer,1698,-146.52,4,37,-0.08628975265017669
AH-100301,Aaron Hawkins,Corporate,4154,911.4,6,39,0.21940298507462686
AH-100302,Aaron Hawkins,Corporate,3973,981.594,8,42,0.24706619682859302
AH-100303,Aaron Hawkins,Corporate,4568,343.22384,6,56,0.07513656742556918
AH-100304,Aaron Hawkins,Corporate,1744,365.2152,7,54,0.2094123853211009
AH-100751,Adam Hart,Corporate,7291,-928.8675,9,73,-0.1273991907831573
AH-100752,Adam Hart,Corporate,4526,528.414,9,72,0.1167507733097658
AH-100753,Adam Hart,Corporate,3044,1105.30792,6,27,0.36311035479632064
AH-100754,Adam Hart,Corporate,3251,281.189,10,75,0.0864930790525992
AH-101201,Adrian Hane,Home Office,558,28.512,3,17,0.05109677419354839
AH-101202,Adrian Hane,Home Office,3590,905.511,6,55,0.25223147632311976
AH-101203,Adrian Hane,Home Office,4044,773.4288799999999,6,57,0.19125343224530167
AH-101204,Adrian Hane,Home Office,1736,-2.314599999999987,7,65,-0.0013332949308755685
AH-101951,Alan Haines,Corporate,3839,-308.2815,6,47,-0.08030255274811149
AH-101952,Alan Haines,Corporate,1833,391.05,9,70,0.21333878887070376
AH-101953,Alan Haines,Corporate,5370,454.69128,6,59,0.08467249162011173
AH-101954,Alan Haines,Corporate,1588,-378.55090000000007,4,28,-0.23838217884130986
AH-102101,Alan Hwang,Consumer,1111,271.97999999999996,2,10,0.24480648064806476
AH-102102,Alan Hwang,Consumer,7417,1478.2785000000001,11,96,0.19930949170823783
AH-102103,Alan Hwang,Consumer,7031,1080.8476799999999,12,106,0.15372602474754657
AH-102104,Alan Hwang,Consumer,4805,1308.5546,9,53,0.2723318626430801
AH-104651,Amy Hunt,Consumer,2183,314.8908,6,37,0.14424681630783326
AH-104652,Amy Hunt,Consumer,251,59.748,2,8,0.23803984063745018
AH-104653,Amy Hunt,Consumer,3621,433.37028,7,54,0.11968248550124275
AH-104654,Amy Hunt,Consumer,2495,-196.12009999999998,5,35,-0.07860525050100199
AH-105851,Angele Hood,Consumer,6205,1046.5821,9,75,0.16866754230459308
AH-105852,Angele Hood,Consumer,1615,437.32500000000005,5,27,0.2707894736842106
AH-105853,Angele Hood,Consumer,567,-109.52000000000001,4,18,-0.19315696649029984
AH-105854,Angele Hood,Consumer,738,83.963,4,17,0.11377100271002709
AH-106901,Anna Häberlin,Corporate,4163,552.99,6,54,0.13283449435503242
AH-106902,Anna Häberlin,Corporate,3514,790.0079999999999,9,77,0.22481730221969265
AH-106903,Anna Häberlin,Corporate,710,154.82912,4,14,0.21806918309859152
AH-106904,Anna Häberlin,Corporate,7889,1298.0166,12,102,0.16453499809861832
AH-1201,Adrian Hane,Home Office,1476,379.62,3,12,0.2571951219512195
AH-1202,Adrian Hane,Home Office,2,-3.378,1,1,-1.689
AH-1951,Alan Haines,Corporate,80,-99.291,2,9,-1.2411375
AH-1952,Alan Haines,Corporate,88,29.7,1,6,0.33749999999999997
AH-1953,Alan Haines,Corporate,2483,-681.564,6,39,-0.2744921465968586
AH-2101,Alan Hwang,Consumer,3090,423.6,2,24,0.13708737864077672
AH-2102,Alan Hwang,Consumer,187,-220.89000000000001,2,3,-1.1812299465240643
AH-301,Aaron Hawkins,Corporate,5072,-576.624,4,28,-0.11368769716088328
AH-302,Aaron Hawkins,Corporate,1248,426.12,3,12,0.3414423076923077
AH-4651,Amy Hunt,Consumer,540,129.84,2,6,0.24044444444444446
AH-4652,Amy Hunt,Consumer,112,-23.394000000000002,2,3,-0.208875
AH-5851,Angele Hood,Consumer,889,416.67,2,5,0.46869516310461196
AH-5852,Angele Hood,Consumer,1343,-264.948,7,28,-0.1972807148175726
AH-6901,Anna Häberlin,Corporate,948,-492.6120000000001,3,24,-0.5196329113924052
AH-6902,Anna Häberlin,Corporate,869,162.78,2,9,0.18731875719217492
AH-751,Adam Hart,Corporate,3426,842.31,6,42,0.24585814360770578
AH-752,Adam Hart,Corporate,137,54.9,1,1,0.40072992700729926
AH-753,Adam Hart,Corporate,45,18.78,1,3,0.41733333333333333
AI-108551,Arianne Irving,Consumer,1859,266.59229999999997,4,28,0.14340629370629368
AI-108552,Arianne Irving,Consumer,2105,473.18399999999997,7,56,0.22479049881235152
AI-108553,Arianne Irving,Consumer,20,5.26,1,5,0.263
AI-108554,Arianne Irving,Consumer,4376,867.7271000000001,10,72,0.19829229890310787
AI-8551,Arianne Irving,Consumer,30,4.83,1,1,0.161
AI-8552,Arianne Irving,Consumer,891,-79.41599999999998,3,14,-0.08913131313131312
AJ-107801,Anthony Jacobs,Corporate,5821,988.0137,5,19,0.16973264043978697
AJ-107802,Anthony Jacobs,Corporate,3898,576.2475000000001,7,56,0.14783158029758853
AJ-107803,Anthony Jacobs,Corporate,601,69.272,6,55,0.11526123128119801
AJ-107804,Anthony Jacobs,Corporate,4868,150.71300000000002,7,62,0.030959942481511918
AJ-107951,Anthony Johnson,Corporate,1209,209.388,6,29,0.17319106699751863
AJ-107952,Anthony Johnson,Corporate,2249,384.966,6,37,0.17117207647843485
AJ-107953,Anthony Johnson,Corporate,930,108.032,3,43,0.11616344086021504
AJ-107954,Anthony Johnson,Corporate,4501,1158.7064,7,88,0.25743310375472117
AJ-109451,Ashley Jarboe,Consumer,2329,395.511,9,45,0.16982009446114213
AJ-109452,Ashley Jarboe,Consumer,3402,945.831,7,31,0.2780220458553792
AJ-109453,Ashley Jarboe,Consumer,3517,-294.83799999999997,6,33,-0.0838322433892522
AJ-109454,Ashley Jarboe,Consumer,1839,521.1351999999999,7,40,0.2833796628602501
AJ-109601,Astrea Jones,Consumer,1709,135.9051,4,16,0.07952317144528964
AJ-109602,Astrea Jones,Consumer,4502,914.0745,6,64,0.20303742780986228
AJ-109603,Astrea Jones,Consumer,1792,408.26588,4,45,0.2278269419642857
AJ-109604,Astrea Jones,Consumer,629,60.4265,3,22,0.09606756756756757
AJ-7801,Anthony Jacobs,Corporate,1608,-811.596,7,30,-0.5047238805970149
AJ-7802,Anthony Jacobs,Corporate,19,6.81,1,1,0.3584210526315789
AJ-7803,Anthony Jacobs,Corporate,942,192.78000000000003,4,9,0.20464968152866245
AJ-7951,Anthony Johnson,Corporate,1276,160.32,5,28,0.12564263322884012
AJ-7952,Anthony Johnson,Corporate,2119,457.16999999999996,5,34,0.21574799433695138
AJ-9451,Ashley Jarboe,Consumer,3817,1272.9840000000002,5,38,0.33350379879486514
AJ-9452,Ashley Jarboe,Consumer,1045,166.08,2,8,0.15892822966507178
AJ-9601,Astrea Jones,Consumer,4071,1417.218,6,33,0.34812527634487844
AJ-9602,Astrea Jones,Consumer,556,-404.53200000000004,4,26,-0.7275755395683454
AM-103601,Alice McCarthy,Corporate,3217,291.9576,8,62,0.09075461610195835
AM-103602,Alice McCarthy,Corporate,8940,2375.502,11,75,0.2657161073825503
AM-103603,Alice McCarthy,Corporate,3759,-113.97200000000001,9,80,-0.030319765895184893
AM-103604,Alice McCarthy,Corporate,813,194.9878,5,48,0.23983739237392374
AM-107051,Anne McFarland,Consumer,11719,-250.2885,10,94,-0.021357496373410702
AM-107052,Anne McFarland,Consumer,6094,1797.7530000000002,7,76,0.29500377420413526
AM-107053,Anne McFarland,Consumer,742,95.44800000000001,5,33,0.12863611859838275
AM-107054,Anne McFarland,Consumer,5665,1085.7326,8,81,0.19165624007060902
AM-3601,Alice McCarthy,Corporate,435,-94.68299999999999,4,12,-0.21766206896551724
AM-3602,Alice McCarthy,Corporate,1601,324.06,2,7,0.2024109931292942
AM-7051,Anne McFarland,Consumer,867,297.96000000000004,4,16,0.3436678200692042
AM-7052,Anne McFarland,Consumer,24,9.72,1,1,0.405
AM-7053,Anne McFarland,Consumer,411,202.26,1,2,0.49211678832116784
AO-108101,Anthony O'Donnell,Corporate,7085,-88.94939999999997,12,84,-0.01255460832745236
AO-108102,Anthony O'Donnell,Corporate,5657,786.6060000000001,10,99,0.13905002651582113
AO-108103,Anthony O'Donnell,Corporate,1636,318.64,4,31,0.1947677261613692
AO-108104,Anthony O'Donnell,Corporate,161,12.096,1,2,0.0751304347826087
AO-8101,Anthony O'Donnell,Corporate,24,-32.463,1,5,-1.352625
AO-8102,Anthony O'Donnell,Corporate,386,90.21,1,3,0.23370466321243522
AO-8103,Anthony O'Donnell,Corporate,76,6.96,3,4,0.09157894736842105
AP-107201,Anne Pryor,Home Office,9040,1631.8227,7,93,0.180511360619469
AP-107202,Anne Pryor,Home Office,1763,324.59999999999997,2,9,0.18411798071469085
AP-107203,Anne Pryor,Home Office,2919,695.2546000000001,3,28,0.23818245974648855
AP-107204,Anne Pryor,Home Office,1639,285.7888,8,85,0.17436778523489932
AP-109151,Arthur Prichep,Consumer,9049,1413.6258,9,86,0.15621900762515195
AP-109152,Arthur Prichep,Consumer,1435,-0.9555000000000007,6,25,-0.0006658536585365858
AP-109153,Arthur Prichep,Consumer,2070,428.12399999999997,7,36,0.20682318840579708
AP-109154,Arthur Prichep,Consumer,3324,579.3113,10,102,0.1742813778580024
AP-7201,Anne Pryor,Home Office,423,119.679,4,17,0.2829290780141844
AP-7202,Anne Pryor,Home Office,576,-64.38,2,12,-0.11177083333333332
AP-9151,Arthur Prichep,Consumer,2151,685.05,3,26,0.3184797768479777
AP-9152,Arthur Prichep,Consumer,517,32.459999999999994,2,9,0.06278529980657639
AR-103451,Alex Russell,Corporate,4462,1030.9062,9,72,0.2310412819363514
AR-103452,Alex Russell,Corporate,7043,771.624,9,61,0.10955899474655686
AR-103453,Alex Russell,Corporate,1607,102.45199999999997,4,21,0.06375357809583072
AR-103454,Alex Russell,Corporate,1056,-221.0544,4,18,-0.20933181818181817
AR-104051,Allen Rosenblatt,Corporate,2010,-425.5311,6,37,-0.21170701492537314
AR-104052,Allen Rosenblatt,Corporate,3532,-231.957,7,57,-0.06567298980747452
AR-104053,Allen Rosenblatt,Corporate,1182,172.77088,4,37,0.14616825719120136
AR-104054,Allen Rosenblatt,Corporate,2235,-98.76459999999999,5,29,-0.044189977628635344
AR-105101,Andrew Roberts,Consumer,6269,2109.057,11,66,0.33642638379326845
AR-105102,Andrew Roberts,Consumer,6533,1173.99,7,66,0.17970151538343793
AR-105103,Andrew Roberts,Consumer,1210,192.24436,6,31,0.15887963636363636
AR-105104,Andrew Roberts,Consumer,264,43.6695,5,33,0.16541477272727273
AR-105401,Andy Reiter,Consumer,1154,145.0515,4,20,0.12569454072790295
AR-105402,Andy Reiter,Consumer,64,1.4969999999999999,2,2,0.023390624999999998
AR-105403,Andy Reiter,Consumer,157,19.744000000000003,3,13,0.1257579617834395
AR-105404,Andy Reiter,Consumer,6609,2884.6208,6,33,0.4364685731578151
AR-105701,Anemone Ratner,Consumer,4880,929.7642,7,53,0.19052545081967212
AR-105702,Anemone Ratner,Consumer,1898,262.17600000000004,4,14,0.1381327713382508
AR-105703,Anemone Ratner,Consumer,2581,360.25912,6,50,0.13958121658271988
AR-105704,Anemone Ratner,Consumer,88,32.633,1,6,0.3708295454545455
AR-108251,Anthony Rawles,Corporate,633,223.8756,4,20,0.35367393364928906
AR-108252,Anthony Rawles,Corporate,7720,1978.1699999999998,15,95,0.2562396373056995
AR-108253,Anthony Rawles,Corporate,2435,131.224,11,59,0.05389075975359343
AR-108254,Anthony Rawles,Corporate,4523,494.8352,8,54,0.10940420075171346
AR-3451,Alex Russell,Corporate,1243,230.64000000000001,3,21,0.18555108608205956
AR-3452,Alex Russell,Corporate,1058,376.092,6,16,0.35547448015122873
AR-4051,Allen Rosenblatt,Corporate,144,25.86,2,2,0.17958333333333332
AR-4052,Allen Rosenblatt,Corporate,426,5.340000000000007,4,6,0.01253521126760565
AR-5101,Andrew Roberts,Consumer,371,148.89,2,5,0.4013207547169811
AR-5102,Andrew Roberts,Consumer,2267,-106.09200000000003,8,34,-0.04679841199823557
AR-5401,Andy Reiter,Consumer,325,108.66,4,13,0.33433846153846153
AR-5402,Andy Reiter,Consumer,236,-20.49,4,8,-0.08682203389830508
AR-5701,Anemone Ratner,Consumer,970,242.82000000000002,3,27,0.2503298969072165
AR-5702,Anemone Ratner,Consumer,1075,166.998,6,28,0.15534697674418604
AR-8251,Anthony Rawles,Corporate,1704,318.51599999999996,3,11,0.1869225352112676
AR-8252,Anthony Rawles,Corporate,324,-28.973999999999997,4,9,-0.08942592592592591
AS-100451,Aaron Smayling,Corporate,2056,257.62739999999997,5,21,0.12530515564202332
AS-100452,Aaron Smayling,Corporate,6708,421.929,13,95,0.06289937388193202
AS-100453,Aaron Smayling,Corporate,779,234.936,3,26,0.301586649550706
AS-100454,Aaron Smayling,Corporate,3051,-253.57459999999998,7,48,-0.08311196329072434
AS-100901,Adam Shillingsburg,Consumer,1502,208.878,5,26,0.13906657789613847
AS-100902,Adam Shillingsburg,Consumer,4140,330.16200000000003,8,61,0.07974927536231885
AS-100903,Adam Shillingsburg,Consumer,6112,741.3827200000001,10,60,0.12129952879581153
AS-100904,Adam Shillingsburg,Consumer,3255,64.53739999999995,9,81,0.019827158218125945
AS-101351,Adrian Shami,Home Office,4430,515.8152,11,86,0.11643683972911964
AS-101352,Adrian Shami,Home Office,2474,340.821,3,16,0.13776111560226356
AS-101353,Adrian Shami,Home Office,346,-128.192,3,8,-0.3704971098265896
AS-101354,Adrian Shami,Home Office,58,21.849600000000002,2,9,0.3767172413793104
AS-102251,Alan Schoenberger,Corporate,9773,1572.6507,10,74,0.16091790647702853
AS-102252,Alan Schoenberger,Corporate,6300,402.354,6,44,0.06386571428571429
AS-102253,Alan Schoenberger,Corporate,1031,23.880000000000003,7,54,0.023161978661493696
AS-102254,Alan Schoenberger,Corporate,4262,719.7751000000001,5,41,0.16888200375410606
AS-102401,Alan Shonely,Consumer,2374,341.4552,7,49,0.14383117101937656
AS-102402,Alan Shonely,Consumer,3688,-49.37700000000001,9,85,-0.013388557483731023
AS-102403,Alan Shonely,Consumer,2358,304.59016,8,62,0.12917309584393555
AS-102404,Alan Shonely,Consumer,586,33.715799999999994,7,39,0.057535494880546066
AS-102851,Alejandro Savely,Corporate,6388,835.566,9,62,0.13080244207889793
AS-102852,Alejandro Savely,Corporate,4997,321.9435,7,51,0.06442735641384831
AS-102853,Alejandro Savely,Corporate,1584,282.72696,8,60,0.17848924242424244
AS-102854,Alejandro Savely,Corporate,3215,354.6276,6,39,0.11030407465007776
AS-106301,Ann Steele,Home Office,7447,2496.0405,6,60,0.33517396266953137
AS-106302,Ann Steele,Home Office,1455,539.571,5,20,0.37083917525773197
AS-106303,Ann Steele,Home Office,80,22.26,1,3,0.27825
AS-106304,Ann Steele,Home Office,835,136.49190000000002,7,34,0.1634633532934132
AS-1351,Adrian Shami,Home Office,187,26.1,1,6,0.139572192513369
AS-1352,Adrian Shami,Home Office,3792,788.1,4,19,0.20783227848101266
AS-2251,Alan Schoenberger,Corporate,254,-244.305,3,13,-0.9618307086614174
AS-2252,Alan Schoenberger,Corporate,28,4.14,1,1,0.14785714285714285
AS-2253,Alan Schoenberger,Corporate,189,25.14,3,4,0.13301587301587303
AS-2401,Alan Shonely,Consumer,5,1.44,1,1,0.288
AS-2402,Alan Shonely,Consumer,1681,543.63,4,10,0.32339678762641283
AS-2851,Alejandro Savely,Corporate,2059,515.592,7,35,0.250408936376882
AS-2852,Alejandro Savely,Corporate,2881,223.10999999999999,6,26,0.07744186046511628
AS-451,Aaron Smayling,Corporate,1234,98.73,2,13,0.08000810372771475
AS-452,Aaron Smayling,Corporate,379,-390.486,1,8,-1.030306068601583
AS-6301,Ann Steele,Home Office,1908,-1014.669,8,39,-0.5317971698113207
AS-6302,Ann Steele,Home Office,93,-88.641,3,8,-0.9531290322580646
AS-901,Adam Shillingsburg,Consumer,436,76.314,4,10,0.1750321100917431
AT-104351,Alyssa Tate,Home Office,2779,502.0815,6,40,0.18066984526808205
AT-104352,Alyssa Tate,Home Office,6342,1570.788,4,18,0.2476802270577105
AT-104353,Alyssa Tate,Home Office,3364,843.152,8,55,0.25063971462544593
AT-104354,Alyssa Tate,Home Office,1172,100.87680000000002,6,28,0.08607235494880547
AT-107351,Annie Thurman,Consumer,2586,778.5339,4,23,0.30105719257540603
AT-107352,Annie Thurman,Consumer,4359,736.383,8,47,0.16893392980041294
AT-107353,Annie Thurman,Consumer,2206,27.683999999999948,7,39,0.012549410698096078
AT-107354,Annie Thurman,Consumer,3831,974.107,10,60,0.2542696423910206
AT-4351,Alyssa Tate,Home Office,540,102.9,4,13,0.19055555555555556
AT-4352,Alyssa Tate,Home Office,748,-324.267,8,31,-0.4335120320855615
AT-7351,Annie Thurman,Consumer,10,4.38,1,2,0.438
AT-7352,Annie Thurman,Consumer,393,138.69,4,15,0.3529007633587786
AW-108401,Anthony Witt,Consumer,4229,1139.3519999999999,7,55,0.26941404587372897
AW-108402,Anthony Witt,Consumer,4839,-395.8859999999999,5,65,-0.0818115313081215
AW-108403,Anthony Witt,Consumer,3480,635.59352,9,67,0.18264181609195404
AW-108404,Anthony Witt,Consumer,649,65.7725,4,24,0.10134437596302003
AW-109301,Arthur Wiediger,Home Office,1601,617.919,5,32,0.3859581511555278
AW-109302,Arthur Wiediger,Home Office,4066,1424.454,5,37,0.35033300541072304
AW-109303,Arthur Wiediger,Home Office,1713,648.05756,5,17,0.37831731465265617
AW-109304,Arthur Wiediger,Home Office,2853,-104.5486,7,68,-0.03664514546091833
AW-8401,Anthony Witt,Consumer,1946,-228.42000000000002,7,33,-0.11737923946557041
AW-9301,Arthur Wiediger,Home Office,413,99.255,4,15,0.2403268765133172
AW-9302,Arthur Wiediger,Home Office,370,-4.17,2,6,-0.01127027027027027
AY-105551,Andy Yotov,Corporate,802,304.41,5,19,0.3795635910224439
AY-105552,Andy Yotov,Corporate,3023,1041.768,3,37,0.344613959642739
AY-105553,Andy Yotov,Corporate,1125,400.98844,4,27,0.3564341688888889
AY-105554,Andy Yotov,Corporate,496,103.3499,4,34,0.20836673387096774
AY-5551,Andy Yotov,Corporate,660,1.8719999999999999,5,10,0.002836363636363636
AY-5552,Andy Yotov,Corporate,2436,438.588,6,36,0.18004433497536948
AZ-107501,Annie Zypern,Consumer,742,-80.74799999999999,4,20,-0.10882479784366575
AZ-107502,Annie Zypern,Consumer,1287,128.313,4,22,0.09969930069930069
AZ-107503,Annie Zypern,Consumer,5989,1404.048,4,79,0.23443780263817
AZ-107504,Annie Zypern,Consumer,1624,154.9503,6,40,0.09541274630541872
AZ-7501,Annie Zypern,Consumer,1461,-190.70100000000002,5,23,-0.13052772073921973
AZ-7502,Annie Zypern,Consumer,96,31.68,1,2,0.33
AZ-7503,Annie Zypern,Consumer,672,-523.182,4,29,-0.7785446428571429
BB-109901,Barry Blumstein,Corporate,4719,-400.3893,11,78,-0.08484621741894469
BB-109902,Barry Blumstein,Corporate,1808,314.856,5,33,0.17414601769911503
BB-109903,Barry Blumstein,Corporate,1790,251.01600000000002,9,62,0.14023240223463687
BB-109904,Barry Blumstein,Corporate,744,11.583900000000007,5,26,0.015569758064516138
BB-115451,Brenda Bowman,Corporate,1286,195.87,4,25,0.1523094867807154
BB-115452,Brenda Bowman,Corporate,6600,427.992,7,87,0.06484727272727273
BB-115453,Brenda Bowman,Corporate,1146,47.72188,6,36,0.04164212914485166
BB-115454,Brenda Bowman,Corporate,6767,1015.0749999999999,9,83,0.15000369439929068
BB-15451,Brenda Bowman,Corporate,131,48.18,3,5,0.36778625954198474
BB-15452,Brenda Bowman,Corporate,77,4.008,2,2,0.05205194805194805
BB-9901,Barry Blumstein,Corporate,507,74.13,3,4,0.14621301775147927
BB-9902,Barry Blumstein,Corporate,315,48.228,4,8,0.1531047619047619
BC-111251,Becky Castell,Home Office,2829,1124.4840000000002,2,15,0.3974846235418876
BC-111252,Becky Castell,Home Office,6941,1567.041,12,145,0.22576588387840368
BC-111253,Becky Castell,Home Office,2086,-187.444,5,59,-0.0898581016299137
BC-111254,Becky Castell,Home Office,2934,251.5974,9,60,0.0857523517382413
BC-11251,Becky Castell,Home Office,85,25.53,3,5,0.3003529411764706
BC-11252,Becky Castell,Home Office,311,-295.248,3,16,-0.9493504823151125
BD-113201,Bill Donatelli,Consumer,2828,-231.57899999999995,5,26,-0.08188790664780762
BD-113202,Bill Donatelli,Consumer,3189,249.111,8,55,0.07811571025399812
BD-113203,Bill Donatelli,Consumer,1652,297.584,7,38,0.18013559322033898
BD-113204,Bill Donatelli,Consumer,5721,1094.5037,12,75,0.1913133543086873
BD-115001,Bradley Drucker,Consumer,3761,815.829,6,36,0.21691810688646634
BD-115002,Bradley Drucker,Consumer,2534,-56.38050000000001,8,30,-0.022249605367008686
BD-115003,Bradley Drucker,Consumer,2385,510.788,7,62,0.21416687631027254
BD-115004,Bradley Drucker,Consumer,4410,1142.1225,6,49,0.258984693877551
BD-115601,Brendan Dodson,Home Office,1066,1.1121000000000087,4,21,0.0010432457786116404
BD-115602,Brendan Dodson,Home Office,5213,1175.22,7,47,0.22544024553999617
BD-115603,Brendan Dodson,Home Office,2756,616.81764,6,39,0.22380901306240927
BD-115604,Brendan Dodson,Home Office,321,116.714,2,11,0.363595015576324
BD-116051,Brian Dahlen,Consumer,3719,-49.856700000000004,6,36,-0.013405942457649906
BD-116052,Brian Dahlen,Consumer,1268,378.546,3,25,0.2985378548895899
BD-116053,Brian Dahlen,Consumer,926,237.64184,3,15,0.25663265658747303
BD-116054,Brian Dahlen,Consumer,3288,634.8463,7,74,0.19307977493917275
BD-116201,Brian DeCherney,Consumer,3514,-419.3415,9,79,-0.11933451906659077
BD-116202,Brian DeCherney,Consumer,2490,581.304,7,34,0.233455421686747
BD-116203,Brian DeCherney,Consumer,306,79.78752,3,8,0.2607435294117647
BD-116204,Brian DeCherney,Consumer,1539,206.75689999999997,6,27,0.1343449642625081
BD-116351,Brian Derr,Consumer,4867,836.6883,7,49,0.17191047873433327
BD-116352,Brian Derr,Consumer,4687,-11.117999999999984,10,94,-0.0023720930232558105
BD-116353,Brian Derr,Consumer,1093,336.512,5,24,0.30787923147301005
BD-116354,Brian Derr,Consumer,583,141.53400000000002,3,19,0.24276843910806178
BD-117251,Bruce Degenhardt,Consumer,3901,539.6211,8,56,0.1383289156626506
BD-117252,Bruce Degenhardt,Consumer,1418,132.26850000000002,6,33,0.09327820874471088
BD-117253,Bruce Degenhardt,Consumer,4035,568.2674000000001,10,75,0.14083454770755888
BD-117254,Bruce Degenhardt,Consumer,1527,333.9791,6,29,0.2187158480681074
BD-117701,Bryan Davis,Consumer,3106,681.6201,5,58,0.2194527044430135
BD-117702,Bryan Davis,Consumer,3543,977.709,7,34,0.2759551227773073
BD-117703,Bryan Davis,Consumer,2859,597.2201600000001,8,68,0.2088912766701644
BD-117704,Bryan Davis,Consumer,658,141.265,6,21,0.2146884498480243
BD-13201,Bill Donatelli,Consumer,57,16.98,1,2,0.29789473684210527
BD-13202,Bill Donatelli,Consumer,1829,196.07999999999998,5,36,0.1072061235647895
BD-15001,Bradley Drucker,Consumer,52,-31.293,3,4,-0.6017884615384615
BD-15601,Brendan Dodson,Home Office,137,-83.28,2,10,-0.6078832116788321
BD-15602,Brendan Dodson,Home Office,1427,198.12,3,20,0.13883672039243167
BD-16051,Brian Dahlen,Consumer,208,47.16,3,7,0.2267307692307692
BD-16052,Brian Dahlen,Consumer,481,177.32999999999998,2,3,0.36866943866943863
BD-16201,Brian DeCherney,Consumer,429,-172.143,4,8,-0.40126573426573425
BD-16202,Brian DeCherney,Consumer,2494,708.06,7,51,0.2839053728949478
BD-16351,Brian Derr,Consumer,592,94.011,4,19,0.15880236486486485
BD-16352,Brian Derr,Consumer,5095,1394.6820000000002,5,37,0.273735426889107
BD-17251,Bruce Degenhardt,Consumer,2849,762.528,4,9,0.26764759564759566
BD-17252,Bruce Degenhardt,Consumer,2229,138.49200000000002,9,54,0.062131897711978475
BD-17701,Bryan Davis,Consumer,1630,326.19,3,25,0.2001165644171779
BD-17702,Bryan Davis,Consumer,1775,-1195.734,2,22,-0.6736529577464788
BE-113351,Bill Eplett,Home Office,10731,3112.923,9,155,0.2900869443667878
BE-113352,Bill Eplett,Home Office,5882,1488.333,12,89,0.25303179190751446
BE-113353,Bill Eplett,Home Office,6342,1701.6664,11,119,0.2683169977924945
BE-113354,Bill Eplett,Home Office,4205,1487.7739,5,35,0.353810677764566
BE-114101,Bobby Elias,Consumer,5536,594.3281999999999,10,70,0.1073569725433526
BE-114102,Bobby Elias,Consumer,7623,1821.6870000000001,7,63,0.23897245179063362
BE-114103,Bobby Elias,Consumer,1131,226.16676,8,51,0.19997061007957562
BE-114104,Bobby Elias,Consumer,2262,755.9151,5,19,0.3341799734748011
BE-114551,Brad Eason,Home Office,11483,-149.45969999999994,9,97,-0.013015736305843415
BE-114552,Brad Eason,Home Office,2971,335.961,7,50,0.11308010770784248
BE-114553,Brad Eason,Home Office,1464,192.212,5,42,0.13129234972677595
BE-114554,Brad Eason,Home Office,1728,139.20080000000002,6,40,0.08055601851851853
BE-13351,Bill Eplett,Home Office,705,-246.111,2,9,-0.34909361702127656
BE-13352,Bill Eplett,Home Office,615,-134.58,3,4,-0.21882926829268295
BE-14101,Bobby Elias,Consumer,1718,342.759,3,12,0.1995104772991851
BE-14102,Bobby Elias,Consumer,141,48.3,4,10,0.3425531914893617
BE-14551,Brad Eason,Home Office,937,350.31,1,6,0.37386339381003203
BE-14552,Brad Eason,Home Office,403,109.8,1,8,0.27245657568238213
BF-10051,Barry Franz,Home Office,699,250.01999999999998,1,11,0.35768240343347635
BF-10052,Barry Franz,Home Office,33,-73.587,1,3,-2.229909090909091
BF-10201,Barry Französisch,Corporate,2217,321.81,5,14,0.14515561569688767
BF-10202,Barry Französisch,Corporate,789,-514.944,2,14,-0.6526539923954372
BF-10801,Bart Folk,Consumer,1568,5.610000000000021,3,19,0.003577806122448993
BF-10802,Bart Folk,Consumer,2183,924.09,1,12,0.42331195602382043
BF-10803,Bart Folk,Consumer,58,-32.76,2,4,-0.5648275862068965
BF-109751,Barbara Fisher,Corporate,3856,485.99670000000003,9,67,0.12603648858921163
BF-109752,Barbara Fisher,Corporate,2455,369.9225,2,12,0.15068126272912424
BF-109753,Barbara Fisher,Corporate,1196,133.65200000000002,4,21,0.11174916387959867
BF-109754,Barbara Fisher,Corporate,600,227.4384,7,38,0.379064
BF-110051,Barry Franz,Home Office,14563,2272.4889000000003,9,88,0.15604538213280233
BF-110052,Barry Franz,Home Office,3911,-430.38000000000005,7,39,-0.11004346714395297
BF-110053,Barry Franz,Home Office,3540,-611.49024,5,61,-0.17273735593220338
BF-110054,Barry Franz,Home Office,1336,-291.3811,4,26,-0.218099625748503
BF-110201,Barry Französisch,Corporate,1704,416.4888,3,11,0.24441830985915494
BF-110202,Barry Französisch,Corporate,3939,576.8805,8,47,0.14645354150799694
BF-110203,Barry Französisch,Corporate,1668,-162.13399999999996,5,27,-0.09720263788968822
BF-110204,Barry Französisch,Corporate,2889,302.02,8,78,0.10454136379370024
BF-110801,Bart Folk,Consumer,5973,922.9947,9,94,0.15452782521346056
BF-110802,Bart Folk,Consumer,2303,-47.900999999999996,4,30,-0.020799392097264436
BF-110803,Bart Folk,Consumer,1583,201.548,5,20,0.12732027795325332
BF-110804,Bart Folk,Consumer,274,110.9272,3,29,0.40484379562043793
BF-111701,Ben Ferrer,Home Office,7092,986.7042,4,61,0.1391291878172589
BF-111702,Ben Ferrer,Home Office,6134,965.361,8,83,0.15737870883599608
BF-111703,Ben Ferrer,Home Office,3179,368.94324,8,60,0.11605638251022334
BF-111704,Ben Ferrer,Home Office,5909,1538.2127,11,102,0.2603169233372821
BF-112151,Benjamin Farhat,Home Office,4587,1122.5403,10,78,0.24472210595160232
BF-112152,Benjamin Farhat,Home Office,2734,-1831.0349999999999,7,33,-0.6697275054864666
BF-112153,Benjamin Farhat,Home Office,4064,1064.1912,6,55,0.2618580708661417
BF-112154,Benjamin Farhat,Home Office,1586,523.2133,4,48,0.32989489281210593
BF-112751,Beth Fritzler,Corporate,407,80.91,1,3,0.1987960687960688
BF-112752,Beth Fritzler,Corporate,4357,211.72199999999998,10,61,0.04859352765664447
BF-112753,Beth Fritzler,Corporate,4024,246.56664000000006,9,90,0.06127401590457258
BF-112754,Beth Fritzler,Corporate,791,25.870199999999997,3,11,0.03270568900126422
BF-11701,Ben Ferrer,Home Office,268,20.4,2,4,0.07611940298507462
BF-11702,Ben Ferrer,Home Office,637,255.48,4,6,0.40106750392464674
BF-12151,Benjamin Farhat,Home Office,399,-237.591,5,14,-0.5954661654135338
BF-12751,Beth Fritzler,Corporate,24,0.96,1,2,0.04
BF-12752,Beth Fritzler,Corporate,985,95.424,6,29,0.0968771573604061
BF-9751,Barbara Fisher,Corporate,1009,345.252,5,29,0.34217244796828544
BF-9752,Barbara Fisher,Corporate,722,271.47,3,26,0.37599722991689755
BG-10351,Barry Gonzalez,Consumer,124,-219.804,1,2,-1.7726129032258064
BG-110351,Barry Gonzalez,Consumer,6713,1175.6094,9,82,0.1751242961418144
BG-110352,Barry Gonzalez,Consumer,7445,747.3599999999999,6,49,0.10038415043653458
BG-110353,Barry Gonzalez,Consumer,2942,538.44,10,82,0.18301835486063903
BG-110354,Barry Gonzalez,Consumer,2799,-711.4274,8,35,-0.2541719899964273
BG-116951,Brooke Gillingham,Corporate,3436,295.5255,6,48,0.08600858556461002
BG-116952,Brooke Gillingham,Corporate,662,-351.33000000000004,1,7,-0.5307099697885197
BG-116953,Brooke Gillingham,Corporate,4753,517.2028799999999,6,51,0.10881609088996422
BG-116954,Brooke Gillingham,Corporate,1873,107.57149999999999,6,24,0.057432728243459685
BG-117401,Bruce Geld,Consumer,4900,-245.89799999999997,6,25,-0.050183265306122445
BG-117402,Bruce Geld,Consumer,3270,849.3824999999999,7,60,0.25975
BG-117403,Bruce Geld,Consumer,5513,1362.092,5,64,0.24706910937783422
BG-117404,Bruce Geld,Consumer,1006,119.34790000000001,6,22,0.11863608349900598
BG-16951,Brooke Gillingham,Corporate,413,-174.29999999999998,4,18,-0.4220338983050847
BG-16952,Brooke Gillingham,Corporate,76,22.65,1,5,0.29802631578947364
BG-17401,Bruce Geld,Consumer,145,17.85,2,6,0.12310344827586207
BG-17402,Bruce Geld,Consumer,547,-676.146,2,21,-1.2360987202925044
BH-117101,Brosina Hoffman,Consumer,2412,594.7452,4,38,0.24657761194029848
BH-117102,Brosina Hoffman,Consumer,7089,1928.6760000000002,6,47,0.2720660177740161
BH-117103,Brosina Hoffman,Consumer,7779,-82.2672,13,116,-0.010575549556498264
BH-117104,Brosina Hoffman,Consumer,6256,802.7898,8,97,0.1283231777493606
BH-17101,Brosina Hoffman,Consumer,1333,613.2,3,28,0.4600150037509378
BH-17102,Brosina Hoffman,Consumer,3251,1019.7959999999999,7,29,0.31368686557982156
BK-112601,Berenike Kampe,Consumer,6899,1664.7576,7,38,0.2413041890129004
BK-112602,Berenike Kampe,Consumer,3859,341.262,8,66,0.08843275459963722
BK-112603,Berenike Kampe,Consumer,1877,447.19975999999997,6,46,0.23825240277037824
BK-112604,Berenike Kampe,Consumer,659,-63.76440000000001,6,58,-0.09675933232169956
BK-12601,Berenike Kampe,Consumer,214,100.11,1,5,0.467803738317757
BK-12602,Berenike Kampe,Consumer,78,-41.885999999999996,5,8,-0.5369999999999999
BM-111401,Becky Martin,Consumer,6930,140.21880000000002,7,78,0.020233593073593077
BM-111402,Becky Martin,Consumer,1344,56.52449999999999,6,23,0.042056919642857134
BM-111403,Becky Martin,Consumer,5250,322.5794,12,106,0.061443695238095244
BM-111404,Becky Martin,Consumer,11791,-1659.9581,4,64,-0.14078179119667544
BM-11401,Becky Martin,Consumer,86,-50.513999999999996,2,3,-0.5873720930232558
BM-11402,Becky Martin,Consumer,1772,94.224,4,19,0.053173814898419866
BM-115751,Brendan Murry,Corporate,6011,-667.824,9,63,-0.11110031608717351
BM-115752,Brendan Murry,Corporate,625,90.756,4,16,0.1452096
BM-115753,Brendan Murry,Corporate,2908,291.94908,6,31,0.10039514442916093
BM-115754,Brendan Murry,Corporate,809,95.58160000000001,6,22,0.11814783683559951
BM-116501,Brian Moss,Corporate,835,94.515,3,8,0.11319161676646707
BM-116502,Brian Moss,Corporate,3296,637.8870000000001,7,67,0.19353367718446604
BM-116503,Brian Moss,Corporate,3497,995.4890800000001,3,45,0.2846694538175579
BM-116504,Brian Moss,Corporate,7293,2199.2781,11,95,0.30156013986013985
BM-117851,Bryan Mills,Consumer,10399,932.0588999999999,14,115,0.08962966631406864
BM-117852,Bryan Mills,Consumer,4330,703.4100000000001,7,40,0.16245034642032335
BM-117853,Bryan Mills,Consumer,2377,263.472,5,34,0.11084223811527134
BM-117854,Bryan Mills,Consumer,1338,137.7439,10,44,0.10294760837070253
BM-15751,Brendan Murry,Corporate,1368,510.65999999999997,5,15,0.3732894736842105
BM-15752,Brendan Murry,Corporate,334,-38.988,4,10,-0.1167305389221557
BM-16501,Brian Moss,Corporate,341,79.212,2,7,0.23229325513196483
BM-16502,Brian Moss,Corporate,17,6.51,1,1,0.38294117647058823
BM-16503,Brian Moss,Corporate,2180,372.954,5,25,0.17107981651376147
BM-17851,Bryan Mills,Consumer,2096,437.502,7,42,0.20873187022900763
BM-17852,Bryan Mills,Consumer,149,38.43,2,3,0.25791946308724834
BN-114701,Brad Norvell,Corporate,13672,1268.1828,10,76,0.09275766530134583
BN-114702,Brad Norvell,Corporate,3729,-599.0039999999999,6,34,-0.16063395012067577
BN-114703,Brad Norvell,Corporate,5710,842.2490799999999,9,87,0.14750421716287215
BN-114704,Brad Norvell,Corporate,266,36.6131,4,15,0.1376432330827068
BN-115151,Bradley Nguyen,Consumer,1364,220.1121,4,29,0.16137250733137828
BN-115152,Bradley Nguyen,Consumer,2433,631.0515,5,43,0.2593717632552405
BN-115153,Bradley Nguyen,Consumer,5014,826.82792,9,56,0.16490385321100917
BN-115154,Bradley Nguyen,Consumer,1460,340.7054,5,79,0.23335986301369863
BN-14701,Brad Norvell,Corporate,1325,387.3,3,17,0.29230188679245284
BN-14702,Brad Norvell,Corporate,1498,188.712,4,14,0.12597596795727636
BN-15151,Bradley Nguyen,Consumer,773,207.42000000000002,4,14,0.26833117723156535
BN-15152,Bradley Nguyen,Consumer,1834,317.952,4,23,0.17336532170119956
BO-113501,Bill Overfelt,Corporate,3754,249.93269999999998,8,70,0.06657770378263185
BO-113502,Bill Overfelt,Corporate,815,8.898000000000003,4,16,0.01091779141104295
BO-113503,Bill Overfelt,Corporate,225,17.586,3,4,0.07816
BO-113504,Bill Overfelt,Corporate,2682,278.777,5,43,0.10394369873228933
BO-114251,Bobby Odegard,Consumer,1939,233.211,7,40,0.12027385250128933
BO-114252,Bobby Odegard,Consumer,6314,571.347,8,85,0.09048891352549888
BO-114253,Bobby Odegard,Consumer,3974,1040.8875199999998,4,33,0.26192438852541516
BO-114254,Bobby Odegard,Consumer,131,59.4522,2,7,0.45383358778625954
BO-13501,Bill Overfelt,Corporate,477,-15.935999999999993,3,17,-0.033408805031446526
BO-13502,Bill Overfelt,Corporate,140,-124.038,3,8,-0.8859857142857143
BO-14251,Bobby Odegard,Consumer,1560,452.73,4,21,0.29021153846153847
BO-14252,Bobby Odegard,Consumer,1111,199.197,4,27,0.1792952295229523
BP-10501,Barry Pond,Corporate,2953,969.384,4,27,0.3282709109380291
BP-10502,Barry Pond,Corporate,2031,276.49800000000005,5,28,0.13613884785819796
BP-10951,Bart Pistole,Corporate,414,3.7559999999999967,3,10,0.009072463768115935
BP-10952,Bart Pistole,Corporate,1346,381.072,3,23,0.2831144130757801
BP-110501,Barry Pond,Corporate,671,-190.161,3,22,-0.2833994038748137
BP-110502,Barry Pond,Corporate,1581,216.49800000000002,7,26,0.13693738140417458
BP-110503,Barry Pond,Corporate,2170,608.95976,6,43,0.28062661751152074
BP-110504,Barry Pond,Corporate,983,209.78300000000002,5,30,0.21341098677517803
BP-110951,Bart Pistole,Corporate,900,-156.9684,4,22,-0.17440933333333333
BP-110952,Bart Pistole,Corporate,2425,280.05600000000004,8,45,0.11548701030927837
BP-110953,Bart Pistole,Corporate,2560,42.367999999999995,8,73,0.01655
BP-110954,Bart Pistole,Corporate,2442,433.9751,12,70,0.17771298116298115
BP-111551,Becky Pak,Consumer,801,57.88650000000001,6,35,0.0722677902621723
BP-111552,Becky Pak,Consumer,7590,1971.9209999999998,7,77,0.2598051383399209
BP-111553,Becky Pak,Consumer,3610,718.11496,5,44,0.19892381163434902
BP-111554,Becky Pak,Consumer,1698,647.3847,6,32,0.381263074204947
BP-111851,Ben Peterman,Corporate,4436,1288.2377999999999,5,32,0.2904052750225428
BP-111852,Ben Peterman,Corporate,4348,587.76,7,60,0.13517939282428704
BP-111853,Ben Peterman,Corporate,2919,-250.10708000000002,7,51,-0.08568245289482701
BP-111854,Ben Peterman,Corporate,3676,363.5991,9,69,0.09891161588683352
BP-112301,Benjamin Patterson,Consumer,4264,1045.4766,7,47,0.24518681988742963
BP-112302,Benjamin Patterson,Consumer,5519,815.241,5,39,0.14771534698314912
BP-112303,Benjamin Patterson,Consumer,1612,-1195.524,6,49,-0.7416401985111661
BP-112304,Benjamin Patterson,Consumer,1181,-197.2695,5,14,-0.16703598645215917
BP-112901,Beth Paige,Consumer,3172,504.6585,8,33,0.15909788776796974
BP-112902,Beth Paige,Consumer,3892,1296.4379999999999,5,32,0.33310328879753337
BP-112903,Beth Paige,Consumer,2908,376.79628,9,54,0.12957231086657497
BP-112904,Beth Paige,Consumer,2472,-319.0637,7,51,-0.12907107605177992
BP-11551,Becky Pak,Consumer,87,36.870000000000005,1,2,0.4237931034482759
BP-11552,Becky Pak,Consumer,175,23.1,1,6,0.132
BP-11553,Becky Pak,Consumer,850,120.93,4,25,0.14227058823529412
BP-11851,Ben Peterman,Corporate,580,-11.693999999999988,4,18,-0.02016206896551722
BP-11852,Ben Peterman,Corporate,850,-633.84,6,16,-0.7456941176470588
BP-12301,Benjamin Patterson,Consumer,5496,268.956,4,50,0.048936681222707425
BP-12302,Benjamin Patterson,Consumer,642,175.332,4,8,0.27310280373831775
BP-12901,Beth Paige,Consumer,65,11.7,1,6,0.18
BP-12902,Beth Paige,Consumer,318,87.57,3,10,0.275377358490566
BS-113651,Bill Shonely,Corporate,1321,451.62,4,33,0.3418773656320969
BS-113652,Bill Shonely,Corporate,4186,1397.325,5,48,0.33380912565695176
BS-113653,Bill Shonely,Corporate,6543,1215.71796,12,113,0.18580436497019714
BS-113654,Bill Shonely,Corporate,10502,2616.0644,5,39,0.2491015425633213
BS-113801,Bill Stewart,Corporate,8133,342.1545000000001,6,77,0.04206990040575435
BS-113802,Bill Stewart,Corporate,1671,376.422,4,38,0.22526750448833036
BS-113803,Bill Stewart,Corporate,4614,1075.6578,8,81,0.23312912873862157
BS-113804,Bill Stewart,Corporate,3888,-17.53220000000003,5,58,-0.004509310699588485
BS-115901,Brendan Sweed,Corporate,2791,223.89600000000002,7,64,0.08022070942314583
BS-115902,Brendan Sweed,Corporate,4036,519.5145,6,59,0.12872014370664023
BS-115903,Brendan Sweed,Corporate,2078,658.26752,4,27,0.31677936477382096
BS-115904,Brendan Sweed,Corporate,2455,381.7807,6,41,0.1555114867617108
BS-116651,Brian Stugart,Consumer,4658,546.9314999999999,4,52,0.1174176685272649
BS-116652,Brian Stugart,Consumer,3734,228.2295,9,53,0.06112198714515265
BS-116653,Brian Stugart,Consumer,5789,2098.26,8,73,0.362456382794956
BS-116654,Brian Stugart,Consumer,3288,238.73680000000002,3,47,0.07260851581508516
BS-117551,Bruce Stewart,Consumer,6031,777.4125,7,52,0.12890275244569724
BS-117552,Bruce Stewart,Consumer,4698,378.495,6,51,0.08056513409961685
BS-117553,Bruce Stewart,Consumer,4263,152.11999999999998,9,84,0.035683790757682375
BS-117554,Bruce Stewart,Consumer,2564,-113.29840000000002,7,45,-0.04418814352574103
BS-118001,Bryan Spruell,Home Office,4711,873.9198000000001,5,34,0.18550621948630866
BS-118002,Bryan Spruell,Home Office,3002,431.784,6,44,0.1438321119253831
BS-118003,Bryan Spruell,Home Office,2224,352.108,8,52,0.15832194244604317
BS-118004,Bryan Spruell,Home Office,950,194.0516,2,22,0.20426484210526316
BS-13651,Bill Shonely,Corporate,807,258.87,3,17,0.32078066914498143
BS-13652,Bill Shonely,Corporate,152,29.31,2,4,0.19282894736842104
BS-13801,Bill Stewart,Corporate,160,-0.13199999999999967,3,5,-0.0008249999999999979
BS-13802,Bill Stewart,Corporate,310,38.46,2,7,0.12406451612903226
BS-15901,Brendan Sweed,Corporate,35,10.71,2,2,0.30600000000000005
BS-15902,Brendan Sweed,Corporate,784,251.52,3,14,0.32081632653061226
BS-16651,Brian Stugart,Consumer,1016,249.66,3,27,0.24572834645669292
BS-16652,Brian Stugart,Consumer,4088,251.058,4,26,0.061413405088062624
BS-17551,Bruce Stewart,Consumer,1675,-695.0459999999999,4,18,-0.4149528358208955
BS-17552,Bruce Stewart,Consumer,3,-2.724,1,2,-0.908
BS-18001,Bryan Spruell,Home Office,4163,235.074,5,40,0.05646745135719433
BS-18002,Bryan Spruell,Home Office,2203,696.27,4,22,0.31605537902859737
BT-113051,Beth Thompson,Home Office,2394,-52.221000000000004,3,30,-0.021813283208020052
BT-113052,Beth Thompson,Home Office,2919,545.691,8,53,0.18694450154162384
BT-113053,Beth Thompson,Home Office,2443,-2.885999999999971,8,76,-0.0011813344248874215
BT-113054,Beth Thompson,Home Office,2568,417.59180000000003,5,33,0.1626136292834891
BT-113951,Bill Tyler,Corporate,3596,909.759,8,41,0.25299193548387094
BT-113952,Bill Tyler,Corporate,5228,1481.307,8,77,0.2833410482019893
BT-113953,Bill Tyler,Corporate,337,94.98,2,10,0.28183976261127597
BT-113954,Bill Tyler,Corporate,2188,257.9163,6,38,0.1178776508226691
BT-114401,Bobby Trafton,Consumer,3168,166.7175,5,31,0.05262547348484849
BT-114402,Bobby Trafton,Consumer,2016,76.902,6,32,0.03814583333333334
BT-114403,Bobby Trafton,Consumer,2476,124.84,6,41,0.050420032310177706
BT-114404,Bobby Trafton,Consumer,605,-77.5256,4,16,-0.1281414876033058
BT-114851,Brad Thomas,Home Office,2681,438.7047,8,68,0.16363472584856398
BT-114852,Brad Thomas,Home Office,4105,271.326,9,64,0.0660964677222899
BT-114853,Brad Thomas,Home Office,1678,333.85384,10,49,0.19895938021454113
BT-114854,Brad Thomas,Home Office,415,126.8694,2,11,0.3057093975903614
BT-115301,Bradley Talbott,Home Office,6924,237.429,6,29,0.03429072790294627
BT-115302,Bradley Talbott,Home Office,2488,192.699,7,58,0.07745136655948553
BT-115303,Bradley Talbott,Home Office,1711,91.208,7,36,0.05330683810637054
BT-115304,Bradley Talbott,Home Office,2684,409.4983,5,44,0.1525701564828614
BT-116801,Brian Thompson,Consumer,8849,1969.7930999999999,10,65,0.22260064414058084
BT-116802,Brian Thompson,Consumer,1499,-782.9399999999999,2,38,-0.5223082054703135
BT-116803,Brian Thompson,Consumer,543,29.308,3,18,0.053974217311233884
BT-116804,Brian Thompson,Consumer,3197,447.7484,7,88,0.14005267438223334
BT-13051,Beth Thompson,Home Office,916,-80.619,6,35,-0.08801200873362446
BT-13052,Beth Thompson,Home Office,391,36.369,4,7,0.0930153452685422
BT-13951,Bill Tyler,Corporate,205,-255.132,3,15,-1.2445463414634146
BT-13952,Bill Tyler,Corporate,244,56.1,1,2,0.22991803278688525
BT-14401,Bobby Trafton,Consumer,541,154.96800000000002,4,16,0.28644731977818855
BT-14402,Bobby Trafton,Consumer,1594,-915.6930000000001,6,36,-0.5744623588456713
BT-14851,Brad Thomas,Home Office,174,35.879999999999995,3,10,0.2062068965517241
BT-14852,Brad Thomas,Home Office,2630,-267.006,6,31,-0.1015231939163498
BT-15301,Bradley Talbott,Home Office,105,-37.521,2,4,-0.35734285714285713
BT-15302,Bradley Talbott,Home Office,832,395.78999999999996,1,9,0.47570913461538455
BT-15303,Bradley Talbott,Home Office,599,164.532,4,8,0.27467779632721206
BT-16801,Brian Thompson,Consumer,482,83.46,2,5,0.17315352697095435
BT-16802,Brian Thompson,Consumer,326,48.18,2,4,0.1477914110429448
BV-112451,Benjamin Venier,Corporate,6258,510.501,4,46,0.0815757430488974
BV-112452,Benjamin Venier,Corporate,10437,2761.272,10,69,0.26456567979304396
BV-112453,Benjamin Venier,Corporate,2464,-171.948,3,20,-0.0697840909090909
BV-112454,Benjamin Venier,Corporate,1522,315.2214,5,49,0.20710998685939555
BV-12451,Benjamin Venier,Corporate,685,-595.296,3,16,-0.8690452554744527
BW-10651,Barry Weirich,Consumer,8957,3333.06,4,47,0.37211789661717093
BW-10652,Barry Weirich,Consumer,70,8.28,1,4,0.11828571428571427
BW-110651,Barry Weirich,Consumer,3107,198.0921,5,47,0.06375671065336337
BW-110652,Barry Weirich,Consumer,1640,136.566,5,43,0.0832719512195122
BW-110653,Barry Weirich,Consumer,3280,77.6918,5,67,0.023686524390243904
BW-110654,Barry Weirich,Consumer,386,-58.2866,3,8,-0.1510015544041451
BW-11101,Bart Watters,Corporate,411,105.18,4,6,0.2559124087591241
BW-11102,Bart Watters,Corporate,17,7.14,1,1,0.42
BW-11103,Bart Watters,Corporate,1268,146.1,5,15,0.11522082018927444
BW-111101,Bart Watters,Corporate,12267,315.33450000000005,12,121,0.02570591831743703
BW-111102,Bart Watters,Corporate,10394,1686.222,10,61,0.16223032518760824
BW-111103,Bart Watters,Corporate,3206,414.652,5,60,0.1293362445414847
BW-111104,Bart Watters,Corporate,4752,921.2574,8,74,0.19386729797979796
BW-112001,Ben Wallace,Consumer,4381,549.861,9,57,0.12551038575667656
BW-112002,Ben Wallace,Consumer,1183,489.67199999999997,4,13,0.4139239222316145
BW-112003,Ben Wallace,Consumer,4557,281.35008,10,65,0.06174019749835418
BW-112004,Ben Wallace,Consumer,1738,246.9973,6,49,0.14211582278481014
BW-12001,Ben Wallace,Consumer,2997,765.846,3,31,0.25553753753753755
BW-12002,Ben Wallace,Consumer,109,18.48,1,4,0.16954128440366972
CA-119651,Carol Adams,Corporate,11653,3220.0506,7,53,0.27632803569896164
CA-119652,Carol Adams,Corporate,4077,651.828,9,51,0.1598793230316409
CA-119653,Carol Adams,Corporate,1591,-1633.0,4,31,-1.0263984915147706
CA-119654,Carol Adams,Corporate,3789,1143.3817,6,29,0.3017634468197413
CA-120551,Cathy Armstrong,Home Office,2746,322.581,5,32,0.11747305171158048
CA-120552,Cathy Armstrong,Home Office,4018,815.619,7,59,0.2029912891986063
CA-120553,Cathy Armstrong,Home Office,2248,388.914,5,39,0.1730044483985765
CA-120554,Cathy Armstrong,Home Office,1679,211.25590000000003,5,49,0.12582245384157237
CA-122651,Christina Anderson,Consumer,3988,1053.0714,9,51,0.26406003009027085
CA-122652,Christina Anderson,Consumer,9234,1505.3925,6,51,0.16302712800519817
CA-122653,Christina Anderson,Consumer,2601,432.63779999999997,7,56,0.1663351787773933
CA-122654,Christina Anderson,Consumer,2649,279.6183,9,65,0.10555617214043034
CA-123101,Christine Abelman,Corporate,1091,260.1189,5,13,0.2384224564619615
CA-123102,Christine Abelman,Corporate,2734,-32.57099999999999,7,31,-0.011913313825896119
CA-123103,Christine Abelman,Corporate,1920,254.35896,5,34,0.132478625
CA-123104,Christine Abelman,Corporate,1423,246.02179999999998,4,25,0.17288952916373856
CA-127751,Cynthia Arntzen,Consumer,11493,4045.8779999999997,5,42,0.3520297572435395
CA-127752,Cynthia Arntzen,Consumer,2181,39.51,6,31,0.01811554332874828
CA-127753,Cynthia Arntzen,Consumer,1635,315.6,8,39,0.19302752293577982
CA-127754,Cynthia Arntzen,Consumer,3040,204.48950000000002,7,72,0.06726628289473685
CA-19651,Carol Adams,Corporate,435,-51.861,3,6,-0.11922068965517241
CA-19652,Carol Adams,Corporate,2448,-51.31800000000002,5,30,-0.020963235294117654
CA-20551,Cathy Armstrong,Home Office,1002,55.440000000000005,1,5,0.05532934131736528
CA-20552,Cathy Armstrong,Home Office,600,75.96000000000001,2,23,0.12660000000000002
CA-22651,Christina Anderson,Consumer,321,35.34,1,2,0.11009345794392525
CA-22652,Christina Anderson,Consumer,3042,356.058,6,22,0.11704733727810651
CA-23101,Christine Abelman,Corporate,221,55.47,3,6,0.25099547511312215
CA-23102,Christine Abelman,Corporate,414,83.76,2,4,0.20231884057971017
CA-27751,Cynthia Arntzen,Consumer,742,-175.02300000000002,2,8,-0.23588005390835584
CA-27752,Cynthia Arntzen,Consumer,743,-539.19,2,21,-0.7256931359353971
CB-120251,Cassandra Brandow,Consumer,3393,-565.5803999999999,5,23,-0.16669036251105215
CB-120252,Cassandra Brandow,Consumer,1475,257.20799999999997,5,32,0.17437830508474575
CB-120253,Cassandra Brandow,Consumer,744,59.431999999999995,5,29,0.07988172043010752
CB-120254,Cassandra Brandow,Consumer,6076,150.20890000000003,10,122,0.024721675444371302
CB-124151,Christy Brittain,Consumer,311,139.74,1,16,0.44932475884244377
CB-124152,Christy Brittain,Consumer,5679,1653.768,6,42,0.29120760697305864
CB-124153,Christy Brittain,Consumer,4766,205.99935999999997,8,74,0.043222694083088535
CB-124154,Christy Brittain,Consumer,1949,272.38829999999996,8,44,0.1397579784504874
CB-125351,Claudia Bergmann,Corporate,3987,793.095,3,29,0.19892024078254328
CB-125352,Claudia Bergmann,Corporate,7379,618.5745,8,83,0.0838290418755929
CB-125353,Claudia Bergmann,Corporate,2500,-59.322160000000025,8,48,-0.02372886400000001
CB-125354,Claudia Bergmann,Corporate,4247,1049.5601,8,74,0.2471297621850718
CB-20251,Cassandra Brandow,Consumer,1841,307.56,5,21,0.16706137968495383
CB-24151,Christy Brittain,Consumer,64,30.06,1,2,0.4696875
CB-24152,Christy Brittain,Consumer,1169,-214.87199999999999,3,16,-0.18380838323353293
CB-25351,Claudia Bergmann,Corporate,116,-197.448,1,5,-1.7021379310344829
CB-25352,Claudia Bergmann,Corporate,32,-37.242,1,2,-1.1638125
CC-121001,Chad Cunningham,Home Office,1317,435.969,3,20,0.33103189066059224
CC-121002,Chad Cunningham,Home Office,4417,873.0269999999999,7,67,0.19765157346615347
CC-121003,Chad Cunningham,Home Office,3997,866.67224,9,63,0.2168306830122592
CC-121004,Chad Cunningham,Home Office,1771,208.5912,6,46,0.11778159232072274
CC-121451,Charles Crestani,Consumer,4483,-195.7674,7,63,-0.04366883783180906
CC-121452,Charles Crestani,Consumer,4945,1353.558,7,37,0.2737225480283114
CC-121453,Charles Crestani,Consumer,292,-78.144,3,24,-0.2676164383561644
CC-121454,Charles Crestani,Consumer,2473,392.2825,7,31,0.1586261625556005
CC-122201,Chris Cortes,Consumer,850,186.828,5,40,0.21979764705882354
CC-122202,Chris Cortes,Consumer,1995,683.124,7,50,0.34241804511278195
CC-122203,Chris Cortes,Consumer,550,51.8928,8,24,0.09435054545454545
CC-122204,Chris Cortes,Consumer,3914,393.9618,12,81,0.10065452222789985
CC-123701,Christopher Conant,Consumer,9524,656.0754000000001,12,120,0.06888653926921462
CC-123702,Christopher Conant,Consumer,5455,1061.94,9,56,0.19467277726856097
CC-123703,Christopher Conant,Consumer,1122,87.864,4,20,0.07831016042780749
CC-123704,Christopher Conant,Consumer,12128,2177.0492999999997,5,34,0.17950604386543534
CC-124301,Chuck Clark,Home Office,5193,1207.971,9,70,0.2326152512998267
CC-124302,Chuck Clark,Home Office,57,6.24,1,4,0.10947368421052632
CC-124303,Chuck Clark,Home Office,5878,1141.0515599999999,9,77,0.19412241578768286
CC-124304,Chuck Clark,Home Office,2869,424.6583,10,63,0.14801613802718716
CC-124751,Cindy Chapman,Consumer,7015,1447.0911,9,69,0.20628526015680684
CC-124752,Cindy Chapman,Consumer,2705,547.776,5,46,0.2025049907578558
CC-124753,Cindy Chapman,Consumer,5779,970.44536,7,65,0.1679261740785603
CC-124754,Cindy Chapman,Consumer,1659,154.851,9,40,0.09333996383363471
CC-125501,Clay Cheatham,Consumer,4195,585.117,6,68,0.13947961859356375
CC-125502,Clay Cheatham,Consumer,1689,390.4995,8,38,0.23120159857904085
CC-125503,Clay Cheatham,Consumer,1915,157.97184000000001,8,53,0.0824918224543081
CC-125504,Clay Cheatham,Consumer,113,33.8706,3,14,0.2997398230088496
CC-126101,Corey Catlett,Corporate,5637,1158.345,11,86,0.20548962213943586
CC-126102,Corey Catlett,Corporate,6492,878.478,8,49,0.1353170055452865
CC-126103,Corey Catlett,Corporate,2152,581.9359999999999,3,22,0.2704163568773234
CC-126104,Corey Catlett,Corporate,2541,331.43399999999997,7,39,0.1304344746162928
CC-126701,Craig Carreira,Consumer,4766,64.87619999999998,9,60,0.013612295425933693
CC-126702,Craig Carreira,Consumer,1384,-414.12300000000005,4,24,-0.2992218208092486
CC-126703,Craig Carreira,Consumer,1548,-388.1768,8,43,-0.25076020671834626
CC-126704,Craig Carreira,Consumer,2271,187.8399,7,47,0.08271241743725231
CC-126851,Craig Carroll,Consumer,4893,-722.2878000000001,6,43,-0.14761655426118947
CC-126852,Craig Carroll,Consumer,4745,631.5450000000001,7,71,0.1330969441517387
CC-126853,Craig Carroll,Consumer,304,-65.788,3,17,-0.2164078947368421
CC-126854,Craig Carroll,Consumer,2854,850.1591000000001,4,51,0.2978833566923616
CC-21001,Chad Cunningham,Home Office,513,189.48,2,6,0.3693567251461988
CC-21002,Chad Cunningham,Home Office,507,48.888,3,14,0.09642603550295857
CC-21451,Charles Crestani,Consumer,671,204.83999999999997,3,8,0.30527570789865865
CC-21452,Charles Crestani,Consumer,486,-368.97,3,17,-0.7591975308641976
CC-22201,Chris Cortes,Consumer,1568,460.248,3,12,0.29352551020408163
CC-22202,Chris Cortes,Consumer,944,258.3,5,18,0.2736228813559322
CC-22203,Chris Cortes,Consumer,1662,471.53399999999993,4,43,0.28371480144404326
CC-23701,Christopher Conant,Consumer,1414,178.58999999999997,3,7,0.12630127298444127
CC-23702,Christopher Conant,Consumer,5544,1441.815,6,50,0.2600676406926407
CC-24301,Chuck Clark,Home Office,154,61.17,1,6,0.39720779220779223
CC-24302,Chuck Clark,Home Office,889,99.42,1,9,0.11183352080989876
CC-24751,Cindy Chapman,Consumer,2488,731.349,4,15,0.29395056270096465
CC-24752,Cindy Chapman,Consumer,701,77.1,1,4,0.10998573466476462
CC-24753,Cindy Chapman,Consumer,519,106.24199999999999,2,7,0.2047052023121387
CC-25501,Clay Cheatham,Consumer,321,-139.74,3,10,-0.4353271028037383
CC-25502,Clay Cheatham,Consumer,1112,496.83000000000004,2,8,0.4467895683453238
CC-26101,Corey Catlett,Corporate,782,52.81800000000001,3,16,0.06754219948849106
CC-26701,Craig Carreira,Consumer,658,212.1,2,19,0.3223404255319149
CC-26702,Craig Carreira,Consumer,870,56.501999999999995,4,17,0.06494482758620689
CC-26851,Craig Carroll,Consumer,3954,1620.93,4,23,0.4099468892261002
CC-26852,Craig Carroll,Consumer,65,-64.698,1,5,-0.995353846153846
CD-119201,Carlos Daly,Consumer,7581,3107.5914,5,52,0.4099184012663237
CD-119202,Carlos Daly,Consumer,7413,1273.314,9,86,0.17176770538243627
CD-119203,Carlos Daly,Consumer,1267,-55.836,8,52,-0.04406945540647198
CD-119204,Carlos Daly,Consumer,2035,426.661,5,35,0.20966142506142507
CD-119801,Carol Darley,Consumer,4610,1362.5432999999998,6,43,0.2955625379609544
CD-119802,Carol Darley,Consumer,3430,476.235,7,48,0.13884402332361517
CD-119803,Carol Darley,Consumer,3170,16.378159999999994,7,78,0.005166611987381701
CD-119804,Carol Darley,Consumer,641,-206.71720000000002,3,22,-0.3224917316692668
CD-122801,Christina DeMoss,Consumer,10763,1260.7191,7,66,0.11713454427204312
CD-122802,Christina DeMoss,Consumer,3185,601.827,6,67,0.18895667189952906
CD-122803,Christina DeMoss,Consumer,1628,271.80828,9,64,0.16695840294840297
CD-122804,Christina DeMoss,Consumer,1206,233.0274,2,39,0.19322338308457712
CD-127901,Cynthia Delaney,Home Office,1025,318.87,3,22,0.3110926829268293
CD-127902,Cynthia Delaney,Home Office,10120,1290.3645000000001,13,101,0.12750637351778657
CD-127903,Cynthia Delaney,Home Office,463,67.408,4,31,0.14558963282937365
CD-127904,Cynthia Delaney,Home Office,1861,403.8422,5,49,0.21700279419666846
CD-19201,Carlos Daly,Consumer,1602,224.43900000000002,2,11,0.1400992509363296
CD-19202,Carlos Daly,Consumer,219,52.74,2,4,0.24082191780821918
CD-19801,Carol Darley,Consumer,996,163.66800000000003,3,17,0.1643253012048193
CD-19802,Carol Darley,Consumer,156,21.720000000000002,2,3,0.13923076923076924
CD-19803,Carol Darley,Consumer,229,46.53,2,7,0.2031877729257642
CD-22801,Christina DeMoss,Consumer,566,43.95,4,20,0.07765017667844523
CD-22802,Christina DeMoss,Consumer,638,180.45000000000002,3,9,0.2828369905956113
CD-27901,Cynthia Delaney,Home Office,910,166.434,4,17,0.1828945054945055
CD-27902,Cynthia Delaney,Home Office,121,-92.616,3,8,-0.7654214876033058
CG-120401,Catherine Glotzbach,Home Office,1925,202.5,7,27,0.10519480519480519
CG-120402,Catherine Glotzbach,Home Office,373,-139.85999999999999,2,18,-0.3749597855227882
CG-120403,Catherine Glotzbach,Home Office,393,-0.08000000000000052,4,24,-0.00020356234096692243
CG-120404,Catherine Glotzbach,Home Office,906,86.51060000000001,6,37,0.09548631346578368
CG-125201,Claire Gute,Consumer,6267,1120.6035000000002,6,59,0.17881019626615607
CG-125202,Claire Gute,Consumer,3538,673.005,6,48,0.19022187676653476
CG-125203,Claire Gute,Consumer,2591,434.59152,3,41,0.1677311925897337
CG-125204,Claire Gute,Consumer,1148,169.93439999999998,3,14,0.14802648083623693
CG-20401,Catherine Glotzbach,Home Office,36,-53.61,2,5,-1.4891666666666667
CG-20402,Catherine Glotzbach,Home Office,483,-342.3,3,9,-0.7086956521739131
CG-25201,Claire Gute,Consumer,180,6.984000000000001,4,10,0.03880000000000001
CG-25202,Claire Gute,Consumer,938,161.46,3,12,0.17213219616204692
CH-120701,Cathy Hwang,Home Office,2440,367.1208,5,28,0.15045934426229507
CH-120702,Cathy Hwang,Home Office,6312,1169.604,9,94,0.18529847908745248
CH-120703,Cathy Hwang,Home Office,832,-238.45423999999997,4,21,-0.2866036538461538
CH-120704,Cathy Hwang,Home Office,1537,195.15109999999999,3,13,0.12696883539362394
CH-20701,Cathy Hwang,Home Office,528,36.642,3,16,0.06939772727272728
CH-20702,Cathy Hwang,Home Office,4018,1141.446,5,53,0.28408312593330015
CJ-118751,Carl Jackson,Corporate,9269,1623.2814,11,81,0.17513015427769987
CJ-118752,Carl Jackson,Corporate,761,94.422,6,27,0.12407621550591327
CJ-118753,Carl Jackson,Corporate,2494,137.88956000000002,5,23,0.0552885164394547
CJ-118754,Carl Jackson,Corporate,17,1.652,1,5,0.0971764705882353
CJ-120101,Caroline Jumper,Consumer,1948,611.1441,4,27,0.3137290041067762
CJ-120102,Caroline Jumper,Consumer,1283,-248.2515,6,25,-0.19349298519095867
CJ-120103,Caroline Jumper,Consumer,4961,1165.088,8,83,0.23484942551904858
CJ-120104,Caroline Jumper,Consumer,11165,858.7414000000001,8,83,0.07691369458128079
CJ-18751,Carl Jackson,Corporate,411,64.56,2,13,0.15708029197080292
CJ-18752,Carl Jackson,Corporate,1020,35.621999999999986,4,19,0.034923529411764694
CJ-20101,Caroline Jumper,Consumer,116,28.71,2,3,0.2475
CJ-20102,Caroline Jumper,Consumer,109,2.16,1,1,0.01981651376146789
CK-122051,Chloris Kastensmidt,Consumer,4487,-432.864,11,70,-0.09647069311343882
CK-122052,Chloris Kastensmidt,Consumer,4774,1464.492,7,51,0.30676413908671973
CK-122053,Chloris Kastensmidt,Consumer,1207,138.29484000000002,7,63,0.11457733222866613
CK-122054,Chloris Kastensmidt,Consumer,3154,141.2831,13,122,0.04479489537095751
CK-123251,Christine Kargatis,Home Office,1916,160.5222,7,30,0.08377985386221294
CK-123252,Christine Kargatis,Home Office,1353,357.792,6,27,0.26444345898004434
CK-123253,Christine Kargatis,Home Office,3713,69.98312,9,91,0.018848133584702397
CK-123254,Christine Kargatis,Home Office,2946,261.22090000000003,5,46,0.08866968771215208
CK-125951,Clytie Kelty,Consumer,7018,1441.6338,7,68,0.20541946423482474
CK-125952,Clytie Kelty,Consumer,4945,231.01950000000005,8,50,0.046717795753286155
CK-125953,Clytie Kelty,Consumer,2144,5.48288000000003,7,46,0.0025573134328358347
CK-125954,Clytie Kelty,Consumer,2372,497.70980000000003,11,108,0.209827065767285
CK-127601,Cyma Kinney,Corporate,1002,-273.858,4,25,-0.27331137724550897
CK-127602,Cyma Kinney,Corporate,2293,412.899,6,31,0.18006934147405146
CK-127603,Cyma Kinney,Corporate,1700,98.88439999999999,7,45,0.05816729411764705
CK-127604,Cyma Kinney,Corporate,1583,-338.4311,9,64,-0.2137909665192672
CK-22051,Chloris Kastensmidt,Consumer,3,-3.258,1,1,-1.086
CK-22052,Chloris Kastensmidt,Consumer,947,-342.135,4,20,-0.36128299894403376
CK-23251,Christine Kargatis,Home Office,260,37.185,4,18,0.1430192307692308
CK-23252,Christine Kargatis,Home Office,2867,494.01,4,33,0.1723090338332752
CK-25951,Clytie Kelty,Consumer,115,34.62,2,3,0.3010434782608695
CK-25952,Clytie Kelty,Consumer,547,163.17,1,14,0.2982998171846435
CK-27601,Cyma Kinney,Corporate,2081,377.19,5,32,0.1812542047092744
CK-27602,Cyma Kinney,Corporate,1937,248.7,7,14,0.12839442436757872
CL-118901,Carl Ludwig,Consumer,6746,50.41379999999997,7,63,0.007473139638304176
CL-118902,Carl Ludwig,Consumer,2709,604.371,6,31,0.22309745293466224
CL-118903,Carl Ludwig,Consumer,6904,-1230.60744,14,80,-0.17824557358053303
CL-118904,Carl Ludwig,Consumer,1262,328.0847,4,24,0.259972028526149
CL-125651,Clay Ludtke,Consumer,724,79.38,3,21,0.10964088397790055
CL-125652,Clay Ludtke,Consumer,3424,-1374.255,9,62,-0.4013595210280374
CL-125653,Clay Ludtke,Consumer,1979,-24.32511999999999,6,55,-0.01229162203132895
CL-125654,Clay Ludtke,Consumer,10881,1933.7830999999999,12,106,0.1777210826210826
CL-127001,Craig Leslie,Home Office,10184,1242.4877999999999,9,78,0.12200390809112333
CL-127002,Craig Leslie,Home Office,2902,350.29499999999996,8,56,0.12070813232253617
CL-127003,Craig Leslie,Home Office,2506,741.652,9,66,0.29595051875498807
CL-127004,Craig Leslie,Home Office,2354,229.0099,5,34,0.09728542905692437
CL-18901,Carl Ludwig,Consumer,325,41.349,5,8,0.1272276923076923
CL-18902,Carl Ludwig,Consumer,53,26.64,1,1,0.5026415094339622
CL-18903,Carl Ludwig,Consumer,181,15.486000000000004,3,8,0.08555801104972378
CL-25651,Clay Ludtke,Consumer,2713,755.97,4,34,0.27864725396240325
CL-25652,Clay Ludtke,Consumer,63,-47.123999999999995,2,6,-0.7479999999999999
CL-27001,Craig Leslie,Home Office,1393,137.37,2,12,0.09861450107681263
CL-27002,Craig Leslie,Home Office,39,-30.486,2,2,-0.7816923076923077
CM-118151,Candace McMahon,Corporate,4625,-519.6486,4,33,-0.11235645405405405
CM-118152,Candace McMahon,Corporate,5045,-1649.811,7,37,-0.32701902874132804
CM-118153,Candace McMahon,Corporate,3020,-926.648,6,49,-0.30683708609271526
CM-118154,Candace McMahon,Corporate,1676,214.463,6,38,0.12796121718377088
CM-118301,Cari MacIntyre,Corporate,4081,161.91149999999993,7,56,0.039674467042391554
CM-118302,Cari MacIntyre,Corporate,11303,1844.3235,11,112,0.16317114925241086
CM-118303,Cari MacIntyre,Corporate,1447,438.464,6,38,0.30301589495507947
CM-119351,Carlos Meador,Consumer,3551,752.4924,6,23,0.21190999718389186
CM-119352,Carlos Meador,Consumer,2261,581.532,6,56,0.2572012383900929
CM-119353,Carlos Meador,Consumer,3313,790.796,4,32,0.23869483851494117
CM-119354,Carlos Meador,Consumer,565,-43.7324,2,18,-0.07740247787610618
CM-121151,Chad McGuire,Consumer,7791,495.3369,7,55,0.06357809010396612
CM-121152,Chad McGuire,Consumer,3738,1287.84,4,45,0.34452648475120384
CM-121153,Chad McGuire,Consumer,1467,-27.4276,5,18,-0.018696387184730743
CM-121154,Chad McGuire,Consumer,1662,409.0679,4,35,0.24612990373044524
CM-121601,Charles McCrossin,Consumer,8870,715.1253,8,63,0.08062291995490417
CM-121602,Charles McCrossin,Consumer,2667,136.569,7,45,0.05120697412823397
CM-121603,Charles McCrossin,Consumer,3840,-24.768879999999996,5,26,-0.006450229166666666
CM-121604,Charles McCrossin,Consumer,2533,-394.3686,6,23,-0.15569230161863404
CM-121901,Charlotte Melton,Consumer,2052,-128.13930000000002,5,57,-0.06244605263157896
CM-121902,Charlotte Melton,Consumer,5985,261.67199999999997,6,61,0.043721303258145355
CM-121903,Charlotte Melton,Consumer,1864,373.74552,8,57,0.20050725321888413
CM-121904,Charlotte Melton,Consumer,1475,91.2033,6,21,0.06183274576271186
CM-122351,Chris McAfee,Consumer,4720,1097.8212,7,40,0.2325892372881356
CM-122352,Chris McAfee,Consumer,2006,144.828,6,30,0.07219740777667
CM-122353,Chris McAfee,Consumer,2346,346.3098,4,29,0.14761713554987213
CM-122354,Chris McAfee,Consumer,2306,365.0387,5,28,0.15829952298352126
CM-123851,Christopher Martinez,Consumer,7050,-552.6096,11,83,-0.07838434042553191
CM-123852,Christopher Martinez,Consumer,975,-391.94999999999993,4,21,-0.4019999999999999
CM-123853,Christopher Martinez,Consumer,4902,74.62952,6,52,0.015224300285597715
CM-123854,Christopher Martinez,Consumer,8953,3899.8903999999998,4,34,0.43559593432369037
CM-124451,Chuck Magee,Consumer,3891,860.5455000000001,6,39,0.22116306861989207
CM-124452,Chuck Magee,Consumer,4322,24.697499999999984,5,38,0.005714368347987039
CM-124453,Chuck Magee,Consumer,3473,238.45508,11,94,0.0686596832709473
CM-124454,Chuck Magee,Consumer,287,64.4296,3,32,0.22449337979094075
CM-126551,Corinna Mitchell,Home Office,1068,160.3587,5,28,0.150148595505618
CM-126552,Corinna Mitchell,Home Office,4740,-1765.3635,2,37,-0.3724395569620253
CM-126553,Corinna Mitchell,Home Office,2041,-701.4101199999999,5,25,-0.3436600293973542
CM-126554,Corinna Mitchell,Home Office,6340,1572.4585,6,42,0.2480218454258675
CM-127151,Craig Molinari,Corporate,1650,156.495,3,23,0.09484545454545455
CM-127152,Craig Molinari,Corporate,1243,179.6775,6,31,0.14455148833467418
CM-127153,Craig Molinari,Corporate,1513,402.904,6,29,0.26629477858559153
CM-127154,Craig Molinari,Corporate,3985,176.3108,4,57,0.04424361355081556
CM-18151,Candace McMahon,Corporate,392,82.854,4,13,0.21136224489795918
CM-18152,Candace McMahon,Corporate,40,0.0,1,2,0.0
CM-18301,Cari MacIntyre,Corporate,3061,-38.28300000000004,5,32,-0.012506697157791583
CM-18302,Cari MacIntyre,Corporate,1716,78.27000000000001,8,28,0.04561188811188812
CM-19351,Carlos Meador,Consumer,160,16.314,4,4,0.1019625
CM-19352,Carlos Meador,Consumer,298,108.96,3,17,0.3656375838926174
CM-21151,Chad McGuire,Consumer,1304,146.57999999999998,2,4,0.11240797546012268
CM-21152,Chad McGuire,Consumer,604,130.95,1,3,0.2168046357615894
CM-21601,Charles McCrossin,Consumer,2144,271.08,4,14,0.1264365671641791
CM-21602,Charles McCrossin,Consumer,102,43.05,1,5,0.42205882352941176
CM-21901,Charlotte Melton,Consumer,1317,-513.12,3,12,-0.3896127562642369
CM-21902,Charlotte Melton,Consumer,134,32.43,1,4,0.24201492537313432
CM-22351,Chris McAfee,Consumer,8,-13.302,1,2,-1.66275
CM-22352,Chris McAfee,Consumer,235,-52.998,4,10,-0.22552340425531914
CM-23851,Christopher Martinez,Consumer,553,-25.086,3,6,-0.0453634719710669
CM-23852,Christopher Martinez,Consumer,27,5.16,1,2,0.19111111111111112
CM-24451,Chuck Magee,Consumer,341,86.7,1,5,0.25425219941348975
CM-24452,Chuck Magee,Consumer,1401,201.828,3,16,0.14405995717344755
CM-26551,Corinna Mitchell,Home Office,412,-130.55999999999997,5,12,-0.31689320388349507
CM-26552,Corinna Mitchell,Home Office,979,-90.54599999999999,7,30,-0.09248825331971398
CM-27151,Craig Molinari,Corporate,629,-63.263999999999996,3,12,-0.10057869634340222
CM-27152,Craig Molinari,Corporate,2210,358.218,4,27,0.162089592760181
CP-120851,Cathy Prescott,Corporate,3889,357.17490000000004,3,20,0.0918423502185652
CP-120852,Cathy Prescott,Corporate,1632,202.44299999999998,5,48,0.12404595588235293
CP-120853,Cathy Prescott,Corporate,3262,-366.26,7,64,-0.11228080931943593
CP-120854,Cathy Prescott,Corporate,5401,427.0258,8,57,0.07906421033142011
CP-123401,Christine Phan,Corporate,6559,1513.521,7,53,0.23075484067693244
CP-123402,Christine Phan,Corporate,2537,376.5,7,47,0.1484036263303114
CP-123403,Christine Phan,Corporate,5127,143.25328000000002,8,65,0.027940955724595283
CP-123404,Christine Phan,Corporate,5889,-1850.3029000000001,8,59,-0.3141964510103583
CP-20851,Cathy Prescott,Corporate,1887,550.35,3,35,0.29165341812400636
CP-20852,Cathy Prescott,Corporate,885,246.32999999999998,1,4,0.2783389830508474
CP-20853,Cathy Prescott,Corporate,2814,333.51,6,25,0.11851812366737739
CP-23401,Christine Phan,Corporate,4136,1407.75,3,38,0.34036508704061896
CP-23402,Christine Phan,Corporate,909,157.56,1,16,0.17333333333333334
CR-125801,Clay Rozendal,Home Office,4013,-102.51750000000001,8,85,-0.025546349364565166
CR-125802,Clay Rozendal,Home Office,2143,809.16,5,20,0.3775828278114792
CR-125803,Clay Rozendal,Home Office,397,36.988,3,7,0.09316876574307305
CR-125804,Clay Rozendal,Home Office,2149,74.40129999999999,4,32,0.034621358771521636
CR-126251,Corey Roper,Home Office,13043,921.2484000000001,12,134,0.07063163382657364
CR-126252,Corey Roper,Home Office,1164,214.062,6,29,0.18390206185567012
CR-126253,Corey Roper,Home Office,2593,198.50528,7,38,0.07655429232549171
CR-126254,Corey Roper,Home Office,475,144.7594,3,14,0.3047566315789474
CR-127301,Craig Reiter,Consumer,8626,1294.8474,10,81,0.15010983074426154
CR-127302,Craig Reiter,Consumer,1625,65.271,3,8,0.04016676923076923
CR-127303,Craig Reiter,Consumer,7637,-18.994640000000004,7,78,-0.0024871860678276816
CR-127304,Craig Reiter,Consumer,1600,306.9176,4,18,0.1918235
CR-128201,Cyra Reiten,Home Office,5354,1547.964,4,35,0.2891228987672768
CR-128202,Cyra Reiten,Home Office,1284,430.278,8,30,0.33510747663551405
CR-128203,Cyra Reiten,Home Office,6434,1329.67616,9,68,0.20666399751321107
CR-128204,Cyra Reiten,Home Office,1397,83.27029999999999,3,26,0.05960651395848246
CR-25801,Clay Rozendal,Home Office,2793,1030.284,3,16,0.3688807733619764
CR-25802,Clay Rozendal,Home Office,264,97.68,2,4,0.37000000000000005
CR-26251,Corey Roper,Home Office,1216,244.911,5,22,0.20140707236842106
CR-26252,Corey Roper,Home Office,100,25.47,1,6,0.2547
CR-26253,Corey Roper,Home Office,3763,596.166,3,19,0.15842838161041722
CR-27301,Craig Reiter,Consumer,986,-271.68,6,24,-0.27553752535496956
CR-27302,Craig Reiter,Consumer,374,59.076,5,15,0.1579572192513369
CR-28201,Cyra Reiten,Home Office,600,117.18,4,17,0.1953
CR-28202,Cyra Reiten,Home Office,588,-195.648,4,12,-0.332734693877551
CS-118451,Cari Sayre,Corporate,16655,2995.5816,11,101,0.17986079855899129
CS-118452,Cari Sayre,Corporate,850,-81.89699999999999,5,21,-0.09634941176470588
CS-118453,Cari Sayre,Corporate,1689,175.924,5,22,0.1041586737714624
CS-118454,Cari Sayre,Corporate,1279,185.3776,5,22,0.14493948397185302
CS-118601,Cari Schnelling,Consumer,2474,-356.166,2,12,-0.1439636216653193
CS-118602,Cari Schnelling,Consumer,4358,1439.7255,6,46,0.33036381367599815
CS-118603,Cari Schnelling,Consumer,3188,-219.04668000000004,7,64,-0.06870974905897115
CS-118604,Cari Schnelling,Consumer,538,105.8275,6,16,0.1967053903345725
CS-119501,Carlos Soltero,Consumer,3771,-146.2107,6,43,-0.03877239459029435
CS-119502,Carlos Soltero,Consumer,3883,-939.1800000000001,7,57,-0.24186968838526915
CS-119503,Carlos Soltero,Consumer,3530,63.73504,7,45,0.01805525212464589
CS-119504,Carlos Soltero,Consumer,3038,-126.42229999999999,11,68,-0.041613660302830806
CS-121301,Chad Sievert,Consumer,4964,-360.831,9,51,-0.07268956486704271
CS-121302,Chad Sievert,Consumer,3528,381.072,4,57,0.10801360544217688
CS-121303,Chad Sievert,Consumer,1603,477.38,5,33,0.2978041172800998
CS-121304,Chad Sievert,Consumer,885,143.8339,4,28,0.16252418079096045
CS-121751,Charles Sheldon,Corporate,13516,2492.5263,17,151,0.18441301420538622
CS-121752,Charles Sheldon,Corporate,1748,477.51,4,18,0.273175057208238
CS-121753,Charles Sheldon,Corporate,602,30.832,3,22,0.05121594684385382
CS-121754,Charles Sheldon,Corporate,844,113.1405,5,30,0.13405272511848343
CS-122501,Chris Selesnick,Corporate,2520,526.8198,5,66,0.20905547619047618
CS-122502,Chris Selesnick,Corporate,5663,684.0135,8,67,0.12078642062511037
CS-122503,Chris Selesnick,Corporate,1560,261.636,5,37,0.16771538461538463
CS-122504,Chris Selesnick,Corporate,2757,738.3626,12,97,0.2678137830975698
CS-123551,Christine Sundaresam,Consumer,3244,-1149.5430000000001,5,23,-0.3543597410604193
CS-123552,Christine Sundaresam,Consumer,568,148.164,4,15,0.2608521126760563
CS-123553,Christine Sundaresam,Consumer,2227,53.804,11,53,0.02415985630893579
CS-123554,Christine Sundaresam,Consumer,3201,831.9432,11,74,0.25990103092783506
CS-124001,Christopher Schild,Home Office,2117,688.2105,4,33,0.3250876239962211
CS-124002,Christopher Schild,Home Office,1413,300.456,5,40,0.21263694267515926
CS-124003,Christopher Schild,Home Office,3041,727.19936,5,50,0.23913165406116407
CS-124004,Christopher Schild,Home Office,3651,-342.8033,9,47,-0.09389298822240481
CS-124601,Chuck Sachs,Consumer,8390,922.2774,7,61,0.10992579261025029
CS-124602,Chuck Sachs,Consumer,6210,1414.935,7,93,0.2278478260869565
CS-124603,Chuck Sachs,Consumer,4937,307.80088,7,48,0.06234573222604821
CS-124604,Chuck Sachs,Consumer,551,156.2593,2,13,0.28359219600725954
CS-124901,Cindy Schnelling,Corporate,2831,171.51,8,24,0.06058283292122924
CS-124902,Cindy Schnelling,Corporate,1506,-84.30000000000003,8,46,-0.0559760956175299
CS-124903,Cindy Schnelling,Corporate,5698,-206.592,10,76,-0.03625693225693226
CS-124904,Cindy Schnelling,Corporate,1076,-302.8761,4,33,-0.28148336431226767
CS-125051,Cindy Stewart,Consumer,2179,-267.57959999999997,3,26,-0.12279926571821935
CS-125052,Cindy Stewart,Consumer,503,131.049,1,8,0.2605347912524851
CS-125053,Cindy Stewart,Consumer,3164,325.552,6,54,0.10289254108723137
CS-125054,Cindy Stewart,Consumer,5691,-6626.3895,6,40,-1.1643629414865577
CS-18451,Cari Sayre,Corporate,204,42.75,3,5,0.20955882352941177
CS-18452,Cari Sayre,Corporate,1390,-402.408,5,37,-0.2895021582733813
CS-18601,Cari Schnelling,Consumer,861,163.44,4,6,0.18982578397212543
CS-18602,Cari Schnelling,Consumer,760,186.114,5,18,0.24488684210526315
CS-19501,Carlos Soltero,Consumer,533,244.47,2,3,0.45866791744840524
CS-19502,Carlos Soltero,Consumer,80,8.76,2,2,0.1095
CS-19503,Carlos Soltero,Consumer,101,-105.228,1,3,-1.041861386138614
CS-21301,Chad Sievert,Consumer,466,49.8,2,3,0.10686695278969957
CS-21302,Chad Sievert,Consumer,25,6.03,1,1,0.2412
CS-21303,Chad Sievert,Consumer,877,-701.352,1,12,-0.7997172177879133
CS-21751,Charles Sheldon,Corporate,1380,387.198,2,9,0.2805782608695652
CS-21752,Charles Sheldon,Corporate,1960,827.37,3,16,0.42212755102040816
CS-22501,Chris Selesnick,Corporate,179,43.68,1,15,0.2440223463687151
CS-22502,Chris Selesnick,Corporate,1739,347.99399999999997,3,22,0.2001115583668775
CS-23551,Christine Sundaresam,Consumer,925,104.97,3,7,0.11348108108108108
CS-23552,Christine Sundaresam,Consumer,381,9.509999999999998,6,16,0.024960629921259837
CS-24001,Christopher Schild,Home Office,1742,588.18,3,21,0.337646383467279
CS-24002,Christopher Schild,Home Office,552,118.80000000000001,2,6,0.21521739130434786
CS-24601,Chuck Sachs,Consumer,1707,16.71299999999998,3,15,0.009790861159929689
CS-24602,Chuck Sachs,Consumer,964,125.12399999999998,5,6,0.12979668049792528
CS-24901,Cindy Schnelling,Corporate,14,7.05,1,1,0.5035714285714286
CS-24902,Cindy Schnelling,Corporate,1650,604.08,2,17,0.36610909090909094
CS-25051,Cindy Stewart,Consumer,1804,270.33,4,21,0.14985033259423503
CS-25052,Cindy Stewart,Consumer,91,15.48,3,4,0.1701098901098901
CT-119951,Carol Triggs,Consumer,4812,1457.082,4,38,0.3028017456359102
CT-119952,Carol Triggs,Consumer,3598,405.426,9,42,0.11268093385214008
CT-119953,Carol Triggs,Consumer,2064,485.66104,6,29,0.23530089147286823
CT-119954,Carol Triggs,Consumer,3241,161.22629999999998,8,60,0.04974585004628201
CT-19951,Carol Triggs,Consumer,424,-71.592,2,4,-0.16884905660377358
CV-122951,Christina VanderZanden,Consumer,2602,555.1077,5,15,0.213338854727133
CV-122952,Christina VanderZanden,Consumer,670,233.94,4,30,0.3491641791044776
CV-122953,Christina VanderZanden,Consumer,2940,-155.68752,6,50,-0.052954938775510205
CV-122954,Christina VanderZanden,Consumer,2832,493.0861,5,54,0.17411232344632768
CV-128051,Cynthia Voltz,Corporate,3384,815.496,5,27,0.24098581560283688
CV-128052,Cynthia Voltz,Corporate,3926,787.671,5,56,0.20062939378502292
CV-128053,Cynthia Voltz,Corporate,84,35.28,1,1,0.42000000000000004
CV-128054,Cynthia Voltz,Corporate,2372,98.9975,9,62,0.04173587689713322
CV-22951,Christina VanderZanden,Consumer,387,-75.62700000000001,4,12,-0.1954186046511628
CV-22952,Christina VanderZanden,Consumer,896,-445.482,5,24,-0.49718973214285717
CV-28051,Cynthia Voltz,Corporate,3070,930.9240000000001,3,11,0.30323257328990233
CV-28052,Cynthia Voltz,Corporate,2021,-758.2620000000001,4,24,-0.37519148936170216
CW-119051,Carl Weiss,Home Office,2652,194.346,6,49,0.07328280542986425
CW-119052,Carl Weiss,Home Office,7410,1956.351,8,86,0.26401497975708504
CW-119053,Carl Weiss,Home Office,1721,114.32260000000001,5,29,0.0664280069726903
CW-119054,Carl Weiss,Home Office,1138,370.8298,6,40,0.32586098418277676
CW-19051,Carl Weiss,Home Office,922,179.1,3,12,0.1942516268980477
CW-19052,Carl Weiss,Home Office,514,192.45,1,2,0.37441634241245136
CY-127451,Craig Yedwab,Corporate,3267,1117.5906,8,32,0.3420846648301194
CY-127452,Craig Yedwab,Corporate,3642,484.17449999999997,8,62,0.13294192751235584
CY-127453,Craig Yedwab,Corporate,4118,58.8472,7,55,0.01429023797960175
CY-127454,Craig Yedwab,Corporate,2900,60.64669999999999,8,43,0.02091265517241379
CY-27451,Craig Yedwab,Corporate,262,-187.626,3,7,-0.7161297709923664
CY-27452,Craig Yedwab,Corporate,31,8.61,1,1,0.27774193548387094
Co-126401,Corey-Lock,Consumer,6813,1107.8148,8,93,0.16260308234258036
Co-126402,Corey-Lock,Consumer,1560,-160.017,6,43,-0.102575
Co-126403,Corey-Lock,Consumer,2607,141.73696,6,35,0.05436784042961258
Co-126404,Corey-Lock,Consumer,1300,205.6282,5,30,0.15817553846153845
Co-26401,Corey-Lock,Consumer,755,-99.72299999999998,3,35,-0.13208344370860925
Co-26402,Corey-Lock,Consumer,14,0.6000000000000001,2,2,0.042857142857142864
DA-134501,Dianna Arnett,Home Office,3460,186.3387,6,67,0.05385511560693641
DA-134502,Dianna Arnett,Home Office,2972,-945.204,7,55,-0.3180363391655451
DA-134503,Dianna Arnett,Home Office,6447,-123.99643999999995,8,58,-0.01923319993795563
DA-134504,Dianna Arnett,Home Office,157,56.7904,4,27,0.36172229299363057
DA-34501,Dianna Arnett,Home Office,1237,361.08000000000004,2,15,0.2918997574777688
DA-34502,Dianna Arnett,Home Office,975,167.16000000000003,2,19,0.17144615384615386
DB-129101,Daniel Byrd,Home Office,1088,-49.713300000000004,4,12,-0.045692371323529414
DB-129102,Daniel Byrd,Home Office,5773,1314.876,5,31,0.2277630348172527
DB-129103,Daniel Byrd,Home Office,3307,-914.548,10,79,-0.27654913819171456
DB-129104,Daniel Byrd,Home Office,2172,431.3748,8,47,0.198607182320442
DB-129701,Darren Budd,Corporate,808,116.283,2,21,0.14391460396039604
DB-129702,Darren Budd,Corporate,5520,133.959,4,23,0.024267934782608695
DB-129703,Darren Budd,Corporate,2840,213.00289999999998,5,43,0.07500102112676056
DB-130601,Dave Brooks,Consumer,9904,1955.5527000000002,7,63,0.19745079765751214
DB-130602,Dave Brooks,Consumer,7873,894.903,8,68,0.11366734408738728
DB-130603,Dave Brooks,Consumer,1169,-7.860039999999993,4,43,-0.006723729683490156
DB-130604,Dave Brooks,Consumer,4532,473.02720000000005,7,48,0.10437493380406003
DB-131201,David Bremer,Corporate,350,64.587,3,14,0.18453428571428573
DB-131202,David Bremer,Corporate,1953,-693.7695,4,27,-0.3552327188940092
DB-131203,David Bremer,Corporate,327,22.37312,2,7,0.06841932721712539
DB-131204,David Bremer,Corporate,2974,-1421.7692,7,59,-0.47806630800268995
DB-132101,Dean Braden,Consumer,2179,146.8419,7,52,0.06738958237723727
DB-132102,Dean Braden,Consumer,6544,720.597,5,63,0.11011567848410758
DB-132103,Dean Braden,Consumer,2689,442.56,5,35,0.16458162885831165
DB-132104,Dean Braden,Consumer,2333,169.9679,10,75,0.072853793399057
DB-132701,Deborah Brumfield,Home Office,2386,143.07,8,70,0.05996227996647108
DB-132702,Deborah Brumfield,Home Office,4532,443.6925,6,50,0.09790214033539277
DB-132703,Deborah Brumfield,Home Office,118,-8.130000000000003,3,7,-0.06889830508474579
DB-132704,Deborah Brumfield,Home Office,4655,841.8264,8,52,0.18084348012889367
DB-133601,Dennis Bolton,Home Office,2322,8.266800000000003,8,69,0.0035602067183462547
DB-133602,Dennis Bolton,Home Office,1498,109.428,8,34,0.07304939919893191
DB-133603,Dennis Bolton,Home Office,2018,439.74356,7,52,0.21791058473736372
DB-133604,Dennis Bolton,Home Office,1081,291.0085,5,28,0.2692030527289547
DB-134051,Denny Blanton,Consumer,8105,1347.5244,8,74,0.1662584083898828
DB-134052,Denny Blanton,Consumer,2879,107.70150000000001,7,29,0.03740934352205627
DB-134053,Denny Blanton,Consumer,3390,94.67875999999998,7,32,0.02792883775811209
DB-134054,Denny Blanton,Consumer,1712,438.9092,4,62,0.25637219626168223
DB-135551,Dorothy Badders,Corporate,2331,311.553,8,33,0.13365637065637065
DB-135552,Dorothy Badders,Corporate,1202,77.66699999999999,2,38,0.06461480865224624
DB-135553,Dorothy Badders,Corporate,1971,444.4676,5,39,0.22550360223236937
DB-135554,Dorothy Badders,Corporate,3909,109.327,7,61,0.027968022512151445
DB-136151,Doug Bickford,Consumer,2567,705.39,5,30,0.2747915855083755
DB-136152,Doug Bickford,Consumer,3874,968.4870000000001,9,70,0.24999664429530202
DB-136153,Doug Bickford,Consumer,1602,-117.43020000000001,7,55,-0.07330224719101125
DB-136154,Doug Bickford,Consumer,1989,438.80119999999994,7,41,0.22061397687280038
DB-136601,Duane Benoit,Consumer,4522,186.0186,6,47,0.04113635559486953
DB-136602,Duane Benoit,Consumer,3961,1401.984,4,20,0.3539469830850795
DB-136603,Duane Benoit,Consumer,1758,-498.33975999999996,3,24,-0.283469715585893
DB-136604,Duane Benoit,Consumer,1156,177.6735,7,33,0.15369679930795846
DB-29101,Daniel Byrd,Home Office,792,198.42000000000002,2,12,0.25053030303030305
DB-29102,Daniel Byrd,Home Office,1180,207.54,2,14,0.1758813559322034
DB-29103,Daniel Byrd,Home Office,1080,468.99,4,14,0.43425
DB-29701,Darren Budd,Corporate,181,30.57,1,2,0.16889502762430939
DB-29702,Darren Budd,Corporate,332,93.15,3,9,0.2805722891566265
DB-30601,Dave Brooks,Consumer,631,59.081999999999994,3,16,0.0936323296354992
DB-30602,Dave Brooks,Consumer,1441,277.656,5,17,0.19268285912560723
DB-31201,David Bremer,Corporate,206,-272.898,2,6,-1.324747572815534
DB-31202,David Bremer,Corporate,465,30.779999999999998,2,3,0.06619354838709676
DB-32101,Dean Braden,Consumer,370,-42.759,6,24,-0.11556486486486486
DB-32102,Dean Braden,Consumer,17,-11.4,1,1,-0.6705882352941177
DB-32701,Deborah Brumfield,Home Office,662,135.75,1,9,0.20506042296072508
DB-32702,Deborah Brumfield,Home Office,225,84.03,1,5,0.37346666666666667
DB-33601,Dennis Bolton,Home Office,3691,1074.2699999999998,2,13,0.2910512056353291
DB-34051,Denny Blanton,Consumer,548,-30.257999999999996,2,2,-0.055215328467153275
DB-35551,Dorothy Badders,Corporate,131,33.45,1,3,0.2553435114503817
DB-35552,Dorothy Badders,Corporate,840,265.812,2,3,0.31644285714285714
DB-36151,Doug Bickford,Consumer,2686,917.5020000000001,3,11,0.34158674609084144
DB-36152,Doug Bickford,Consumer,137,54.93000000000001,1,2,0.4009489051094891
DB-36601,Duane Benoit,Consumer,728,173.43,1,12,0.23822802197802198
DB-36602,Duane Benoit,Consumer,1479,-22.968000000000004,2,11,-0.015529411764705885
DC-128501,Dan Campbell,Consumer,3085,155.81550000000001,7,60,0.050507455429497576
DC-128502,Dan Campbell,Consumer,1339,273.96000000000004,3,17,0.20460044809559375
DC-128503,Dan Campbell,Consumer,1548,352.29200000000003,10,54,0.22757881136950905
DC-128504,Dan Campbell,Consumer,3336,-1441.6313,9,64,-0.43214367505995205
DC-132851,Debra Catini,Consumer,440,144.36,2,6,0.3280909090909091
DC-132852,Debra Catini,Consumer,7308,48.78749999999994,5,64,0.0066759031198686284
DC-132853,Debra Catini,Consumer,7248,718.1744,11,93,0.09908587196467991
DC-132854,Debra Catini,Consumer,1175,132.0682,5,37,0.11239846808510637
DC-28501,Dan Campbell,Consumer,1476,207.834,4,13,0.1408089430894309
DC-28502,Dan Campbell,Consumer,2091,209.76,2,15,0.10031563845050215
DC-28503,Dan Campbell,Consumer,564,171.48000000000002,3,8,0.3040425531914894
DC-32851,Debra Catini,Consumer,574,146.34,2,8,0.25494773519163766
DC-32852,Debra Catini,Consumer,227,-324.39599999999996,2,5,-1.4290572687224667
DD-135701,Dorothy Dickinson,Consumer,551,156.29099999999997,2,17,0.28364972776769504
DD-135702,Dorothy Dickinson,Consumer,6899,660.8850000000001,10,99,0.09579431801710395
DD-135703,Dorothy Dickinson,Consumer,1023,106.1568,6,54,0.1037700879765396
DD-135704,Dorothy Dickinson,Consumer,269,36.4344,6,33,0.1354438661710037
DD-35701,Dorothy Dickinson,Consumer,1823,422.21999999999997,5,21,0.23160724081184858
DD-35702,Dorothy Dickinson,Consumer,506,17.664,3,10,0.03490909090909091
DE-132551,Deanra Eno,Home Office,3761,452.997,5,41,0.12044589204998671
DE-132552,Deanra Eno,Home Office,1269,395.535,4,11,0.3116903073286052
DE-132553,Deanra Eno,Home Office,2503,344.884,8,54,0.1377882540950859
DE-132554,Deanra Eno,Home Office,2551,464.47139999999996,5,38,0.18207424539396314
DE-32551,Deanra Eno,Home Office,142,48.99,2,3,0.34500000000000003
DE-32552,Deanra Eno,Home Office,2573,28.620000000000005,6,32,0.011123202487368831
DF-131351,David Flashing,Consumer,4201,-133.28009999999998,8,61,-0.03172580338014758
DF-131352,David Flashing,Consumer,3288,912.318,4,38,0.2774689781021898
DF-131353,David Flashing,Consumer,359,-45.728,3,11,-0.12737604456824514
DF-131354,David Flashing,Consumer,2391,-259.3097,3,23,-0.10845240485152656
DF-31351,David Flashing,Consumer,1049,259.02,2,26,0.24692087702573878
DF-31352,David Flashing,Consumer,252,-369.948,2,10,-1.468047619047619
DG-133001,Deirdre Greer,Corporate,5020,940.836,10,76,0.18741752988047808
DG-133002,Deirdre Greer,Corporate,2484,80.88,6,43,0.03256038647342995
DG-133003,Deirdre Greer,Corporate,3034,482.764,7,50,0.15911799604482532
DG-133004,Deirdre Greer,Corporate,3195,562.7761,5,39,0.17614275430359938
DG-33001,Deirdre Greer,Corporate,2949,317.0880000000001,5,31,0.10752390640895221
DG-33002,Deirdre Greer,Corporate,33,-10.026,1,1,-0.3038181818181818
DH-130751,Dave Hallsten,Corporate,3831,-364.3764,5,37,-0.09511260767423649
DH-130752,Dave Hallsten,Corporate,2386,380.32050000000004,5,42,0.15939668901927914
DH-130753,Dave Hallsten,Corporate,2978,160.89199999999997,9,43,0.054026863666890516
DH-130754,Dave Hallsten,Corporate,4933,1193.7404000000001,6,81,0.2419907561321711
DH-136751,Duane Huffman,Home Office,3433,520.6545000000001,3,37,0.15166166618118268
DH-136752,Duane Huffman,Home Office,2518,260.442,3,19,0.10343208895949166
DH-136753,Duane Huffman,Home Office,822,-54.76399999999999,7,17,-0.0666228710462287
DH-136754,Duane Huffman,Home Office,1042,116.667,4,41,0.11196449136276392
DH-30751,Dave Hallsten,Corporate,1587,427.08,6,47,0.2691115311909263
DH-30752,Dave Hallsten,Corporate,476,-115.78800000000001,4,20,-0.24325210084033616
DH-36751,Duane Huffman,Home Office,3412,1160.046,6,35,0.33999003516998827
DH-36752,Duane Huffman,Home Office,30,2.67,1,1,0.089
DH-36753,Duane Huffman,Home Office,1220,145.428,5,27,0.1192032786885246
DJ-134201,Denny Joy,Corporate,5230,1184.0384999999999,7,43,0.22639359464627148
DJ-134202,Denny Joy,Corporate,11158,1245.522,11,92,0.1116259186234092
DJ-134203,Denny Joy,Corporate,3740,260.54064,6,67,0.06966327272727273
DJ-134204,Denny Joy,Corporate,2012,483.035,4,20,0.24007703777335984
DJ-135101,Don Jones,Corporate,2668,655.6509,6,43,0.24574621439280359
DJ-135102,Don Jones,Corporate,4513,854.4,7,56,0.18931974296476844
DJ-135103,Don Jones,Corporate,5736,840.559,10,104,0.14654096931659694
DJ-135104,Don Jones,Corporate,2502,345.2521,8,52,0.13799044764188648
DJ-136301,Doug Jacobs,Consumer,4266,-261.489,11,70,-0.061296061884669475
DJ-136302,Doug Jacobs,Consumer,2730,781.737,9,57,0.28635054945054944
DJ-136303,Doug Jacobs,Consumer,2206,954.0640000000001,4,15,0.43248594741613783
DJ-136304,Doug Jacobs,Consumer,3357,731.5644,3,43,0.21792207327971402
DJ-34201,Denny Joy,Corporate,263,72.89999999999999,3,6,0.2771863117870722
DJ-34202,Denny Joy,Corporate,158,9.36,1,4,0.05924050632911392
DJ-35101,Don Jones,Corporate,2406,846.51,3,7,0.35183291770573566
DJ-35102,Don Jones,Corporate,194,73.56,1,4,0.37917525773195876
DJ-35103,Don Jones,Corporate,3376,694.53,3,10,0.20572571090047392
DJ-36301,Doug Jacobs,Consumer,245,95.75999999999999,2,3,0.39085714285714285
DJ-36302,Doug Jacobs,Consumer,1048,374.118,4,10,0.3569828244274809
DK-128351,Damala Kotsonis,Corporate,2628,449.78069999999997,7,42,0.1711494292237443
DK-128352,Damala Kotsonis,Corporate,4960,1549.83,5,37,0.3124657258064516
DK-128353,Damala Kotsonis,Corporate,6745,-248.54599999999996,8,71,-0.036848925129725714
DK-128354,Damala Kotsonis,Corporate,3256,881.1228,12,86,0.27061511056511056
DK-128951,Dana Kaydos,Consumer,6372,447.3642,5,48,0.0702078154425612
DK-128952,Dana Kaydos,Consumer,2533,-400.977,5,40,-0.15830122384524278
DK-128953,Dana Kaydos,Consumer,5157,96.62595999999999,7,64,0.01873685476051968
DK-128954,Dana Kaydos,Consumer,4283,937.6496000000001,5,65,0.2189235582535606
DK-129851,Darren Koutras,Consumer,5573,471.65250000000003,12,73,0.08463170644177284
DK-129852,Darren Koutras,Consumer,2819,550.3979999999999,9,61,0.19524583185526778
DK-129853,Darren Koutras,Consumer,4743,452.108,9,52,0.09532110478600042
DK-129854,Darren Koutras,Consumer,1687,-107.35379999999998,5,32,-0.06363592175459394
DK-130901,Dave Kipp,Consumer,10186,1396.1412,18,103,0.1370647162772433
DK-130902,Dave Kipp,Consumer,5428,1927.284,6,45,0.355063375092115
DK-130903,Dave Kipp,Consumer,916,144.617,5,20,0.1578788209606987
DK-130904,Dave Kipp,Consumer,2652,536.3935,7,33,0.2022599924585219
DK-131501,David Kendrick,Corporate,4872,442.27000000000004,8,55,0.09077791461412152
DK-131502,David Kendrick,Corporate,5970,983.409,6,50,0.1647251256281407
DK-131503,David Kendrick,Corporate,4340,389.1,6,45,0.08965437788018434
DK-131504,David Kendrick,Corporate,798,249.9447,2,20,0.3132139097744361
DK-132251,Dean Katz,Corporate,652,79.6626,8,29,0.1221819018404908
DK-132252,Dean Katz,Corporate,1819,253.70999999999998,6,45,0.13947773501924132
DK-132253,Dean Katz,Corporate,1972,355.052,6,33,0.18004665314401624
DK-132254,Dean Katz,Corporate,4802,209.8994,9,70,0.04371082882132445
DK-133751,Dennis Kane,Consumer,4420,425.385,6,76,0.09624095022624435
DK-133752,Dennis Kane,Consumer,3069,90.34500000000001,5,40,0.02943792766373412
DK-133753,Dennis Kane,Consumer,5450,1266.988,7,55,0.2324748623853211
DK-133754,Dennis Kane,Consumer,3318,377.0799,8,77,0.11364674502712478
DK-28351,Damala Kotsonis,Corporate,1830,266.811,3,11,0.1457983606557377
DK-28352,Damala Kotsonis,Corporate,1542,18.851999999999997,8,27,0.012225680933852137
DK-28951,Dana Kaydos,Consumer,254,86.49000000000001,2,6,0.3405118110236221
DK-28952,Dana Kaydos,Consumer,1039,196.41,4,19,0.18903753609239654
DK-29851,Darren Koutras,Consumer,81,-78.888,1,8,-0.973925925925926
DK-30901,Dave Kipp,Consumer,67,-0.4319999999999986,2,9,-0.00644776119402983
DK-30902,Dave Kipp,Consumer,207,76.56,1,4,0.36985507246376814
DK-31501,David Kendrick,Corporate,333,106.97999999999999,4,6,0.32126126126126126
DK-31502,David Kendrick,Corporate,1246,7.433999999999989,10,30,0.005966292134831451
DK-32251,Dean Katz,Corporate,822,101.63999999999999,5,18,0.12364963503649633
DK-32252,Dean Katz,Corporate,585,7.134,3,7,0.012194871794871795
DK-33751,Dennis Kane,Consumer,1764,434.90999999999997,4,13,0.24654761904761904
DK-33752,Dennis Kane,Consumer,60,23.88,1,2,0.39799999999999996
DK-33753,Dennis Kane,Consumer,2022,346.92,5,24,0.1715727002967359
DL-128651,Dan Lawera,Consumer,4683,920.1255000000001,7,45,0.19648206278026908
DL-128652,Dan Lawera,Consumer,3023,-850.782,10,70,-0.2814363215348991
DL-128653,Dan Lawera,Consumer,1977,-111.25739999999999,9,56,-0.05627587253414264
DL-128654,Dan Lawera,Consumer,1504,322.2449,8,51,0.21425857712765956
DL-129251,Daniel Lacy,Consumer,4807,1275.3216,6,70,0.26530509673392966
DL-129252,Daniel Lacy,Consumer,117,31.56,1,12,0.26974358974358975
DL-129253,Daniel Lacy,Consumer,3169,100.6992,8,58,0.031776333228147685
DL-129254,Daniel Lacy,Consumer,3274,4.213200000000029,6,43,0.0012868662186927395
DL-133151,Delfina Latchford,Consumer,1850,448.26,4,20,0.2423027027027027
DL-133152,Delfina Latchford,Consumer,13191,2243.4645,9,127,0.17007539231294064
DL-133153,Delfina Latchford,Consumer,2007,-715.3720000000001,6,61,-0.35643846537120083
DL-133154,Delfina Latchford,Consumer,1458,288.8732,8,74,0.19812976680384087
DL-133301,Denise Leinenbach,Consumer,9729,1816.8419999999999,10,83,0.1867449892075239
DL-133302,Denise Leinenbach,Consumer,4514,214.42499999999995,9,77,0.047502215330084176
DL-133303,Denise Leinenbach,Consumer,1949,398.804,11,77,0.20461980502821958
DL-133304,Denise Leinenbach,Consumer,585,222.68120000000002,4,32,0.38065162393162394
DL-134951,Dionis Lloyd,Corporate,4541,1172.7689999999998,5,47,0.2582622770314908
DL-134952,Dionis Lloyd,Corporate,5618,851.643,8,47,0.15159184763260947
DL-134953,Dionis Lloyd,Corporate,2176,503.14,6,62,0.23122242647058822
DL-134954,Dionis Lloyd,Corporate,3540,-52.78800000000001,8,33,-0.014911864406779664
DL-28651,Dan Lawera,Consumer,926,189.12,2,20,0.20423326133909286
DL-28652,Dan Lawera,Consumer,256,30.66,1,2,0.119765625
DL-28653,Dan Lawera,Consumer,321,-74.076,4,26,-0.2307663551401869
DL-29251,Daniel Lacy,Consumer,356,-229.653,2,24,-0.6450926966292134
DL-29252,Daniel Lacy,Consumer,478,-73.701,5,12,-0.15418619246861923
DL-33151,Delfina Latchford,Consumer,715,154.89000000000001,3,13,0.21662937062937065
DL-33152,Delfina Latchford,Consumer,1031,378.42,3,9,0.3670417070805044
DL-33301,Denise Leinenbach,Consumer,14,0.54,1,1,0.038571428571428576
DL-33302,Denise Leinenbach,Consumer,156,7.44,1,5,0.047692307692307694
DL-33303,Denise Leinenbach,Consumer,989,86.76,1,6,0.08772497472194137
DL-34951,Dionis Lloyd,Corporate,655,-819.192,3,8,-1.2506748091603053
DL-34952,Dionis Lloyd,Corporate,118,-94.70400000000001,2,9,-0.8025762711864407
DM-129551,Dario Medina,Corporate,7348,856.0536,7,79,0.1165015786608601
DM-129552,Dario Medina,Corporate,3887,307.116,9,43,0.07901106251607923
DM-129553,Dario Medina,Corporate,7304,934.29232,9,69,0.12791515881708654
DM-129554,Dario Medina,Corporate,1321,108.75829999999999,7,28,0.08233028009084027
DM-130151,Darrin Martin,Consumer,5904,-35.36520000000001,10,73,-0.005990040650406506
DM-130152,Darrin Martin,Consumer,2930,-265.206,10,50,-0.09051399317406143
DM-130153,Darrin Martin,Consumer,448,154.04000000000002,3,29,0.34383928571428574
DM-130154,Darrin Martin,Consumer,6344,1677.3930999999998,7,87,0.26440622635561156
DM-133451,Denise Monton,Corporate,6883,1577.6415,7,55,0.22920841202963824
DM-133452,Denise Monton,Corporate,4806,-213.09299999999996,8,80,-0.044338951310861414
DM-133453,Denise Monton,Corporate,1290,193.20000000000002,4,18,0.14976744186046512
DM-133454,Denise Monton,Corporate,4074,1319.0586,8,41,0.32377481590574375
DM-135251,Don Miller,Corporate,2553,364.09200000000004,6,26,0.14261339600470038
DM-135252,Don Miller,Corporate,3505,-1682.97,4,41,-0.4801626248216833
DM-135253,Don Miller,Corporate,2208,193.54768,6,69,0.08765746376811595
DM-135254,Don Miller,Corporate,1378,199.7688,3,33,0.1449701015965167
DM-29551,Dario Medina,Corporate,878,-172.45199999999997,3,19,-0.19641457858769928
DM-29552,Dario Medina,Corporate,139,44.34,1,7,0.3189928057553957
DM-29553,Dario Medina,Corporate,1420,228.81900000000002,5,21,0.16114014084507045
DM-30151,Darrin Martin,Consumer,966,79.05,3,13,0.08183229813664596
DM-30152,Darrin Martin,Consumer,1141,381.84000000000003,3,16,0.3346538124452235
DM-33451,Denise Monton,Corporate,334,-96.92999999999998,3,17,-0.29020958083832327
DM-33452,Denise Monton,Corporate,4664,-5377.68,3,29,-1.1530188679245283
DM-35251,Don Miller,Corporate,246,58.05,1,9,0.23597560975609755
DM-35252,Don Miller,Corporate,1183,422.4,2,8,0.3570583262890955
DM-35253,Don Miller,Corporate,763,171.69600000000003,3,10,0.22502752293577985
DN-136901,Duane Noonan,Consumer,2649,314.469,6,28,0.1187123442808607
DN-136902,Duane Noonan,Consumer,3020,267.26099999999997,5,33,0.08849701986754965
DN-136903,Duane Noonan,Consumer,5290,-410.85200000000003,6,47,-0.07766578449905483
DN-136904,Duane Noonan,Consumer,2139,540.5405,7,41,0.25270710612435715
DN-36901,Duane Noonan,Consumer,735,-637.764,3,26,-0.8677061224489796
DN-36902,Duane Noonan,Consumer,949,251.19,1,5,0.2646891464699684
DN-36903,Duane Noonan,Consumer,133,-91.30199999999999,1,7,-0.6864812030075187
DO-134351,Denny Ordway,Consumer,9101,3056.2920000000004,8,49,0.33581936050983413
DO-134352,Denny Ordway,Consumer,2697,77.112,3,35,0.028591768631813123
DO-134353,Denny Ordway,Consumer,2184,112.93,12,67,0.05170787545787546
DO-134354,Denny Ordway,Consumer,1298,-38.9086,9,48,-0.029975808936825887
DO-136451,Doug O'Connell,Consumer,6540,1073.112,6,66,0.1640844036697248
DO-136452,Doug O'Connell,Consumer,2329,186.339,6,66,0.08000815800772863
DO-136453,Doug O'Connell,Consumer,1947,444.31391999999994,6,34,0.22820437596302
DO-136454,Doug O'Connell,Consumer,1267,294.0676,7,36,0.23209755327545384
DO-34351,Denny Ordway,Consumer,2261,547.362,5,33,0.24208845643520566
DO-34352,Denny Ordway,Consumer,1256,382.848,5,20,0.3048152866242038
DO-36451,Doug O'Connell,Consumer,251,-537.948,2,5,-2.143219123505976
DO-36452,Doug O'Connell,Consumer,1112,311.19,1,9,0.27984712230215825
DO-36453,Doug O'Connell,Consumer,326,45.66,2,6,0.1400613496932515
DP-130001,Darren Powers,Consumer,3395,369.2844,7,29,0.10877301914580265
DP-130002,Darren Powers,Consumer,6306,-1914.558,10,114,-0.30360894386298765
DP-130003,Darren Powers,Consumer,3135,354.22,5,44,0.11298883572567783
DP-130004,Darren Powers,Consumer,1051,241.45239999999998,9,58,0.2297358705994291
DP-131051,Dave Poirier,Corporate,11883,2220.339,6,66,0.18685003786922494
DP-131052,Dave Poirier,Corporate,926,188.388,2,11,0.2034427645788337
DP-131053,Dave Poirier,Corporate,3906,128.04319999999998,9,65,0.03278115719406042
DP-131054,Dave Poirier,Corporate,2215,563.1760999999999,8,63,0.25425557562076745
DP-131651,David Philippe,Consumer,11836,1981.1436,7,60,0.1673828658330517
DP-131652,David Philippe,Consumer,7444,-306.219,9,80,-0.04113635142396561
DP-131653,David Philippe,Consumer,1874,174.33152,7,70,0.09302642475987194
DP-131654,David Philippe,Consumer,1059,-40.93759999999999,2,20,-0.03865684608120868
DP-133901,Dennis Pardue,Home Office,1889,-36.18329999999998,7,28,-0.01915473795659078
DP-133902,Dennis Pardue,Home Office,1773,537.2805000000001,6,41,0.30303468697123526
DP-133903,Dennis Pardue,Home Office,1141,296.90000000000003,5,28,0.26021034180543384
DP-133904,Dennis Pardue,Home Office,5482,1571.8318000000002,9,50,0.2867259759211967
DP-30001,Darren Powers,Consumer,1107,166.71,5,21,0.15059620596205964
DP-30002,Darren Powers,Consumer,30,6.84,1,1,0.228
DP-30003,Darren Powers,Consumer,956,258.6,4,8,0.27050209205020925
DP-31051,Dave Poirier,Corporate,5858,2730.4500000000003,4,23,0.4661061795834756
DP-31052,Dave Poirier,Corporate,1113,-1230.264,2,19,-1.1053584905660376
DP-31651,David Philippe,Consumer,1364,-821.1300000000001,5,29,-0.6020014662756599
DP-31652,David Philippe,Consumer,153,-152.658,1,1,-0.9977647058823529
DP-33901,Dennis Pardue,Home Office,714,131.94,2,6,0.18478991596638655
DP-33902,Dennis Pardue,Home Office,91,19.08,1,1,0.20967032967032964
DP-33903,Dennis Pardue,Home Office,571,167.34,3,16,0.29306479859894924
DR-128801,Dan Reichenbach,Corporate,3328,-204.16649999999998,7,48,-0.061348106971153844
DR-128802,Dan Reichenbach,Corporate,1894,259.87199999999996,7,49,0.137208025343189
DR-128803,Dan Reichenbach,Corporate,2664,415.0788,9,69,0.15581036036036036
DR-128804,Dan Reichenbach,Corporate,6527,1641.8613,9,103,0.25154914968592
DR-129401,Daniel Raglin,Home Office,10943,1573.6779,11,87,0.14380680800511741
DR-129402,Daniel Raglin,Home Office,4652,793.1895000000001,7,56,0.1705050515907137
DR-129403,Daniel Raglin,Home Office,1696,269.97952,7,57,0.15918603773584905
DR-129404,Daniel Raglin,Home Office,8352,2869.0759999999996,8,57,0.3435196360153256
DR-28801,Dan Reichenbach,Corporate,1091,-527.091,5,28,-0.4831264894592117
DR-28802,Dan Reichenbach,Corporate,1201,398.84400000000005,3,12,0.33209325562031644
DR-29401,Daniel Raglin,Home Office,2065,592.656,6,26,0.2870004842615012
DR-29402,Daniel Raglin,Home Office,224,5.393999999999999,2,6,0.02408035714285714
DS-130301,Darrin Sayre,Home Office,3254,-355.2825,6,53,-0.10918331284572834
DS-130302,Darrin Sayre,Home Office,2082,-20.14799999999999,6,41,-0.009677233429394808
DS-130303,Darrin Sayre,Home Office,4547,1250.444,10,79,0.27500417857928305
DS-130304,Darrin Sayre,Home Office,1762,193.3319,4,54,0.10972298524404085
DS-131801,David Smith,Corporate,3598,758.0772,4,39,0.21069405225125068
DS-131802,David Smith,Corporate,1632,349.344,5,23,0.21405882352941177
DS-131803,David Smith,Corporate,5338,398.668,13,78,0.07468490071187711
DS-131804,David Smith,Corporate,2882,163.6993,9,68,0.056800589868147115
DS-30301,Darrin Sayre,Home Office,691,201.72,2,4,0.2919247467438495
DS-30302,Darrin Sayre,Home Office,947,217.60200000000003,4,21,0.22978035902851113
DS-31801,David Smith,Corporate,177,46.230000000000004,1,9,0.26118644067796615
DS-31802,David Smith,Corporate,7,-2.604,1,2,-0.372
DV-130451,Darrin Van Huff,Corporate,5756,913.0590000000001,5,67,0.15862734537873524
DV-130452,Darrin Van Huff,Corporate,2210,247.33200000000002,6,37,0.11191493212669684
DV-130453,Darrin Van Huff,Corporate,9018,-134.02108000000004,8,94,-0.014861508094921273
DV-130454,Darrin Van Huff,Corporate,1122,-427.184,5,28,-0.38073440285204996
DV-134651,Dianna Vittorini,Consumer,3861,650.8974000000001,5,32,0.1685825951825952
DV-134652,Dianna Vittorini,Consumer,412,112.94999999999999,2,22,0.2741504854368932
DV-134653,Dianna Vittorini,Consumer,5297,1050.62248,7,82,0.1983429261846328
DV-134654,Dianna Vittorini,Consumer,3343,353.2127,6,62,0.10565740352976367
DV-30451,Darrin Van Huff,Corporate,1269,115.79099999999998,3,22,0.09124586288416074
DV-30452,Darrin Van Huff,Corporate,3374,-98.65200000000002,10,50,-0.029238885595732074
DV-34651,Dianna Vittorini,Consumer,162,33.69,2,5,0.20796296296296296
DV-34652,Dianna Vittorini,Consumer,3876,1141.35,3,15,0.2944659442724458
DW-131951,David Wiener,Corporate,7327,1517.2821000000001,13,88,0.2070809471816569
DW-131952,David Wiener,Corporate,756,144.858,3,22,0.19161111111111112
DW-131953,David Wiener,Corporate,526,48.116000000000014,4,17,0.09147528517110269
DW-131954,David Wiener,Corporate,1079,-86.8738,6,39,-0.08051325301204819
DW-134801,Dianna Wilson,Home Office,5313,1651.8960000000002,7,60,0.3109158667419537
DW-134802,Dianna Wilson,Home Office,3412,979.266,4,83,0.28700644783118406
DW-134803,Dianna Wilson,Home Office,2340,-664.2244000000001,7,45,-0.28385658119658125
DW-134804,Dianna Wilson,Home Office,5272,1348.7556,5,38,0.25583376327769347
DW-135401,Don Weiss,Consumer,3800,640.3380000000001,4,28,0.16851000000000002
DW-135402,Don Weiss,Consumer,5296,554.919,5,81,0.10478077794561934
DW-135403,Don Weiss,Consumer,3729,206.94799999999998,6,54,0.055496916063287736
DW-135404,Don Weiss,Consumer,343,69.6672,5,21,0.20311137026239065
DW-135851,Dorothy Wardle,Corporate,4415,830.0459999999999,11,84,0.1880058890147225
DW-135852,Dorothy Wardle,Corporate,1490,77.27999999999997,8,54,0.05186577181208052
DW-135853,Dorothy Wardle,Corporate,5034,181.38359999999997,11,96,0.03603170441001191
DW-135854,Dorothy Wardle,Corporate,1205,-266.8966,7,44,-0.22149095435684646
DW-31951,David Wiener,Corporate,55,9.24,1,2,0.168
DW-31952,David Wiener,Corporate,1187,106.476,3,19,0.08970176916596462
DW-34801,Dianna Wilson,Home Office,1339,151.776,4,39,0.11335026138909635
DW-34802,Dianna Wilson,Home Office,2469,1201.1100000000001,2,9,0.4864763061968409
DW-34803,Dianna Wilson,Home Office,3311,360.51,6,38,0.1088825128360012
DW-35401,Don Weiss,Consumer,25,-42.537,1,3,-1.7014799999999999
DW-35402,Don Weiss,Consumer,428,121.35000000000001,1,3,0.2835280373831776
DW-35403,Don Weiss,Consumer,763,-1124.9759999999999,2,22,-1.4744115334207075
DW-35851,Dorothy Wardle,Corporate,435,36.564,3,9,0.08405517241379311
DW-35852,Dorothy Wardle,Corporate,27,12.18,1,2,0.4511111111111111
Dl-136001,Dorris liebe,Corporate,8124,1199.6664,8,66,0.147669423929099
Dl-136002,Dorris liebe,Corporate,2973,376.13100000000003,6,36,0.12651564076690214
Dl-136003,Dorris liebe,Corporate,59,-28.096,1,6,-0.4762033898305085
Dl-136004,Dorris liebe,Corporate,756,175.23880000000003,5,19,0.23179735449735453
Dl-36001,Dorris liebe,Corporate,993,99.276,6,15,0.09997583081570996
Dl-36002,Dorris liebe,Corporate,1815,29.48999999999999,4,20,0.016247933884297516
Dp-132401,Dean percer,Home Office,9845,2203.695,6,53,0.22383900457084815
Dp-132402,Dean percer,Home Office,980,217.47000000000003,2,20,0.22190816326530616
Dp-132403,Dean percer,Home Office,4201,1068.1643199999999,9,75,0.25426429897643416
Dp-132404,Dean percer,Home Office,7199,333.3648000000001,11,99,0.04630709820808447
Dp-32401,Dean percer,Home Office,382,66.69,4,8,0.17458115183246073
Dp-32402,Dean percer,Home Office,128,30.419999999999998,2,3,0.23765624999999999
Dp-32403,Dean percer,Home Office,98,39.36,1,2,0.4016326530612245
EA-140351,Erin Ashbrook,Corporate,2922,526.0668,6,39,0.1800365503080082
EA-140352,Erin Ashbrook,Corporate,1337,213.288,3,25,0.1595272999252057
EA-140353,Erin Ashbrook,Corporate,4285,180.55791999999997,9,87,0.04213720420070011
EA-140354,Erin Ashbrook,Corporate,2846,-52.7406,13,87,-0.018531482782853128
EA-40351,Erin Ashbrook,Corporate,131,0.8879999999999981,3,8,0.006778625954198459
EB-137051,Ed Braxton,Corporate,1641,205.1781,8,44,0.12503235831809872
EB-137052,Ed Braxton,Corporate,3127,687.0,6,37,0.21969939238887112
EB-137053,Ed Braxton,Corporate,3972,-11.79200000000015,7,68,-0.0029687814702920824
EB-137054,Ed Braxton,Corporate,3643,13.621500000000026,9,55,0.003739088663189686
EB-137501,Edward Becker,Corporate,1120,237.378,2,7,0.21194464285714285
EB-137502,Edward Becker,Corporate,2024,448.827,5,32,0.22175247035573123
EB-137503,Edward Becker,Corporate,2109,762.6720000000001,3,21,0.3616273115220484
EB-137504,Edward Becker,Corporate,3236,-80.286,10,91,-0.02481025957972806
EB-138401,Ellis Ballard,Corporate,4078,848.5779,5,28,0.2080867827366356
EB-138402,Ellis Ballard,Corporate,9895,3459.66,10,62,0.34963719050025266
EB-138403,Ellis Ballard,Corporate,1856,502.06304,5,23,0.27050810344827586
EB-138404,Ellis Ballard,Corporate,4358,656.1988,5,41,0.15057338228545206
EB-138701,Emily Burns,Consumer,2920,-225.21929999999998,4,31,-0.07712989726027396
EB-138702,Emily Burns,Consumer,1071,136.284,4,19,0.12724929971988794
EB-138703,Emily Burns,Consumer,93,14.78,1,9,0.15892473118279568
EB-138704,Emily Burns,Consumer,2768,261.5315,10,41,0.09448392341040462
EB-139301,Eric Barreto,Consumer,3305,254.5929,8,58,0.07703264750378215
EB-139302,Eric Barreto,Consumer,4727,970.299,3,20,0.20526740004231012
EB-139303,Eric Barreto,Consumer,557,159.98000000000002,2,9,0.2872172351885099
EB-139304,Eric Barreto,Consumer,944,0.6042000000000058,5,24,0.0006400423728813621
EB-139751,Erica Bern,Corporate,1985,398.3223,9,50,0.20066614609571787
EB-139752,Erica Bern,Corporate,4893,1314.546,6,46,0.26865849172286943
EB-139753,Erica Bern,Corporate,4883,777.798,13,109,0.15928691378251075
EB-139754,Erica Bern,Corporate,1644,162.8781,4,18,0.09907427007299269
EB-141101,Eugene Barchas,Consumer,3471,861.2973000000001,5,45,0.2481409680207433
EB-141102,Eugene Barchas,Consumer,6522,2169.042,10,72,0.332573137074517
EB-141103,Eugene Barchas,Consumer,601,70.512,3,15,0.11732445923460899
EB-141104,Eugene Barchas,Consumer,3073,184.7656,6,30,0.06012547998698341
EB-141701,Evan Bailliet,Consumer,1788,331.9131,6,42,0.18563372483221477
EB-141702,Evan Bailliet,Consumer,419,104.28,1,5,0.2488782816229117
EB-141703,Evan Bailliet,Consumer,3344,-441.58,10,87,-0.13205143540669856
EB-141704,Evan Bailliet,Consumer,1187,282.1701,6,20,0.23771701769165965
EB-37051,Ed Braxton,Corporate,2720,506.96999999999997,2,19,0.1863860294117647
EB-37052,Ed Braxton,Corporate,422,87.63,1,7,0.20765402843601893
EB-37501,Edward Becker,Corporate,173,17.85,1,5,0.10317919075144509
EB-37502,Edward Becker,Corporate,766,100.713,5,32,0.13147911227154047
EB-38401,Ellis Ballard,Corporate,9,2.7,1,1,0.30000000000000004
EB-38402,Ellis Ballard,Corporate,1444,509.19000000000005,1,6,0.3526246537396122
EB-38403,Ellis Ballard,Corporate,346,-129.642,4,13,-0.3746878612716763
EB-38701,Emily Burns,Consumer,84,-113.382,3,4,-1.3497857142857144
EB-38702,Emily Burns,Consumer,101,-53.43599999999999,2,4,-0.529069306930693
EB-39301,Eric Barreto,Consumer,1462,592.0799999999999,4,23,0.40497948016415863
EB-39302,Eric Barreto,Consumer,972,114.186,5,16,0.11747530864197532
EB-39751,Erica Bern,Corporate,2074,183.39000000000001,4,12,0.08842333654773385
EB-39752,Erica Bern,Corporate,640,193.79999999999998,5,15,0.3028125
EB-41101,Eugene Barchas,Consumer,1475,-53.253,5,15,-0.03610372881355932
EB-41102,Eugene Barchas,Consumer,943,-338.70000000000005,5,19,-0.35917285259809123
EB-41701,Evan Bailliet,Consumer,872,249.39,4,19,0.2859977064220183
EB-41702,Evan Bailliet,Consumer,396,39.45,2,3,0.09962121212121212
EC-140501,Erin Creighton,Consumer,2733,282.3021,7,34,0.10329385290889133
EC-140502,Erin Creighton,Consumer,231,33.42,3,9,0.14467532467532468
EC-140503,Erin Creighton,Consumer,1003,11.910000000000002,4,59,0.011874376869391827
EC-140504,Erin Creighton,Consumer,462,96.4256,5,37,0.2087134199134199
EC-40501,Erin Creighton,Consumer,1537,308.871,3,24,0.20095705920624593
EC-40502,Erin Creighton,Consumer,765,98.844,4,14,0.1292078431372549
ED-138851,Emily Ducich,Home Office,6533,1046.607,7,68,0.16020312260829633
ED-138852,Emily Ducich,Home Office,3080,83.89200000000001,8,62,0.027237662337662342
ED-138853,Emily Ducich,Home Office,4922,1132.32,8,52,0.23005282405526206
ED-138854,Emily Ducich,Home Office,3487,670.4435000000001,8,54,0.1922694293088615
ED-38851,Emily Ducich,Home Office,166,-180.678,2,7,-1.088421686746988
ED-38852,Emily Ducich,Home Office,15,2.61,1,1,0.174
ED-38853,Emily Ducich,Home Office,346,-182.748,5,15,-0.5281734104046243
EG-139001,Emily Grady,Consumer,5381,1804.1088,4,34,0.3352738896115964
EG-139002,Emily Grady,Consumer,6883,1447.7130000000002,7,39,0.21033168676449226
EG-139003,Emily Grady,Consumer,2468,4.4588799999999935,5,40,0.0018066774716369504
EG-139004,Emily Grady,Consumer,1833,104.26559999999999,5,44,0.05688248772504091
EG-39001,Emily Grady,Consumer,5151,-929.241,6,44,-0.18040011648223644
EG-39002,Emily Grady,Consumer,1398,172.93200000000002,5,25,0.12369957081545066
EH-137651,Edward Hooks,Corporate,5217,819.6,8,61,0.15710178263369753
EH-137652,Edward Hooks,Corporate,3774,-608.9939999999999,5,61,-0.16136565977742445
EH-137653,Edward Hooks,Corporate,958,81.84,4,30,0.08542797494780793
EH-137654,Edward Hooks,Corporate,10313,1393.5154,12,120,0.13512221468050034
EH-139451,Eric Hoffmann,Consumer,562,-23.572500000000005,5,29,-0.04194395017793595
EH-139452,Eric Hoffmann,Consumer,3265,831.5579999999999,4,32,0.2546885145482389
EH-139453,Eric Hoffmann,Consumer,3320,689.5595199999999,10,59,0.2076986506024096
EH-139454,Eric Hoffmann,Consumer,684,53.5398,8,72,0.07827456140350877
EH-139901,Erica Hackney,Consumer,6141,1193.6136,9,69,0.19436795310210062
EH-139902,Erica Hackney,Consumer,979,98.811,4,25,0.10093054136874362
EH-139903,Erica Hackney,Consumer,862,109.52000000000001,7,33,0.12705336426914154
EH-139904,Erica Hackney,Consumer,827,150.3759,6,20,0.1818330108827086
EH-140051,Erica Hernandez,Home Office,1941,210.8871,9,57,0.10864868624420403
EH-140052,Erica Hernandez,Home Office,4728,-320.00700000000006,4,32,-0.06768337563451778
EH-140053,Erica Hernandez,Home Office,2489,488.90799999999996,8,41,0.19642748091603052
EH-140054,Erica Hernandez,Home Office,1220,-94.14079999999997,7,50,-0.0771645901639344
EH-141251,Eugene Hildebrand,Home Office,4073,228.408,8,36,0.05607856616744414
EH-141252,Eugene Hildebrand,Home Office,7494,1334.6925,8,63,0.17810148118494798
EH-141253,Eugene Hildebrand,Home Office,2760,446.52012,5,50,0.16178265217391305
EH-141254,Eugene Hildebrand,Home Office,3084,96.27019999999997,10,76,0.031216018158236047
EH-141851,Evan Henry,Consumer,6225,327.9897000000001,9,59,0.052689108433734956
EH-141852,Evan Henry,Consumer,3744,252.09900000000002,6,47,0.06733413461538462
EH-141853,Evan Henry,Consumer,1906,419.69111999999996,8,35,0.22019471143756555
EH-141854,Evan Henry,Consumer,925,242.1107,6,22,0.2617412972972973
EH-37651,Edward Hooks,Corporate,605,-589.536,8,25,-0.9744396694214875
EH-37652,Edward Hooks,Corporate,405,-425.232,1,10,-1.0499555555555555
EH-39451,Eric Hoffmann,Consumer,1244,313.98,3,22,0.252395498392283
EH-39452,Eric Hoffmann,Consumer,223,35.58,1,3,0.15955156950672644
EH-39453,Eric Hoffmann,Consumer,1053,349.40999999999997,5,12,0.3318233618233618
EH-39901,Erica Hackney,Consumer,635,21.254999999999995,5,22,0.03347244094488188
EH-39902,Erica Hackney,Consumer,37,-16.656,1,2,-0.45016216216216215
EH-40051,Erica Hernandez,Home Office,976,219.17399999999998,4,10,0.2245635245901639
EH-40052,Erica Hernandez,Home Office,1654,289.83,3,9,0.175229746070133
EH-41251,Eugene Hildebrand,Home Office,1087,60.57599999999999,7,28,0.0557276908923643
EH-41252,Eugene Hildebrand,Home Office,3926,-506.1359999999999,6,34,-0.12891900152827304
EH-41851,Evan Henry,Consumer,1863,553.74,5,22,0.2972302737520129
EH-41852,Evan Henry,Consumer,1714,485.88,3,8,0.28347724620770126
EJ-137201,Ed Jacobs,Consumer,4136,285.102,6,39,0.06893181818181818
EJ-137202,Ed Jacobs,Consumer,537,52.14,4,17,0.09709497206703911
EJ-137203,Ed Jacobs,Consumer,2136,288.684,8,39,0.13515168539325845
EJ-137204,Ed Jacobs,Consumer,2161,387.01759999999996,4,31,0.17909190189726976
EJ-141551,Eva Jacobs,Consumer,4223,716.7048,7,69,0.169714610466493
EJ-141552,Eva Jacobs,Consumer,2313,184.50900000000001,6,32,0.07977042801556421
EJ-141553,Eva Jacobs,Consumer,3131,622.0298,5,20,0.198668093260939
EJ-141554,Eva Jacobs,Consumer,2657,451.8755,5,31,0.17006981558148287
EJ-37201,Ed Jacobs,Consumer,1204,107.69400000000002,5,12,0.08944684385382061
EJ-37202,Ed Jacobs,Consumer,525,89.31,3,5,0.17011428571428572
EJ-41551,Eva Jacobs,Consumer,1841,681.69,3,18,0.37028245518739816
EJ-41552,Eva Jacobs,Consumer,792,137.76,2,4,0.17393939393939392
EK-137951,Eileen Kiefer,Home Office,1103,-107.53379999999999,6,14,-0.09749211242067088
EK-137952,Eileen Kiefer,Home Office,2758,577.236,5,51,0.20929514140681654
EK-137953,Eileen Kiefer,Home Office,432,26.316,2,5,0.06091666666666667
EK-137954,Eileen Kiefer,Home Office,1302,97.10659999999999,4,18,0.0745826420890937
EK-37951,Eileen Kiefer,Home Office,174,12.663000000000004,2,17,0.07277586206896554
EK-37952,Eileen Kiefer,Home Office,1355,159.69,4,22,0.11785239852398524
EL-137351,Ed Ludwig,Home Office,4219,173.91,6,37,0.04122066840483527
EL-137352,Ed Ludwig,Home Office,3520,625.6080000000001,6,53,0.17772954545454547
EL-137353,Ed Ludwig,Home Office,2651,315.964,9,90,0.11918672199170124
EL-137354,Ed Ludwig,Home Office,125,27.1154,2,9,0.2169232
EL-37351,Ed Ludwig,Home Office,1976,-575.8380000000001,6,41,-0.29141599190283407
EL-37352,Ed Ludwig,Home Office,1718,588.78,5,30,0.3427124563445867
EM-138101,Eleni McCrary,Corporate,7229,1091.964,5,49,0.15105325771199335
EM-138102,Eleni McCrary,Corporate,1467,145.58100000000002,5,13,0.09923721881390594
EM-138103,Eleni McCrary,Corporate,2290,561.08304,8,50,0.24501442794759826
EM-138104,Eleni McCrary,Corporate,2567,-133.82750000000001,5,23,-0.05213381379041684
EM-138251,Elizabeth Moffitt,Corporate,4013,678.5646,5,33,0.16909160229254921
EM-138252,Elizabeth Moffitt,Corporate,4427,607.1550000000001,6,43,0.13714818161283038
EM-138253,Elizabeth Moffitt,Corporate,3349,49.87056000000001,7,41,0.014891179456554198
EM-138254,Elizabeth Moffitt,Corporate,2340,682.5541999999999,8,57,0.29168982905982904
EM-139601,Eric Murdock,Consumer,14324,2056.6482,16,146,0.1435805780508238
EM-139602,Eric Murdock,Consumer,5759,-482.16,10,89,-0.08372286855356834
EM-139603,Eric Murdock,Consumer,4212,917.1572799999999,6,106,0.21774864197530863
EM-139604,Eric Murdock,Consumer,934,102.29599999999999,5,18,0.10952462526766595
EM-140651,Erin Mull,Consumer,4264,601.4955,5,78,0.14106367260787991
EM-140652,Erin Mull,Consumer,5518,1837.332,2,29,0.33297064153678874
EM-140653,Erin Mull,Consumer,2097,538.75208,6,41,0.25691563185503097
EM-140654,Erin Mull,Consumer,228,40.1546,4,22,0.17611666666666667
EM-140951,Eudokia Martin,Corporate,3189,-419.5563,4,47,-0.13156359360301034
EM-140952,Eudokia Martin,Corporate,5336,1582.482,6,50,0.29656709145427285
EM-140953,Eudokia Martin,Corporate,1324,281.79200000000003,3,19,0.21283383685800605
EM-140954,Eudokia Martin,Corporate,1041,240.23620000000003,4,34,0.23077444764649377
EM-141401,Eugene Moren,Home Office,10563,1930.6089,9,104,0.18277088895200228
EM-141402,Eugene Moren,Home Office,741,92.61300000000001,6,26,0.12498380566801622
EM-141403,Eugene Moren,Home Office,5617,340.5333600000001,9,102,0.06062548691472317
EM-141404,Eugene Moren,Home Office,4589,1319.3655,6,74,0.28750610154717804
EM-142001,Evan Minnotte,Home Office,7725,1667.7975,7,54,0.21589611650485435
EM-142002,Evan Minnotte,Home Office,3557,858.0300000000001,5,40,0.24122294068034864
EM-142003,Evan Minnotte,Home Office,5438,590.73816,8,105,0.1086315115851416
EM-142004,Evan Minnotte,Home Office,367,21.7721,3,13,0.059324523160762935
EM-38101,Eleni McCrary,Corporate,166,-74.36099999999999,4,17,-0.44795783132530115
EM-38102,Eleni McCrary,Corporate,865,306.93,2,14,0.3548323699421965
EM-38251,Elizabeth Moffitt,Corporate,41,-33.918,2,3,-0.8272682926829268
EM-38252,Elizabeth Moffitt,Corporate,13,0.24,1,1,0.01846153846153846
EM-38253,Elizabeth Moffitt,Corporate,325,3.605999999999998,3,16,0.01109538461538461
EM-39601,Eric Murdock,Consumer,1171,397.974,4,15,0.33985824081981214
EM-39602,Eric Murdock,Consumer,100,18.0,1,1,0.18
EM-39603,Eric Murdock,Consumer,1585,296.1,3,17,0.18681388012618297
EM-40651,Erin Mull,Consumer,1775,612.51,4,26,0.3450760563380282
EM-40652,Erin Mull,Consumer,139,43.68,1,5,0.31424460431654677
EM-40653,Erin Mull,Consumer,1300,265.536,4,15,0.20425846153846153
EM-40951,Eudokia Martin,Corporate,1759,311.78999999999996,3,14,0.1772541216600341
EM-40952,Eudokia Martin,Corporate,193,23.16,1,4,0.12
EM-40953,Eudokia Martin,Corporate,881,-255.12,5,23,-0.2895800227014756
EM-41401,Eugene Moren,Home Office,639,75.471,4,23,0.11810798122065728
EM-41402,Eugene Moren,Home Office,1262,-134.34,2,17,-0.10645007923930269
EM-42001,Evan Minnotte,Home Office,1922,435.15,2,8,0.2264047866805411
EM-42002,Evan Minnotte,Home Office,663,73.968,2,12,0.1115656108597285
EN-137801,Edward Nazzal,Consumer,1511,-56.8056,5,41,-0.03759470549305096
EN-137802,Edward Nazzal,Consumer,1957,125.478,5,24,0.06411752682677567
EN-137803,Edward Nazzal,Consumer,668,-86.252,6,25,-0.12911976047904192
EN-137804,Edward Nazzal,Consumer,2200,496.1131,4,27,0.22550595454545452
EN-37801,Edward Nazzal,Consumer,179,-25.998,4,5,-0.14524022346368715
EN-37802,Edward Nazzal,Consumer,557,-214.836,4,25,-0.38570197486535013
EP-139151,Emily Phan,Consumer,6827,1137.3765,10,68,0.16659975098872126
EP-139152,Emily Phan,Consumer,2289,171.189,5,33,0.07478768020969856
EP-139153,Emily Phan,Consumer,1686,706.06144,1,8,0.41877902728351124
EP-139154,Emily Phan,Consumer,5481,144.9578,17,124,0.02644732713008575
EP-39151,Emily Phan,Consumer,294,89.46000000000001,2,13,0.3042857142857143
EP-39152,Emily Phan,Consumer,193,-145.07999999999998,1,8,-0.7517098445595854
ER-138551,Elpida Rittenbach,Corporate,2687,-697.866,5,33,-0.2597193896538891
ER-138552,Elpida Rittenbach,Corporate,7927,2899.806,4,35,0.36581380093351834
ER-138553,Elpida Rittenbach,Corporate,1537,305.892,7,43,0.1990188679245283
ER-138554,Elpida Rittenbach,Corporate,1245,-295.73980000000006,3,27,-0.23754200803212855
ER-38551,Elpida Rittenbach,Corporate,464,152.79,2,11,0.3292887931034483
ER-38552,Elpida Rittenbach,Corporate,3271,220.83600000000007,5,38,0.06751329868541732
ES-140201,Erica Smith,Consumer,1940,54.92519999999999,9,48,0.028311958762886592
ES-140202,Erica Smith,Consumer,4999,1337.3205,11,79,0.26751760352070414
ES-140203,Erica Smith,Consumer,2377,365.84924,7,41,0.15391217501051746
ES-140204,Erica Smith,Consumer,3511,1003.2935,5,31,0.2857571916832811
ES-140801,Erin Smith,Corporate,4914,239.0496,5,38,0.048646642246642245
ES-140802,Erin Smith,Corporate,2036,161.22300000000004,5,37,0.07918614931237723
ES-140803,Erin Smith,Corporate,4628,1278.2492,5,51,0.2761990492653414
ES-140804,Erin Smith,Corporate,4657,246.66609999999997,9,77,0.052966738243504397
ES-40201,Erica Smith,Consumer,367,-70.746,2,8,-0.1927683923705722
ES-40202,Erica Smith,Consumer,735,271.98,1,6,0.37004081632653063
ES-40203,Erica Smith,Consumer,790,164.754,4,7,0.20854936708860758
ES-40801,Erin Smith,Corporate,960,300.23999999999995,6,19,0.31275
ES-40802,Erin Smith,Corporate,965,-50.13600000000001,3,10,-0.05195440414507773
FA-142301,Frank Atkinson,Corporate,2177,194.16930000000002,5,41,0.08919122645842904
FA-142302,Frank Atkinson,Corporate,7077,309.5055,12,80,0.043733997456549385
FA-142303,Frank Atkinson,Corporate,1297,221.06400000000002,5,37,0.1704425597532768
FA-142304,Frank Atkinson,Corporate,2984,520.5229,7,58,0.1744379691689008
FA-42301,Frank Atkinson,Corporate,172,6.732000000000001,5,12,0.03913953488372093
FA-42302,Frank Atkinson,Corporate,643,244.2,1,1,0.37978227060653186
FC-142451,Frank Carlisle,Home Office,4133,651.0168,8,64,0.1575167674812485
FC-142452,Frank Carlisle,Home Office,752,213.60000000000002,4,9,0.2840425531914894
FC-142453,Frank Carlisle,Home Office,2566,410.54,4,36,0.15999220576773188
FC-142454,Frank Carlisle,Home Office,3419,1217.1662,7,50,0.35600064346300087
FC-143351,Fred Chung,Corporate,2788,266.34270000000004,6,40,0.0955318149210904
FC-143352,Fred Chung,Corporate,914,186.2925,4,20,0.20382111597374178
FC-143353,Fred Chung,Corporate,1180,162.99844,6,39,0.13813427118644067
FC-143354,Fred Chung,Corporate,3890,714.2926,7,37,0.18362277634961438
FC-42451,Frank Carlisle,Home Office,946,109.11,3,7,0.11533826638477801
FC-42452,Frank Carlisle,Home Office,594,179.358,3,11,0.30194949494949497
FC-43351,Fred Chung,Corporate,126,29.580000000000002,1,4,0.23476190476190478
FC-43352,Fred Chung,Corporate,425,137.19,3,16,0.3228
FG-142601,Frank Gastineau,Home Office,5148,236.718,5,42,0.04598251748251748
FG-142602,Frank Gastineau,Home Office,2518,538.8855,4,39,0.21401330420969022
FG-142603,Frank Gastineau,Home Office,348,-12.291999999999998,2,8,-0.035321839080459765
FG-142604,Frank Gastineau,Home Office,1383,394.7397,7,48,0.2854227765726681
FG-42601,Frank Gastineau,Home Office,83,-41.834999999999994,3,10,-0.5040361445783131
FG-42602,Frank Gastineau,Home Office,26,10.8,1,1,0.4153846153846154
FG-42603,Frank Gastineau,Home Office,198,-92.904,5,8,-0.4692121212121212
FH-142751,Frank Hawley,Corporate,5052,2082.552,2,19,0.41222327790973873
FH-142752,Frank Hawley,Corporate,2972,504.34200000000004,6,39,0.16969784656796771
FH-142753,Frank Hawley,Corporate,1292,-120.74000000000001,5,28,-0.09345201238390094
FH-142754,Frank Hawley,Corporate,4257,1073.2676,10,65,0.25211829927178764
FH-143501,Fred Harton,Consumer,2950,766.9998,3,23,0.25999993220338985
FH-143502,Fred Harton,Consumer,4000,964.6395,8,40,0.241159875
FH-143503,Fred Harton,Consumer,1433,521.93552,5,18,0.3642257641311933
FH-143504,Fred Harton,Consumer,2273,706.289,4,52,0.31072987241531014
FH-143651,Fred Hopkins,Corporate,2864,152.20649999999998,7,40,0.05314472765363128
FH-143652,Fred Hopkins,Corporate,4470,794.1765,8,40,0.17766812080536915
FH-143653,Fred Hopkins,Corporate,13328,1105.2475200000001,7,124,0.08292673469387755
FH-143654,Fred Hopkins,Corporate,6989,2050.2826,8,52,0.2933585062240664
FH-42751,Frank Hawley,Corporate,34,6.8100000000000005,2,2,0.20029411764705884
FH-42752,Frank Hawley,Corporate,79,1.3440000000000012,3,7,0.017012658227848115
FH-43501,Fred Harton,Consumer,45,-10.233,2,3,-0.22740000000000002
FH-43502,Fred Harton,Consumer,65,-61.596,1,2,-0.9476307692307692
FH-43651,Fred Hopkins,Corporate,192,22.95,1,13,0.11953124999999999
FH-43652,Fred Hopkins,Corporate,2561,484.428,8,21,0.1891557985162046
FM-142151,Filia McAdams,Corporate,4305,41.91959999999997,7,34,0.009737421602787448
FM-142152,Filia McAdams,Corporate,5513,596.907,7,58,0.10827262833303103
FM-142153,Filia McAdams,Corporate,2078,112.4632,7,59,0.05412088546679499
FM-142154,Filia McAdams,Corporate,2456,249.6808,10,48,0.10166156351791532
FM-142901,Frank Merwin,Home Office,3353,580.5189,7,56,0.1731341783477483
FM-142902,Frank Merwin,Home Office,1407,90.26700000000001,3,24,0.06415565031982944
FM-142903,Frank Merwin,Home Office,5888,1322.68532,11,86,0.2246408491847826
FM-142904,Frank Merwin,Home Office,3737,198.10949999999997,9,79,0.0530129783248595
FM-143801,Fred McMath,Consumer,2301,844.8236999999999,5,28,0.3671550195567144
FM-143802,Fred McMath,Consumer,977,248.556,4,27,0.2544073694984647
FM-143803,Fred McMath,Consumer,796,176.232,3,12,0.22139698492462312
FM-143804,Fred McMath,Consumer,2523,191.4898,9,53,0.07589766151407056
FM-42151,Filia McAdams,Corporate,1994,313.62,2,18,0.15728184553660984
FM-42152,Filia McAdams,Corporate,941,79.434,4,20,0.0844144527098831
FM-42901,Frank Merwin,Home Office,327,21.330000000000013,4,12,0.06522935779816517
FM-42902,Frank Merwin,Home Office,1676,388.38,4,15,0.23173031026252983
FM-43801,Fred McMath,Consumer,49,-67.17,1,6,-1.3708163265306124
FM-43802,Fred McMath,Consumer,795,-378.41999999999996,5,16,-0.4759999999999999
FO-143051,Frank Olsen,Consumer,4643,903.3105,7,81,0.1945531983631273
FO-143052,Frank Olsen,Consumer,7365,1542.987,13,90,0.20950264765784116
FO-143053,Frank Olsen,Consumer,929,-94.78,7,38,-0.10202368137782562
FO-143054,Frank Olsen,Consumer,2681,215.5969,10,60,0.0804165982842223
FO-43051,Frank Olsen,Consumer,140,42.75,3,4,0.3053571428571429
FO-43052,Frank Olsen,Consumer,2017,413.88599999999997,7,23,0.2051988101140307
FP-143201,Frank Preis,Consumer,3973,817.2972,8,43,0.20571286181726656
FP-143202,Frank Preis,Consumer,1172,-372.003,5,44,-0.31740870307167235
FP-143203,Frank Preis,Consumer,751,-11.1,8,59,-0.014780292942743009
FP-143204,Frank Preis,Consumer,4047,406.44730000000004,8,54,0.10043175191499877
FP-43201,Frank Preis,Consumer,161,13.23,2,3,0.08217391304347826
FP-43202,Frank Preis,Consumer,656,83.32199999999999,3,8,0.127015243902439
FW-143951,Fred Wasserman,Corporate,10897,588.2751000000001,6,95,0.05398505093144903
FW-143952,Fred Wasserman,Corporate,2878,616.995,5,23,0.21438325225851285
FW-143953,Fred Wasserman,Corporate,3118,422.998,12,78,0.13566324567030147
FW-143954,Fred Wasserman,Corporate,81,23.491300000000003,3,9,0.2900160493827161
FW-43951,Fred Wasserman,Corporate,683,149.31,3,7,0.2186090775988287
FW-43952,Fred Wasserman,Corporate,537,-117.279,5,22,-0.21839664804469272
GA-145151,George Ashbrook,Consumer,3985,560.421,2,29,0.14063262233375157
GA-145152,George Ashbrook,Consumer,2146,-153.333,6,63,-0.07145060577819198
GA-145153,George Ashbrook,Consumer,2436,-139.51168,8,49,-0.057270804597701154
GA-145154,George Ashbrook,Consumer,3922,840.899,8,48,0.2144056603773585
GA-147251,Guy Armstrong,Consumer,5111,725.3355,7,46,0.14191655253375074
GA-147252,Guy Armstrong,Consumer,2145,125.90400000000001,3,38,0.0586965034965035
GA-147253,Guy Armstrong,Consumer,167,24.324,3,15,0.14565269461077845
GA-147254,Guy Armstrong,Consumer,1400,136.7079,11,79,0.0976485
GA-45151,George Ashbrook,Consumer,247,72.237,3,14,0.2924574898785425
GA-45152,George Ashbrook,Consumer,1070,-388.368,4,13,-0.3629607476635514
GA-47251,Guy Armstrong,Consumer,1462,-240.294,4,30,-0.16435978112175104
GB-145301,George Bell,Corporate,8129,803.7090000000001,7,43,0.09886935662443105
GB-145302,George Bell,Corporate,1204,-420.726,3,25,-0.34944019933554815
GB-145303,George Bell,Corporate,755,169.79999999999998,4,36,0.22490066225165561
GB-145304,George Bell,Corporate,1569,7.837100000000007,11,62,0.0049949649458253705
GB-145751,Giulietta Baptist,Consumer,1609,23.724900000000005,5,37,0.014745121193287759
GB-145752,Giulietta Baptist,Consumer,1786,464.547,7,56,0.2601047032474804
GB-145753,Giulietta Baptist,Consumer,2637,-3.0975200000000065,7,39,-0.001174637846037166
GB-145754,Giulietta Baptist,Consumer,4717,1135.8393,5,63,0.24079696841212636
GB-45301,George Bell,Corporate,375,76.2,2,8,0.20320000000000002
GB-45302,George Bell,Corporate,21,5.28,1,2,0.25142857142857145
GB-45303,George Bell,Corporate,130,14.190000000000001,2,9,0.10915384615384616
GB-45751,Giulietta Baptist,Consumer,1372,176.22,4,29,0.1284402332361516
GB-45752,Giulietta Baptist,Consumer,449,-163.968,2,10,-0.36518485523385297
GD-145901,Giulietta Dortch,Corporate,6939,973.5693,9,71,0.1403039775183744
GD-145902,Giulietta Dortch,Corporate,5870,132.0285,9,60,0.022492078364565588
GD-145903,Giulietta Dortch,Corporate,3307,489.98279999999994,7,47,0.14816534623525854
GD-145904,Giulietta Dortch,Corporate,1888,230.93729999999996,4,25,0.12231848516949151
GD-45901,Giulietta Dortch,Corporate,46,-56.058,1,4,-1.2186521739130434
GD-45902,Giulietta Dortch,Corporate,655,117.69,3,11,0.17967938931297708
GG-146501,Greg Guthrie,Corporate,1906,364.16999999999996,5,53,0.19106505771248686
GG-146502,Greg Guthrie,Corporate,7619,1318.704,10,90,0.17308098175613598
GG-146503,Greg Guthrie,Corporate,1154,-203.98124,4,29,-0.1767601733102253
GG-146504,Greg Guthrie,Corporate,2222,12.698500000000013,9,92,0.005714896489648971
GG-46501,Greg Guthrie,Corporate,26,10.38,1,1,0.3992307692307693
GG-46502,Greg Guthrie,Corporate,974,21.552,4,14,0.02212731006160164
GH-144101,Gary Hansen,Home Office,1228,277.33799999999997,4,18,0.22584527687296413
GH-144102,Gary Hansen,Home Office,6755,934.5285,13,102,0.13834618800888232
GH-144103,Gary Hansen,Home Office,2856,-587.56752,10,68,-0.20573092436974788
GH-144104,Gary Hansen,Home Office,2819,-576.8335,9,65,-0.20462344803121674
GH-144251,Gary Hwang,Consumer,7621,1788.1875,9,89,0.23463948300747933
GH-144252,Gary Hwang,Consumer,6292,564.6435,11,105,0.08973990781945328
GH-144253,Gary Hwang,Consumer,1956,-154.024,7,81,-0.07874437627811862
GH-144254,Gary Hwang,Consumer,4172,1176.4181,4,51,0.28197941035474594
GH-144851,Gene Hale,Corporate,4446,1170.2142,5,60,0.2632060728744939
GH-144852,Gene Hale,Corporate,7376,741.378,9,85,0.10051220173535792
GH-144853,Gene Hale,Corporate,1509,384.608,5,23,0.25487607687210073
GH-144854,Gene Hale,Corporate,1362,-95.4498,2,15,-0.0700806167400881
GH-146651,Greg Hansen,Consumer,5986,976.2284999999999,13,67,0.163085282325426
GH-146652,Greg Hansen,Consumer,4428,892.092,8,55,0.2014661246612466
GH-146653,Greg Hansen,Consumer,2359,15.430320000000009,6,54,0.006541042814752017
GH-146654,Greg Hansen,Consumer,147,-5.8102,2,9,-0.039525170068027214
GH-44101,Gary Hansen,Home Office,967,404.72999999999996,4,8,0.41854188210961735
GH-44102,Gary Hansen,Home Office,644,161.60999999999999,5,9,0.25094720496894407
GH-44251,Gary Hwang,Consumer,3649,382.26599999999996,7,32,0.10475911208550287
GH-44252,Gary Hwang,Consumer,127,1.26,1,1,0.009921259842519686
GH-44253,Gary Hwang,Consumer,812,149.36399999999998,2,18,0.18394581280788175
GH-44851,Gene Hale,Corporate,346,27.82199999999999,3,21,0.08041040462427743
GH-44852,Gene Hale,Corporate,449,67.38,1,4,0.15006681514476614
GH-46651,Greg Hansen,Consumer,361,77.415,4,25,0.2144459833795014
GH-46652,Greg Hansen,Consumer,20,9.24,1,2,0.462
GH-46653,Greg Hansen,Consumer,696,-379.926,4,28,-0.5458706896551724
GK-146201,Grace Kelly,Corporate,5556,1029.6129,5,49,0.18531549676025919
GK-146202,Grace Kelly,Corporate,3307,1147.647,5,40,0.34703568188690653
GK-146203,Grace Kelly,Corporate,3856,-14.649999999999988,5,67,-0.0037992738589211587
GK-146204,Grace Kelly,Corporate,6498,1448.5525,9,66,0.22292282240689443
GK-46201,Grace Kelly,Corporate,649,-165.489,3,12,-0.2549907550077042
GK-46202,Grace Kelly,Corporate,116,49.62,1,2,0.42775862068965514
GM-144401,Gary McGarr,Consumer,7407,1240.3769999999997,9,46,0.16746010530579178
GM-144402,Gary McGarr,Consumer,2402,-837.7470000000001,6,39,-0.348770607826811
GM-144403,Gary McGarr,Consumer,2390,681.38188,4,34,0.2850970209205021
GM-144404,Gary McGarr,Consumer,3583,347.266,7,43,0.09692045771699694
GM-144551,Gary Mitchum,Home Office,5109,1862.8680000000002,6,48,0.36462477980035235
GM-144552,Gary Mitchum,Home Office,2032,423.26099999999997,3,20,0.20829773622047243
GM-144553,Gary Mitchum,Home Office,304,26.816,2,14,0.08821052631578948
GM-144554,Gary Mitchum,Home Office,3078,793.2814000000001,6,54,0.25772625081221573
GM-145001,Gene McClure,Consumer,1161,107.39670000000001,3,11,0.09250361757105945
GM-145002,Gene McClure,Consumer,286,29.61,3,12,0.10353146853146852
GM-145003,Gene McClure,Consumer,4003,-46.90308000000002,7,59,-0.011716982263302528
GM-145004,Gene McClure,Consumer,1255,441.3185,10,53,0.35164820717131473
GM-146801,Greg Matthias,Consumer,3550,472.77479999999997,12,78,0.133176
GM-146802,Greg Matthias,Consumer,3115,-2162.064,5,40,-0.6940815409309791
GM-146803,Greg Matthias,Consumer,2181,-151.01936,8,55,-0.06924317285648786
GM-146804,Greg Matthias,Consumer,3164,35.48649999999999,6,31,0.011215707964601768
GM-146951,Greg Maxwell,Corporate,2548,739.851,4,42,0.29036538461538464
GM-146952,Greg Maxwell,Corporate,4693,-1107.8190000000002,5,40,-0.23605774557852124
GM-146953,Greg Maxwell,Corporate,1272,107.96399999999998,7,65,0.08487735849056603
GM-146954,Greg Maxwell,Corporate,6051,188.7235,3,44,0.03118881176665014
GM-44401,Gary McGarr,Consumer,596,180.606,5,23,0.30303020134228187
GM-44402,Gary McGarr,Consumer,140,53.129999999999995,3,4,0.37949999999999995
GM-44551,Gary Mitchum,Home Office,207,95.16,2,9,0.4597101449275362
GM-44552,Gary Mitchum,Home Office,281,-329.28,2,3,-1.171814946619217
GM-45001,Gene McClure,Consumer,3670,919.0200000000001,3,33,0.2504141689373297
GM-45002,Gene McClure,Consumer,628,102.81,2,7,0.16371019108280255
GM-46801,Greg Matthias,Consumer,522,166.05,1,7,0.31810344827586207
GM-46802,Greg Matthias,Consumer,1068,300.85200000000003,5,24,0.28169662921348315
GM-46951,Greg Maxwell,Corporate,474,90.24,3,5,0.19037974683544304
GM-46952,Greg Maxwell,Corporate,317,-30.317999999999998,4,7,-0.0956403785488959
GP-147401,Guy Phonely,Corporate,5387,-38.92799999999997,5,44,-0.007226285502134763
GP-147402,Guy Phonely,Corporate,3409,172.089,9,60,0.05048078615429745
GP-147403,Guy Phonely,Corporate,1759,212.67800000000003,9,70,0.12090847072200116
GP-147404,Guy Phonely,Corporate,237,31.837600000000002,2,21,0.13433586497890296
GP-47401,Guy Phonely,Corporate,3415,985.95,4,18,0.2887115666178624
GP-47402,Guy Phonely,Corporate,1196,-113.51699999999997,4,43,-0.09491387959866218
GR-145601,Georgia Rosenberg,Corporate,2840,188.51909999999998,9,67,0.06637996478873238
GR-145602,Georgia Rosenberg,Corporate,2996,249.243,6,39,0.08319192256341788
GR-145603,Georgia Rosenberg,Corporate,1773,233.39544,7,37,0.13163871404399324
GR-145604,Georgia Rosenberg,Corporate,1285,359.83320000000003,2,23,0.2800258365758755
GR-45601,Georgia Rosenberg,Corporate,4473,-376.2030000000001,4,21,-0.08410529845741116
GR-45602,Georgia Rosenberg,Corporate,483,-158.508,2,25,-0.32817391304347826
GT-146351,Grant Thornton,Corporate,4010,-579.8154000000001,5,42,-0.14459236907730674
GT-146352,Grant Thornton,Corporate,3599,558.36,8,63,0.1551430953042512
GT-146353,Grant Thornton,Corporate,2121,340.03124,4,18,0.1603164733616219
GT-146354,Grant Thornton,Corporate,9351,-4108.6589,3,26,-0.43938176665597267
GT-147101,Greg Tran,Consumer,5858,53.574,7,71,0.009145442130419939
GT-147102,Greg Tran,Consumer,11430,1111.008,6,43,0.0972010498687664
GT-147103,Greg Tran,Consumer,5364,1836.83828,6,64,0.3424381580909769
GT-147104,Greg Tran,Consumer,11821,2163.4269,11,106,0.18301555705947042
GT-147551,Guy Thornton,Consumer,1073,334.2414,7,40,0.3115017707362535
GT-147552,Guy Thornton,Consumer,2625,342.28200000000004,8,61,0.13039314285714287
GT-147553,Guy Thornton,Consumer,1678,-77.05287999999999,4,33,-0.04591947556615017
GT-147554,Guy Thornton,Consumer,227,-6.139199999999997,4,23,-0.027044933920704832
GT-46351,Grant Thornton,Corporate,1113,247.59,5,28,0.22245283018867926
GT-46352,Grant Thornton,Corporate,32,-35.43,2,5,-1.1071875
GT-47101,Greg Tran,Consumer,221,-235.89600000000002,2,9,-1.0674027149321268
GT-47102,Greg Tran,Consumer,858,285.17999999999995,2,17,0.3323776223776223
GT-47551,Guy Thornton,Consumer,2475,251.43,2,11,0.1015878787878788
GT-47552,Guy Thornton,Consumer,249,89.55,1,1,0.35963855421686747
GT-47553,Guy Thornton,Consumer,734,-150.132,5,26,-0.20453950953678474
GW-146051,Giulietta Weimer,Consumer,8000,844.515,9,72,0.105564375
GW-146052,Giulietta Weimer,Consumer,3745,289.13550000000004,6,42,0.077205740987984
GW-146053,Giulietta Weimer,Consumer,2306,69.612,3,26,0.030187337380745877
GW-146054,Giulietta Weimer,Consumer,2190,-268.54229999999995,7,43,-0.12262205479452053
GW-46051,Giulietta Weimer,Consumer,565,-48.861000000000004,5,16,-0.08647964601769913
GW-46052,Giulietta Weimer,Consumer,1265,313.2,3,16,0.2475889328063241
GZ-144701,Gary Zandusky,Consumer,5289,679.7955000000001,8,56,0.1285300623936472
GZ-144702,Gary Zandusky,Consumer,8432,1355.5395,8,51,0.16076132590132827
GZ-144703,Gary Zandusky,Consumer,2789,-237.09599999999998,10,54,-0.08501111509501613
GZ-144704,Gary Zandusky,Consumer,4355,1087.7539,9,48,0.24977127439724453
GZ-145451,George Zrebassa,Corporate,3355,302.5494,8,57,0.09017865871833085
GZ-145452,George Zrebassa,Corporate,3043,708.7650000000001,5,38,0.23291652974038782
GZ-145453,George Zrebassa,Corporate,2743,805.3244,7,50,0.2935925628873496
GZ-145454,George Zrebassa,Corporate,2454,828.661,4,25,0.3376776691116544
GZ-44701,Gary Zandusky,Consumer,2619,637.95,2,13,0.24358533791523485
GZ-44702,Gary Zandusky,Consumer,62,19.5,1,7,0.31451612903225806
GZ-44703,Gary Zandusky,Consumer,1154,198.99599999999998,5,26,0.17244020797227036
GZ-45451,George Zrebassa,Corporate,92,-89.838,1,5,-0.9764999999999999
GZ-45452,George Zrebassa,Corporate,22,2.82,1,2,0.12818181818181817
GZ-45453,George Zrebassa,Corporate,3585,1547.3160000000003,4,23,0.43160836820083687
HA-149051,Helen Abelman,Consumer,6695,-1086.93,6,77,-0.1623495145631068
HA-149052,Helen Abelman,Consumer,3337,824.61,5,28,0.24711117770452504
HA-149053,Helen Abelman,Consumer,3627,-534.60556,6,56,-0.14739607389026743
HA-149054,Helen Abelman,Consumer,2163,270.8574,7,45,0.12522302357836337
HA-149201,Helen Andreada,Consumer,3868,353.8311,8,57,0.09147649948293692
HA-149202,Helen Andreada,Consumer,1371,336.30899999999997,6,31,0.24530196936542667
HA-149203,Helen Andreada,Consumer,1918,668.0799999999999,3,32,0.34832116788321166
HA-149204,Helen Andreada,Consumer,2586,99.14450000000001,8,72,0.038338940448569225
HA-49051,Helen Abelman,Consumer,146,17.52,1,2,0.12
HA-49052,Helen Abelman,Consumer,962,-253.146,3,26,-0.2631455301455301
HA-49201,Helen Andreada,Consumer,100,36.449999999999996,2,4,0.36449999999999994
HA-49202,Helen Andreada,Consumer,571,67.344,4,13,0.11794045534150611
HD-147851,Harold Dahlen,Home Office,10484,2700.2832,7,63,0.25756230446394507
HD-147852,Harold Dahlen,Home Office,3591,479.583,6,33,0.13355137844611528
HD-147853,Harold Dahlen,Home Office,2419,-1240.846,13,83,-0.5129582472095907
HD-147854,Harold Dahlen,Home Office,251,-135.87599999999998,3,31,-0.5413386454183265
HD-47851,Harold Dahlen,Home Office,3311,822.528,6,37,0.24842283298097254
HD-47852,Harold Dahlen,Home Office,14,5.52,1,2,0.39428571428571424
HE-148001,Harold Engle,Corporate,837,1.584299999999999,5,13,0.0018928315412186367
HE-148002,Harold Engle,Corporate,2874,948.48,6,49,0.3300208768267223
HE-148003,Harold Engle,Corporate,5308,345.67892,12,102,0.06512413715146947
HE-148004,Harold Engle,Corporate,884,274.4028,4,44,0.310410407239819
HE-48001,Harold Engle,Corporate,227,-61.727999999999994,3,5,-0.2719295154185022
HE-48002,Harold Engle,Corporate,863,202.02,5,27,0.23409038238702204
HF-149951,Herbert Flentye,Consumer,2320,181.2849,6,38,0.07814004310344827
HF-149952,Herbert Flentye,Consumer,3497,-722.091,8,69,-0.20648870460394625
HF-149953,Herbert Flentye,Consumer,1363,79.812,7,32,0.058556126192223036
HF-149954,Herbert Flentye,Consumer,2534,-13.876799999999985,7,70,-0.005476243093922646
HF-49951,Herbert Flentye,Consumer,1410,394.83000000000004,3,13,0.2800212765957447
HF-49952,Herbert Flentye,Consumer,689,-573.087,5,19,-0.831766328011611
HG-148451,Harry Greene,Consumer,3561,795.8877,13,96,0.2235011794439764
HG-148452,Harry Greene,Consumer,10466,-1698.8654999999999,6,108,-0.1623223294477355
HG-148453,Harry Greene,Consumer,6417,-68.03567999999996,6,64,-0.010602412342215982
HG-148454,Harry Greene,Consumer,785,147.0032,5,31,0.1872652229299363
HG-149651,Henry Goldwyn,Corporate,10262,459.6738000000001,14,111,0.04479378288832587
HG-149652,Henry Goldwyn,Corporate,1695,301.50600000000003,5,35,0.17787964601769912
HG-149653,Henry Goldwyn,Corporate,1606,429.5348,3,42,0.2674562889165629
HG-149654,Henry Goldwyn,Corporate,3250,-2797.9635,12,68,-0.8609118461538461
HG-150251,Hunter Glantz,Consumer,6510,-447.0336,9,58,-0.06866875576036865
HG-150252,Hunter Glantz,Consumer,2326,493.299,6,59,0.2120803955288048
HG-150253,Hunter Glantz,Consumer,2211,506.7672,7,51,0.22920271370420625
HG-150254,Hunter Glantz,Consumer,3690,804.6112999999999,7,38,0.21805184281842815
HG-48451,Harry Greene,Consumer,1765,290.46000000000004,6,31,0.16456657223796037
HG-48452,Harry Greene,Consumer,1223,242.05800000000002,3,13,0.1979215044971382
HG-49651,Henry Goldwyn,Corporate,83,-80.49000000000001,3,3,-0.9697590361445784
HG-49652,Henry Goldwyn,Corporate,246,108.36,1,10,0.4404878048780488
HG-49653,Henry Goldwyn,Corporate,26,-18.132,1,2,-0.6973846153846155
HG-50251,Hunter Glantz,Consumer,1057,119.802,4,30,0.1133415326395459
HG-50252,Hunter Glantz,Consumer,420,55.47,3,8,0.13207142857142856
HH-150101,Hilary Holden,Corporate,6180,795.186,8,82,0.12867087378640776
HH-150102,Hilary Holden,Corporate,4155,829.9695,6,55,0.1997519855595668
HH-150103,Hilary Holden,Corporate,3178,397.42431999999997,8,65,0.12505485210824416
HH-150104,Hilary Holden,Corporate,219,86.7342,2,20,0.39604657534246573
HH-50101,Hilary Holden,Corporate,1296,305.52,1,12,0.23574074074074072
HH-50102,Hilary Holden,Corporate,201,17.490000000000002,2,8,0.08701492537313434
HJ-148751,Heather Jas,Home Office,8541,885.7407000000001,13,95,0.10370456621004567
HJ-148752,Heather Jas,Home Office,4961,1264.6575,10,69,0.25491987502519653
HJ-148753,Heather Jas,Home Office,451,74.968,4,31,0.16622616407982263
HJ-148754,Heather Jas,Home Office,359,98.6548,5,21,0.27480445682451254
HJ-48751,Heather Jas,Home Office,233,83.22,2,3,0.3571673819742489
HJ-48752,Heather Jas,Home Office,890,211.02,4,8,0.23710112359550564
HK-148901,Heather Kirkland,Corporate,2378,215.34060000000002,5,22,0.09055534062237175
HK-148902,Heather Kirkland,Corporate,4282,704.8304999999999,8,64,0.16460310602522185
HK-148903,Heather Kirkland,Corporate,2349,429.828,6,41,0.18298339719029372
HK-148904,Heather Kirkland,Corporate,4877,956.9451000000001,8,64,0.196215931925364
HK-48901,Heather Kirkland,Corporate,301,36.18,2,2,0.12019933554817276
HK-48902,Heather Kirkland,Corporate,336,30.24,1,2,0.09
HK-48903,Heather Kirkland,Corporate,1018,121.56600000000003,3,9,0.11941650294695484
HL-150401,Hunter Lopez,Consumer,8802,1042.0089,6,70,0.11838319700068167
HL-150402,Hunter Lopez,Consumer,2071,215.61,4,25,0.10410912602607436
HL-150403,Hunter Lopez,Consumer,5919,777.45368,4,54,0.13134882243622234
HL-150404,Hunter Lopez,Consumer,12875,5622.4292,6,50,0.43669353009708733
HL-50401,Hunter Lopez,Consumer,127,41.67,2,3,0.3281102362204725
HL-50402,Hunter Lopez,Consumer,452,117.39599999999999,2,5,0.2597256637168141
HM-148601,Harry Marie,Corporate,4407,541.5858,11,72,0.12289217154526888
HM-148602,Harry Marie,Corporate,9940,2385.4049999999997,11,120,0.23998038229376256
HM-148603,Harry Marie,Corporate,4851,1179.912,5,39,0.24323067408781696
HM-148604,Harry Marie,Corporate,8236,2437.9835999999996,10,76,0.29601549295774643
HM-149801,Henry MacAllister,Consumer,4451,280.3536,10,74,0.06298665468434059
HM-149802,Henry MacAllister,Consumer,5605,871.7460000000001,9,71,0.15553006244424622
HM-149803,Henry MacAllister,Consumer,1926,-224.664,6,35,-0.11664797507788162
HM-149804,Henry MacAllister,Consumer,738,117.2755,4,29,0.15890989159891597
HM-48601,Harry Marie,Corporate,259,125.19,2,2,0.48335907335907335
HM-48602,Harry Marie,Corporate,784,288.21,2,4,0.3676147959183673
HM-49801,Henry MacAllister,Consumer,4068,1559.73,2,8,0.38341445427728615
HM-49802,Henry MacAllister,Consumer,340,68.898,3,5,0.2026411764705882
HP-148151,Harold Pawlan,Home Office,1045,112.36200000000001,4,16,0.10752344497607656
HP-148152,Harold Pawlan,Home Office,1756,262.7295,5,22,0.14961816628701594
HP-148153,Harold Pawlan,Home Office,2529,-112.736,8,49,-0.04457730328192962
HP-148154,Harold Pawlan,Home Office,1991,373.8637,7,44,0.18777684580612758
HP-48151,Harold Pawlan,Home Office,608,123.08999999999999,2,5,0.20245065789473682
HP-48152,Harold Pawlan,Home Office,588,120.91199999999999,3,21,0.20563265306122447
HR-147701,Hallie Redmond,Home Office,4409,561.567,4,48,0.12736833749149468
HR-147702,Hallie Redmond,Home Office,3553,667.782,5,35,0.18794877568252183
HR-147703,Hallie Redmond,Home Office,1869,-232.028,4,30,-0.12414553237025147
HR-147704,Hallie Redmond,Home Office,1299,185.5794,5,38,0.14286327944572746
HR-148301,Harold Ryan,Corporate,1940,320.634,6,18,0.16527525773195878
HR-148302,Harold Ryan,Corporate,1333,-76.04999999999998,4,26,-0.05705176294073517
HR-148303,Harold Ryan,Corporate,1117,76.34336000000002,4,30,0.06834678603401971
HR-148304,Harold Ryan,Corporate,5251,1196.9504,7,51,0.22794713387926108
HR-47701,Hallie Redmond,Home Office,1833,158.22,3,19,0.08631751227495908
HR-47702,Hallie Redmond,Home Office,97,31.02,1,2,0.3197938144329897
HR-47703,Hallie Redmond,Home Office,2620,333.132,4,34,0.1271496183206107
HR-48301,Harold Ryan,Corporate,331,10.530000000000001,1,2,0.03181268882175227
HR-48302,Harold Ryan,Corporate,62,-72.372,2,3,-1.1672903225806452
HW-149351,Helen Wasserman,Corporate,3557,-245.51099999999994,10,50,-0.06902192859150968
HW-149352,Helen Wasserman,Corporate,4146,708.525,6,60,0.17089363241678726
HW-149353,Helen Wasserman,Corporate,195,26.524,4,20,0.13602051282051283
HW-149354,Helen Wasserman,Corporate,9299,2164.1611,8,85,0.2327305194106893
HW-49351,Helen Wasserman,Corporate,443,-278.616,2,8,-0.6289300225733634
HW-49352,Helen Wasserman,Corporate,732,180.03,5,12,0.24594262295081967
HZ-149501,Henia Zydlo,Consumer,5115,239.1057,9,46,0.046745982404692084
HZ-149502,Henia Zydlo,Consumer,3085,821.8335,6,64,0.2663965964343598
HZ-149503,Henia Zydlo,Consumer,571,72.88560000000001,2,11,0.12764553415061297
HZ-149504,Henia Zydlo,Consumer,887,-130.3879,5,21,-0.1469987598647125
HZ-49501,Henia Zydlo,Consumer,2525,2.3399999999999963,3,8,0.0009267326732673252
HZ-49502,Henia Zydlo,Consumer,304,-264.294,3,24,-0.8693881578947368
IG-150851,Ivan Gibson,Consumer,4573,-635.9114999999999,7,48,-0.1390578394926744
IG-150852,Ivan Gibson,Consumer,2899,790.665,8,58,0.272737150741635
IG-150853,Ivan Gibson,Consumer,2169,182.24348,6,32,0.08402189027201476
IG-150854,Ivan Gibson,Consumer,744,320.4982,4,19,0.4307771505376344
IG-50851,Ivan Gibson,Consumer,4148,1082.787,6,47,0.2610383317261331
IG-50852,Ivan Gibson,Consumer,1618,170.88600000000005,6,30,0.1056155747836836
IL-151001,Ivan Liston,Consumer,1797,310.56600000000003,4,32,0.1728247078464107
IL-151002,Ivan Liston,Consumer,1333,-115.623,6,41,-0.08673893473368342
IL-151003,Ivan Liston,Consumer,3630,-72.64524000000002,8,58,-0.02001246280991736
IL-151004,Ivan Liston,Consumer,5040,1121.937,7,60,0.2226065476190476
IL-51001,Ivan Liston,Consumer,368,-102.192,3,13,-0.277695652173913
IL-51002,Ivan Liston,Consumer,685,39.029999999999994,4,17,0.05697810218978101
IM-150551,Ionia McGrath,Consumer,362,-72.6696,2,18,-0.20074475138121547
IM-150552,Ionia McGrath,Consumer,1357,412.854,7,22,0.3042402358142962
IM-150553,Ionia McGrath,Consumer,564,218.07536,3,13,0.38665843971631203
IM-150554,Ionia McGrath,Consumer,2872,975.7701,3,19,0.3397528203342618
IM-150701,Irene Maddox,Consumer,2706,-227.49779999999996,5,24,-0.08407161862527715
IM-150702,Irene Maddox,Consumer,7327,-795.0390000000001,9,115,-0.10850812064965198
IM-150703,Irene Maddox,Consumer,2891,-59.74608000000005,6,55,-0.020666233137322743
IM-150704,Irene Maddox,Consumer,4931,514.6527,7,93,0.1043708578381667
IM-50551,Ionia McGrath,Consumer,3118,466.20000000000005,3,41,0.14951892238614498
IM-50552,Ionia McGrath,Consumer,1207,447.75,4,16,0.37096106048053024
IM-50701,Irene Maddox,Consumer,168,11.76,1,2,0.06999999999999999
IM-50702,Irene Maddox,Consumer,1896,-124.434,6,29,-0.06562974683544304
JA-159701,Joseph Airdo,Consumer,3780,490.38870000000003,4,33,0.12973246031746033
JA-159702,Joseph Airdo,Consumer,5016,636.2819999999999,8,42,0.12685047846889952
JA-159703,Joseph Airdo,Consumer,1820,381.724,5,49,0.20973846153846154
JA-159704,Joseph Airdo,Consumer,6494,-819.4217,8,87,-0.1261813520172467
JA-59701,Joseph Airdo,Consumer,872,202.623,3,37,0.23236582568807337
JA-59702,Joseph Airdo,Consumer,187,-49.26599999999999,4,6,-0.2634545454545454
JB-154001,Jennifer Braxton,Corporate,432,-4.284000000000006,3,12,-0.009916666666666681
JB-154002,Jennifer Braxton,Corporate,8395,1598.8274999999999,13,89,0.19044997022036925
JB-154003,Jennifer Braxton,Corporate,2468,241.66540000000003,8,71,0.09791952998379255
JB-154004,Jennifer Braxton,Corporate,1791,156.05319999999998,10,43,0.08713188163037408
JB-159251,Joni Blumstein,Consumer,6083,462.0042,8,78,0.07595005753739931
JB-159252,Joni Blumstein,Consumer,3542,1003.5869999999999,3,31,0.2833390739695087
JB-159253,Joni Blumstein,Consumer,1800,470.52376,5,36,0.2614020888888889
JB-159254,Joni Blumstein,Consumer,901,-286.98080000000004,3,32,-0.3185136514983352
JB-160001,Joy Bell-,Consumer,6316,330.7788,7,60,0.05237156428119063
JB-160002,Joy Bell-,Consumer,9689,2754.18,10,101,0.28425843740324075
JB-160003,Joy Bell-,Consumer,5478,-275.34648000000004,8,104,-0.0502640525739321
JB-160004,Joy Bell-,Consumer,644,126.76490000000001,7,32,0.19683990683229816
JB-160451,Julia Barnett,Home Office,5763,730.0494000000001,6,43,0.1266787090057262
JB-160452,Julia Barnett,Home Office,2394,-912.924,6,35,-0.38133834586466164
JB-160453,Julia Barnett,Home Office,3176,759.98528,7,37,0.23929007556675064
JB-160454,Julia Barnett,Home Office,2518,201.51850000000002,5,32,0.0800311755361398
JB-54001,Jennifer Braxton,Corporate,1666,253.41,3,12,0.15210684273709485
JB-54002,Jennifer Braxton,Corporate,506,206.19,4,8,0.40749011857707507
JB-59251,Joni Blumstein,Consumer,351,-611.442,3,7,-1.742
JB-59252,Joni Blumstein,Consumer,662,92.81400000000001,5,21,0.14020241691842902
JB-60001,Joy Bell-,Consumer,786,-54.97200000000001,4,11,-0.06993893129770994
JB-60002,Joy Bell-,Consumer,1098,-13.481999999999985,3,17,-0.01227868852459015
JB-60451,Julia Barnett,Home Office,2058,-891.1499999999999,4,37,-0.4330174927113702
JB-60452,Julia Barnett,Home Office,1178,361.56600000000003,6,15,0.3069320882852292
JC-153401,Jasper Cacioppo,Consumer,9111,1195.0026,9,96,0.1311604214685545
JC-153402,Jasper Cacioppo,Consumer,8333,-1046.9370000000001,11,112,-0.12563746549861995
JC-153403,Jasper Cacioppo,Consumer,322,91.576,5,19,0.2843975155279503
JC-153404,Jasper Cacioppo,Consumer,72,-0.35560000000000014,4,12,-0.004938888888888891
JC-153851,Jenna Caffey,Consumer,1008,81.873,5,29,0.08122321428571429
JC-153852,Jenna Caffey,Consumer,6236,1390.29,8,55,0.222945798588839
JC-153853,Jenna Caffey,Consumer,4676,111.70992000000001,11,96,0.023890059880239522
JC-153854,Jenna Caffey,Consumer,1057,502.9244,1,14,0.47580359508041625
JC-157751,John Castell,Consumer,4133,612.837,6,39,0.1482789741108154
JC-157752,John Castell,Consumer,3185,866.469,8,44,0.2720467817896389
JC-157753,John Castell,Consumer,495,61.59403999999999,2,7,0.12443240404040402
JC-157754,John Castell,Consumer,2773,279.5692,9,64,0.10081831950955644
JC-161051,Julie Creighton,Corporate,2239,11.864999999999995,6,43,0.005299240732469851
JC-161052,Julie Creighton,Corporate,6355,276.774,10,69,0.04355216365066877
JC-161053,Julie Creighton,Corporate,1628,222.07988,7,30,0.1364127027027027
JC-161054,Julie Creighton,Corporate,858,201.5952,5,43,0.23495944055944057
JC-53401,Jasper Cacioppo,Consumer,427,58.81499999999999,5,21,0.13774004683840746
JC-53402,Jasper Cacioppo,Consumer,178,39.69,1,4,0.22297752808988763
JC-53851,Jenna Caffey,Consumer,893,112.932,5,20,0.12646360582306831
JC-53852,Jenna Caffey,Consumer,2291,-895.167,4,28,-0.3907319947621126
JC-57751,John Castell,Consumer,314,-32.04900000000001,3,15,-0.10206687898089174
JC-57752,John Castell,Consumer,1398,69.966,2,9,0.05004721030042918
JC-61051,Julie Creighton,Corporate,61,-130.686,1,1,-2.142393442622951
JC-61052,Julie Creighton,Corporate,3855,-2470.7340000000004,5,42,-0.6409167315175098
JD-157901,John Dryer,Consumer,3605,-72.96360000000001,8,52,-0.02023955617198336
JD-157902,John Dryer,Consumer,1408,206.51999999999998,3,13,0.14667613636363636
JD-157903,John Dryer,Consumer,3104,-160.68863999999996,8,49,-0.0517682474226804
JD-157904,John Dryer,Consumer,2153,-266.5525,5,26,-0.12380515559684162
JD-158951,Jonathan Doherty,Corporate,2372,343.7283,7,45,0.14491075042158516
JD-158952,Jonathan Doherty,Corporate,3959,-382.335,5,54,-0.09657362970447082
JD-158953,Jonathan Doherty,Corporate,2770,418.88692,9,45,0.15122271480144403
JD-158954,Jonathan Doherty,Corporate,7609,1050.2668,11,150,0.1380295439610987
JD-160151,Joy Daniels,Consumer,3410,-416.01270000000005,5,50,-0.12199785923753667
JD-160152,Joy Daniels,Consumer,932,105.66,6,27,0.11336909871244635
JD-160153,Joy Daniels,Consumer,3966,254.192,7,66,0.06409278870398387
JD-160154,Joy Daniels,Consumer,386,26.7605,6,39,0.06932772020725389
JD-160601,Julia Dunbar,Consumer,1212,384.82500000000005,2,13,0.3175123762376238
JD-160602,Julia Dunbar,Consumer,3015,-768.171,7,45,-0.25478308457711446
JD-160603,Julia Dunbar,Consumer,2760,248.20496000000003,7,39,0.08992933333333335
JD-160604,Julia Dunbar,Consumer,696,111.11410000000001,3,17,0.15964669540229887
JD-161501,Justin Deggeller,Corporate,2958,-883.6431000000002,4,36,-0.29872991886409744
JD-161502,Justin Deggeller,Corporate,3075,179.091,6,39,0.0582409756097561
JD-161503,Justin Deggeller,Corporate,3425,515.48108,10,60,0.15050542481751825
JD-161504,Justin Deggeller,Corporate,8829,1619.5199,8,60,0.18343186091290067
JD-57901,John Dryer,Consumer,959,-964.794,2,26,-1.0060417101147028
JD-57902,John Dryer,Consumer,362,59.766000000000005,3,7,0.16509944751381217
JD-58951,Jonathan Doherty,Corporate,1435,422.19,3,15,0.2942090592334495
JD-58952,Jonathan Doherty,Corporate,961,172.71,1,10,0.1797190426638918
JD-58953,Jonathan Doherty,Corporate,375,-298.656,2,6,-0.796416
JD-60151,Joy Daniels,Consumer,1188,-1035.693,3,17,-0.8717954545454545
JD-60152,Joy Daniels,Consumer,1464,460.683,5,22,0.31467418032786887
JD-60601,Julia Dunbar,Consumer,3471,630.828,6,18,0.18174243733794296
JD-60602,Julia Dunbar,Consumer,74,-41.897999999999996,3,10,-0.5661891891891891
JD-61501,Justin Deggeller,Corporate,1679,221.88,1,6,0.1321500893388922
JD-61502,Justin Deggeller,Corporate,3652,972.99,5,47,0.2664266155531216
JE-154751,Jeremy Ellison,Consumer,2873,815.364,5,22,0.28380229725026107
JE-154752,Jeremy Ellison,Consumer,1173,161.976,6,27,0.13808695652173913
JE-154753,Jeremy Ellison,Consumer,471,-30.236000000000008,5,20,-0.06419532908704885
JE-154754,Jeremy Ellison,Consumer,1388,276.2197,6,49,0.19900554755043226
JE-156101,Jim Epp,Corporate,4147,88.91639999999995,11,76,0.021441138172172643
JE-156102,Jim Epp,Corporate,750,6.377999999999997,3,11,0.008503999999999996
JE-156103,Jim Epp,Corporate,540,61.382,5,14,0.11367037037037037
JE-156104,Jim Epp,Corporate,7757,1623.4019,7,74,0.20928218383395644
JE-157151,Joe Elijah,Consumer,9856,1605.4749,12,121,0.16289315137987012
JE-157152,Joe Elijah,Consumer,3163,734.397,10,73,0.23218368637369588
JE-157153,Joe Elijah,Consumer,556,45.844,4,15,0.08245323741007195
JE-157154,Joe Elijah,Consumer,8696,1262.2926,10,97,0.14515784268629256
JE-157451,Joel Eaton,Consumer,3743,-759.5472,7,58,-0.20292471279722146
JE-157452,Joel Eaton,Consumer,2614,207.786,7,38,0.07948967100229533
JE-157453,Joel Eaton,Consumer,6511,1453.44516,8,66,0.22322917524189834
JE-157454,Joel Eaton,Consumer,6762,221.79670000000002,13,90,0.03280045844424727
JE-161651,Justin Ellison,Corporate,2865,495.045,7,41,0.17279057591623037
JE-161652,Justin Ellison,Corporate,2278,539.883,6,50,0.2369986830553117
JE-161653,Justin Ellison,Corporate,513,15.23236,4,14,0.02969270955165692
JE-161654,Justin Ellison,Corporate,2698,789.6476,3,34,0.29267887323943664
JE-54751,Jeremy Ellison,Consumer,179,61.56,3,5,0.34391061452513966
JE-54752,Jeremy Ellison,Consumer,734,33.288,5,18,0.045351498637602176
JE-56101,Jim Epp,Corporate,613,-329.20799999999997,4,19,-0.5370440456769984
JE-56102,Jim Epp,Corporate,145,-78.957,2,5,-0.5445310344827585
JE-57151,Joe Elijah,Consumer,107,-25.08,4,9,-0.23439252336448596
JE-57152,Joe Elijah,Consumer,74,-2.039999999999999,3,4,-0.027567567567567557
JE-57451,Joel Eaton,Consumer,499,106.59,1,4,0.21360721442885772
JE-57452,Joel Eaton,Consumer,1776,298.71,6,20,0.16819256756756756
JE-61651,Justin Ellison,Corporate,4343,1035.246,6,32,0.23837117200092103
JE-61652,Justin Ellison,Corporate,213,53.25,2,7,0.25
JF-151901,Jamie Frazer,Consumer,10692,2813.2965000000004,10,91,0.26312163299663305
JF-151902,Jamie Frazer,Consumer,2665,715.407,7,44,0.2684454033771107
JF-151903,Jamie Frazer,Consumer,1428,4.718,4,26,0.003303921568627451
JF-151904,Jamie Frazer,Consumer,2280,575.1259,7,72,0.25224820175438595
JF-152951,Jason Fortune-,Consumer,5696,1529.5359,4,64,0.2685280723314607
JF-152952,Jason Fortune-,Consumer,7907,1174.5,8,86,0.14853926900215
JF-152953,Jason Fortune-,Consumer,5824,461.9704,7,57,0.07932184065934066
JF-152954,Jason Fortune-,Consumer,955,97.289,5,42,0.10187329842931937
JF-153551,Jay Fein,Consumer,488,-5.079000000000001,4,23,-0.010407786885245903
JF-153552,Jay Fein,Consumer,3944,236.33100000000002,8,59,0.059921653144016235
JF-153553,Jay Fein,Consumer,999,455.21999999999997,4,19,0.45567567567567563
JF-153554,Jay Fein,Consumer,1912,330.199,6,58,0.1726982217573222
JF-154151,Jennifer Ferguson,Consumer,4409,-506.3316,5,39,-0.11484046268995236
JF-154152,Jennifer Ferguson,Consumer,6489,995.7779999999999,6,35,0.15345631067961163
JF-154153,Jennifer Ferguson,Consumer,1450,271.56148,6,45,0.18728377931034484
JF-154154,Jennifer Ferguson,Consumer,2371,635.6376,6,69,0.2680884015183467
JF-154901,Jeremy Farry,Consumer,3438,821.061,8,46,0.2388193717277487
JF-154902,Jeremy Farry,Consumer,2761,-345.13349999999997,5,24,-0.12500307859471205
JF-154903,Jeremy Farry,Consumer,1953,590.45736,6,50,0.30233351766513056
JF-154904,Jeremy Farry,Consumer,1082,-18.067300000000007,11,36,-0.016698059149722742
JF-155651,Jill Fjeld,Consumer,4381,853.8225,5,42,0.19489214791143575
JF-155652,Jill Fjeld,Consumer,8700,1471.737,12,89,0.1691651724137931
JF-155653,Jill Fjeld,Consumer,2565,931.1771600000001,4,36,0.36303203118908384
JF-155654,Jill Fjeld,Consumer,4198,1073.2087999999999,8,67,0.2556476417341591
JF-51901,Jamie Frazer,Consumer,128,42.12,2,4,0.3290625
JF-51902,Jamie Frazer,Consumer,3383,-2428.062,6,38,-0.7177245048773278
JF-52951,Jason Fortune-,Consumer,681,-878.7180000000001,3,27,-1.2903348017621146
JF-52952,Jason Fortune-,Consumer,90,15.33,1,1,0.17033333333333334
JF-52953,Jason Fortune-,Consumer,1664,292.62,4,19,0.17585336538461538
JF-53551,Jay Fein,Consumer,575,-533.91,4,18,-0.9285391304347825
JF-53552,Jay Fein,Consumer,2900,-2357.436,5,38,-0.8129089655172415
JF-54151,Jennifer Ferguson,Consumer,6470,940.08,6,32,0.1452982998454405
JF-54152,Jennifer Ferguson,Consumer,1758,330.12,5,15,0.1877815699658703
JF-54901,Jeremy Farry,Consumer,709,18.494999999999997,3,6,0.02608603667136812
JF-54902,Jeremy Farry,Consumer,779,133.29,4,16,0.17110397946084724
JF-55651,Jill Fjeld,Consumer,3367,848.28,3,22,0.25193941193941194
JF-55652,Jill Fjeld,Consumer,410,-300.53999999999996,3,18,-0.7330243902439023
JG-151151,Jack Garza,Consumer,570,108.42,4,20,0.19021052631578947
JG-151152,Jack Garza,Consumer,5396,-397.029,5,53,-0.07357839140103781
JG-151153,Jack Garza,Consumer,4476,766.05888,7,55,0.17114809651474533
JG-151154,Jack Garza,Consumer,2358,684.1911,3,20,0.29015737913486006
JG-151601,James Galang,Consumer,1631,229.86599999999999,8,51,0.14093562231759657
JG-151602,James Galang,Consumer,9340,2718.726,5,64,0.29108415417558886
JG-151603,James Galang,Consumer,2628,134.736,8,60,0.05126940639269406
JG-151604,James Galang,Consumer,6366,1415.6664,11,70,0.22237926484448634
JG-153101,Jason Gross,Corporate,5932,1378.1979000000001,8,87,0.23233275455158464
JG-153102,Jason Gross,Corporate,3327,327.156,5,42,0.09833363390441839
JG-153103,Jason Gross,Corporate,1234,386.76,5,34,0.31341977309562397
JG-153104,Jason Gross,Corporate,2241,3.7976000000000028,6,46,0.0016946006247211078
JG-158051,John Grady,Corporate,11116,1769.9802,12,148,0.15922815761065132
JG-158052,John Grady,Corporate,7843,1132.35,15,149,0.144377151600153
JG-158053,John Grady,Corporate,1544,284.788,4,21,0.18444818652849743
JG-158054,John Grady,Corporate,1507,206.1019,6,46,0.1367630391506304
JG-51151,Jack Garza,Consumer,836,-21.425999999999988,5,27,-0.0256291866028708
JG-51152,Jack Garza,Consumer,2072,-2062.476,4,31,-0.9954034749034749
JG-51601,James Galang,Consumer,1274,-51.384,6,24,-0.04033281004709576
JG-51602,James Galang,Consumer,315,101.49000000000001,2,3,0.3221904761904762
JG-53101,Jason Gross,Corporate,836,158.72400000000002,5,15,0.1898612440191388
JG-58051,John Grady,Corporate,81,9.66,1,2,0.11925925925925926
JG-58052,John Grady,Corporate,128,-122.10000000000001,2,4,-0.9539062500000001
JH-154301,Jennifer Halladay,Consumer,3258,-513.8202,10,66,-0.15771031307550645
JH-154302,Jennifer Halladay,Consumer,1853,67.9875,5,32,0.03669050188882893
JH-154303,Jennifer Halladay,Consumer,6387,1947.108,12,93,0.3048548614372945
JH-154304,Jennifer Halladay,Consumer,310,-24.0771,4,29,-0.07766806451612904
JH-158201,John Huston,Consumer,5384,1302.408,9,48,0.24190341753343236
JH-158202,John Huston,Consumer,11729,2860.1025,9,104,0.24384879358854122
JH-158203,John Huston,Consumer,5947,641.08,7,66,0.10779889019673786
JH-158204,John Huston,Consumer,529,26.082200000000004,6,29,0.049304725897920613
JH-159101,Jonathan Howell,Consumer,7444,1019.5467,12,89,0.13696221117678667
JH-159102,Jonathan Howell,Consumer,1697,203.088,8,55,0.11967472009428402
JH-159103,Jonathan Howell,Consumer,2429,426.316,5,44,0.1755109098394401
JH-159104,Jonathan Howell,Consumer,959,-13.554499999999997,7,35,-0.014133993743482792
JH-159851,Joseph Holt,Consumer,4342,132.51299999999995,11,80,0.030518885306310445
JH-159852,Joseph Holt,Consumer,2652,-106.47899999999998,6,34,-0.040150452488687774
JH-159853,Joseph Holt,Consumer,3916,435.73240000000004,15,109,0.11126976506639429
JH-159854,Joseph Holt,Consumer,7955,-644.6982,6,64,-0.08104314267756128
JH-161801,Justin Hirsh,Consumer,3505,858.8303999999999,10,53,0.24503007132667615
JH-161802,Justin Hirsh,Consumer,8370,1258.77,12,111,0.15039068100358421
JH-161803,Justin Hirsh,Consumer,4133,567.632,5,53,0.137341398499879
JH-161804,Justin Hirsh,Consumer,2257,-96.95300000000002,4,28,-0.04295657953035003
JH-54301,Jennifer Halladay,Consumer,790,183.63,7,26,0.23244303797468355
JH-54302,Jennifer Halladay,Consumer,28,5.37,1,1,0.19178571428571428
JH-54303,Jennifer Halladay,Consumer,66,-75.504,1,2,-1.1440000000000001
JH-58201,John Huston,Consumer,920,299.031,3,20,0.32503369565217394
JH-58202,John Huston,Consumer,1438,267.12,4,22,0.18575799721835884
JH-59101,Jonathan Howell,Consumer,2272,-311.556,4,25,-0.13712852112676055
JH-59102,Jonathan Howell,Consumer,125,17.4,1,4,0.1392
JH-59103,Jonathan Howell,Consumer,1618,-636.18,3,18,-0.39318912237330034
JH-59851,Joseph Holt,Consumer,1536,469.59000000000003,5,15,0.30572265625
JH-59852,Joseph Holt,Consumer,538,100.02,2,15,0.185910780669145
JH-61801,Justin Hirsh,Consumer,1762,39.90899999999999,5,15,0.022649829738933026
JH-61802,Justin Hirsh,Consumer,34,7.32,1,2,0.21529411764705883
JH-61803,Justin Hirsh,Consumer,3857,1359.156,3,21,0.35238682914182007
JJ-154451,Jennifer Jackson,Consumer,3212,664.6164,6,44,0.20691668742216687
JJ-154452,Jennifer Jackson,Consumer,2926,444.111,5,22,0.15178092959671907
JJ-154453,Jennifer Jackson,Consumer,2852,-254.92800000000003,3,36,-0.08938569424964937
JJ-154454,Jennifer Jackson,Consumer,710,200.5558,5,25,0.2824729577464789
JJ-157601,Joel Jenkins,Home Office,7400,1166.1390000000001,8,74,0.15758635135135138
JJ-157602,Joel Jenkins,Home Office,8606,399.6479999999999,13,111,0.04643829886125957
JJ-157603,Joel Jenkins,Home Office,1904,155.35408,5,27,0.08159352941176472
JJ-157604,Joel Jenkins,Home Office,195,34.449200000000005,2,11,0.17666256410256412
JJ-54451,Jennifer Jackson,Consumer,1952,300.12,2,6,0.15375
JJ-54452,Jennifer Jackson,Consumer,539,-331.776,4,19,-0.6155398886827459
JJ-57601,Joel Jenkins,Home Office,908,153.078,3,18,0.16858810572687224
JJ-57602,Joel Jenkins,Home Office,980,-59.682,3,23,-0.0609
JK-152051,Jamie Kunitz,Consumer,1000,310.2042,5,22,0.31020420000000004
JK-152052,Jamie Kunitz,Consumer,2905,335.091,6,62,0.11534974182444062
JK-152053,Jamie Kunitz,Consumer,2584,494.284,8,37,0.19128637770897833
JK-152054,Jamie Kunitz,Consumer,4427,1219.983,5,67,0.27557781793539643
JK-153251,Jason Klamczynski,Corporate,10908,1686.603,13,120,0.15462073707370738
JK-153252,Jason Klamczynski,Corporate,2375,113.26500000000001,5,30,0.04769052631578948
JK-153253,Jason Klamczynski,Corporate,3330,204.16332,7,65,0.06131030630630631
JK-153254,Jason Klamczynski,Corporate,384,55.3277,3,15,0.14408255208333334
JK-153701,Jay Kimmel,Consumer,1145,279.5448,5,29,0.24414393013100438
JK-153702,Jay Kimmel,Consumer,1779,545.991,8,56,0.3069089376053963
JK-153703,Jay Kimmel,Consumer,4556,657.67624,6,63,0.14435387181738368
JK-153704,Jay Kimmel,Consumer,2710,330.2838,8,72,0.1218759409594096
JK-156251,Jim Karlsson,Consumer,3778,762.8781,7,64,0.20192644256220224
JK-156252,Jim Karlsson,Consumer,697,203.49,4,24,0.29195121951219516
JK-156253,Jim Karlsson,Consumer,4519,1088.3319999999999,9,72,0.24083469794202256
JK-156254,Jim Karlsson,Consumer,3762,750.9485,7,44,0.19961416799574694
JK-156401,Jim Kriz,Home Office,301,34.3485,3,12,0.11411461794019934
JK-156402,Jim Kriz,Home Office,4359,1088.655,5,50,0.24974879559532
JK-156403,Jim Kriz,Home Office,3219,355.572,9,48,0.11046039142590867
JK-156404,Jim Kriz,Home Office,4762,1172.5303,9,41,0.24622643847123055
JK-157301,Joe Kamberova,Consumer,8134,622.992,8,51,0.0765910990902385
JK-157302,Joe Kamberova,Consumer,5638,970.7760000000001,7,77,0.17218446257538136
JK-157303,Joe Kamberova,Consumer,2188,634.944,9,61,0.29019378427787934
JK-157304,Joe Kamberova,Consumer,4868,55.048300000000005,10,88,0.011308196384552178
JK-160901,Juliana Krohn,Consumer,10861,1897.8612,10,101,0.1747409262498849
JK-160902,Juliana Krohn,Consumer,3514,317.93699999999995,11,63,0.09047723392145701
JK-160903,Juliana Krohn,Consumer,3798,392.91064,9,56,0.10345198525539757
JK-160904,Juliana Krohn,Consumer,3748,586.6625,3,43,0.15652681430096052
JK-161201,Julie Kriz,Home Office,6498,951.0360000000001,6,50,0.14635826408125577
JK-161202,Julie Kriz,Home Office,894,271.97999999999996,5,17,0.30422818791946304
JK-161203,Julie Kriz,Home Office,2809,248.82664,5,64,0.08858192951228196
JK-161204,Julie Kriz,Home Office,2933,122.65659999999998,10,49,0.041819502216160924
JK-52051,Jamie Kunitz,Consumer,621,43.44,1,2,0.06995169082125603
JK-52052,Jamie Kunitz,Consumer,996,360.78,4,17,0.3622289156626506
JK-53251,Jason Klamczynski,Corporate,203,-36.97200000000001,3,6,-0.18212807881773402
JK-53701,Jay Kimmel,Consumer,2350,-578.028,4,16,-0.24596936170212766
JK-53702,Jay Kimmel,Consumer,861,314.58,2,11,0.3653658536585366
JK-56251,Jim Karlsson,Consumer,1969,261.153,6,28,0.13263230066023363
JK-56252,Jim Karlsson,Consumer,2264,869.55,1,12,0.3840768551236749
JK-56253,Jim Karlsson,Consumer,132,39.989999999999995,1,6,0.3029545454545454
JK-56401,Jim Kriz,Home Office,164,39.39,1,2,0.24018292682926828
JK-56402,Jim Kriz,Home Office,266,63.78,3,4,0.23977443609022556
JK-57301,Joe Kamberova,Consumer,2764,772.77,3,30,0.2795839363241679
JK-57302,Joe Kamberova,Consumer,3097,1316.97,3,23,0.4252405553761705
JK-60901,Juliana Krohn,Consumer,1078,-1398.816,3,20,-1.2976029684601114
JK-60902,Juliana Krohn,Consumer,116,30.06,1,2,0.25913793103448274
JK-60903,Juliana Krohn,Consumer,21,-28.368000000000002,1,2,-1.350857142857143
JK-61201,Julie Kriz,Home Office,625,173.07,3,21,0.276912
JK-61202,Julie Kriz,Home Office,875,76.11,1,7,0.08698285714285714
JK-61203,Julie Kriz,Home Office,1014,50.52,2,8,0.04982248520710059
JL-151301,Jack Lebron,Consumer,1206,125.9331,4,31,0.10442213930348258
JL-151302,Jack Lebron,Consumer,7903,727.413,8,77,0.09204264203467039
JL-151303,Jack Lebron,Consumer,2583,322.32704,10,81,0.12478785907859079
JL-151304,Jack Lebron,Consumer,1215,-207.7956,6,42,-0.1710251851851852
JL-151751,James Lanier,Home Office,4745,9.413700000000016,6,39,0.001983919915700741
JL-151752,James Lanier,Home Office,3892,125.47200000000001,6,38,0.03223843782117164
JL-151753,James Lanier,Home Office,3286,923.86376,10,48,0.2811514790018259
JL-151754,James Lanier,Home Office,1571,209.2817,5,29,0.13321559516231699
JL-152351,Janet Lee,Consumer,8290,2067.96,7,91,0.24945235223160434
JL-152352,Janet Lee,Consumer,4913,1160.8890000000001,7,60,0.23628923264807655
JL-152353,Janet Lee,Consumer,3320,1087.5806400000001,5,45,0.32758453012048194
JL-152354,Janet Lee,Consumer,2204,54.517400000000016,5,39,0.024735662431941932
JL-155051,Jeremy Lonsdale,Consumer,534,-58.17,5,15,-0.10893258426966293
JL-155052,Jeremy Lonsdale,Consumer,477,50.625,5,23,0.10613207547169812
JL-155053,Jeremy Lonsdale,Consumer,4446,60.09599999999995,6,56,0.013516869095816453
JL-155054,Jeremy Lonsdale,Consumer,3175,591.7163,6,56,0.18636733858267718
JL-158351,John Lee,Consumer,7146,1091.07,8,53,0.15268261964735516
JL-158352,John Lee,Consumer,2939,475.548,5,38,0.16180605648179652
JL-158353,John Lee,Consumer,2707,-218.988,6,33,-0.08089693387513854
JL-158354,John Lee,Consumer,9799,228.90699999999998,11,143,0.02336024084090213
JL-158501,John Lucas,Consumer,2581,-433.2660000000001,4,43,-0.16786749321968233
JL-158502,John Lucas,Consumer,1941,537.942,6,37,0.2771468315301391
JL-158503,John Lucas,Consumer,1251,103.66799999999999,6,22,0.08286810551558753
JL-158504,John Lucas,Consumer,2726,779.9046000000001,6,38,0.2860985326485694
JL-51301,Jack Lebron,Consumer,1313,-1129.116,4,18,-0.859951256664128
JL-51302,Jack Lebron,Consumer,666,277.26,1,8,0.4163063063063063
JL-51303,Jack Lebron,Consumer,3787,924.1560000000001,7,24,0.24403379984156326
JL-51751,James Lanier,Home Office,691,217.23000000000002,1,3,0.314370477568741
JL-51752,James Lanier,Home Office,662,215.90999999999997,4,17,0.32614803625377636
JL-52351,Janet Lee,Consumer,1186,442.53,1,13,0.3731281618887015
JL-52352,Janet Lee,Consumer,566,-82.788,3,5,-0.14626855123674912
JL-55051,Jeremy Lonsdale,Consumer,927,83.7,1,4,0.09029126213592234
JL-55052,Jeremy Lonsdale,Consumer,1803,458.31,2,15,0.25419301164725455
JL-58351,John Lee,Consumer,731,-111.79499999999999,4,13,-0.15293433652530777
JL-58352,John Lee,Consumer,2657,928.2599999999999,3,15,0.3493639442980805
JL-58501,John Lucas,Consumer,599,-1.2480000000000189,2,6,-0.002083472454090182
JL-58502,John Lucas,Consumer,1405,-632.754,2,23,-0.45035871886121
JM-152501,Janet Martin,Consumer,8163,1108.0743,8,73,0.13574351341418597
JM-152502,Janet Martin,Consumer,3565,925.518,4,27,0.2596123422159888
JM-152503,Janet Martin,Consumer,708,99.25752,6,18,0.1401942372881356
JM-152504,Janet Martin,Consumer,3158,19.82350000000002,6,91,0.006277232425585821
JM-152651,Janet Molinari,Corporate,8818,1206.7197,11,108,0.13684732365615787
JM-152652,Janet Molinari,Corporate,1096,409.11,6,42,0.3732755474452555
JM-152653,Janet Molinari,Corporate,3318,505.548,7,72,0.1523652802893309
JM-152654,Janet Molinari,Corporate,1804,502.6143,5,52,0.2786110310421286
JM-155351,Jessica Myrick,Consumer,3973,978.396,7,67,0.24626126352881952
JM-155352,Jessica Myrick,Consumer,1201,123.0,5,23,0.10241465445462115
JM-155353,Jessica Myrick,Consumer,35,2.304,1,2,0.06582857142857142
JM-155354,Jessica Myrick,Consumer,1733,356.53950000000003,7,46,0.20573542989036356
JM-155801,Jill Matthias,Consumer,4838,411.60600000000005,8,62,0.08507771806531626
JM-155802,Jill Matthias,Consumer,2108,801.903,5,22,0.3804093927893738
JM-155803,Jill Matthias,Consumer,6050,213.57999999999993,6,79,0.035302479338842965
JM-155804,Jill Matthias,Consumer,305,113.1204,5,26,0.3708865573770492
JM-156551,Jim Mitchum,Corporate,5566,1294.1787,10,61,0.23251503772906934
JM-156552,Jim Mitchum,Corporate,6473,195.83400000000003,8,57,0.030253978062722082
JM-156553,Jim Mitchum,Corporate,3393,-417.14264000000003,11,94,-0.12294212791040378
JM-156554,Jim Mitchum,Corporate,865,117.20400000000001,5,41,0.13549595375722545
JM-158651,John Murray,Consumer,4020,-1124.67,6,60,-0.27976865671641793
JM-158652,John Murray,Consumer,6585,1259.4285,11,124,0.19125717539863327
JM-158653,John Murray,Consumer,2613,524.8720000000001,5,36,0.20086949866054346
JM-158654,John Murray,Consumer,7624,1574.6163999999999,7,50,0.2065341552990556
JM-161951,Justin MacKendrick,Consumer,2539,403.6878,8,39,0.15899480110279637
JM-161952,Justin MacKendrick,Consumer,336,-20.744999999999997,4,13,-0.06174107142857142
JM-161953,Justin MacKendrick,Consumer,2117,177.2558,3,20,0.08372971185640056
JM-161954,Justin MacKendrick,Consumer,2834,754.1143999999999,10,74,0.26609541284403665
JM-52501,Janet Martin,Consumer,1956,-640.359,3,25,-0.3273819018404908
JM-52502,Janet Martin,Consumer,467,152.34,2,10,0.3262098501070664
JM-52651,Janet Molinari,Corporate,708,-5.057999999999993,3,26,-0.007144067796610159
JM-52652,Janet Molinari,Corporate,424,161.16,1,2,0.3800943396226415
JM-55351,Jessica Myrick,Consumer,73,-115.98,2,6,-1.5887671232876712
JM-55352,Jessica Myrick,Consumer,774,14.667000000000009,3,24,0.018949612403100786
JM-55801,Jill Matthias,Consumer,715,158.043,3,6,0.22103916083916084
JM-55802,Jill Matthias,Consumer,165,18.48,2,3,0.112
JM-56551,Jim Mitchum,Corporate,2336,334.35,6,16,0.1431292808219178
JM-56552,Jim Mitchum,Corporate,1164,249.54,1,5,0.21438144329896908
JM-56553,Jim Mitchum,Corporate,102,24.57,1,1,0.24088235294117646
JM-58651,John Murray,Consumer,697,-55.331999999999994,4,17,-0.07938593974175034
JM-58652,John Murray,Consumer,349,104.76,1,2,0.3001719197707737
JM-58653,John Murray,Consumer,498,34.44,1,3,0.0691566265060241
JM-61951,Justin MacKendrick,Consumer,535,190.59,3,13,0.3562429906542056
JM-61952,Justin MacKendrick,Consumer,666,14.892000000000012,5,11,0.02236036036036038
JO-151451,Jack O'Briant,Corporate,2538,652.599,4,25,0.25713120567375886
JO-151452,Jack O'Briant,Corporate,4024,928.908,7,55,0.23084194831013916
JO-151453,Jack O'Briant,Corporate,624,118.04,3,18,0.18916666666666668
JO-151454,Jack O'Briant,Corporate,3257,581.4045,9,59,0.17850921093030395
JO-152801,Jas O'Carroll,Consumer,2069,88.4535,7,38,0.04275181246979217
JO-152802,Jas O'Carroll,Consumer,886,103.2,1,4,0.11647855530474041
JO-152803,Jas O'Carroll,Consumer,2234,809.3096,7,59,0.36226929274843334
JO-152804,Jas O'Carroll,Consumer,1934,202.1362,6,36,0.10451716649431231
JO-155501,Jesus Ocampo,Home Office,1106,293.844,5,36,0.26568173598553346
JO-155502,Jesus Ocampo,Home Office,756,-14.154,4,19,-0.018722222222222223
JO-155503,Jesus Ocampo,Home Office,1050,93.93599999999999,5,13,0.08946285714285714
JO-155504,Jesus Ocampo,Home Office,1092,167.6709,5,42,0.1535447802197802
JO-51451,Jack O'Briant,Corporate,2255,532.3800000000001,3,14,0.23608869179600891
JO-51452,Jack O'Briant,Corporate,650,231.924,3,7,0.3568061538461539
JO-52801,Jas O'Carroll,Consumer,1696,702.69,4,27,0.4143219339622642
JO-55501,Jesus Ocampo,Home Office,1880,110.00999999999999,4,32,0.05851595744680851
JO-55502,Jesus Ocampo,Home Office,2325,-68.55000000000001,5,33,-0.02948387096774194
JP-154601,Jennifer Patt,Corporate,4266,209.07389999999998,6,68,0.049009353023909984
JP-154602,Jennifer Patt,Corporate,3163,760.3290000000001,7,45,0.24038223205817263
JP-154603,Jennifer Patt,Corporate,1818,240.79192,6,45,0.132448800880088
JP-154604,Jennifer Patt,Corporate,1669,429.7465,7,54,0.25748741761533855
JP-155201,Jeremy Pistek,Consumer,3872,170.5878,4,55,0.044056766528925616
JP-155202,Jeremy Pistek,Consumer,4867,1458.174,7,60,0.29960427367988496
JP-155203,Jeremy Pistek,Consumer,4055,468.80416,8,58,0.11561138347718866
JP-155204,Jeremy Pistek,Consumer,3638,757.1802,7,63,0.20813089609675647
JP-161351,Julie Prescott,Home Office,4659,1003.2456,11,55,0.21533496458467483
JP-161352,Julie Prescott,Home Office,2948,606.933,10,67,0.20587957937584803
JP-161353,Julie Prescott,Home Office,849,116.11999999999999,4,30,0.13677267373380447
JP-161354,Julie Prescott,Home Office,1706,309.7116,9,47,0.18154255568581476
JP-54601,Jennifer Patt,Corporate,113,35.43,1,5,0.3135398230088495
JP-54602,Jennifer Patt,Corporate,503,209.34,1,6,0.41618290258449303
JP-54603,Jennifer Patt,Corporate,2680,194.718,8,54,0.07265597014925372
JP-55201,Jeremy Pistek,Consumer,1213,352.578,1,4,0.29066611706512774
JP-55202,Jeremy Pistek,Consumer,133,61.2,1,6,0.46015037593984964
JP-55203,Jeremy Pistek,Consumer,881,-98.36399999999999,2,20,-0.11165039727582292
JP-61351,Julie Prescott,Home Office,231,24.57,3,5,0.10636363636363637
JP-61352,Julie Prescott,Home Office,4201,1418.46,5,37,0.3376481790049988
JR-156701,Jim Radford,Consumer,5919,136.88459999999998,5,50,0.023126305119107952
JR-156702,Jim Radford,Consumer,3510,74.493,8,22,0.02122307692307692
JR-156703,Jim Radford,Consumer,2753,-612.2040000000001,5,32,-0.2223770432255721
JR-156704,Jim Radford,Consumer,1157,-785.1645,2,14,-0.6786210025929127
JR-157001,Jocasta Rupert,Consumer,5295,954.912,6,32,0.18034220963172806
JR-157002,Jocasta Rupert,Consumer,1538,279.76800000000003,3,18,0.18190377113133943
JR-157003,Jocasta Rupert,Consumer,1873,-526.81024,8,51,-0.2812654778430326
JR-157004,Jocasta Rupert,Consumer,864,107.985,1,3,0.12498263888888889
JR-162101,Justin Ritter,Corporate,6360,170.211,5,41,0.026762735849056606
JR-162102,Justin Ritter,Corporate,1888,345.33,7,43,0.18290783898305085
JR-162103,Justin Ritter,Corporate,2141,254.032,4,36,0.11865109761793555
JR-162104,Justin Ritter,Corporate,2202,452.37300000000005,5,41,0.2054373297002725
JR-56701,Jim Radford,Consumer,1480,199.68,2,7,0.1349189189189189
JR-56702,Jim Radford,Consumer,1106,225.894,4,18,0.20424412296564196
JR-57001,Jocasta Rupert,Consumer,1409,393.89099999999996,3,21,0.2795535841022001
JR-57002,Jocasta Rupert,Consumer,263,-277.218,3,4,-1.0540608365019013
JR-62101,Justin Ritter,Corporate,617,102.69,3,12,0.16643435980551052
JR-62102,Justin Ritter,Corporate,169,8.4,1,2,0.049704142011834325
JR-62103,Justin Ritter,Corporate,248,-26.28,2,9,-0.10596774193548388
JS-155951,Jill Stevenson,Corporate,5975,436.09649999999993,4,51,0.07298686192468617
JS-155952,Jill Stevenson,Corporate,1099,294.282,6,33,0.2677725204731574
JS-155953,Jill Stevenson,Corporate,845,7.73599999999999,4,19,0.009155029585798806
JS-155954,Jill Stevenson,Corporate,1418,-175.549,4,35,-0.12380042313117066
JS-156851,Jim Sink,Corporate,7329,744.8205,7,58,0.10162648383135489
JS-156852,Jim Sink,Corporate,1746,478.371,7,34,0.27398109965635736
JS-156853,Jim Sink,Corporate,4132,679.7239999999999,8,104,0.16450242013552757
JS-156854,Jim Sink,Corporate,1130,-54.869200000000006,4,42,-0.04855681415929204
JS-158801,John Stevenson,Consumer,3345,1042.4661,6,44,0.3116490582959642
JS-158802,John Stevenson,Consumer,2373,-109.54800000000003,6,38,-0.04616434892541089
JS-158803,John Stevenson,Consumer,858,-26.848000000000003,3,17,-0.031291375291375295
JS-158804,John Stevenson,Consumer,3868,564.9798000000001,5,43,0.14606509824198555
JS-159401,Joni Sundaresam,Home Office,22,10.86,1,2,0.4936363636363636
JS-159402,Joni Sundaresam,Home Office,2143,268.341,5,30,0.12521745216985536
JS-159403,Joni Sundaresam,Home Office,1243,21.976000000000003,4,28,0.017679806918744975
JS-159404,Joni Sundaresam,Home Office,471,-327.9336,5,37,-0.6962496815286624
JS-160301,Joy Smith,Consumer,13219,-0.11070000000003688,14,110,-8.374309705729395e-06
JS-160302,Joy Smith,Consumer,1146,-237.237,7,30,-0.2070130890052356
JS-160303,Joy Smith,Consumer,2337,-126.84332000000003,5,35,-0.05427613179289689
JS-160304,Joy Smith,Consumer,2519,-311.25749999999994,6,70,-0.12356391425168715
JS-55951,Jill Stevenson,Corporate,59,-5.901,2,4,-0.10001694915254238
JS-55952,Jill Stevenson,Corporate,138,6.87,1,1,0.049782608695652174
JS-55953,Jill Stevenson,Corporate,608,-724.728,3,13,-1.191986842105263
JS-56851,Jim Sink,Corporate,263,38.309999999999995,2,3,0.14566539923954372
JS-56852,Jim Sink,Corporate,1681,464.13,3,14,0.27610350981558596
JS-58801,John Stevenson,Consumer,973,-1145.253,3,16,-1.177032887975334
JS-58802,John Stevenson,Consumer,772,165.6,3,11,0.21450777202072538
JS-59401,Joni Sundaresam,Home Office,755,91.002,3,15,0.12053245033112582
JS-59402,Joni Sundaresam,Home Office,17,4.11,1,1,0.24176470588235296
JS-59403,Joni Sundaresam,Home Office,2158,-56.38199999999998,9,32,-0.026126969416126033
JS-60301,Joy Smith,Consumer,1122,476.04,2,5,0.4242780748663102
JS-60302,Joy Smith,Consumer,431,106.19999999999999,1,6,0.24640371229698374
JS-60303,Joy Smith,Consumer,19,-9.792,1,2,-0.5153684210526316
JW-152201,Jane Waco,Corporate,7827,1036.2153,11,87,0.13238984285166733
JW-152202,Jane Waco,Corporate,6622,622.395,12,72,0.09398897614013893
JW-152203,Jane Waco,Corporate,933,282.832,5,21,0.30314255091103964
JW-152204,Jane Waco,Corporate,7722,2173.7093999999997,6,66,0.28149564879564876
JW-159551,Joni Wasserman,Consumer,4628,398.2677,8,46,0.08605611495246326
JW-159552,Joni Wasserman,Consumer,4086,114.09299999999996,8,104,0.027922907488986775
JW-159553,Joni Wasserman,Consumer,683,142.012,7,28,0.20792386530014642
JW-159554,Joni Wasserman,Consumer,1245,-29.575899999999976,7,41,-0.023755742971887532
JW-160751,Julia West,Consumer,7352,118.58849999999995,9,75,0.01613010065288356
JW-160752,Julia West,Consumer,8113,1732.7115,7,66,0.21357222975471465
JW-160753,Julia West,Consumer,2959,672.1320000000001,5,26,0.22714836093274757
JW-160754,Julia West,Consumer,1428,154.0637,4,38,0.10788774509803922
JW-52201,Jane Waco,Corporate,6173,1991.49,2,45,0.3226129920622064
JW-52202,Jane Waco,Corporate,1011,159.204,4,7,0.15747181008902078
JW-59551,Joni Wasserman,Consumer,249,87.12,1,4,0.3498795180722892
JW-59552,Joni Wasserman,Consumer,58,-54.81,1,3,-0.9450000000000001
JW-60751,Julia West,Consumer,644,231.48,3,14,0.3594409937888199
JW-60752,Julia West,Consumer,102,41.040000000000006,1,5,0.40235294117647064
KA-165251,Kelly Andreada,Consumer,5763,1483.1784,12,102,0.25736220718375846
KA-165252,Kelly Andreada,Consumer,7125,-699.201,9,58,-0.09813347368421053
KA-165253,Kelly Andreada,Consumer,3039,281.01672,7,57,0.09247012833168806
KA-165254,Kelly Andreada,Consumer,1520,234.9194,7,57,0.15455223684210526
KA-65251,Kelly Andreada,Consumer,407,-192.876,4,7,-0.4738968058968059
KA-65252,Kelly Andreada,Consumer,1022,294.36,3,20,0.28802348336594913
KB-162401,Karen Bern,Corporate,2930,228.738,5,38,0.07806757679180887
KB-162402,Karen Bern,Corporate,1158,319.395,8,45,0.2758160621761658
KB-162403,Karen Bern,Corporate,2661,489.5,7,32,0.1839534009770763
KB-162404,Karen Bern,Corporate,3152,763.9076,7,34,0.24235647208121827
KB-163151,Karl Braun,Consumer,5181,1038.966,8,56,0.20053387376954254
KB-163152,Karl Braun,Consumer,3956,92.14499999999998,7,52,0.023292467138523756
KB-163153,Karl Braun,Consumer,3834,239.25727999999992,5,59,0.062404089723526325
KB-163154,Karl Braun,Consumer,1568,49.71929999999999,9,62,0.03170873724489795
KB-164051,Katrina Bavinger,Home Office,6075,982.716,11,73,0.16176395061728396
KB-164052,Katrina Bavinger,Home Office,5858,-390.8505000000002,6,79,-0.06672080914988053
KB-164053,Katrina Bavinger,Home Office,946,-142.164,8,55,-0.15027906976744185
KB-164054,Katrina Bavinger,Home Office,909,274.29699999999997,3,25,0.3017568756875687
KB-165851,Ken Black,Corporate,8274,551.805,6,79,0.0666914430746918
KB-165852,Ken Black,Corporate,4440,328.2885,5,38,0.07393885135135135
KB-165853,Ken Black,Corporate,926,-61.23599999999999,4,45,-0.06612958963282936
KB-165854,Ken Black,Corporate,2745,579.3551,12,102,0.2110583242258652
KB-166001,Ken Brennan,Corporate,5897,365.4267,8,57,0.06196823808716296
KB-166002,Ken Brennan,Corporate,598,221.58,4,19,0.3705351170568562
KB-166003,Ken Brennan,Corporate,2818,6.787999999999954,6,47,0.00240880056777855
KB-166004,Ken Brennan,Corporate,984,293.55240000000003,7,29,0.2983256097560976
KB-62401,Karen Bern,Corporate,868,219.51,3,7,0.2528917050691244
KB-62402,Karen Bern,Corporate,1077,298.02,4,18,0.27671309192200555
KB-63151,Karl Braun,Consumer,1109,39.63900000000001,5,15,0.03574301172227232
KB-63152,Karl Braun,Consumer,1846,326.13599999999997,6,47,0.1766717226435536
KB-64051,Katrina Bavinger,Home Office,239,-105.762,3,15,-0.44251882845188284
KB-65851,Ken Black,Corporate,217,-47.19,2,2,-0.2174654377880184
KB-66001,Ken Brennan,Corporate,608,50.028000000000006,6,13,0.08228289473684211
KB-66002,Ken Brennan,Corporate,29,13.17,1,1,0.45413793103448274
KB-66003,Ken Brennan,Corporate,531,95.69999999999999,4,12,0.18022598870056494
KC-162551,Karen Carlisle,Corporate,3037,558.0333,8,53,0.18374491274283836
KC-162552,Karen Carlisle,Corporate,1439,260.805,3,18,0.1812404447533009
KC-162553,Karen Carlisle,Corporate,2725,474.752,10,56,0.17422091743119267
KC-162554,Karen Carlisle,Corporate,2122,846.1216999999999,6,40,0.3987378416588124
KC-165401,Kelly Collister,Consumer,6689,445.6539,6,37,0.06662489161309613
KC-165402,Kelly Collister,Consumer,1721,177.576,6,27,0.10318187100522952
KC-165403,Kelly Collister,Consumer,6577,1011.22836,9,85,0.15375222137752775
KC-165404,Kelly Collister,Consumer,3908,709.4219,4,28,0.18153068065506656
KC-166751,Kimberly Carter,Corporate,1752,-27.6096,4,32,-0.01575890410958904
KC-166752,Kimberly Carter,Corporate,7362,1941.867,8,91,0.26376894865525674
KC-166753,Kimberly Carter,Corporate,3272,194.87364,7,38,0.05955795843520782
KC-166754,Kimberly Carter,Corporate,1145,156.7797,4,40,0.1369255021834061
KC-62551,Karen Carlisle,Corporate,698,39.444000000000045,3,13,0.05651002865329519
KC-62552,Karen Carlisle,Corporate,395,-199.656,5,18,-0.5054582278481012
KC-65401,Kelly Collister,Consumer,175,-19.179,3,5,-0.1095942857142857
KC-65402,Kelly Collister,Consumer,331,33.402,4,14,0.10091238670694865
KC-66751,Kimberly Carter,Corporate,19,3.18,1,1,0.16736842105263158
KC-66752,Kimberly Carter,Corporate,373,-124.12799999999999,2,10,-0.3327828418230563
KD-162701,Karen Daniels,Consumer,7873,1197.843,9,63,0.1521456877937254
KD-162702,Karen Daniels,Consumer,3562,1003.9005000000001,7,50,0.28183618753509265
KD-162703,Karen Daniels,Consumer,3488,604.796,8,64,0.17339334862385322
KD-162704,Karen Daniels,Consumer,8282,1107.6952,5,64,0.13374730741366822
KD-163451,Katherine Ducich,Consumer,5411,1704.7043999999999,4,56,0.3150442432082794
KD-163452,Katherine Ducich,Consumer,3658,321.852,4,28,0.08798578458173865
KD-163453,Katherine Ducich,Consumer,201,7.98,1,3,0.039701492537313435
KD-163454,Katherine Ducich,Consumer,1889,328.5942,6,36,0.17395140285865537
KD-164951,Keith Dawkins,Corporate,9576,711.4416,10,84,0.07429423558897243
KD-164952,Keith Dawkins,Corporate,5900,1496.4675,10,53,0.2536385593220339
KD-164953,Keith Dawkins,Corporate,1336,-93.572,4,17,-0.07003892215568862
KD-164954,Keith Dawkins,Corporate,8184,3038.6254,12,84,0.3712885386119257
KD-166151,Ken Dana,Corporate,1042,270.585,4,23,0.2596785028790787
KD-166152,Ken Dana,Corporate,6685,730.5255,7,58,0.10927830964846671
KD-166153,Ken Dana,Corporate,2376,179.71312,8,81,0.07563683501683502
KD-166154,Ken Dana,Corporate,2245,539.7219,5,56,0.24041064587973274
KD-62701,Karen Daniels,Consumer,813,-1023.54,1,5,-1.2589667896678967
KD-63451,Katherine Ducich,Consumer,364,46.05,4,13,0.126510989010989
KD-63452,Katherine Ducich,Consumer,173,19.65,2,5,0.11358381502890172
KD-64951,Keith Dawkins,Corporate,938,165.72,2,7,0.17667377398720682
KD-64952,Keith Dawkins,Corporate,517,167.49,2,8,0.32396518375241784
KD-66151,Ken Dana,Corporate,205,30.18,3,6,0.14721951219512194
KE-164201,Katrina Edelman,Corporate,3589,397.2936,13,75,0.11069757592644192
KE-164202,Katrina Edelman,Corporate,1983,-945.372,4,45,-0.4767382753403933
KE-164203,Katrina Edelman,Corporate,5671,1336.35392,6,62,0.2356469617351437
KE-164204,Katrina Edelman,Corporate,1686,397.87989999999996,8,67,0.23599045077105574
KE-64201,Katrina Edelman,Corporate,573,150.57,3,5,0.26277486910994763
KE-64202,Katrina Edelman,Corporate,51,-50.178,1,3,-0.9838823529411764
KF-162851,Karen Ferguson,Home Office,2166,500.67150000000004,3,28,0.23115027700831026
KF-162852,Karen Ferguson,Home Office,1326,420.54900000000004,6,23,0.3171561085972851
KF-162853,Karen Ferguson,Home Office,1070,395.032,5,23,0.369188785046729
KF-162854,Karen Ferguson,Home Office,10606,1660.1386,7,67,0.15652824816141805
KF-62851,Karen Ferguson,Home Office,291,62.592,3,7,0.21509278350515462
KF-62852,Karen Ferguson,Home Office,2808,-653.79,6,61,-0.23283119658119658
KH-163301,Katharine Harms,Corporate,9625,2249.4501,11,72,0.2337091012987013
KH-163302,Katharine Harms,Corporate,1544,352.26,4,21,0.22814766839378237
KH-163303,Katharine Harms,Corporate,563,149.3604,3,10,0.26529378330373
KH-163304,Katharine Harms,Corporate,3313,454.7871,8,70,0.13727349833987323
KH-163601,Katherine Hughes,Consumer,4062,572.7774,8,71,0.14100871491875921
KH-163602,Katherine Hughes,Consumer,864,19.991999999999997,4,21,0.023138888888888886
KH-163603,Katherine Hughes,Consumer,1958,421.248,10,70,0.21514198161389173
KH-163604,Katherine Hughes,Consumer,3102,528.2051,6,40,0.1702788845905867
KH-165101,Keith Herrera,Consumer,6705,378.198,8,74,0.05640536912751678
KH-165102,Keith Herrera,Consumer,1409,354.36899999999997,7,38,0.2515039034776437
KH-165103,Keith Herrera,Consumer,1277,325.12,4,46,0.25459671104150355
KH-165104,Keith Herrera,Consumer,5954,656.1162,7,91,0.11019754786698019
KH-166301,Ken Heidel,Corporate,274,37.9332,4,16,0.13844233576642337
KH-166302,Ken Heidel,Corporate,1434,63.83999999999999,8,35,0.04451882845188284
KH-166303,Ken Heidel,Corporate,1597,376.51536,6,45,0.23576415779586724
KH-166304,Ken Heidel,Corporate,3920,727.3786,9,84,0.18555576530612244
KH-166901,Kristen Hastings,Corporate,4562,-152.7729,11,81,-0.03348814116615519
KH-166902,Kristen Hastings,Corporate,4761,543.126,14,95,0.11407813484562067
KH-166903,Kristen Hastings,Corporate,2844,749.628,7,39,0.2635822784810127
KH-166904,Kristen Hastings,Corporate,5991,1227.5091,7,69,0.20489218828242364
KH-63301,Katharine Harms,Corporate,1311,-180.45599999999996,6,26,-0.13764759725400455
KH-63302,Katharine Harms,Corporate,2058,585.624,7,22,0.2845597667638484
KH-63601,Katherine Hughes,Consumer,1616,99.315,4,8,0.06145730198019802
KH-63602,Katherine Hughes,Consumer,608,200.85,3,15,0.3303453947368421
KH-65101,Keith Herrera,Consumer,1473,475.02000000000004,5,29,0.3224847250509165
KH-65102,Keith Herrera,Consumer,72,8.01,2,3,0.11125
KH-66301,Ken Heidel,Corporate,340,57.72,1,2,0.16976470588235293
KH-66302,Ken Heidel,Corporate,1456,242.58599999999998,4,22,0.16661126373626373
KH-66901,Kristen Hastings,Corporate,405,154.20000000000002,3,13,0.38074074074074077
KH-66902,Kristen Hastings,Corporate,52,19.14,1,1,0.3680769230769231
KH-66903,Kristen Hastings,Corporate,1241,-170.25600000000003,3,11,-0.1371925866236906
KL-165551,Kelly Lampkin,Corporate,1796,326.4057,5,35,0.18174036748329622
KL-165552,Kelly Lampkin,Corporate,2771,504.81,7,46,0.18217610970768675
KL-165553,Kelly Lampkin,Corporate,2480,-67.51599999999999,6,60,-0.027224193548387093
KL-165554,Kelly Lampkin,Corporate,5019,-182.78130000000002,8,84,-0.036417872086072924
KL-166451,Ken Lonsdale,Consumer,3364,-888.7875,5,52,-0.2642055588585018
KL-166452,Ken Lonsdale,Consumer,4556,789.219,7,48,0.1732262949956102
KL-166453,Ken Lonsdale,Consumer,457,105.328,4,17,0.23047702407002188
KL-166454,Ken Lonsdale,Consumer,14175,806.8549999999999,12,113,0.05692098765432098
KL-65551,Kelly Lampkin,Corporate,1401,46.152,4,35,0.03294218415417559
KL-65552,Kelly Lampkin,Corporate,781,111.678,3,19,0.14299359795134442
KL-66451,Ken Lonsdale,Consumer,1340,-611.118,3,30,-0.4560582089552239
KL-66452,Ken Lonsdale,Consumer,235,-46.596,2,9,-0.19828085106382978
KM-162251,Kalyca Meade,Corporate,5006,-579.9264,8,66,-0.11584626448262085
KM-162252,Kalyca Meade,Corporate,203,59.400000000000006,2,9,0.2926108374384237
KM-162253,Kalyca Meade,Corporate,282,112.66,2,10,0.3995035460992908
KM-162254,Kalyca Meade,Corporate,2261,635.1057000000001,6,72,0.2808959310039806
KM-163751,Katherine Murray,Home Office,2191,298.971,4,30,0.13645413053400274
KM-163752,Katherine Murray,Home Office,6772,-16.877999999999957,8,63,-0.002492321323095091
KM-163753,Katherine Murray,Home Office,1813,-61.42836000000001,8,66,-0.033882162162162166
KM-163754,Katherine Murray,Home Office,5622,973.7901999999999,8,69,0.1732106367840626
KM-166601,Khloe Miller,Consumer,6362,-34.14240000000001,12,118,-0.005366614272241435
KM-166602,Khloe Miller,Consumer,3059,681.783,7,36,0.22287773782281792
KM-166603,Khloe Miller,Consumer,909,149.564,5,26,0.16453685368536852
KM-166604,Khloe Miller,Consumer,454,91.1391,5,30,0.20074691629955946
KM-167201,Kunst Miller,Consumer,5084,400.638,3,47,0.07880369787568843
KM-167202,Kunst Miller,Consumer,2368,160.14,5,52,0.06762668918918918
KM-167203,Kunst Miller,Consumer,1678,330.62,7,37,0.1970321811680572
KM-167204,Kunst Miller,Consumer,4910,745.7685,8,98,0.15188767820773932
KM-62251,Kalyca Meade,Corporate,7,-17.115,1,1,-2.445
KM-62252,Kalyca Meade,Corporate,884,159.408,2,14,0.18032579185520362
KM-63751,Katherine Murray,Home Office,1355,16.239,2,9,0.011984501845018451
KM-63752,Katherine Murray,Home Office,197,84.6,1,4,0.4294416243654822
KM-63753,Katherine Murray,Home Office,572,155.79,2,13,0.27236013986013985
KM-66601,Khloe Miller,Consumer,19,9.42,1,3,0.4957894736842105
KM-66602,Khloe Miller,Consumer,170,-49.866,2,3,-0.2933294117647059
KM-67201,Kunst Miller,Consumer,2928,1122.0240000000001,3,17,0.38320491803278695
KN-163901,Katherine Nockton,Corporate,6633,871.2141,9,46,0.1313454093170511
KN-163902,Katherine Nockton,Corporate,7376,2729.577,5,46,0.3700619577006508
KN-163903,Katherine Nockton,Corporate,2724,618.18324,6,54,0.22693951541850219
KN-163904,Katherine Nockton,Corporate,2618,-151.1518,9,56,-0.057735599694423226
KN-164501,Kean Nguyen,Corporate,8187,1638.1341,10,73,0.2000896665445218
KN-164502,Kean Nguyen,Corporate,1685,194.664,7,28,0.11552759643916913
KN-164503,Kean Nguyen,Corporate,4252,565.4879999999999,4,58,0.1329934148635936
KN-164504,Kean Nguyen,Corporate,2171,114.30829999999999,5,49,0.05265237217871948
KN-167051,Kristina Nunn,Home Office,2614,565.53,4,21,0.21634659525631217
KN-167052,Kristina Nunn,Home Office,548,107.178,3,20,0.19558029197080293
KN-167053,Kristina Nunn,Home Office,441,-66.97,4,25,-0.151859410430839
KN-167054,Kristina Nunn,Home Office,2280,329.76250000000005,8,55,0.1446326754385965
KN-63901,Katherine Nockton,Corporate,117,41.04,1,4,0.3507692307692308
KN-63902,Katherine Nockton,Corporate,201,36.33,2,3,0.18074626865671642
KN-64501,Kean Nguyen,Corporate,1221,373.494,6,19,0.3058918918918919
KN-64502,Kean Nguyen,Corporate,548,-628.872,2,13,-1.1475766423357663
KN-67051,Kristina Nunn,Home Office,318,71.82,1,6,0.22584905660377355
KN-67052,Kristina Nunn,Home Office,4514,691.188,4,21,0.15312095702259637
KS-163001,Karen Seio,Corporate,1979,350.3517,5,32,0.17703471450227387
KS-163002,Karen Seio,Corporate,2051,568.542,7,58,0.27720234032179425
KS-163003,Karen Seio,Corporate,984,160.98748,6,41,0.16360516260162603
KS-163004,Karen Seio,Corporate,89,0.11099999999999932,3,10,0.0012471910112359474
KS-63001,Karen Seio,Corporate,113,28.229999999999997,3,4,0.2498230088495575
KS-63002,Karen Seio,Corporate,109,5.46,1,2,0.050091743119266056
KT-164651,Kean Takahito,Consumer,4421,932.6292000000001,9,78,0.21095435421850262
KT-164652,Kean Takahito,Consumer,796,-179.895,5,27,-0.22599874371859296
KT-164653,Kean Takahito,Consumer,7450,-417.14799999999997,11,139,-0.05599302013422818
KT-164654,Kean Takahito,Consumer,3058,254.00320000000002,7,45,0.08306187050359713
KT-164801,Kean Thornton,Consumer,1271,-358.81230000000005,5,34,-0.28230708103855234
KT-164802,Kean Thornton,Consumer,159,-1.649999999999995,3,13,-0.010377358490566006
KT-164803,Kean Thornton,Consumer,170,10.236,2,12,0.060211764705882354
KT-164804,Kean Thornton,Consumer,4642,194.06710000000004,10,37,0.041806785868160286
KT-64651,Kean Takahito,Consumer,939,266.85,2,10,0.28418530351437704
KT-64652,Kean Takahito,Consumer,48,9.120000000000001,1,3,0.19000000000000003
KT-64653,Kean Takahito,Consumer,545,122.03399999999999,4,10,0.22391559633027522
KT-64801,Kean Thornton,Consumer,1720,125.994,5,23,0.07325232558139536
KT-64802,Kean Thornton,Consumer,400,-587.754,2,4,-1.469385
KW-164351,Katrina Willman,Consumer,1409,337.4976,3,14,0.23952987934705464
KW-164352,Katrina Willman,Consumer,7658,1101.72,10,65,0.14386523896578743
KW-164353,Katrina Willman,Consumer,1835,-169.312,5,51,-0.09226811989100818
KW-164354,Katrina Willman,Consumer,4418,1756.135,5,42,0.39749547306473515
KW-165701,Kelly Williams,Consumer,5505,1537.8228000000001,12,58,0.27935019073569484
KW-165702,Kelly Williams,Consumer,1717,409.9125,6,35,0.23873762376237626
KW-165703,Kelly Williams,Consumer,1585,135.904,12,87,0.08574384858044164
KW-165704,Kelly Williams,Consumer,449,107.92699999999999,4,22,0.2403719376391982
KW-64351,Katrina Willman,Consumer,427,80.97,4,21,0.18962529274004683
KW-65701,Kelly Williams,Consumer,549,174.66,2,15,0.31814207650273224
KW-65702,Kelly Williams,Consumer,2028,4.9199999999999955,4,17,0.0024260355029585776
LA-167801,Laura Armstrong,Corporate,8091,474.4389,12,63,0.0586378568780126
LA-167802,Laura Armstrong,Corporate,6678,1053.801,9,90,0.15780188679245283
LA-167803,Laura Armstrong,Corporate,832,166.66,2,20,0.2003125
LA-167804,Laura Armstrong,Corporate,8674,2059.1199,11,105,0.23738988932441782
LA-67801,Laura Armstrong,Corporate,559,148.62,3,12,0.2658676207513417
LA-67802,Laura Armstrong,Corporate,3030,59.669999999999945,9,33,0.019693069306930676
LB-167351,Larry Blacks,Consumer,2161,311.2929,4,25,0.1440503933364183
LB-167352,Larry Blacks,Consumer,1780,584.8140000000001,8,33,0.328547191011236
LB-167353,Larry Blacks,Consumer,8694,651.48432,14,120,0.07493493443754314
LB-167354,Larry Blacks,Consumer,50,18.6507,3,12,0.373014
LB-167951,Laurel Beltran,Home Office,8487,1517.9205,9,59,0.17885242135030047
LB-167952,Laurel Beltran,Home Office,8613,2892.717,6,52,0.33585475444096136
LB-167953,Laurel Beltran,Home Office,2504,156.93672,8,81,0.0626744089456869
LB-167954,Laurel Beltran,Home Office,4986,-52.191,8,76,-0.01046750902527076
LB-67351,Larry Blacks,Consumer,743,183.66,3,11,0.24718707940780618
LB-67352,Larry Blacks,Consumer,114,1.08,1,2,0.009473684210526316
LB-67353,Larry Blacks,Consumer,1041,-86.49000000000001,3,18,-0.08308357348703171
LB-67951,Laurel Beltran,Home Office,247,-262.935,3,11,-1.0645141700404859
LB-67952,Laurel Beltran,Home Office,1550,50.78999999999999,5,37,0.03276774193548387
LC-168701,Lena Cacioppo,Consumer,4570,854.76,6,39,0.18703719912472647
LC-168702,Lena Cacioppo,Consumer,1392,362.4,3,42,0.26034482758620686
LC-168703,Lena Cacioppo,Consumer,1317,19.438360000000003,4,25,0.014759574791192106
LC-168704,Lena Cacioppo,Consumer,2579,-188.2511,8,113,-0.07299383481969757
LC-168851,Lena Creighton,Consumer,4867,847.4964,8,45,0.174131169098007
LC-168852,Lena Creighton,Consumer,1506,-290.01599999999996,4,17,-0.19257370517928285
LC-168853,Lena Creighton,Consumer,3025,-520.352,5,33,-0.17201719008264463
LC-168854,Lena Creighton,Consumer,7662,1288.3469,12,93,0.16814759853824066
LC-169301,Linda Cazamias,Corporate,2629,328.983,7,32,0.125136173449981
LC-169302,Linda Cazamias,Corporate,2689,722.967,7,76,0.2688609148382298
LC-169303,Linda Cazamias,Corporate,1848,592.12896,4,23,0.3204161038961039
LC-169304,Linda Cazamias,Corporate,4492,288.266,8,52,0.06417319679430099
LC-169601,Lindsay Castell,Home Office,4611,262.1355,5,47,0.05685003253090436
LC-169602,Lindsay Castell,Home Office,3477,830.094,8,39,0.23873856773080243
LC-169603,Lindsay Castell,Home Office,478,-25.727999999999998,5,27,-0.05382426778242677
LC-169604,Lindsay Castell,Home Office,3247,299.48019999999997,4,30,0.09223289190021558
LC-170501,Liz Carlisle,Consumer,1780,-167.65109999999999,5,25,-0.09418601123595505
LC-170502,Liz Carlisle,Consumer,4298,665.838,6,47,0.1549181014425314
LC-170503,Liz Carlisle,Consumer,4760,565.0829200000001,7,56,0.11871489915966388
LC-170504,Liz Carlisle,Consumer,2096,86.778,5,43,0.04140171755725191
LC-171401,Logan Currie,Consumer,2287,356.01000000000005,5,24,0.1556668124180149
LC-171402,Logan Currie,Consumer,6100,633.282,8,83,0.10381672131147542
LC-171403,Logan Currie,Consumer,2106,233.98976,8,62,0.11110624881291548
LC-171404,Logan Currie,Consumer,2633,231.1252,9,62,0.08778017470565895
LC-68701,Lena Cacioppo,Consumer,294,-190.959,2,10,-0.6495204081632653
LC-68702,Lena Cacioppo,Consumer,926,319.38,6,12,0.34490280777537796
LC-68851,Lena Creighton,Consumer,1711,-146.652,7,56,-0.08571127995324371
LC-68852,Lena Creighton,Consumer,95,4.74,1,2,0.04989473684210526
LC-68853,Lena Creighton,Consumer,23,-11.052,1,2,-0.4805217391304348
LC-69301,Linda Cazamias,Corporate,3984,503.34,6,23,0.12634036144578312
LC-69302,Linda Cazamias,Corporate,1096,-162.26099999999997,3,5,-0.14804835766423355
LC-69601,Lindsay Castell,Home Office,1905,473.01,4,25,0.2482992125984252
LC-69602,Lindsay Castell,Home Office,583,-418.278,4,11,-0.7174579759862779
LC-70501,Liz Carlisle,Consumer,1909,537.672,5,32,0.2816511262441069
LC-70502,Liz Carlisle,Consumer,5284,1159.89,2,11,0.21950984102952312
LC-71401,Logan Currie,Consumer,1309,211.32,1,3,0.16143621084797555
LC-71402,Logan Currie,Consumer,922,135.65999999999997,1,4,0.14713665943600865
LC-71403,Logan Currie,Consumer,725,123.9,4,19,0.17089655172413795
LD-168551,Lela Donovan,Corporate,1475,258.3741,7,49,0.1751688813559322
LD-168552,Lela Donovan,Corporate,8109,1194.249,9,72,0.14727450980392157
LD-168553,Lela Donovan,Corporate,3770,360.10548000000006,13,95,0.09551869496021222
LD-168554,Lela Donovan,Corporate,5,0.4641,1,3,0.09282
LD-170051,Lisa DeCherney,Consumer,5389,974.529,9,70,0.18083670439784746
LD-170052,Lisa DeCherney,Consumer,1956,-476.799,8,33,-0.2437622699386503
LD-170053,Lisa DeCherney,Consumer,2154,197.74064,6,38,0.09180159702878367
LD-170054,Lisa DeCherney,Consumer,1963,557.1714000000001,4,25,0.28383667855323486
LD-68551,Lela Donovan,Corporate,1703,89.706,5,22,0.05267527891955373
LD-68552,Lela Donovan,Corporate,1119,-416.16,3,19,-0.3719034852546917
LD-70051,Lisa DeCherney,Consumer,61,-77.124,1,4,-1.2643278688524588
LD-70052,Lisa DeCherney,Consumer,19,8.61,1,1,0.4531578947368421
LD-70053,Lisa DeCherney,Consumer,282,-18.689999999999994,4,10,-0.06627659574468082
LE-168101,Laurel Elliston,Consumer,2499,227.0157,9,59,0.09084261704681873
LE-168102,Laurel Elliston,Consumer,5938,1216.1100000000001,8,81,0.20480127989221963
LE-168103,Laurel Elliston,Consumer,521,132.228,1,10,0.25379654510556626
LE-168104,Laurel Elliston,Consumer,1469,161.76489999999998,6,32,0.11011906058543225
LE-68101,Laurel Elliston,Consumer,1050,287.91,6,17,0.2742
LF-171851,Luke Foster,Consumer,3870,-29.10149999999998,5,70,-0.00751976744186046
LF-171852,Luke Foster,Consumer,4989,-103.31700000000002,8,80,-0.020708959711365008
LF-171853,Luke Foster,Consumer,76,16.2,2,12,0.2131578947368421
LF-171854,Luke Foster,Consumer,3931,-3583.9770000000003,7,69,-0.9117214449249555
LF-71851,Luke Foster,Consumer,351,32.879999999999995,2,2,0.09367521367521366
LF-71852,Luke Foster,Consumer,205,22.968,3,13,0.11203902439024391
LH-167501,Larry Hughes,Consumer,646,-92.27099999999999,4,33,-0.14283436532507737
LH-167502,Larry Hughes,Consumer,842,219.84,2,19,0.26109263657957243
LH-167503,Larry Hughes,Consumer,6172,456.81520000000006,13,102,0.07401412832145172
LH-167504,Larry Hughes,Consumer,288,12.627699999999999,3,12,0.04384618055555555
LH-169001,Lena Hernandez,Consumer,5730,639.3114,9,77,0.11157267015706807
LH-169002,Lena Hernandez,Consumer,689,55.50000000000001,4,21,0.08055152394775038
LH-169003,Lena Hernandez,Consumer,3384,-225.48612,7,61,-0.06663301418439717
LH-169004,Lena Hernandez,Consumer,2298,526.0726999999999,9,64,0.22892632724107917
LH-170201,Lisa Hazard,Consumer,2632,14.730000000000004,3,33,0.005596504559270518
LH-170202,Lisa Hazard,Consumer,1361,-43.176,4,22,-0.03172373254959589
LH-170203,Lisa Hazard,Consumer,3880,1311.5328,7,84,0.3380239175257732
LH-170204,Lisa Hazard,Consumer,318,-242.73989999999998,4,34,-0.7633330188679245
LH-171551,Logan Haushalter,Consumer,5667,-469.2642000000001,14,105,-0.08280645844362097
LH-171552,Logan Haushalter,Consumer,6577,907.191,4,49,0.13793386042268513
LH-171553,Logan Haushalter,Consumer,78,-5.376,2,9,-0.06892307692307693
LH-171554,Logan Haushalter,Consumer,1740,316.5202,9,44,0.18190816091954023
LH-67501,Larry Hughes,Consumer,312,54.762,2,7,0.17551923076923076
LH-67502,Larry Hughes,Consumer,433,-10.572000000000003,3,6,-0.024415704387990768
LH-69001,Lena Hernandez,Consumer,815,0.7319999999999709,2,5,0.0008981595092024182
LH-69002,Lena Hernandez,Consumer,25,1.26,1,1,0.0504
LH-70201,Lisa Hazard,Consumer,969,300.48,2,8,0.31009287925696594
LH-70202,Lisa Hazard,Consumer,4,-2.748,1,1,-0.687
LH-71551,Logan Haushalter,Consumer,137,49.44,1,1,0.3608759124087591
LH-71552,Logan Haushalter,Consumer,152,50.22,1,6,0.33039473684210524
LH-71553,Logan Haushalter,Consumer,2937,670.8,6,19,0.22839632277834523
LL-168401,Lauren Leatherbury,Consumer,2678,709.3689,5,31,0.2648875653472741
LL-168402,Lauren Leatherbury,Consumer,4256,-954.873,8,51,-0.224359257518797
LL-168403,Lauren Leatherbury,Consumer,1613,-49.90584000000001,7,38,-0.03093976441413516
LL-168404,Lauren Leatherbury,Consumer,2740,560.0078,6,50,0.20438240875912408
LL-68401,Lauren Leatherbury,Consumer,3082,410.88,4,39,0.13331602855288774
LL-68402,Lauren Leatherbury,Consumer,570,219.462,5,11,0.38502105263157893
LM-170651,Liz MacKendrick,Consumer,5588,124.01999999999995,7,76,0.02219398711524695
LM-170652,Liz MacKendrick,Consumer,1687,329.085,2,36,0.19507113218731476
LM-170653,Liz MacKendrick,Consumer,628,-14.756,4,21,-0.023496815286624204
LM-170654,Liz MacKendrick,Consumer,1347,-44.877999999999986,5,32,-0.03331700074239049
LM-70651,Liz MacKendrick,Consumer,1616,426.06,3,21,0.2636509900990099
LM-70652,Liz MacKendrick,Consumer,4665,1048.62,1,19,0.2247845659163987
LO-171701,Lori Olson,Corporate,4683,570.3612,8,61,0.12179397821909034
LO-171702,Lori Olson,Corporate,3470,1171.365,10,59,0.3375691642651297
LO-171703,Lori Olson,Corporate,2462,427.80740000000003,5,51,0.17376417546709994
LO-171704,Lori Olson,Corporate,644,150.1712,5,34,0.23318509316770186
LO-71701,Lori Olson,Corporate,1349,424.32000000000005,4,8,0.31454410674573763
LO-71702,Lori Olson,Corporate,933,-955.305,3,19,-1.0239067524115755
LP-170801,Liz Pelletier,Consumer,2949,-75.97050000000002,5,50,-0.025761444557477114
LP-170802,Liz Pelletier,Consumer,1128,89.46600000000001,7,35,0.07931382978723404
LP-170803,Liz Pelletier,Consumer,2799,-386.212,8,52,-0.13798213647731333
LP-170804,Liz Pelletier,Consumer,757,110.7813,4,39,0.146342536327609
LP-170951,Liz Preis,Consumer,4733,648.6492,8,63,0.13704821466300443
LP-170952,Liz Preis,Consumer,1493,164.166,4,25,0.10995713328868051
LP-170953,Liz Preis,Consumer,5720,852.0674,7,78,0.14896283216783218
LP-170954,Liz Preis,Consumer,3654,338.4454,7,52,0.0926232621784346
LP-70801,Liz Pelletier,Consumer,1625,73.2,4,15,0.04504615384615385
LP-70802,Liz Pelletier,Consumer,207,-76.842,3,6,-0.37121739130434783
LP-70951,Liz Preis,Consumer,4,0.42,1,1,0.105
LP-70952,Liz Preis,Consumer,238,61.32,1,13,0.2576470588235294
LP-70953,Liz Preis,Consumer,769,57.629999999999995,2,7,0.07494148244473342
LR-169151,Lena Radford,Consumer,6098,1650.12,5,40,0.2706001967858314
LR-169152,Lena Radford,Consumer,8429,1143.369,8,53,0.13564705184482143
LR-169153,Lena Radford,Consumer,2765,275.49656000000004,7,53,0.09963709222423148
LR-169154,Lena Radford,Consumer,5143,535.4764,6,64,0.10411751895780673
LR-170351,Lisa Ryan,Corporate,4601,541.842,6,42,0.11776613779613128
LR-170352,Lisa Ryan,Corporate,5989,1231.881,7,44,0.20569059943229254
LR-170353,Lisa Ryan,Corporate,3652,774.7832000000001,8,77,0.212153121577218
LR-170354,Lisa Ryan,Corporate,1880,-382.8079,5,44,-0.20362122340425534
LR-69151,Lena Radford,Consumer,49,11.85,1,1,0.24183673469387754
LR-69152,Lena Radford,Consumer,419,-244.596,2,13,-0.5837613365155131
LR-70351,Lisa Ryan,Corporate,1864,189.63,6,24,0.10173283261802575
LR-70352,Lisa Ryan,Corporate,813,93.81,3,12,0.11538745387453875
LS-169451,Linda Southworth,Corporate,4275,-40.599000000000046,4,44,-0.009496842105263168
LS-169452,Linda Southworth,Corporate,1979,48.341999999999985,5,37,0.024427488630621517
LS-169453,Linda Southworth,Corporate,1321,224.52476000000001,5,28,0.16996575321725965
LS-169454,Linda Southworth,Corporate,2845,-318.77369999999996,6,51,-0.11204699472759225
LS-169751,Lindsay Shagiari,Home Office,1977,658.0197,4,26,0.33283748103186644
LS-169752,Lindsay Shagiari,Home Office,1123,53.730000000000004,3,23,0.047845057880676764
LS-169753,Lindsay Shagiari,Home Office,2560,763.492,6,43,0.2982390625
LS-169754,Lindsay Shagiari,Home Office,2989,262.63669999999996,9,63,0.08786774841083973
LS-172001,Luke Schmidt,Corporate,4036,550.1652,8,66,0.13631446977205156
LS-172002,Luke Schmidt,Corporate,3216,-197.8125,3,18,-0.06150886194029851
LS-172003,Luke Schmidt,Corporate,6997,1159.8925199999999,7,61,0.16576997570387306
LS-172004,Luke Schmidt,Corporate,1009,244.197,6,54,0.24201883052527254
LS-172301,Lycoris Saunders,Consumer,5888,1090.65,9,82,0.1852326766304348
LS-172302,Lycoris Saunders,Consumer,2369,440.391,6,35,0.18589742507387083
LS-172303,Lycoris Saunders,Consumer,1949,376.46047999999996,6,53,0.19315571062083117
LS-172304,Lycoris Saunders,Consumer,368,39.1952,3,16,0.10650869565217391
LS-172451,Lynn Smith,Consumer,3639,824.916,7,44,0.22668755152514428
LS-172452,Lynn Smith,Consumer,893,164.74200000000002,3,17,0.184481522956327
LS-172453,Lynn Smith,Consumer,5219,540.164,8,61,0.10349952098103085
LS-172454,Lynn Smith,Consumer,1007,348.3584,6,47,0.34593684210526315
LS-69451,Linda Southworth,Corporate,1321,474.82800000000003,5,20,0.35944587433762304
LS-69452,Linda Southworth,Corporate,194,9.33,1,5,0.04809278350515464
LS-69453,Linda Southworth,Corporate,1210,-465.504,6,16,-0.38471404958677685
LS-69751,Lindsay Shagiari,Home Office,217,-10.841999999999999,3,15,-0.04996313364055299
LS-69752,Lindsay Shagiari,Home Office,451,100.74000000000001,1,20,0.22337028824833705
LS-69753,Lindsay Shagiari,Home Office,49,-49.70399999999999,1,2,-1.0143673469387753
LS-72001,Luke Schmidt,Corporate,341,-102.474,4,9,-0.30051026392961877
LS-72301,Lycoris Saunders,Consumer,505,43.041000000000004,4,9,0.08522970297029704
LS-72302,Lycoris Saunders,Consumer,660,-612.333,6,28,-0.9277772727272727
LS-72451,Lynn Smith,Consumer,915,-386.34899999999993,4,30,-0.42223934426229504
LS-72452,Lynn Smith,Consumer,40,6.3,2,2,0.1575
LT-167651,Larry Tron,Consumer,7225,904.962,10,55,0.12525425605536333
LT-167652,Larry Tron,Consumer,4891,1701.3255,6,41,0.3478481905540789
LT-167653,Larry Tron,Consumer,4808,1283.33944,11,73,0.2669175207986689
LT-167654,Larry Tron,Consumer,330,59.036,3,8,0.1788969696969697
LT-171101,Liz Thompson,Consumer,4690,504.3078,8,75,0.10752831556503198
LT-171102,Liz Thompson,Consumer,4197,275.148,7,68,0.06555825589706935
LT-171103,Liz Thompson,Consumer,1163,281.85536,3,22,0.24235198624247636
LT-171104,Liz Thompson,Consumer,2935,320.973,8,63,0.10936047700170358
LT-67651,Larry Tron,Consumer,1279,259.56,2,9,0.20293979671618453
LT-67652,Larry Tron,Consumer,29,1.44,1,2,0.0496551724137931
LT-67653,Larry Tron,Consumer,57,3.99,1,1,0.07
LT-71101,Liz Thompson,Consumer,7853,1676.094,4,57,0.2134335922577359
LT-71102,Liz Thompson,Consumer,379,88.05,2,3,0.23232189973614775
LW-168251,Laurel Workman,Corporate,2026,489.52199999999993,8,55,0.2416199407699901
LW-168252,Laurel Workman,Corporate,5260,383.6999999999999,5,41,0.07294676806083648
LW-168253,Laurel Workman,Corporate,469,76.21224000000001,2,5,0.16249944562899787
LW-168254,Laurel Workman,Corporate,2239,32.576700000000045,5,50,0.014549665029030838
LW-169901,Lindsay Williams,Corporate,1151,367.179,4,28,0.31900868809730665
LW-169902,Lindsay Williams,Corporate,4275,406.1565,7,47,0.09500736842105263
LW-169903,Lindsay Williams,Corporate,456,-100.824,6,16,-0.22110526315789472
LW-169904,Lindsay Williams,Corporate,3232,662.8339,6,38,0.2050847462871287
LW-171251,Liz Willingham,Consumer,529,-176.19,1,4,-0.333062381852552
LW-171252,Liz Willingham,Consumer,2329,120.561,9,60,0.05176513525118077
LW-171253,Liz Willingham,Consumer,1252,381.048,3,21,0.30435143769968054
LW-171254,Liz Willingham,Consumer,1259,192.6312,3,15,0.15300333598093727
LW-172151,Luke Weiss,Consumer,2914,-296.60999999999996,8,52,-0.10178792038435139
LW-172152,Luke Weiss,Consumer,404,30.93,4,19,0.07655940594059406
LW-172153,Luke Weiss,Consumer,1789,422.99744,5,54,0.2364435103409726
LW-172154,Luke Weiss,Consumer,5422,837.2411000000001,7,59,0.15441554776835117
LW-68251,Laurel Workman,Corporate,329,79.662,5,16,0.24213373860182372
LW-68252,Laurel Workman,Corporate,550,87.132,6,14,0.1584218181818182
LW-69901,Lindsay Williams,Corporate,172,18.57,3,6,0.10796511627906977
LW-69902,Lindsay Williams,Corporate,1696,133.011,8,44,0.07842629716981132
LW-71251,Liz Willingham,Consumer,2012,714.975,5,11,0.35535536779324056
LW-71252,Liz Willingham,Consumer,664,167.016,4,15,0.2515301204819277
LW-72151,Luke Weiss,Consumer,896,-341.376,3,5,-0.38099999999999995
LW-72152,Luke Weiss,Consumer,277,91.44,1,2,0.33010830324909746
LW-72153,Luke Weiss,Consumer,349,104.76,1,2,0.3001719197707737
MA-175601,Matt Abelman,Home Office,1209,52.0914,5,42,0.0430863523573201
MA-175602,Matt Abelman,Home Office,2823,-574.947,4,42,-0.20366524973432518
MA-175603,Matt Abelman,Home Office,2486,66.70648000000001,4,45,0.026832855993563963
MA-175604,Matt Abelman,Home Office,4300,1240.2266,11,117,0.2884247906976744
MA-179951,Michelle Arnett,Home Office,4311,830.7867,6,49,0.19271322199025748
MA-179952,Michelle Arnett,Home Office,1634,259.329,4,29,0.15870807833537331
MA-179953,Michelle Arnett,Home Office,1607,-481.57936,6,37,-0.299676017423771
MA-179954,Michelle Arnett,Home Office,2453,280.7822,6,42,0.11446481858948226
MA-75601,Matt Abelman,Home Office,559,79.58999999999999,1,2,0.1423792486583184
MA-75602,Matt Abelman,Home Office,1070,-343.764,3,7,-0.3212747663551402
MA-79951,Michelle Arnett,Home Office,1558,429.231,8,27,0.2755012836970475
MA-79952,Michelle Arnett,Home Office,130,30.0,1,2,0.23076923076923078
MA-79953,Michelle Arnett,Home Office,240,-245.874,2,13,-1.024475
MB-173051,Maria Bertelson,Consumer,7524,1895.5944000000004,4,29,0.25193971291866035
MB-173052,Maria Bertelson,Consumer,5086,756.903,10,60,0.1488208808493905
MB-173053,Maria Bertelson,Consumer,2573,616.48592,3,23,0.239598103381267
MB-173054,Maria Bertelson,Consumer,1547,212.425,10,63,0.1373141564318035
MB-180851,Mick Brown,Consumer,6116,1191.723,4,26,0.19485333551340744
MB-180852,Mick Brown,Consumer,1735,224.77200000000002,9,31,0.12955158501440922
MB-180853,Mick Brown,Consumer,5466,702.00488,10,96,0.1284311891694109
MB-180854,Mick Brown,Consumer,1429,117.80569999999999,7,39,0.08243925822253323
MB-73051,Maria Bertelson,Consumer,4215,1055.4270000000001,4,15,0.2503978647686833
MB-73052,Maria Bertelson,Consumer,662,85.512,4,18,0.12917220543806646
MB-80851,Mick Brown,Consumer,139,-99.108,2,11,-0.7130071942446043
MB-80852,Mick Brown,Consumer,1566,458.76599999999996,6,23,0.2929540229885057
MC-172751,Marc Crier,Consumer,2443,-25.7364,9,41,-0.010534752353663529
MC-172752,Marc Crier,Consumer,2843,95.6055,9,44,0.03362838550826592
MC-172753,Marc Crier,Consumer,3672,932.2084,8,50,0.2538693899782135
MC-172754,Marc Crier,Consumer,2727,461.0014,8,54,0.16905075174184084
MC-174251,Mark Cousins,Corporate,4780,947.0787,10,54,0.19813361924686193
MC-174252,Mark Cousins,Corporate,526,119.472,4,22,0.22713307984790873
MC-174253,Mark Cousins,Corporate,5317,1111.6164800000001,11,108,0.20906836185819075
MC-174254,Mark Cousins,Corporate,4433,1802.3903,5,48,0.4065847732912249
MC-175751,Matt Collins,Consumer,7467,30.233100000000107,9,83,0.004048895138609898
MC-175752,Matt Collins,Consumer,2352,595.905,6,36,0.2533609693877551
MC-175753,Matt Collins,Consumer,3154,129.14195999999998,10,58,0.040945453392517435
MC-175754,Matt Collins,Consumer,1304,210.7493,8,40,0.16161756134969327
MC-175901,Matt Collister,Corporate,2445,341.25,1,14,0.13957055214723926
MC-175902,Matt Collister,Corporate,2191,349.953,7,53,0.15972295755362848
MC-175903,Matt Collister,Corporate,3057,357.42168000000004,11,63,0.11691909715407263
MC-175904,Matt Collister,Corporate,2427,288.9841,6,47,0.11907049855789041
MC-176051,Matt Connell,Corporate,2942,-243.60150000000007,4,24,-0.08280132562882396
MC-176052,Matt Connell,Corporate,3719,906.51,6,33,0.2437510083355741
MC-176053,Matt Connell,Corporate,4103,437.9314,8,75,0.10673443821593956
MC-176054,Matt Connell,Corporate,2258,195.4486,8,60,0.08655828166519043
MC-176351,Matthew Clasen,Corporate,7576,1329.5607,10,67,0.17549639651531151
MC-176352,Matthew Clasen,Corporate,2615,330.0,7,47,0.12619502868068833
MC-176353,Matthew Clasen,Corporate,10126,2117.8759999999997,13,122,0.20915228125617222
MC-176354,Matthew Clasen,Corporate,795,-247.94350000000006,4,33,-0.3118786163522013
MC-178451,Michael Chen,Consumer,6969,-124.1325,10,52,-0.01781209642703401
MC-178452,Michael Chen,Consumer,1717,120.588,5,28,0.07023179965055329
MC-178453,Michael Chen,Consumer,2456,369.43452,9,52,0.15042122149837134
MC-178454,Michael Chen,Consumer,3805,698.4174,7,45,0.1835525361366623
MC-181001,Mick Crebagga,Consumer,3397,-842.0304,8,35,-0.24787471298204297
MC-181002,Mick Crebagga,Consumer,3957,641.019,9,55,0.1619962092494314
MC-181003,Mick Crebagga,Consumer,1781,395.888,6,49,0.2222841100505334
MC-181004,Mick Crebagga,Consumer,2220,-64.16680000000001,10,73,-0.02890396396396397
MC-181301,Mike Caudle,Corporate,790,131.025,4,21,0.16585443037974684
MC-181302,Mike Caudle,Corporate,3277,681.348,3,47,0.20791821788220932
MC-181303,Mike Caudle,Corporate,2881,-216.96800000000005,11,90,-0.07530996181881293
MC-181304,Mike Caudle,Corporate,1582,121.75649999999999,5,34,0.07696365360303413
MC-72751,Marc Crier,Consumer,1324,44.673,3,6,0.03374093655589124
MC-72752,Marc Crier,Consumer,2979,605.7299999999999,2,17,0.2033333333333333
MC-74251,Mark Cousins,Corporate,1381,-1144.839,4,34,-0.8289927588703837
MC-74252,Mark Cousins,Corporate,111,15.54,1,2,0.13999999999999999
MC-75751,Matt Collins,Consumer,761,-13.319999999999999,3,15,-0.01750328515111695
MC-75752,Matt Collins,Consumer,2859,796.638,5,45,0.2786421825813222
MC-75901,Matt Collister,Corporate,481,82.28999999999999,2,7,0.17108108108108105
MC-75902,Matt Collister,Corporate,1073,487.29,1,10,0.4541379310344828
MC-76051,Matt Connell,Corporate,18,3.63,1,1,0.20166666666666666
MC-76052,Matt Connell,Corporate,190,67.05,1,5,0.35289473684210526
MC-76351,Matthew Clasen,Corporate,634,105.53999999999999,2,15,0.1664668769716088
MC-76352,Matthew Clasen,Corporate,59,8.256,2,4,0.1399322033898305
MC-78451,Michael Chen,Consumer,384,50.13,2,4,0.130546875
MC-78452,Michael Chen,Consumer,608,98.568,2,4,0.16211842105263158
MC-81001,Mick Crebagga,Consumer,659,205.44,3,16,0.3117450682852807
MC-81301,Mike Caudle,Corporate,345,-66.15,2,15,-0.19173913043478263
MC-81302,Mike Caudle,Corporate,480,145.62,3,7,0.303375
MD-173501,Maribeth Dona,Consumer,2062,-543.5532,6,44,-0.2636048496605237
MD-173502,Maribeth Dona,Consumer,970,95.787,4,17,0.09874948453608248
MD-173503,Maribeth Dona,Consumer,9657,1730.67152,13,103,0.17921419902661284
MD-173504,Maribeth Dona,Consumer,3766,-241.95,7,64,-0.06424588422729686
MD-178601,Michael Dominguez,Corporate,9590,1235.5551,9,66,0.12883786235662148
MD-178602,Michael Dominguez,Corporate,2689,436.818,9,64,0.16244626255113426
MD-178603,Michael Dominguez,Corporate,2090,-72.02436,5,41,-0.034461416267942586
MD-178604,Michael Dominguez,Corporate,1203,-4.0402999999999984,5,45,-0.0033585203657522846
MD-73501,Maribeth Dona,Consumer,732,121.11,3,11,0.16545081967213116
MD-73502,Maribeth Dona,Consumer,26,13.2,1,1,0.5076923076923077
MD-73503,Maribeth Dona,Consumer,616,55.368,2,12,0.08988311688311688
MD-78601,Michael Dominguez,Corporate,6855,2176.092,5,34,0.3174459518599563
ME-173201,Maria Etezadi,Home Office,5608,629.127,6,53,0.11218384450784592
ME-173202,Maria Etezadi,Home Office,6977,921.846,10,97,0.13212641536476996
ME-173203,Maria Etezadi,Home Office,1281,-50.79199999999997,4,23,-0.03965027322404369
ME-173204,Maria Etezadi,Home Office,10665,1859.4695,10,82,0.17435250820440693
ME-177251,Max Engle,Consumer,3465,118.01039999999999,9,72,0.0340578354978355
ME-177252,Max Engle,Consumer,801,151.51500000000001,3,17,0.18915730337078654
ME-177253,Max Engle,Consumer,1666,-23.861999999999988,8,48,-0.01432292917166866
ME-177254,Max Engle,Consumer,1908,77.81280000000002,8,46,0.04078238993710693
ME-180101,Michelle Ellison,Corporate,1520,290.145,6,23,0.19088486842105262
ME-180102,Michelle Ellison,Corporate,5882,116.18400000000005,11,69,0.019752465147908883
ME-180103,Michelle Ellison,Corporate,1888,125.62892,6,31,0.06654074152542372
ME-180104,Michelle Ellison,Corporate,1257,107.3604,4,15,0.08541002386634845
ME-73201,Maria Etezadi,Home Office,419,-170.682,4,8,-0.4073556085918854
ME-73202,Maria Etezadi,Home Office,1302,229.59,6,33,0.17633640552995392
ME-77251,Max Engle,Consumer,514,-89.565,4,13,-0.17425097276264592
ME-77252,Max Engle,Consumer,204,53.07,1,1,0.2601470588235294
ME-77253,Max Engle,Consumer,1366,386.28,6,27,0.2827818448023426
ME-80101,Michelle Ellison,Corporate,161,15.9,1,10,0.09875776397515529
MF-176651,Maureen Fritzler,Corporate,4636,369.32189999999997,7,59,0.07966391285591026
MF-176652,Maureen Fritzler,Corporate,4860,955.347,10,56,0.19657345679012345
MF-176653,Maureen Fritzler,Corporate,2935,434.32343999999995,7,43,0.14798072913117546
MF-176654,Maureen Fritzler,Corporate,936,-341.52650000000006,5,36,-0.3648787393162394
MF-182501,Monica Federle,Corporate,6176,100.13160000000002,8,98,0.01621301813471503
MF-182502,Monica Federle,Corporate,9618,1444.2810000000002,13,98,0.15016437928883344
MF-182503,Monica Federle,Corporate,2874,271.137,6,44,0.09434133611691023
MF-182504,Monica Federle,Corporate,1759,456.86080000000004,5,38,0.2597275724843661
MF-76651,Maureen Fritzler,Corporate,58,3.42,2,3,0.05896551724137931
MF-76652,Maureen Fritzler,Corporate,104,0.0,1,2,0.0
MF-82501,Monica Federle,Corporate,25,1.5,1,1,0.06
MF-82502,Monica Federle,Corporate,1492,299.42999999999995,5,16,0.20069034852546913
MG-176501,Matthew Grinstein,Home Office,4904,1043.844,5,63,0.21285562805872757
MG-176502,Matthew Grinstein,Home Office,2972,666.327,4,50,0.2242015477792732
MG-176503,Matthew Grinstein,Home Office,1054,126.10267999999999,5,28,0.11964201138519924
MG-176504,Matthew Grinstein,Home Office,3785,341.898,7,57,0.09032972258916777
MG-176801,Maureen Gastineau,Home Office,9028,1144.6821,13,130,0.12679243464776252
MG-176802,Maureen Gastineau,Home Office,3801,-119.32799999999997,6,39,-0.03139384372533543
MG-176803,Maureen Gastineau,Home Office,884,-158.808,5,25,-0.1796470588235294
MG-176804,Maureen Gastineau,Home Office,2351,25.888599999999983,4,25,0.011011739685240315
MG-176951,Maureen Gnade,Consumer,6960,1905.5867999999998,11,83,0.2737912068965517
MG-176952,Maureen Gnade,Consumer,6958,-881.766,6,98,-0.12672693302673183
MG-176953,Maureen Gnade,Consumer,962,135.88400000000001,5,45,0.14125155925155927
MG-176954,Maureen Gnade,Consumer,1342,-398.7932,3,23,-0.29716333830104324
MG-178751,Michael Grace,Home Office,4374,176.6466,9,56,0.04038559670781893
MG-178752,Michael Grace,Home Office,6604,77.08950000000004,11,56,0.011673152634766815
MG-178753,Michael Grace,Home Office,2233,83.55151999999998,8,73,0.037416712942230174
MG-178754,Michael Grace,Home Office,1241,-470.7684,5,23,-0.3793460112812248
MG-178901,Michael Granlund,Home Office,7964,-559.2741,8,84,-0.07022527624309392
MG-178902,Michael Granlund,Home Office,2846,122.41499999999999,9,81,0.04301300070274069
MG-178903,Michael Granlund,Home Office,1579,-712.1759999999999,3,25,-0.4510297656744775
MG-178904,Michael Granlund,Home Office,777,171.7372,9,35,0.22102599742599743
MG-181451,Mike Gockenbach,Consumer,3170,1048.0092,5,15,0.3306022712933754
MG-181452,Mike Gockenbach,Consumer,9501,3144.444,4,33,0.33095926744553206
MG-181453,Mike Gockenbach,Consumer,2416,569.312,11,77,0.23564238410596028
MG-181454,Mike Gockenbach,Consumer,3062,-93.603,4,42,-0.030569235793598954
MG-182051,Mitch Gastineau,Corporate,7669,1107.672,7,63,0.14443499804407356
MG-182052,Mitch Gastineau,Corporate,5544,384.29999999999995,11,79,0.0693181818181818
MG-182053,Mitch Gastineau,Corporate,3134,49.504599999999996,10,49,0.015795979578813017
MG-182054,Mitch Gastineau,Corporate,16,-1.2453,1,8,-0.07783125
MG-76501,Matthew Grinstein,Home Office,302,27.15,1,1,0.08990066225165562
MG-76801,Maureen Gastineau,Home Office,2878,333.078,5,40,0.11573245309242529
MG-76802,Maureen Gastineau,Home Office,1421,-484.32,4,20,-0.34083040112596763
MG-76951,Maureen Gnade,Consumer,557,171.42,3,13,0.3077558348294434
MG-76952,Maureen Gnade,Consumer,1547,-86.634,4,31,-0.05600129282482224
MG-78751,Michael Grace,Home Office,80,15.87,1,3,0.198375
MG-78901,Michael Granlund,Home Office,19,-22.482,1,1,-1.1832631578947368
MG-81451,Mike Gockenbach,Consumer,4881,1769.154,2,12,0.36245728334357713
MG-81452,Mike Gockenbach,Consumer,348,21.36,1,6,0.06137931034482758
MG-82051,Mitch Gastineau,Corporate,1355,467.04,3,13,0.3446789667896679
MG-82052,Mitch Gastineau,Corporate,15,5.43,1,1,0.362
MG-82053,Mitch Gastineau,Corporate,277,-190.266,3,5,-0.6868808664259928
MH-172901,Marc Harrigan,Home Office,3762,655.2506999999999,4,55,0.17417615629984048
MH-172902,Marc Harrigan,Home Office,2845,527.052,8,46,0.1852555360281195
MH-172903,Marc Harrigan,Home Office,4717,739.54896,7,85,0.15678375238499045
MH-172904,Marc Harrigan,Home Office,2393,28.761200000000006,6,55,0.01201888842457167
MH-174401,Mark Haberlin,Corporate,3492,266.3088,8,42,0.07626254295532646
MH-174402,Mark Haberlin,Corporate,3454,293.049,8,79,0.08484337000579038
MH-174403,Mark Haberlin,Corporate,601,150.65200000000002,5,38,0.2506688851913478
MH-174404,Mark Haberlin,Corporate,400,61.428599999999996,4,25,0.1535715
MH-174551,Mark Hamilton,Consumer,2602,584.1816,6,39,0.22451252882398157
MH-174552,Mark Hamilton,Consumer,3228,472.48199999999997,8,43,0.14636988847583643
MH-174553,Mark Hamilton,Consumer,1691,-1385.54088,5,31,-0.8193618450620934
MH-174554,Mark Hamilton,Consumer,2456,484.7733,8,45,0.19738326547231272
MH-176201,Matt Hagelstein,Corporate,732,-191.99609999999998,3,11,-0.26228975409836064
MH-176202,Matt Hagelstein,Corporate,4013,398.505,7,62,0.0993035135808622
MH-176203,Matt Hagelstein,Corporate,5040,-221.98512,6,67,-0.04404466666666666
MH-176204,Matt Hagelstein,Corporate,1253,122.3612,4,19,0.09765458898643256
MH-177851,Maya Herman,Corporate,4676,744.4206,7,67,0.15920029940119762
MH-177852,Maya Herman,Corporate,2780,750.564,5,25,0.2699870503597122
MH-177853,Maya Herman,Corporate,2017,-548.5205599999999,7,57,-0.2719487159147248
MH-177854,Maya Herman,Corporate,2203,238.5614,7,42,0.10828933272809804
MH-180251,Michelle Huthwaite,Consumer,1129,-3.6000000000000014,1,22,-0.003188662533215236
MH-180252,Michelle Huthwaite,Consumer,5120,64.4745,8,87,0.012592675781250002
MH-180253,Michelle Huthwaite,Consumer,2520,473.15999999999997,5,35,0.18776190476190474
MH-180254,Michelle Huthwaite,Consumer,2986,476.9032,5,31,0.15971306095110516
MH-181151,Mick Hernandez,Home Office,2634,659.7900000000001,9,59,0.25048974943052393
MH-181152,Mick Hernandez,Home Office,2669,623.778,4,39,0.23371225177969276
MH-181153,Mick Hernandez,Home Office,1208,-203.876,4,19,-0.16877152317880795
MH-181154,Mick Hernandez,Home Office,5503,170.97460000000004,9,79,0.031069343994184997
MH-72901,Marc Harrigan,Home Office,1684,365.4,3,14,0.21698337292161518
MH-74401,Mark Haberlin,Corporate,2763,656.25,5,18,0.23751357220412594
MH-74402,Mark Haberlin,Corporate,326,39.03,1,8,0.1197239263803681
MH-74403,Mark Haberlin,Corporate,268,85.29,2,6,0.31824626865671646
MH-74551,Mark Hamilton,Consumer,457,-551.379,4,10,-1.2065185995623633
MH-74552,Mark Hamilton,Consumer,4290,922.53,6,35,0.21504195804195803
MH-76201,Matt Hagelstein,Corporate,372,132.99,2,6,0.35750000000000004
MH-76202,Matt Hagelstein,Corporate,129,38.88,1,4,0.3013953488372093
MH-76203,Matt Hagelstein,Corporate,678,-3.8640000000000114,4,5,-0.0056991150442478045
MH-77851,Maya Herman,Corporate,1580,259.854,7,20,0.1644645569620253
MH-77852,Maya Herman,Corporate,336,25.65,2,9,0.0763392857142857
MH-80251,Michelle Huthwaite,Consumer,451,-220.75799999999998,3,6,-0.48948558758314853
MH-80252,Michelle Huthwaite,Consumer,22,3.3,1,2,0.15
MH-80253,Michelle Huthwaite,Consumer,623,67.704,5,8,0.10867415730337078
MH-81151,Mick Hernandez,Home Office,942,196.98,5,15,0.20910828025477707
MH-81152,Mick Hernandez,Home Office,319,40.542,2,9,0.1270909090909091
MJ-177401,Max Jones,Consumer,3419,543.192,9,46,0.1588745247148289
MJ-177402,Max Jones,Consumer,2549,485.634,4,19,0.19051941938014907
MJ-177403,Max Jones,Consumer,3061,-28.717000000000013,6,65,-0.009381574648807584
MJ-177404,Max Jones,Consumer,6321,1054.5529,7,50,0.16683323841164371
MJ-77401,Max Jones,Consumer,1080,429.24,2,4,0.39744444444444443
MJ-77402,Max Jones,Consumer,56,-46.272,2,9,-0.8262857142857143
MK-179051,Michael Kennedy,Corporate,5029,437.51040000000006,8,63,0.08699749453171605
MK-179052,Michael Kennedy,Corporate,2601,411.2265,5,46,0.15810322952710495
MK-179053,Michael Kennedy,Corporate,3269,-582.5759999999999,10,68,-0.17821229733863564
MK-179054,Michael Kennedy,Corporate,2302,-405.3559000000001,8,73,-0.17608857515204174
MK-181601,Mike Kennedy,Consumer,6220,321.5808,7,96,0.051701093247588426
MK-181602,Mike Kennedy,Consumer,2254,14.766000000000005,5,46,0.006551020408163267
MK-181603,Mike Kennedy,Consumer,539,-246.62000000000003,4,23,-0.4575510204081633
MK-181604,Mike Kennedy,Consumer,1031,227.8338,4,43,0.22098331716779826
MK-79051,Michael Kennedy,Corporate,347,-236.337,4,13,-0.6810864553314121
MK-79052,Michael Kennedy,Corporate,187,21.06,2,2,0.11262032085561496
MK-79053,Michael Kennedy,Corporate,712,143.83200000000002,5,27,0.2020112359550562
MK-81601,Mike Kennedy,Consumer,1310,336.78,2,17,0.2570839694656488
MK-81602,Mike Kennedy,Consumer,80,9.99,1,3,0.124875
MK-81603,Mike Kennedy,Consumer,1307,94.26599999999996,7,50,0.07212394797245597
ML-173951,Marina Lichtenstein,Corporate,1814,231.54659999999998,5,20,0.1276442116868798
ML-173952,Marina Lichtenstein,Corporate,6747,-322.278,4,35,-0.0477661182747888
ML-173953,Marina Lichtenstein,Corporate,3221,547.78788,7,49,0.17006764358894752
ML-173954,Marina Lichtenstein,Corporate,2723,684.9162,9,72,0.2515300036724201
ML-174101,Maris LaWare,Consumer,6342,273.67529999999994,11,53,0.04315283822138126
ML-174102,Maris LaWare,Consumer,1924,-67.971,5,24,-0.03532796257796258
ML-174103,Maris LaWare,Consumer,3794,1209.06,8,59,0.3186768581971534
ML-174104,Maris LaWare,Consumer,2922,-76.17550000000003,6,51,-0.026069644079397682
ML-177551,Max Ludwig,Home Office,6767,-17.558100000000024,11,85,-0.0025946652874242683
ML-177552,Max Ludwig,Home Office,5182,1062.8085,6,31,0.20509619837900425
ML-177553,Max Ludwig,Home Office,404,122.66,4,16,0.3036138613861386
ML-177554,Max Ludwig,Home Office,2071,409.51120000000003,7,53,0.19773597295992276
ML-180401,Michelle Lonsdale,Corporate,2753,562.788,5,40,0.2044271703596077
ML-180402,Michelle Lonsdale,Corporate,4549,919.749,6,51,0.20218707408221587
ML-180403,Michelle Lonsdale,Corporate,633,25.68,5,19,0.04056872037914692
ML-180404,Michelle Lonsdale,Corporate,742,138.71620000000001,3,18,0.18694905660377362
ML-182651,Muhammed Lee,Consumer,5548,1250.9424,10,63,0.22547627974044698
ML-182652,Muhammed Lee,Consumer,7379,731.181,9,86,0.09908944301395854
ML-182653,Muhammed Lee,Consumer,1591,12.795760000000005,5,53,0.0080425895663105
ML-182654,Muhammed Lee,Consumer,162,42.6648,2,7,0.26336296296296297
ML-73951,Marina Lichtenstein,Corporate,497,31.170000000000016,4,20,0.06271629778672036
ML-73952,Marina Lichtenstein,Corporate,553,111.09,3,9,0.20088607594936708
ML-74101,Maris LaWare,Consumer,193,-184.446,3,6,-0.9556787564766839
ML-77551,Max Ludwig,Home Office,937,207.42,4,22,0.2213660618996798
ML-77552,Max Ludwig,Home Office,51,23.4,1,1,0.4588235294117647
ML-77553,Max Ludwig,Home Office,122,29.520000000000003,2,8,0.24196721311475414
ML-80401,Michelle Lonsdale,Corporate,1513,470.7,4,16,0.31110376734963646
ML-80402,Michelle Lonsdale,Corporate,73,10.92,1,2,0.1495890410958904
ML-80403,Michelle Lonsdale,Corporate,104,-165.714,2,3,-1.5934038461538462
ML-82651,Muhammed Lee,Consumer,984,322.224,5,12,0.32746341463414635
ML-82652,Muhammed Lee,Consumer,187,-45.444,4,15,-0.24301604278074868
MM-172601,Magdelene Morse,Consumer,7869,1784.205,10,73,0.22673846740373618
MM-172602,Magdelene Morse,Consumer,1912,539.697,7,54,0.28226830543933057
MM-172603,Magdelene Morse,Consumer,4620,658.0031200000001,5,47,0.14242491774891777
MM-172604,Magdelene Morse,Consumer,1315,178.402,4,17,0.13566692015209125
MM-179201,Michael Moore,Consumer,3683,1449.8490000000002,5,46,0.3936597882161282
MM-179202,Michael Moore,Consumer,7421,-508.47899999999987,7,49,-0.06851893275838834
MM-179203,Michael Moore,Consumer,5483,800.724,10,88,0.14603757067298925
MM-179204,Michael Moore,Consumer,3793,82.125,11,68,0.021651726865278144
MM-180551,Michelle Moray,Consumer,303,0.3000000000000007,2,17,0.0009900990099009925
MM-180552,Michelle Moray,Consumer,6490,1930.458,10,59,0.297451155624037
MM-180553,Michelle Moray,Consumer,1619,490.868,5,29,0.30319209388511426
MM-180554,Michelle Moray,Consumer,2752,-520.3443,8,73,-0.18907859738372093
MM-182801,Muhammed MacIntyre,Corporate,1582,502.572,5,24,0.3176814159292035
MM-182802,Muhammed MacIntyre,Corporate,3349,1142.748,5,38,0.34122066288444314
MM-182803,Muhammed MacIntyre,Corporate,1429,172.85999999999999,6,42,0.12096571028691391
MM-182804,Muhammed MacIntyre,Corporate,774,58.8916,9,32,0.07608733850129198
MM-72601,Magdelene Morse,Consumer,19,6.81,1,1,0.3584210526315789
MM-72602,Magdelene Morse,Consumer,314,3.12,1,1,0.009936305732484076
MM-72603,Magdelene Morse,Consumer,5177,1210.488,3,32,0.23382035928143713
MM-79201,Michael Moore,Consumer,968,192.69,5,18,0.1990599173553719
MM-79202,Michael Moore,Consumer,382,42.0,1,2,0.1099476439790576
MM-80551,Michelle Moray,Consumer,686,66.516,2,7,0.09696209912536444
MM-80552,Michelle Moray,Consumer,1239,-705.0150000000001,6,25,-0.5690193704600485
MM-82801,Muhammed MacIntyre,Corporate,664,-574.2449999999999,3,19,-0.8648268072289155
MM-82802,Muhammed MacIntyre,Corporate,2922,863.64,7,32,0.295564681724846
MN-179351,Michael Nguyen,Consumer,4101,727.221,4,47,0.17732772494513532
MN-179352,Michael Nguyen,Consumer,3182,86.589,5,45,0.027212130735386548
MN-179353,Michael Nguyen,Consumer,3112,412.51812,6,64,0.13255723650385604
MN-179354,Michael Nguyen,Consumer,2477,290.8227,6,36,0.11740924505450141
MN-79351,Michael Nguyen,Consumer,71,-23.028,3,3,-0.3243380281690141
MN-79352,Michael Nguyen,Consumer,2104,-101.952,3,17,-0.04845627376425855
MO-175001,Mary O'Rourke,Consumer,1731,165.657,4,22,0.0957001733102253
MO-175002,Mary O'Rourke,Consumer,4472,26.372999999999934,5,57,0.005897361359570647
MO-175003,Mary O'Rourke,Consumer,3190,322.0712,11,73,0.10096275862068965
MO-175004,Mary O'Rourke,Consumer,922,59.357699999999994,4,15,0.064379284164859
MO-178001,Meg O'Connel,Home Office,9347,2126.9357999999997,7,60,0.22755277629185833
MO-178002,Meg O'Connel,Home Office,355,100.59,3,22,0.28335211267605637
MO-178003,Meg O'Connel,Home Office,2319,241.94,7,58,0.10432945235015093
MO-178004,Meg O'Connel,Home Office,1686,169.3437,8,49,0.10044110320284698
MO-179501,Michael Oakman,Consumer,101,20.232,1,2,0.2003168316831683
MO-179502,Michael Oakman,Consumer,4009,117.72600000000001,8,48,0.029365427787478176
MO-179503,Michael Oakman,Consumer,266,-21.824000000000005,3,8,-0.08204511278195491
MO-179504,Michael Oakman,Consumer,154,-82.0074,2,14,-0.5325155844155844
MO-75001,Mary O'Rourke,Consumer,580,16.698,3,4,0.028789655172413792
MO-75002,Mary O'Rourke,Consumer,231,-71.148,2,16,-0.308
MO-78001,Meg O'Connel,Home Office,1885,138.294,6,25,0.07336551724137931
MO-78002,Meg O'Connel,Home Office,2411,326.982,3,16,0.13562090418913314
MO-79501,Michael Oakman,Consumer,712,224.22,1,2,0.31491573033707865
MO-79502,Michael Oakman,Consumer,222,27.912,2,5,0.12572972972972973
MP-174701,Mark Packer,Home Office,1697,-305.9472,6,22,-0.18028709487330585
MP-174702,Mark Packer,Home Office,4416,1209.018,6,46,0.27378125000000003
MP-174703,Mark Packer,Home Office,3608,728.0,9,64,0.2017738359201774
MP-174704,Mark Packer,Home Office,3207,600.2873,7,77,0.18718032429061426
MP-179651,Michael Paige,Corporate,2552,-194.1963,7,33,-0.0760957288401254
MP-179652,Michael Paige,Corporate,6431,196.716,13,117,0.030588710931425907
MP-179653,Michael Paige,Corporate,4263,814.536,10,85,0.19107107670654466
MP-179654,Michael Paige,Corporate,3984,638.1563,9,62,0.16017979417670683
MP-181751,Mike Pelletier,Home Office,9796,-526.3766999999999,13,69,-0.053733840342997136
MP-181752,Mike Pelletier,Home Office,5065,178.72349999999994,8,51,0.03528598223099703
MP-181753,Mike Pelletier,Home Office,2096,576.496,6,41,0.27504580152671754
MP-181754,Mike Pelletier,Home Office,5090,226.45290000000006,9,78,0.04448976424361494
MP-74701,Mark Packer,Home Office,59,-58.38,2,5,-0.9894915254237289
MP-79651,Michael Paige,Corporate,295,82.533,5,10,0.2797728813559322
MP-79652,Michael Paige,Corporate,271,94.95,3,7,0.35036900369003693
MP-81751,Mike Pelletier,Home Office,944,227.67000000000002,3,14,0.24117584745762713
MP-81752,Mike Pelletier,Home Office,1225,-150.366,3,23,-0.12274775510204083
MR-175451,Mathew Reese,Home Office,4797,971.7588,8,35,0.2025763602251407
MR-175452,Mathew Reese,Home Office,11500,1440.0255,8,145,0.12521960869565218
MR-175453,Mathew Reese,Home Office,2312,486.2,3,20,0.21029411764705883
MR-175454,Mathew Reese,Home Office,640,162.9363,4,29,0.25458796875
MR-75451,Mathew Reese,Home Office,1963,574.53,3,31,0.29267957208354556
MR-75452,Mathew Reese,Home Office,363,75.78,3,7,0.2087603305785124
MS-173651,Maribeth Schnelling,Consumer,4809,1295.5887,7,42,0.26940917030567685
MS-173652,Maribeth Schnelling,Consumer,2419,-313.326,5,41,-0.12952707730467136
MS-173653,Maribeth Schnelling,Consumer,5642,1473.124,12,67,0.261099610067352
MS-173654,Maribeth Schnelling,Consumer,7445,844.9354999999999,10,105,0.1134903290799194
MS-175301,MaryBeth Skach,Consumer,6450,1712.5656000000001,7,54,0.2655140465116279
MS-175302,MaryBeth Skach,Consumer,3698,1200.6270000000002,6,20,0.32466928069226614
MS-175303,MaryBeth Skach,Consumer,2710,-846.7662399999999,8,52,-0.3124598671586716
MS-175304,MaryBeth Skach,Consumer,476,84.0268,4,21,0.1765268907563025
MS-177101,Maurice Satty,Consumer,314,56.3805,7,17,0.1795557324840764
MS-177102,Maurice Satty,Consumer,3814,305.98800000000006,6,45,0.08022758259045623
MS-177103,Maurice Satty,Consumer,2762,448.13976,7,52,0.1622519044170891
MS-177104,Maurice Satty,Consumer,1611,247.4348,6,48,0.15359081315952824
MS-177701,Maxwell Schwartz,Consumer,4739,-281.70179999999993,7,38,-0.05944330027431946
MS-177702,Maxwell Schwartz,Consumer,7757,2795.88,11,72,0.36043315714838214
MS-177703,Maxwell Schwartz,Consumer,1747,-109.36115999999998,9,59,-0.06259940469376073
MS-177704,Maxwell Schwartz,Consumer,3146,280.85839999999996,9,73,0.08927476160203432
MS-178301,Melanie Seite,Consumer,2696,597.7803,6,51,0.22172859792284866
MS-178302,Melanie Seite,Consumer,4366,411.945,7,61,0.09435295464956482
MS-178303,Melanie Seite,Consumer,4350,736.234,9,79,0.16924919540229885
MS-178304,Melanie Seite,Consumer,370,19.431199999999997,4,14,0.052516756756756745
MS-179801,Michael Stewart,Corporate,4091,945.4272,5,40,0.23109929112686384
MS-179802,Michael Stewart,Corporate,7202,953.5350000000001,6,63,0.13239863926687032
MS-179803,Michael Stewart,Corporate,4065,-1119.576,10,84,-0.27541845018450184
MS-179804,Michael Stewart,Corporate,855,55.226,6,49,0.06459181286549708
MS-73651,Maribeth Schnelling,Consumer,1233,205.05,4,24,0.16630170316301704
MS-73652,Maribeth Schnelling,Consumer,133,23.97,1,1,0.18022556390977443
MS-75301,MaryBeth Skach,Consumer,569,215.49,1,10,0.3787170474516696
MS-75302,MaryBeth Skach,Consumer,887,-378.564,7,30,-0.42679143179255924
MS-77101,Maurice Satty,Consumer,164,21.33,2,5,0.13006097560975607
MS-77102,Maurice Satty,Consumer,1366,73.47,6,27,0.05378477306002928
MS-77701,Maxwell Schwartz,Consumer,217,80.01,4,5,0.36870967741935484
MS-77702,Maxwell Schwartz,Consumer,322,86.1,2,12,0.26739130434782604
MS-78301,Melanie Seite,Consumer,305,69.78,3,5,0.22878688524590166
MS-78302,Melanie Seite,Consumer,4017,225.1140000000001,5,21,0.05604032860343542
MS-79801,Michael Stewart,Corporate,673,121.704,2,8,0.18083803863298661
MS-79802,Michael Stewart,Corporate,983,291.03000000000003,3,15,0.29606307222787387
MT-178151,Meg Tillman,Consumer,4902,1235.7948000000001,9,55,0.25210012239902085
MT-178152,Meg Tillman,Consumer,3607,-174.873,7,52,-0.048481563626282226
MT-178153,Meg Tillman,Consumer,2446,-274.93199999999996,5,34,-0.1124006541291905
MT-178154,Meg Tillman,Consumer,2890,509.0068,6,31,0.1761269204152249
MT-180701,Michelle Tran,Home Office,2682,-47.4834,10,57,-0.01770447427293065
MT-180702,Michelle Tran,Home Office,6720,1291.8735000000001,7,71,0.19224308035714288
MT-180703,Michelle Tran,Home Office,204,-17.14,3,27,-0.08401960784313726
MT-180704,Michelle Tran,Home Office,1321,-23.6763,4,44,-0.017923012869038607
MT-78151,Meg Tillman,Consumer,344,-361.59,2,7,-1.0511337209302325
MT-78152,Meg Tillman,Consumer,1157,-139.99200000000002,4,18,-0.12099567847882456
MT-80701,Michelle Tran,Home Office,4827,-471.984,3,23,-0.0977799875699192
MT-80702,Michelle Tran,Home Office,2025,-2519.634,4,31,-1.2442637037037036
MV-174851,Mark Van Huff,Consumer,2222,612.6303,5,38,0.27571120612061206
MV-174852,Mark Van Huff,Consumer,5580,406.92300000000006,9,70,0.0729252688172043
MV-174853,Mark Van Huff,Consumer,1202,442.304,4,14,0.36797337770382693
MV-174854,Mark Van Huff,Consumer,1561,189.0258,9,52,0.12109276105060858
MV-181901,Mike Vittorini,Consumer,9480,1131.549,8,59,0.11936170886075949
MV-181902,Mike Vittorini,Consumer,2796,440.74199999999996,10,58,0.15763304721030041
MV-181903,Mike Vittorini,Consumer,1564,-667.4893999999999,5,35,-0.4267835038363171
MV-181904,Mike Vittorini,Consumer,1736,273.8582,7,37,0.15775241935483872
MV-74851,Mark Van Huff,Consumer,636,66.06,2,4,0.10386792452830189
MV-74852,Mark Van Huff,Consumer,317,93.696,3,3,0.2955709779179811
MV-81901,Mike Vittorini,Consumer,3445,87.59999999999997,4,21,0.025428156748911458
MV-81902,Mike Vittorini,Consumer,551,93.78,4,13,0.17019963702359348
MW-182201,Mitch Webber,Consumer,7302,1523.2023,5,32,0.20860069843878387
MW-182202,Mitch Webber,Consumer,5709,1505.157,5,69,0.2636463478717814
MW-182203,Mitch Webber,Consumer,2241,-670.468,11,101,-0.29918250780901384
MW-182204,Mitch Webber,Consumer,5342,1238.422,7,51,0.23182740546611758
MW-182351,Mitch Willingham,Corporate,5128,-1349.6780999999999,8,69,-0.2631977574102964
MW-182352,Mitch Willingham,Corporate,3020,-1258.9769999999999,7,66,-0.41687980132450325
MW-182353,Mitch Willingham,Corporate,4534,762.9,7,59,0.16826202029113366
MW-182354,Mitch Willingham,Corporate,5254,1665.516,2,13,0.31699961933764753
MW-82201,Mitch Webber,Consumer,224,14.997,4,9,0.06695089285714285
MW-82202,Mitch Webber,Consumer,2252,475.23,4,11,0.21102575488454708
MW-82351,Mitch Willingham,Corporate,675,258.312,5,8,0.38268444444444444
MW-82352,Mitch Willingham,Corporate,397,67.44,1,2,0.16987405541561712
MY-173801,Maribeth Yedwab,Corporate,6052,896.7648,7,73,0.14817660277594186
MY-173802,Maribeth Yedwab,Corporate,5220,1449.807,9,47,0.2777408045977012
MY-173803,Maribeth Yedwab,Corporate,1198,260.6404,5,24,0.21756293823038397
MY-173804,Maribeth Yedwab,Corporate,2255,319.1211,7,49,0.1415171175166297
MY-182951,Muhammed Yedwab,Corporate,8991,390.3705,6,96,0.043417917917917916
MY-182952,Muhammed Yedwab,Corporate,6649,1314.7830000000001,8,53,0.19774146488193714
MY-182953,Muhammed Yedwab,Corporate,5779,1220.23468,4,66,0.21114979754282748
MY-182954,Muhammed Yedwab,Corporate,4151,-371.7111,11,89,-0.08954736208142616
MY-73801,Maribeth Yedwab,Corporate,158,-111.03,2,7,-0.7027215189873418
MY-73802,Maribeth Yedwab,Corporate,1589,744.204,2,7,0.4683473882945248
MY-82951,Muhammed Yedwab,Corporate,2993,569.103,6,28,0.19014467089876377
MY-82952,Muhammed Yedwab,Corporate,1081,-480.12600000000003,4,19,-0.444149861239593
MZ-173351,Maria Zettner,Home Office,2892,244.0383,6,42,0.08438392116182572
MZ-173352,Maria Zettner,Home Office,5126,288.504,7,46,0.056282481467030826
MZ-173353,Maria Zettner,Home Office,5854,1177.036,9,60,0.20106525452681928
MZ-173354,Maria Zettner,Home Office,594,85.01910000000001,4,11,0.143129797979798
MZ-175151,Mary Zewe,Corporate,5508,966.8355,10,100,0.17553295206971678
MZ-175152,Mary Zewe,Corporate,3803,-609.5745000000001,6,53,-0.160287799105969
MZ-175153,Mary Zewe,Corporate,1508,309.60984,3,33,0.20531156498673742
MZ-175154,Mary Zewe,Corporate,2565,787.7503,6,39,0.30711512670565305
MZ-73351,Maria Zettner,Home Office,180,55.230000000000004,1,6,0.30683333333333335
MZ-73352,Maria Zettner,Home Office,3314,404.67600000000004,4,14,0.12211104405552205
MZ-75151,Mary Zewe,Corporate,1234,-413.829,6,19,-0.33535575364667747
MZ-75152,Mary Zewe,Corporate,150,25.05,1,5,0.167
MZ-75153,Mary Zewe,Corporate,1809,817.2,2,20,0.45174129353233833
NB-185801,Nicole Brennan,Corporate,1306,127.89599999999999,3,26,0.09792955589586523
NB-185802,Nicole Brennan,Corporate,1409,-48.0,2,10,-0.034066713981547196
NB-185803,Nicole Brennan,Corporate,1886,-209.9396,3,26,-0.11131474019088018
NB-185804,Nicole Brennan,Corporate,274,24.788800000000002,2,7,0.09047007299270074
NB-186551,Nona Balk,Corporate,2804,781.5335999999999,5,28,0.27872097004279595
NB-186552,Nona Balk,Corporate,4478,515.664,5,54,0.11515497990174185
NB-186553,Nona Balk,Corporate,392,122.228,3,7,0.3118061224489796
NB-186554,Nona Balk,Corporate,1974,117.64290000000001,9,64,0.059596200607902744
NB-85801,Nicole Brennan,Corporate,633,-529.5930000000001,4,16,-0.8366398104265405
NB-85802,Nicole Brennan,Corporate,100,32.94,1,2,0.32939999999999997
NB-85803,Nicole Brennan,Corporate,327,-89.52000000000001,2,6,-0.2737614678899083
NB-86551,Nona Balk,Corporate,131,29.97,2,3,0.22877862595419846
NB-86552,Nona Balk,Corporate,303,-113.63399999999999,3,6,-0.375029702970297
NC-183401,Nat Carroll,Consumer,7627,-2263.2381,10,91,-0.2967402779598794
NC-183402,Nat Carroll,Consumer,1754,278.5335,4,39,0.1587990307867731
NC-183403,Nat Carroll,Consumer,2063,408.15772,3,28,0.19784668928744545
NC-183404,Nat Carroll,Consumer,2461,580.3075,5,54,0.23580150345388054
NC-184151,Nathan Cano,Consumer,833,91.182,4,30,0.10946218487394958
NC-184152,Nathan Cano,Consumer,2335,482.466,4,15,0.2066235546038544
NC-184153,Nathan Cano,Consumer,3870,859.5160000000001,5,43,0.22209715762273904
NC-184154,Nathan Cano,Consumer,2219,-2204.8072,6,38,-0.993603965750338
NC-185351,Nick Crebassa,Corporate,1137,207.357,5,25,0.18237203166226912
NC-185352,Nick Crebassa,Corporate,565,128.382,7,17,0.22722477876106195
NC-185353,Nick Crebassa,Corporate,1109,-235.52,3,8,-0.21237150586113618
NC-185354,Nick Crebassa,Corporate,8240,1314.758,7,64,0.15955800970873787
NC-186251,Noah Childs,Corporate,11491,2110.5660000000003,15,113,0.18367122095553043
NC-186252,Noah Childs,Corporate,2018,219.8175,6,51,0.10892839444995045
NC-186253,Noah Childs,Corporate,1573,258.55208,3,14,0.16436877304513667
NC-186254,Noah Childs,Corporate,1822,-359.021,5,29,-0.1970477497255763
NC-83401,Nat Carroll,Consumer,2280,729.12,5,19,0.3197894736842105
NC-83402,Nat Carroll,Consumer,229,41.4,1,10,0.18078602620087336
NC-83403,Nat Carroll,Consumer,199,-235.15800000000002,3,5,-1.1816984924623117
NC-84151,Nathan Cano,Consumer,287,-211.78199999999998,2,8,-0.7379163763066201
NC-84152,Nathan Cano,Consumer,1215,258.43800000000005,3,14,0.2127061728395062
NC-85351,Nick Crebassa,Corporate,782,217.28099999999998,3,16,0.2778529411764706
NC-85352,Nick Crebassa,Corporate,469,-296.88,4,19,-0.6330063965884861
NC-86251,Noah Childs,Corporate,339,23.76,1,3,0.07008849557522125
NC-86252,Noah Childs,Corporate,103,9.24,1,2,0.08970873786407767
ND-183701,Natalie DeCherney,Consumer,652,85.695,3,25,0.1314340490797546
ND-183702,Natalie DeCherney,Consumer,3485,755.2395,3,37,0.21671147776183644
ND-183703,Natalie DeCherney,Consumer,2452,775.69732,8,63,0.31635290375203917
ND-183704,Natalie DeCherney,Consumer,4329,353.64549999999997,9,63,0.08169219219219219
ND-184601,Neil Ducich,Corporate,1377,359.448,5,35,0.261037037037037
ND-184602,Neil Ducich,Corporate,5124,811.5,6,52,0.15837236533957846
ND-184603,Neil Ducich,Corporate,2663,583.13872,5,51,0.2189781149079985
ND-184604,Neil Ducich,Corporate,2894,443.33680000000004,6,36,0.15319170697995854
ND-83701,Natalie DeCherney,Consumer,360,52.620000000000005,2,9,0.14616666666666667
ND-83702,Natalie DeCherney,Consumer,2431,597.384,4,26,0.24573591114767587
ND-84601,Neil Ducich,Corporate,1973,741.36,5,13,0.37575266092245313
ND-84602,Neil Ducich,Corporate,41,11.16,1,1,0.27219512195121953
ND-84603,Neil Ducich,Corporate,708,218.91,4,7,0.30919491525423726
NF-183851,Natalie Fritzler,Consumer,7362,1941.96,10,74,0.26378158109209454
NF-183852,Natalie Fritzler,Consumer,9656,260.0954999999999,13,104,0.026936153686826832
NF-183853,Natalie Fritzler,Consumer,2703,856.188,2,19,0.31675471698113206
NF-183854,Natalie Fritzler,Consumer,8321,-1695.9714,7,52,-0.2038182189640668
NF-184751,Neil Französisch,Home Office,3008,758.9205,6,47,0.25230069813829786
NF-184752,Neil Französisch,Home Office,6407,1728.906,8,61,0.269846417980334
NF-184753,Neil Französisch,Home Office,839,60.0064,4,32,0.07152133492252681
NF-184754,Neil Französisch,Home Office,377,85.92779999999999,4,13,0.22792519893899202
NF-185951,Nicole Fjeld,Home Office,2661,357.795,4,24,0.1344588500563698
NF-185952,Nicole Fjeld,Home Office,1557,136.293,4,13,0.08753564547206166
NF-185953,Nicole Fjeld,Home Office,4287,556.65152,7,54,0.12984640074644274
NF-185954,Nicole Fjeld,Home Office,2031,388.2131,7,55,0.1911438207779419
NF-83851,Natalie Fritzler,Consumer,2029,-180.26099999999997,7,47,-0.08884228684080826
NF-83852,Natalie Fritzler,Consumer,402,105.15,1,6,0.26156716417910447
NF-83853,Natalie Fritzler,Consumer,1305,255.66,3,23,0.1959080459770115
NF-84751,Neil Französisch,Home Office,755,66.17999999999999,2,4,0.08765562913907284
NF-84752,Neil Französisch,Home Office,676,193.89,1,6,0.28681952662721893
NF-84753,Neil Französisch,Home Office,587,26.226000000000006,4,23,0.04467802385008519
NF-85951,Nicole Fjeld,Home Office,801,232.956,2,8,0.29083146067415727
NF-85952,Nicole Fjeld,Home Office,931,-300.36,3,9,-0.32262083780880774
NG-183551,Nat Gilpin,Corporate,2074,452.433,3,34,0.21814513018322082
NG-183552,Nat Gilpin,Corporate,2134,311.316,6,50,0.14588378631677598
NG-183553,Nat Gilpin,Corporate,3188,749.32036,7,31,0.2350440276035132
NG-183554,Nat Gilpin,Corporate,1871,313.6335,5,45,0.16762880812399789
NG-184301,Nathan Gelder,Consumer,10114,1534.9743,10,52,0.15176728297409534
NG-184302,Nathan Gelder,Consumer,3620,779.049,8,62,0.21520690607734805
NG-184303,Nathan Gelder,Consumer,3841,789.58324,5,57,0.20556710231710493
NG-184304,Nathan Gelder,Consumer,1397,217.0893,5,41,0.15539677881173944
NG-83551,Nat Gilpin,Corporate,358,131.94,2,6,0.36854748603351956
NG-83552,Nat Gilpin,Corporate,403,65.19,2,6,0.16176178660049628
NG-83553,Nat Gilpin,Corporate,1987,782.61,3,14,0.3938651233014595
NG-84301,Nathan Gelder,Consumer,430,26.019000000000002,3,11,0.0605093023255814
NG-84302,Nathan Gelder,Consumer,728,179.1,1,6,0.2460164835164835
NG-84303,Nathan Gelder,Consumer,2591,685.41,4,14,0.2645349285989965
NH-186101,Nicole Hansen,Corporate,11557,2514.2282999999998,9,125,0.21755025525655444
NH-186102,Nicole Hansen,Corporate,4807,575.778,5,69,0.11977907218639484
NH-186103,Nicole Hansen,Corporate,146,17.44,1,4,0.11945205479452056
NH-186104,Nicole Hansen,Corporate,2673,760.1666,7,52,0.2843870557426113
NH-86101,Nicole Hansen,Corporate,31,11.31,2,3,0.3648387096774194
NH-86102,Nicole Hansen,Corporate,1005,426.3,1,8,0.424179104477612
NH-86103,Nicole Hansen,Corporate,1085,-229.75800000000004,3,15,-0.21175852534562215
NK-184901,Neil Knudson,Home Office,6215,1035.5321999999999,5,59,0.16661821399839097
NK-184902,Neil Knudson,Home Office,1104,132.504,6,29,0.12002173913043478
NK-184903,Neil Knudson,Home Office,3592,1020.2388,6,56,0.284030846325167
NK-184904,Neil Knudson,Home Office,571,121.21770000000001,7,51,0.21229019264448337
NK-84901,Neil Knudson,Home Office,2393,731.04,4,27,0.30549101546176344
NL-183101,Nancy Lomonaco,Home Office,6982,949.7808,9,67,0.13603276997994843
NL-183102,Nancy Lomonaco,Home Office,1732,-1898.7060000000001,6,24,-1.0962505773672055
NL-183103,Nancy Lomonaco,Home Office,455,12.006,6,22,0.02638681318681319
NL-183104,Nancy Lomonaco,Home Office,1420,343.6381,4,44,0.24199866197183098
NL-83101,Nancy Lomonaco,Home Office,222,62.7,1,3,0.28243243243243243
NL-83102,Nancy Lomonaco,Home Office,29,-36.348,1,2,-1.2533793103448276
NM-184451,Nathan Mautz,Home Office,8764,1340.0859,11,75,0.15290802145139207
NM-184452,Nathan Mautz,Home Office,1335,328.854,5,28,0.2463325842696629
NM-184453,Nathan Mautz,Home Office,3664,674.5319999999999,9,72,0.1840971615720524
NM-184454,Nathan Mautz,Home Office,6461,2751.6848999999997,7,44,0.42589148738585353
NM-185201,Neoma Murray,Consumer,4082,894.141,8,61,0.21904483096521313
NM-185202,Neoma Murray,Consumer,4103,662.376,5,53,0.16143699731903485
NM-185203,Neoma Murray,Consumer,1983,285.58,4,39,0.14401412002017144
NM-185204,Neoma Murray,Consumer,2163,788.9525000000001,10,60,0.3647491909385114
NM-84451,Nathan Mautz,Home Office,191,26.4,3,6,0.1382198952879581
NM-84452,Nathan Mautz,Home Office,18,5.25,1,1,0.2916666666666667
NM-84453,Nathan Mautz,Home Office,3845,662.3100000000001,5,27,0.17225227568270482
NM-85201,Neoma Murray,Consumer,1541,511.65,1,27,0.332024659312135
NP-183251,Naresj Patel,Consumer,945,-11.381999999999984,6,29,-0.012044444444444427
NP-183252,Naresj Patel,Consumer,2922,189.699,7,49,0.06492094455852157
NP-183253,Naresj Patel,Consumer,2382,385.584,6,32,0.16187405541561714
NP-183254,Naresj Patel,Consumer,5532,1208.8890000000001,6,77,0.21852657266811282
NP-186701,Nora Paige,Consumer,660,129.23250000000002,4,20,0.1958068181818182
NP-186702,Nora Paige,Consumer,6412,1444.014,8,62,0.2252049282595134
NP-186703,Nora Paige,Consumer,1860,653.75576,2,15,0.35148159139784946
NP-186704,Nora Paige,Consumer,3909,514.6002,5,46,0.1316449731389102
NP-186851,Nora Pelletier,Home Office,3851,-260.05769999999995,6,38,-0.06752991430797195
NP-186852,Nora Pelletier,Home Office,843,86.8005,6,39,0.10296619217081851
NP-186853,Nora Pelletier,Home Office,5440,-32.97760000000001,12,107,-0.0060620588235294134
NP-186854,Nora Pelletier,Home Office,1229,514.5016999999999,6,23,0.41863441822620007
NP-187001,Nora Preis,Consumer,877,-78.249,6,43,-0.08922348916761687
NP-187002,Nora Preis,Consumer,4020,-303.042,8,69,-0.07538358208955223
NP-187003,Nora Preis,Consumer,1238,359.752,6,27,0.2905912762520194
NP-187004,Nora Preis,Consumer,7904,631.2282,7,63,0.07986186740890688
NP-83251,Naresj Patel,Consumer,219,-36.939,3,10,-0.16867123287671232
NP-83252,Naresj Patel,Consumer,531,119.88,1,8,0.22576271186440677
NP-83253,Naresj Patel,Consumer,587,-51.40500000000001,4,6,-0.08757240204429304
NP-86701,Nora Paige,Consumer,1954,190.01999999999998,2,6,0.09724667349027635
NP-86702,Nora Paige,Consumer,919,104.03999999999999,4,15,0.1132100108813928
NP-86851,Nora Pelletier,Home Office,4655,1158.9,3,34,0.24895810955961334
NP-86852,Nora Pelletier,Home Office,340,91.86,1,3,0.2701764705882353
NP-87001,Nora Preis,Consumer,1330,-26.075999999999993,4,26,-0.01960601503759398
NP-87002,Nora Preis,Consumer,552,-208.062,2,19,-0.3769239130434783
NR-185501,Nick Radford,Consumer,4196,201.10889999999995,10,66,0.04792871782650142
NR-185502,Nick Radford,Consumer,1116,190.983,4,15,0.17113172043010752
NR-185503,Nick Radford,Consumer,3313,839.98168,7,70,0.25354110473890734
NR-185504,Nick Radford,Consumer,2368,-25.148799999999973,5,37,-0.010620270270270259
NR-85501,Nick Radford,Consumer,305,46.905,3,7,0.15378688524590164
NR-85502,Nick Radford,Consumer,1593,416.136,5,17,0.26122787193973634
NS-185051,Neola Schneider,Consumer,1681,-84.9567,4,36,-0.05053938132064247
NS-185052,Neola Schneider,Consumer,3767,-169.91400000000002,6,96,-0.045105919830103536
NS-185053,Neola Schneider,Consumer,6814,746.2774400000001,11,95,0.10952119753448783
NS-185054,Neola Schneider,Consumer,2576,-12.303999999999997,4,52,-0.004776397515527949
NS-186401,Noel Staavos,Corporate,2341,699.9689999999999,6,29,0.29900427167876975
NS-186402,Noel Staavos,Corporate,4581,156.651,10,62,0.034195808775376556
NS-186403,Noel Staavos,Corporate,4982,494.20400000000006,8,75,0.09919791248494582
NS-186404,Noel Staavos,Corporate,2966,-234.7714,13,113,-0.07915421443020904
NS-85051,Neola Schneider,Consumer,901,-1094.7240000000002,3,11,-1.2150099889012211
NS-85052,Neola Schneider,Consumer,62,-71.823,2,2,-1.1584354838709676
NS-86401,Noel Staavos,Corporate,694,-43.524,4,15,-0.06271469740634006
NS-86402,Noel Staavos,Corporate,1079,-253.809,4,24,-0.23522613531047265
NW-184001,Natalie Webber,Consumer,1550,357.3981,8,43,0.23057941935483872
NW-184002,Natalie Webber,Consumer,1720,178.01399999999998,4,29,0.10349651162790696
NW-184003,Natalie Webber,Consumer,4823,526.95696,7,71,0.10925916649388347
NW-184004,Natalie Webber,Consumer,7233,1023.1229999999999,7,78,0.14145209456656987
NW-84001,Natalie Webber,Consumer,5100,1428.0,1,8,0.28
NW-84002,Natalie Webber,Consumer,334,148.71,1,5,0.44523952095808383
NW-84003,Natalie Webber,Consumer,1614,159.33599999999998,5,24,0.09872118959107806
NZ-185651,Nick Zandusky,Home Office,9544,546.6,8,64,0.05727158424140822
NZ-185652,Nick Zandusky,Home Office,5475,1002.744,5,53,0.1831495890410959
NZ-185653,Nick Zandusky,Home Office,2436,306.07412,4,33,0.12564619047619047
NZ-185654,Nick Zandusky,Home Office,2487,402.42359999999996,9,77,0.1618108564535585
NZ-85651,Nick Zandusky,Home Office,329,-166.56599999999997,4,8,-0.5062796352583586
ON-187151,Odella Nelson,Corporate,3094,-41.538599999999974,7,46,-0.013425533290239164
ON-187152,Odella Nelson,Corporate,8368,2732.037,11,78,0.32648625717017205
ON-187153,Odella Nelson,Corporate,4736,1094.55984,6,56,0.23111483108108105
ON-187154,Odella Nelson,Corporate,1567,-5.889000000000024,9,58,-0.0037581365666879544
ON-87151,Odella Nelson,Corporate,346,-106.464,2,6,-0.3076994219653179
ON-87152,Odella Nelson,Corporate,1162,-889.3979999999999,3,18,-0.7654027538726333
OT-187301,Olvera Toch,Consumer,6463,1492.3863,11,84,0.23091231626179792
OT-187302,Olvera Toch,Consumer,5883,572.814,8,84,0.09736766955634879
OT-187303,Olvera Toch,Consumer,3330,657.68136,8,37,0.19750190990990993
OT-187304,Olvera Toch,Consumer,3819,-925.1203,5,51,-0.2422415030112595
OT-87301,Olvera Toch,Consumer,220,40.379999999999995,2,2,0.1835454545454545
OT-87302,Olvera Toch,Consumer,44,-7.14,2,4,-0.16227272727272726
PA-190601,Pete Armstrong,Home Office,1265,3.5741999999999905,5,34,0.002825454545454538
PA-190602,Pete Armstrong,Home Office,1921,347.7,3,16,0.18099947943779282
PA-190603,Pete Armstrong,Home Office,2808,70.76055999999997,7,79,0.02519962962962962
PA-190604,Pete Armstrong,Home Office,730,225.8588,6,27,0.30939561643835617
PA-90601,Pete Armstrong,Home Office,3223,896.511,3,28,0.278160409556314
PA-90602,Pete Armstrong,Home Office,448,10.949999999999992,3,9,0.02444196428571427
PB-188051,Patrick Bzostek,Home Office,3440,767.9934000000001,5,36,0.22325389534883722
PB-188052,Patrick Bzostek,Home Office,4889,134.3265,6,38,0.02747525056248722
PB-188053,Patrick Bzostek,Home Office,3001,348.03184,5,51,0.11597195601466177
PB-188054,Patrick Bzostek,Home Office,741,229.2257,3,54,0.3093464237516869
PB-191051,Peter Bühler,Consumer,2957,1143.6,4,41,0.3867433209333784
PB-191052,Peter Bühler,Consumer,1855,-283.305,5,41,-0.15272506738544475
PB-191053,Peter Bühler,Consumer,2587,537.192,3,31,0.20765056049478162
PB-191054,Peter Bühler,Consumer,689,218.15970000000002,4,18,0.3166323657474601
PB-191501,Philip Brown,Consumer,1849,453.8916,5,30,0.24547950243374797
PB-191502,Philip Brown,Consumer,1308,159.85500000000002,8,48,0.1222133027522936
PB-191503,Philip Brown,Consumer,3294,-434.21104,12,64,-0.131818773527626
PB-191504,Philip Brown,Consumer,1457,280.6606,8,54,0.19262910089224433
PB-192101,Phillip Breyer,Corporate,11654,1365.5586,8,80,0.1171750986785653
PB-192102,Phillip Breyer,Corporate,4684,1060.641,10,120,0.22643915456874467
PB-192103,Phillip Breyer,Corporate,2497,-134.41560000000007,7,44,-0.053830837004405316
PB-192104,Phillip Breyer,Corporate,133,21.897000000000002,2,10,0.16463909774436092
PB-88051,Patrick Bzostek,Home Office,254,-302.478,2,6,-1.1908582677165354
PB-88052,Patrick Bzostek,Home Office,620,19.77,2,3,0.031887096774193546
PB-88053,Patrick Bzostek,Home Office,1913,546.21,5,22,0.2855253528489284
PB-91051,Peter Bühler,Consumer,1809,320.538,4,30,0.17719071310116086
PB-91501,Philip Brown,Consumer,393,60.458999999999996,3,10,0.15383969465648853
PB-91502,Philip Brown,Consumer,3085,751.194,7,34,0.2434988654781199
PB-92101,Phillip Breyer,Corporate,270,-244.38899999999998,2,5,-0.9051444444444444
PB-92102,Phillip Breyer,Corporate,5031,-665.334,5,60,-0.1322468694096601
PC-187451,Pamela Coakley,Corporate,3356,-664.6542,7,34,-0.19804952324195468
PC-187452,Pamela Coakley,Corporate,1448,346.992,5,36,0.2396353591160221
PC-187453,Pamela Coakley,Corporate,4058,-859.35536,5,44,-0.21176820108427796
PC-187454,Pamela Coakley,Corporate,1832,272.685,4,22,0.14884552401746726
PC-190001,Pauline Chand,Home Office,2185,335.1153,9,49,0.1533708466819222
PC-190002,Pauline Chand,Home Office,6069,331.722,5,60,0.05465842807711319
PC-190003,Pauline Chand,Home Office,157,37.12,2,11,0.23643312101910827
PC-190004,Pauline Chand,Home Office,1062,-184.3364,2,18,-0.17357476459510357
PC-87451,Pamela Coakley,Corporate,85,15.99,2,9,0.18811764705882353
PC-87452,Pamela Coakley,Corporate,1161,468.24,3,14,0.4033074935400517
PC-90001,Pauline Chand,Home Office,1040,293.31,3,30,0.28202884615384616
PC-90002,Pauline Chand,Home Office,120,20.4,1,1,0.16999999999999998
PF-191201,Peter Fuller,Consumer,15063,968.2724999999999,8,80,0.06428151762597091
PF-191202,Peter Fuller,Consumer,1864,-6.4709999999999965,8,28,-0.0034715665236051485
PF-191203,Peter Fuller,Consumer,2001,275.89416,8,54,0.13787814092953524
PF-191204,Peter Fuller,Consumer,9065,-614.2943,4,75,-0.06776550468836183
PF-191651,Philip Fox,Consumer,4736,476.6562,13,94,0.1006453125
PF-191652,Philip Fox,Consumer,5169,553.9485000000001,9,48,0.10716744051073711
PF-191653,Philip Fox,Consumer,3347,258.868,8,51,0.07734329250074694
PF-191654,Philip Fox,Consumer,2770,196.8739,6,34,0.07107361010830325
PF-192251,Phillip Flathmann,Consumer,3374,987.5967,10,58,0.2927079727326615
PF-192252,Phillip Flathmann,Consumer,3910,-21.026999999999983,11,75,-0.005377749360613806
PF-192253,Phillip Flathmann,Consumer,2427,55.742,4,28,0.02296744952616399
PF-192254,Phillip Flathmann,Consumer,2207,591.3118000000001,5,32,0.26792560036248303
PF-91201,Peter Fuller,Consumer,714,199.73999999999998,3,10,0.27974789915966386
PF-91202,Peter Fuller,Consumer,322,40.2,1,4,0.12484472049689442
PF-91203,Peter Fuller,Consumer,847,199.95,6,29,0.2360684769775679
PF-91651,Philip Fox,Consumer,1533,342.6,3,10,0.22348336594911938
PF-91652,Philip Fox,Consumer,476,79.932,4,12,0.16792436974789918
PF-92251,Phillip Flathmann,Consumer,357,-337.37399999999997,3,10,-0.9450252100840335
PF-92252,Phillip Flathmann,Consumer,1117,-335.394,4,16,-0.30026320501342885
PG-188201,Patrick Gardner,Consumer,8315,1133.8896,11,93,0.13636675886951294
PG-188202,Patrick Gardner,Consumer,779,203.904,3,15,0.26175096277278564
PG-188203,Patrick Gardner,Consumer,2453,151.664,8,44,0.06182796575621687
PG-188204,Patrick Gardner,Consumer,3088,137.4613,13,83,0.04451466968911917
PG-188951,Paul Gonzalez,Consumer,3381,240.02280000000002,8,94,0.07099165927240463
PG-188952,Paul Gonzalez,Consumer,4707,248.154,7,72,0.0527202039515615
PG-188953,Paul Gonzalez,Consumer,3864,447.4054,4,56,0.11578814699792961
PG-188954,Paul Gonzalez,Consumer,1988,334.5163,9,61,0.16826775653923542
PG-88201,Patrick Gardner,Consumer,459,101.88000000000001,1,15,0.2219607843137255
PG-88202,Patrick Gardner,Consumer,1387,246.39000000000001,5,12,0.17764239365537132
PG-88951,Paul Gonzalez,Consumer,482,126.57,3,20,0.2625933609958506
PG-88952,Paul Gonzalez,Consumer,1500,223.512,3,34,0.149008
PH-187901,Patricia Hirasaki,Home Office,3975,824.1573000000001,9,48,0.20733516981132077
PH-187902,Patricia Hirasaki,Home Office,408,169.083,1,6,0.4144191176470588
PH-187903,Patricia Hirasaki,Home Office,4322,1348.9479999999999,8,55,0.3121119851920407
PH-187904,Patricia Hirasaki,Home Office,730,47.8878,1,6,0.06559972602739726
PH-87901,Patricia Hirasaki,Home Office,177,6.539999999999992,4,7,0.03694915254237283
PH-87902,Patricia Hirasaki,Home Office,1570,347.01,4,13,0.22102547770700637
PJ-188351,Patrick Jones,Corporate,2704,461.298,3,29,0.1705983727810651
PJ-188352,Patrick Jones,Corporate,8509,3986.004,3,26,0.46844564578681397
PJ-188353,Patrick Jones,Corporate,1208,-0.1699999999999875,5,25,-0.0001407284768211817
PJ-188354,Patrick Jones,Corporate,1220,442.13550000000004,8,46,0.36240614754098366
PJ-190151,Pauline Johnson,Consumer,1779,417.8856,4,14,0.2348991568296796
PJ-190152,Pauline Johnson,Consumer,3278,717.9390000000001,5,40,0.21901738865161685
PJ-190153,Pauline Johnson,Consumer,2352,-606.00944,6,76,-0.257657074829932
PJ-190154,Pauline Johnson,Consumer,1823,682.9979000000001,7,25,0.37465600658255627
PJ-88351,Patrick Jones,Corporate,581,-832.4430000000001,3,20,-1.432776247848537
PJ-88352,Patrick Jones,Corporate,220,-37.692,3,9,-0.17132727272727272
PJ-90151,Pauline Johnson,Consumer,623,-442.60800000000006,2,12,-0.7104462279293741
PJ-90152,Pauline Johnson,Consumer,5990,1332.288,6,55,0.22241869782971618
PK-189101,Paul Knutson,Home Office,1397,-56.415,4,39,-0.04038296349319971
PK-189102,Paul Knutson,Home Office,802,127.776,2,5,0.1593216957605985
PK-189103,Paul Knutson,Home Office,3644,1046.50856,8,47,0.2871867618002195
PK-189104,Paul Knutson,Home Office,1441,-798.705,2,14,-0.5542713393476753
PK-190751,Pete Kriz,Consumer,3098,-297.2565,5,24,-0.09595109748224662
PK-190752,Pete Kriz,Consumer,4270,126.59099999999994,6,60,0.02964660421545666
PK-190753,Pete Kriz,Consumer,1651,302.662,6,41,0.18332041187159295
PK-190754,Pete Kriz,Consumer,8646,2038.2676000000001,12,107,0.235746888734675
PK-89101,Paul Knutson,Home Office,948,-627.654,4,21,-0.6620822784810126
PK-90751,Pete Kriz,Consumer,533,84.11999999999999,1,3,0.15782363977485928
PK-90752,Pete Kriz,Consumer,459,-589.806,2,16,-1.2849803921568628
PL-189251,Paul Lucas,Home Office,10789,1784.8686,9,70,0.16543410881453333
PL-189252,Paul Lucas,Home Office,1899,-83.34900000000002,3,22,-0.043890995260663514
PL-189253,Paul Lucas,Home Office,1329,82.208,3,34,0.061857035364936044
PL-189254,Paul Lucas,Home Office,239,-0.7527000000000017,5,29,-0.003149372384937246
PL-89251,Paul Lucas,Home Office,261,97.86,2,9,0.37494252873563216
PL-89252,Paul Lucas,Home Office,498,125.67,1,9,0.25234939759036146
PM-189401,Paul MacIntyre,Consumer,4352,275.496,4,16,0.06330330882352941
PM-189402,Paul MacIntyre,Consumer,4564,463.74899999999997,7,32,0.10161021034180542
PM-189403,Paul MacIntyre,Consumer,2575,29.207399999999975,9,44,0.011342679611650476
PM-189404,Paul MacIntyre,Consumer,1405,157.8768,3,16,0.11236782918149467
PM-191351,Peter McVee,Home Office,2796,-541.0521,4,32,-0.1935093347639485
PM-191352,Peter McVee,Home Office,1315,268.23,9,26,0.20397718631178707
PM-191353,Peter McVee,Home Office,1632,394.92,5,32,0.24198529411764708
PM-191354,Peter McVee,Home Office,4115,526.7537,4,36,0.12800818955042526
PM-89401,Paul MacIntyre,Consumer,863,152.076,4,11,0.17621784472769408
PM-89402,Paul MacIntyre,Consumer,587,99.99000000000001,5,29,0.1703407155025554
PM-91351,Peter McVee,Home Office,746,171.9,4,19,0.2304289544235925
PM-91352,Peter McVee,Home Office,684,197.886,2,4,0.2893070175438596
PN-187751,Parhena Norris,Home Office,5619,1148.9025,9,65,0.2044674319273892
PN-187752,Parhena Norris,Home Office,2519,226.146,13,60,0.08977610162763
PN-187753,Parhena Norris,Home Office,1765,162.66472000000002,3,29,0.09216131444759208
PN-187754,Parhena Norris,Home Office,1467,192.0396,8,47,0.13090633946830266
PN-87751,Parhena Norris,Home Office,1024,353.82,3,9,0.34552734375
PN-87752,Parhena Norris,Home Office,499,121.89,2,3,0.2442685370741483
PO-188501,Patrick O'Brill,Consumer,5125,691.491,8,62,0.1349250731707317
PO-188502,Patrick O'Brill,Consumer,7288,1708.371,12,110,0.23440875411635567
PO-188503,Patrick O'Brill,Consumer,5390,810.9399999999999,10,91,0.15045269016697588
PO-188504,Patrick O'Brill,Consumer,7475,38.4757,11,91,0.005147250836120402
PO-188651,Patrick O'Donnell,Consumer,2550,325.67400000000004,8,44,0.12771529411764707
PO-188652,Patrick O'Donnell,Consumer,13056,3778.197,10,63,0.28938396139705885
PO-188653,Patrick O'Donnell,Consumer,2952,156.91480000000004,10,74,0.053155420054200556
PO-188654,Patrick O'Donnell,Consumer,2494,437.8533,7,54,0.17556267040898155
PO-191801,Philisse Overcash,Home Office,9211,1461.2925,7,69,0.1586464553251547
PO-191802,Philisse Overcash,Home Office,682,27.495000000000005,4,16,0.040315249266862176
PO-191803,Philisse Overcash,Home Office,1967,-87.479,4,42,-0.04447330960854092
PO-191804,Philisse Overcash,Home Office,4893,1155.4331,9,65,0.2361400163498876
PO-191951,Phillina Ober,Home Office,5331,-1060.8156,7,68,-0.19898998311761393
PO-191952,Phillina Ober,Home Office,2524,479.70000000000005,3,29,0.1900554675118859
PO-191953,Phillina Ober,Home Office,1958,-1036.87152,6,50,-0.5295564453524003
PO-191954,Phillina Ober,Home Office,1057,-49.7009,5,32,-0.047020719016083255
PO-88501,Patrick O'Brill,Consumer,1076,371.556,2,9,0.34531226765799256
PO-88502,Patrick O'Brill,Consumer,358,157.53,2,7,0.4400279329608939
PO-88651,Patrick O'Donnell,Consumer,2607,98.86800000000001,4,27,0.0379240506329114
PO-88652,Patrick O'Donnell,Consumer,205,66.69,1,5,0.3253170731707317
PO-88653,Patrick O'Donnell,Consumer,161,-246.07800000000003,1,8,-1.528434782608696
PO-91801,Philisse Overcash,Home Office,416,-566.052,3,17,-1.360701923076923
PO-91802,Philisse Overcash,Home Office,88,21.84,2,8,0.24818181818181817
PO-91803,Philisse Overcash,Home Office,727,163.26,4,14,0.22456671251719393
PO-91951,Phillina Ober,Home Office,7799,1124.1599999999999,4,55,0.14414155660982175
PO-91952,Phillina Ober,Home Office,27,5.7,1,2,0.2111111111111111
PO-91953,Phillina Ober,Home Office,403,-488.274,3,23,-1.2115980148883374
PP-189551,Paul Prost,Home Office,8800,837.8616000000001,8,74,0.09521154545454547
PP-189552,Paul Prost,Home Office,5300,466.377,6,59,0.0879956603773585
PP-189553,Paul Prost,Home Office,533,103.068,6,15,0.1933733583489681
PP-189554,Paul Prost,Home Office,7254,1495.0854,10,138,0.20610496277915633
PP-89551,Paul Prost,Home Office,232,-231.30900000000003,2,14,-0.9970215517241381
PP-89552,Paul Prost,Home Office,128,16.65,1,2,0.130078125
PR-188801,Patrick Ryan,Consumer,3303,-296.9643,8,81,-0.08990744777475022
PR-188802,Patrick Ryan,Consumer,3897,899.5980000000001,9,54,0.23084372594303312
PR-188803,Patrick Ryan,Consumer,4204,512.56912,7,69,0.1219241484300666
PR-188804,Patrick Ryan,Consumer,1841,247.6226,5,43,0.13450439978272677
PR-88801,Patrick Ryan,Consumer,517,-862.506,2,26,-1.6682901353965183
PR-88802,Patrick Ryan,Consumer,289,45.9,1,5,0.1588235294117647
PR-88803,Patrick Ryan,Consumer,279,-137.094,2,5,-0.4913763440860215
PS-187601,Pamela Stobb,Consumer,3962,488.49240000000003,8,53,0.12329439676930844
PS-187602,Pamela Stobb,Consumer,6533,636.2940000000001,6,44,0.0973969080055105
PS-187603,Pamela Stobb,Consumer,3252,494.964,8,55,0.1522029520295203
PS-187604,Pamela Stobb,Consumer,2182,-134.441,6,75,-0.061613657195233734
PS-189701,Paul Stevenson,Home Office,5988,-338.14200000000005,6,59,-0.056469939879759526
PS-189702,Paul Stevenson,Home Office,4672,769.8315,12,64,0.1647755779109589
PS-189703,Paul Stevenson,Home Office,6286,1575.22632,7,66,0.2505927966910595
PS-189704,Paul Stevenson,Home Office,1278,198.5099,8,52,0.15532856025039124
PS-190451,Penelope Sewall,Home Office,8178,504.9819,7,78,0.06174882611885547
PS-190452,Penelope Sewall,Home Office,7012,1261.9215000000002,4,59,0.17996598687963494
PS-190453,Penelope Sewall,Home Office,7221,916.562,8,75,0.12693006508793797
PS-190454,Penelope Sewall,Home Office,6842,1742.7296999999999,7,47,0.25471056708564743
PS-87601,Pamela Stobb,Consumer,531,121.86,1,2,0.2294915254237288
PS-87602,Pamela Stobb,Consumer,1175,-314.058,4,23,-0.26728340425531916
PS-89701,Paul Stevenson,Home Office,57,16.740000000000002,2,2,0.2936842105263158
PS-89702,Paul Stevenson,Home Office,1339,-387.972,2,17,-0.289747572815534
PS-90451,Penelope Sewall,Home Office,341,27.42,3,6,0.08041055718475074
PS-90452,Penelope Sewall,Home Office,489,-114.80399999999999,4,17,-0.2347730061349693
PT-190901,Pete Takahito,Consumer,2798,-496.203,6,29,-0.17734203002144389
PT-190902,Pete Takahito,Consumer,2553,234.102,7,42,0.09169682726204466
PT-190903,Pete Takahito,Consumer,2858,498.822,8,49,0.17453533939818056
PT-190904,Pete Takahito,Consumer,160,-20.0508,4,19,-0.1253175
PT-90901,Pete Takahito,Consumer,804,115.86,1,13,0.14410447761194028
PT-90902,Pete Takahito,Consumer,3881,277.16999999999996,4,32,0.07141716052563771
PV-189851,Paul Van Hugh,Home Office,2717,410.1435,9,47,0.15095454545454545
PV-189852,Paul Van Hugh,Home Office,2313,394.7595,7,50,0.17066990920881972
PV-189853,Paul Van Hugh,Home Office,4636,1291.712,7,56,0.2786264020707506
PV-189854,Paul Van Hugh,Home Office,2875,434.52840000000003,5,52,0.15114031304347827
PV-89851,Paul Van Hugh,Home Office,3156,911.5799999999999,4,17,0.2888403041825095
PV-89852,Paul Van Hugh,Home Office,3235,612.846,2,21,0.18944234930448223
PW-190301,Pauline Webber,Corporate,1126,-14.346900000000003,9,37,-0.012741474245115457
PW-190302,Pauline Webber,Corporate,5988,1200.8039999999999,8,83,0.20053507014028055
PW-190303,Pauline Webber,Corporate,2237,332.12536,4,37,0.1484690925346446
PW-190304,Pauline Webber,Corporate,3454,803.8169,10,48,0.23272058482918356
PW-192401,Pierre Wener,Consumer,563,-141.1272,5,40,-0.2506699822380106
PW-192402,Pierre Wener,Consumer,1023,358.23600000000005,5,32,0.3501818181818182
PW-192403,Pierre Wener,Consumer,1677,329.956,7,57,0.1967537268932618
PW-192404,Pierre Wener,Consumer,3922,1290.354,7,39,0.3290040795512494
PW-90301,Pauline Webber,Corporate,509,-123.39600000000002,3,25,-0.24242829076620828
PW-90302,Pauline Webber,Corporate,574,-254.202,4,12,-0.44286062717770036
PW-92401,Pierre Wener,Consumer,1097,122.55000000000001,4,17,0.11171376481312673
PW-92402,Pierre Wener,Consumer,140,-17.67,3,4,-0.12621428571428572
QJ-192551,Quincy Jones,Corporate,6156,553.6791,4,35,0.08994137426900584
QJ-192552,Quincy Jones,Corporate,3314,1275.0900000000001,3,21,0.3847585998793
QJ-192553,Quincy Jones,Corporate,2616,-624.844,7,81,-0.23885474006116209
QJ-192554,Quincy Jones,Corporate,6111,1203.6768,9,61,0.19696887579774178
QJ-92551,Quincy Jones,Corporate,165,23.34,2,9,0.14145454545454544
QJ-92552,Quincy Jones,Corporate,223,-187.749,3,6,-0.8419237668161434
RA-192851,Ralph Arnett,Consumer,3278,795.99,2,18,0.24282794386821233
RA-192852,Ralph Arnett,Consumer,7958,1934.301,8,63,0.2430637094747424
RA-192853,Ralph Arnett,Consumer,2964,856.52,5,40,0.28897435897435897
RA-192854,Ralph Arnett,Consumer,2619,546.0882,9,58,0.2085101947308133
RA-198851,Ruben Ausman,Corporate,5363,805.71,5,49,0.1502349431288458
RA-198852,Ruben Ausman,Corporate,2886,763.401,7,42,0.264518711018711
RA-198853,Ruben Ausman,Corporate,3354,557.9840800000001,4,67,0.16636376863446634
RA-198854,Ruben Ausman,Corporate,3832,1292.8656,7,53,0.3373866388308977
RA-199151,Russell Applegate,Consumer,3895,534.3290999999999,6,67,0.13718333761232349
RA-199152,Russell Applegate,Consumer,4488,91.80900000000003,4,49,0.020456550802139043
RA-199153,Russell Applegate,Consumer,7801,1147.75232,8,68,0.14712887065760802
RA-199154,Russell Applegate,Consumer,4794,304.8673,9,75,0.06359351272423863
RA-199451,Ryan Akin,Consumer,726,-33.82319999999999,4,26,-0.046588429752066104
RA-199452,Ryan Akin,Consumer,4439,608.043,7,35,0.13697747240369454
RA-199453,Ryan Akin,Consumer,4845,550.436,7,57,0.11360908152734779
RA-199454,Ryan Akin,Consumer,1686,-445.695,5,27,-0.2643505338078292
RA-92851,Ralph Arnett,Consumer,2760,103.19399999999996,7,36,0.03738913043478259
RA-92852,Ralph Arnett,Consumer,295,118.62,1,6,0.40210169491525427
RA-92853,Ralph Arnett,Consumer,3170,-1741.638,6,42,-0.54941261829653
RA-98851,Ruben Ausman,Corporate,59,-106.164,1,4,-1.7993898305084746
RA-98852,Ruben Ausman,Corporate,154,60.81,2,9,0.39487012987012987
RA-98853,Ruben Ausman,Corporate,291,-54.138,5,16,-0.18604123711340206
RA-99151,Russell Applegate,Consumer,201,62.16,1,4,0.30925373134328354
RA-99152,Russell Applegate,Consumer,219,23.28,1,4,0.10630136986301371
RA-99451,Ryan Akin,Consumer,1012,-27.752999999999986,6,11,-0.027423913043478246
RA-99452,Ryan Akin,Consumer,1034,245.51999999999998,3,16,0.2374468085106383
RB-193301,Randy Bradley,Consumer,3794,436.1145,8,75,0.114948471270427
RB-193302,Randy Bradley,Consumer,8650,2864.601,12,83,0.3311677456647399
RB-193303,Randy Bradley,Consumer,4909,601.27712,10,84,0.12248464453045427
RB-193304,Randy Bradley,Consumer,1008,-164.40619999999998,2,16,-0.16310138888888887
RB-193601,Raymond Buch,Consumer,10106,510.0816,8,106,0.05047314466653473
RB-193602,Raymond Buch,Consumer,3511,967.734,6,43,0.2756291654799203
RB-193603,Raymond Buch,Consumer,463,70.03999999999999,5,28,0.1512742980561555
RB-193604,Raymond Buch,Consumer,15117,6976.0959,6,71,0.4614735661837666
RB-194351,Richard Bierner,Consumer,4966,587.961,6,56,0.11839730165122836
RB-194352,Richard Bierner,Consumer,93,13.815,3,7,0.14854838709677418
RB-194353,Richard Bierner,Consumer,3896,-473.57648,11,53,-0.12155453798767968
RB-194354,Richard Bierner,Consumer,2663,477.2399,8,66,0.1792113781449493
RB-194651,Rick Bensley,Home Office,7408,1058.628,9,102,0.1429033477321814
RB-194652,Rick Bensley,Home Office,1190,294.16499999999996,5,21,0.2471974789915966
RB-194653,Rick Bensley,Home Office,3867,776.3104,10,75,0.20075262477372638
RB-194654,Rick Bensley,Home Office,4714,640.5466,12,85,0.1358817564700891
RB-195701,Rob Beeghly,Consumer,1822,441.28499999999997,2,23,0.24219813391877057
RB-195702,Rob Beeghly,Consumer,6788,1300.776,10,97,0.19162875662934592
RB-195703,Rob Beeghly,Consumer,1824,-172.83599999999998,8,69,-0.09475657894736841
RB-195704,Rob Beeghly,Consumer,528,76.88789999999999,5,35,0.1456210227272727
RB-196451,Robert Barroso,Corporate,2377,306.81539999999995,3,23,0.129076735380732
RB-196452,Robert Barroso,Corporate,1580,368.481,6,37,0.23321582278481012
RB-196453,Robert Barroso,Corporate,1796,6.303999999999988,8,50,0.003510022271714915
RB-196454,Robert Barroso,Corporate,221,72.679,5,29,0.32886425339366515
RB-197051,Roger Barcio,Home Office,4923,1588.4075999999998,5,42,0.32265033516148683
RB-197052,Roger Barcio,Home Office,367,-1.8359999999999985,3,9,-0.005002724795640323
RB-197053,Roger Barcio,Home Office,1930,239.43200000000002,4,22,0.12405803108808292
RB-197054,Roger Barcio,Home Office,2068,243.0755,4,22,0.11754134429400387
RB-197951,Ross Baird,Home Office,2476,341.1975,8,43,0.13780189822294023
RB-197952,Ross Baird,Home Office,1486,301.209,5,39,0.2026978465679677
RB-197953,Ross Baird,Home Office,9463,2142.98884,14,122,0.22645977385607102
RB-197954,Ross Baird,Home Office,5633,-461.73319999999995,8,92,-0.08196932362861707
RB-93301,Randy Bradley,Consumer,2079,82.56599999999997,5,23,0.0397142857142857
RB-93302,Randy Bradley,Consumer,2458,331.20000000000005,3,18,0.13474369406021158
RB-93601,Raymond Buch,Consumer,171,20.43,2,8,0.11947368421052632
RB-93602,Raymond Buch,Consumer,233,-91.332,2,6,-0.39198283261802574
RB-94351,Richard Bierner,Consumer,215,54.81,2,3,0.25493023255813957
RB-94352,Richard Bierner,Consumer,2964,-1785.906,4,39,-0.6025323886639676
RB-94651,Rick Bensley,Home Office,418,68.97,1,19,0.165
RB-94652,Rick Bensley,Home Office,3257,1227.84,2,27,0.3769849554805035
RB-95701,Rob Beeghly,Consumer,267,98.466,2,7,0.36878651685393254
RB-95702,Rob Beeghly,Consumer,320,-248.655,3,10,-0.777046875
RB-96451,Robert Barroso,Corporate,147,10.29,1,1,0.06999999999999999
RB-96452,Robert Barroso,Corporate,135,-124.446,2,3,-0.9218222222222222
RB-97051,Roger Barcio,Home Office,4267,1067.8980000000001,7,26,0.2502690414811343
RB-97052,Roger Barcio,Home Office,285,38.85,1,9,0.13631578947368422
RB-97053,Roger Barcio,Home Office,1464,-296.286,4,20,-0.2023811475409836
RB-97951,Ross Baird,Home Office,68,-26.862,2,11,-0.39502941176470585
RB-97952,Ross Baird,Home Office,188,53.730000000000004,3,3,0.28579787234042553
RC-198251,Roy Collins,Consumer,778,127.3158,4,22,0.16364498714652956
RC-198252,Roy Collins,Consumer,4180,560.6505,7,53,0.13412691387559808
RC-198253,Roy Collins,Consumer,1993,-14.211999999999996,8,64,-0.007130958354239838
RC-198254,Roy Collins,Consumer,968,63.9914,6,29,0.06610681818181818
RC-199601,Ryan Crowe,Consumer,3140,1022.8371,5,37,0.3257442993630573
RC-199602,Ryan Crowe,Consumer,2901,532.254,7,39,0.18347259565667012
RC-199603,Ryan Crowe,Consumer,971,192.436,4,23,0.19818331616889806
RC-199604,Ryan Crowe,Consumer,886,10.563300000000005,6,44,0.011922460496614001
RC-98251,Roy Collins,Consumer,37,0.0,1,4,0.0
RC-99601,Ryan Crowe,Consumer,1610,365.325,4,17,0.22690993788819874
RC-99602,Ryan Crowe,Consumer,31,0.6,1,1,0.01935483870967742
RD-194801,Rick Duston,Consumer,890,332.13,2,15,0.37317977528089885
RD-194802,Rick Duston,Consumer,5552,1223.1225,7,43,0.2203030439481268
RD-194803,Rick Duston,Consumer,5769,1281.0883999999999,10,100,0.22206420523487605
RD-194804,Rick Duston,Consumer,4272,480.594,8,60,0.11249859550561797
RD-195851,Rob Dowd,Consumer,4320,606.1298999999999,7,66,0.1403078472222222
RD-195852,Rob Dowd,Consumer,8108,1185.8519999999999,9,85,0.14625703009373456
RD-195853,Rob Dowd,Consumer,973,-75.928,5,23,-0.07803494347379239
RD-195854,Rob Dowd,Consumer,2913,734.5158,10,73,0.25215097837281153
RD-196601,Robert Dilbeck,Home Office,4068,1298.3900999999998,7,48,0.3191716076696165
RD-196602,Robert Dilbeck,Home Office,5345,949.197,4,51,0.17758596819457437
RD-196603,Robert Dilbeck,Home Office,751,88.336,5,14,0.11762450066577895
RD-196604,Robert Dilbeck,Home Office,2787,835.772,5,23,0.2998823107283818
RD-197201,Roger Demir,Consumer,3843,504.40650000000005,6,58,0.13125331772053084
RD-197202,Roger Demir,Consumer,5295,1130.43,9,70,0.21349008498583572
RD-197203,Roger Demir,Consumer,346,54.952000000000005,5,28,0.15882080924855493
RD-197204,Roger Demir,Consumer,1420,207.3304,10,78,0.14600732394366198
RD-198101,Ross DeVincentis,Home Office,2147,369.069,10,63,0.1718998602701444
RD-198102,Ross DeVincentis,Home Office,1286,313.332,5,46,0.2436485225505443
RD-198103,Ross DeVincentis,Home Office,2519,416.41296,7,63,0.16530883684001588
RD-198104,Ross DeVincentis,Home Office,1137,318.4625,8,63,0.28009014951627087
RD-199001,Ruben Dartt,Consumer,6221,1393.4279999999999,6,47,0.22398778331457964
RD-199002,Ruben Dartt,Consumer,23,7.23,1,1,0.31434782608695655
RD-199003,Ruben Dartt,Consumer,4104,618.8960000000001,13,99,0.15080311890838208
RD-199004,Ruben Dartt,Consumer,3134,455.5292,9,85,0.14535073388640715
RD-199301,Russell D'Ascenzo,Consumer,3945,6.137999999999991,6,55,0.0015558935361216707
RD-199302,Russell D'Ascenzo,Consumer,399,-12.582,2,11,-0.031533834586466164
RD-199303,Russell D'Ascenzo,Consumer,3982,654.78032,10,82,0.16443503766951278
RD-199304,Russell D'Ascenzo,Consumer,971,35.0574,4,33,0.03610442842430484
RD-94801,Rick Duston,Consumer,609,145.8,3,12,0.2394088669950739
RD-94802,Rick Duston,Consumer,91,2.7,1,2,0.029670329670329672
RD-94803,Rick Duston,Consumer,363,122.00999999999999,2,4,0.3361157024793388
RD-95851,Rob Dowd,Consumer,4464,1291.5900000000001,6,49,0.28933467741935487
RD-95852,Rob Dowd,Consumer,704,177.81,1,5,0.2525710227272727
RD-96601,Robert Dilbeck,Home Office,2960,798.972,4,31,0.26992297297297296
RD-96602,Robert Dilbeck,Home Office,175,84.03,1,2,0.4801714285714286
RD-96603,Robert Dilbeck,Home Office,258,-88.824,4,18,-0.3442790697674418
RD-97201,Roger Demir,Consumer,2698,758.6999999999999,4,25,0.28120830244625644
RD-97202,Roger Demir,Consumer,1136,381.192,4,10,0.33555633802816903
RD-98101,Ross DeVincentis,Home Office,3021,749.88,5,25,0.24822244289970208
RD-98102,Ross DeVincentis,Home Office,192,-227.262,2,10,-1.18365625
RD-99001,Ruben Dartt,Consumer,280,36.123000000000005,5,11,0.1290107142857143
RD-99002,Ruben Dartt,Consumer,4558,819.468,5,41,0.17978674857393592
RD-99301,Russell D'Ascenzo,Consumer,2183,-1345.212,6,24,-0.6162217132386624
RD-99302,Russell D'Ascenzo,Consumer,4339,1892.1840000000002,5,26,0.4360875777828993
RE-194051,Ricardo Emerson,Consumer,7787,1171.0281,10,75,0.15038244510080903
RE-194052,Ricardo Emerson,Consumer,1122,409.146,3,33,0.3646577540106952
RE-194053,Ricardo Emerson,Consumer,3116,769.78808,7,37,0.24704367137355585
RE-194054,Ricardo Emerson,Consumer,48,6.045,1,5,0.1259375
RE-194501,Richard Eichhorn,Consumer,4319,880.0632,7,40,0.20376550127344295
RE-194502,Richard Eichhorn,Consumer,2495,578.6700000000001,4,46,0.23193186372745495
RE-194503,Richard Eichhorn,Consumer,2970,-166.77396,2,25,-0.05615284848484848
RE-194504,Richard Eichhorn,Consumer,878,209.2294,5,47,0.238302277904328
RE-94051,Ricardo Emerson,Consumer,868,53.943,3,10,0.062146313364055294
RE-94052,Ricardo Emerson,Consumer,1098,233.73,3,21,0.21286885245901638
RE-94501,Richard Eichhorn,Consumer,1411,206.817,5,15,0.14657476966690292
RE-94502,Richard Eichhorn,Consumer,4267,683.4060000000001,7,35,0.1601607686899461
RF-193451,Randy Ferguson,Corporate,4628,326.05800000000005,8,61,0.07045332757130511
RF-193452,Randy Ferguson,Corporate,3029,1069.5900000000001,5,23,0.3531165401122483
RF-193453,Randy Ferguson,Corporate,2424,248.02379999999997,6,37,0.10232004950495048
RF-193454,Randy Ferguson,Corporate,3310,633.7072000000001,8,67,0.19145232628398792
RF-197351,Roland Fjeld,Consumer,6855,-601.6383,8,71,-0.08776634573304157
RF-197352,Roland Fjeld,Consumer,1320,368.76,3,34,0.27936363636363637
RF-197353,Roland Fjeld,Consumer,1622,346.02,5,39,0.2133292231812577
RF-197354,Roland Fjeld,Consumer,2342,711.6168,7,53,0.30385004269854826
RF-198401,Roy Französisch,Consumer,2803,617.667,7,38,0.22035925793792366
RF-198402,Roy Französisch,Consumer,7357,1701.606,7,104,0.2312907435095827
RF-198403,Roy Französisch,Consumer,3972,452.87068000000005,9,61,0.1140157804632427
RF-198404,Roy Französisch,Consumer,947,280.0261,8,45,0.29569809926082363
RF-93451,Randy Ferguson,Corporate,688,278.466,2,5,0.40474709302325584
RF-93452,Randy Ferguson,Corporate,13,5.64,1,2,0.4338461538461538
RF-93453,Randy Ferguson,Corporate,2506,532.47,2,37,0.2124780526735834
RF-97351,Roland Fjeld,Consumer,951,298.77,3,13,0.31416403785488956
RF-98401,Roy Französisch,Consumer,173,-353.13,1,11,-2.04121387283237
RF-98402,Roy Französisch,Consumer,400,142.692,5,13,0.35673
RH-194951,Rick Hansen,Consumer,2452,-103.02540000000002,8,61,-0.04201688417618272
RH-194952,Rick Hansen,Consumer,4263,270.98999999999995,5,51,0.06356790992258972
RH-194953,Rick Hansen,Consumer,2961,725.6279999999999,10,64,0.24506180344478215
RH-194954,Rick Hansen,Consumer,3622,563.7877,5,38,0.15565646051905024
RH-195101,Rick Huthwaite,Home Office,1448,178.683,7,22,0.12339986187845303
RH-195102,Rick Huthwaite,Home Office,1519,-22.664999999999992,5,32,-0.014921000658327842
RH-195103,Rick Huthwaite,Home Office,1654,355.52496,7,47,0.21494858524788393
RH-195104,Rick Huthwaite,Home Office,6980,1289.4535,6,43,0.18473545845272207
RH-195551,Ritsa Hightower,Consumer,3631,398.289,5,39,0.10969126962269347
RH-195552,Ritsa Hightower,Consumer,2999,-238.686,9,43,-0.07958852950983661
RH-195553,Ritsa Hightower,Consumer,1573,133.096,5,43,0.0846128417037508
RH-195554,Ritsa Hightower,Consumer,740,0.30570000000000164,2,11,0.00041310810810811033
RH-196001,Rob Haberlin,Consumer,572,-40.41060000000001,3,13,-0.07064790209790212
RH-196002,Rob Haberlin,Consumer,954,122.208,8,29,0.1281006289308176
RH-196003,Rob Haberlin,Consumer,1019,75.32816,7,26,0.07392361138370952
RH-196004,Rob Haberlin,Consumer,2086,172.6261,3,43,0.0827546021093001
RH-94951,Rick Hansen,Consumer,2833,311.52,1,8,0.10996117190257677
RH-94952,Rick Hansen,Consumer,225,81.99000000000001,2,8,0.36440000000000006
RH-95101,Rick Huthwaite,Home Office,585,-170.23200000000003,4,16,-0.2909948717948718
RH-95102,Rick Huthwaite,Home Office,1252,33.90000000000002,3,22,0.027076677316293946
RH-95551,Ritsa Hightower,Consumer,4477,951.4889999999999,5,23,0.21252825552825552
RH-95552,Ritsa Hightower,Consumer,4275,758.31,3,54,0.17738245614035086
RH-96001,Rob Haberlin,Consumer,1421,280.2,4,19,0.19718508092892328
RH-96002,Rob Haberlin,Consumer,1826,599.28,1,10,0.3281927710843373
RH-96003,Rob Haberlin,Consumer,92,13.14,3,4,0.14282608695652174
RK-193001,Ralph Kennedy,Consumer,3288,297.978,5,41,0.09062591240875913
RK-193002,Ralph Kennedy,Consumer,1048,-405.26250000000005,5,21,-0.386700858778626
RK-193003,Ralph Kennedy,Consumer,7683,-1835.9729199999997,13,105,-0.23896562800989193
RK-193004,Ralph Kennedy,Consumer,1460,269.688,3,29,0.18471780821917808
RK-93001,Ralph Kennedy,Consumer,383,60.09,2,8,0.15689295039164491
RK-93002,Ralph Kennedy,Consumer,136,57.69,2,4,0.42419117647058824
RL-196151,Rob Lucas,Consumer,4648,791.61,4,26,0.1703119621342513
RL-196152,Rob Lucas,Consumer,682,134.82,4,13,0.197683284457478
RL-196153,Rob Lucas,Consumer,3303,922.5644799999999,7,54,0.27931107478050254
RL-196154,Rob Lucas,Consumer,6236,488.14840000000004,8,101,0.07827908915971778
RL-96151,Rob Lucas,Consumer,169,33.912,3,5,0.20066272189349113
RL-96152,Rob Lucas,Consumer,2251,332.934,5,21,0.1479049311417148
RM-193751,Raymond Messe,Consumer,5541,320.3646,8,45,0.05781710882512182
RM-193752,Raymond Messe,Consumer,5054,-184.197,7,61,-0.036445785516422635
RM-193753,Raymond Messe,Consumer,4028,803.18952,4,46,0.19940156901688183
RM-193754,Raymond Messe,Consumer,1453,392.1499,6,29,0.26988981417756364
RM-196751,Robert Marley,Home Office,898,-8.377499999999998,3,13,-0.009329064587973272
RM-196752,Robert Marley,Home Office,3011,340.48199999999997,8,59,0.1130793756227167
RM-196753,Robert Marley,Home Office,1266,575.86,3,22,0.4548657187993681
RM-196754,Robert Marley,Home Office,5978,1902.5438000000001,5,39,0.31825757778521246
RM-197501,Roland Murray,Consumer,2453,657.8937,6,39,0.2681996331023237
RM-197502,Roland Murray,Consumer,2363,453.24,3,16,0.1918070249682607
RM-197503,Roland Murray,Consumer,1560,175.05716,9,39,0.11221612820512822
RM-197504,Roland Murray,Consumer,98,28.6879,1,4,0.2927336734693877
RM-93751,Raymond Messe,Consumer,709,248.76,4,17,0.3508603667136812
RM-93752,Raymond Messe,Consumer,1532,275.136,3,12,0.1795926892950392
RM-96751,Robert Marley,Home Office,198,96.99,1,1,0.4898484848484848
RM-96752,Robert Marley,Home Office,212,44.4,1,5,0.20943396226415092
RM-96753,Robert Marley,Home Office,1305,-409.656,6,23,-0.3139126436781609
RM-97501,Roland Murray,Consumer,53,9.96,1,3,0.1879245283018868
RM-97502,Roland Murray,Consumer,876,-74.50499999999998,6,17,-0.08505136986301368
RO-197801,Rose O'Brian,Consumer,12210,1517.3145,10,92,0.12426818181818182
RO-197802,Rose O'Brian,Consumer,1842,305.031,7,58,0.16559771986970684
RO-197803,Rose O'Brian,Consumer,965,150.91199999999998,5,28,0.15638549222797926
RO-197804,Rose O'Brian,Consumer,3816,-1262.5716,7,48,-0.3308625786163522
RO-97801,Rose O'Brian,Consumer,2597,598.53,7,60,0.23046977281478628
RO-97802,Rose O'Brian,Consumer,482,-440.334,2,5,-0.9135560165975104
RP-192701,Rachel Payne,Corporate,6542,1098.5217,11,77,0.1679183277285234
RP-192702,Rachel Payne,Corporate,5731,314.66999999999996,6,61,0.05490664805444075
RP-192703,Rachel Payne,Corporate,495,35.17999999999999,5,26,0.07107070707070706
RP-192704,Rachel Payne,Corporate,955,59.5384,4,47,0.06234387434554974
RP-193901,Resi Pölking,Consumer,6918,-145.7175,7,67,-0.02106352992194276
RP-193902,Resi Pölking,Consumer,1082,36.55500000000001,6,22,0.03378465804066544
RP-193903,Resi Pölking,Consumer,2963,-808.164,9,73,-0.2727519406007425
RP-193904,Resi Pölking,Consumer,5155,465.2503,12,88,0.09025224054316197
RP-198551,Roy Phan,Corporate,3516,-176.79809999999998,5,42,-0.05028387372013651
RP-198552,Roy Phan,Corporate,4063,409.0485,9,81,0.1006764705882353
RP-198553,Roy Phan,Corporate,1294,-398.432,5,32,-0.30790726429675425
RP-198554,Roy Phan,Corporate,2169,594.5868,8,61,0.27412946058091286
RP-92701,Rachel Payne,Corporate,238,69.792,2,6,0.2932436974789916
RP-92702,Rachel Payne,Corporate,1037,325.02000000000004,4,25,0.3134233365477339
RP-93901,Resi Pölking,Consumer,4862,1082.28,5,44,0.22259975318798847
RP-93902,Resi Pölking,Consumer,1073,438.18,2,9,0.4083690587138863
RP-98551,Roy Phan,Corporate,2342,785.8199999999999,2,21,0.33553373185311697
RP-98552,Roy Phan,Corporate,1226,-1075.371,4,17,-0.8771378466557913
RR-193151,Ralph Ritter,Consumer,7303,1724.0829,10,64,0.23607872107353145
RR-193152,Ralph Ritter,Consumer,2372,472.191,5,27,0.19906871838111298
RR-193153,Ralph Ritter,Consumer,1472,181.94448,4,19,0.12360358695652174
RR-193154,Ralph Ritter,Consumer,615,-73.835,2,7,-0.12005691056910568
RR-195251,Rick Reed,Corporate,3504,244.87259999999998,6,44,0.06988373287671232
RR-195252,Rick Reed,Corporate,2907,965.034,6,42,0.33196904024767804
RR-195253,Rick Reed,Corporate,5293,-2030.752,9,108,-0.38366748535802003
RR-195254,Rick Reed,Corporate,3301,721.6826,6,36,0.21862544683429264
RR-93151,Ralph Ritter,Consumer,27,6.18,1,1,0.2288888888888889
RR-93152,Ralph Ritter,Consumer,1795,528.42,3,25,0.2943844011142061
RR-95251,Rick Reed,Corporate,675,103.41,2,13,0.1532
RR-95252,Rick Reed,Corporate,702,-52.22999999999999,5,21,-0.07440170940170938
RS-194201,Ricardo Sperren,Corporate,2441,49.873799999999996,7,40,0.020431708316263824
RS-194202,Ricardo Sperren,Corporate,5093,570.018,9,82,0.11192185352444532
RS-194203,Ricardo Sperren,Corporate,3292,517.68768,7,43,0.15725628189550425
RS-194204,Ricardo Sperren,Corporate,3221,633.4514,5,29,0.19666296181310153
RS-197651,Roland Schwarz,Corporate,3052,445.32900000000006,5,30,0.1459138269986894
RS-197652,Roland Schwarz,Corporate,3669,1077.1019999999999,4,25,0.29356827473426
RS-197653,Roland Schwarz,Corporate,2702,317.50028000000003,8,40,0.1175056550703183
RS-197654,Roland Schwarz,Corporate,4160,1206.3851,8,54,0.2899964182692308
RS-198701,Roy Skaria,Home Office,1460,280.698,4,43,0.19225890410958904
RS-198702,Roy Skaria,Home Office,3208,835.4535000000001,7,59,0.26042814837905237
RS-198703,Roy Skaria,Home Office,2399,97.11728000000001,7,62,0.04048240100041684
RS-198704,Roy Skaria,Home Office,22,9.5838,2,10,0.43562727272727275
RS-94201,Ricardo Sperren,Corporate,331,49.29,5,10,0.14891238670694865
RS-94202,Ricardo Sperren,Corporate,12,1.65,1,1,0.13749999999999998
RS-94203,Ricardo Sperren,Corporate,42,1.68,1,3,0.04
RS-97651,Roland Schwarz,Corporate,960,288.42,4,15,0.3004375
RS-97652,Roland Schwarz,Corporate,565,137.43,2,11,0.24323893805309735
RS-98701,Roy Skaria,Home Office,467,144.39000000000001,4,17,0.309186295503212
RS-98702,Roy Skaria,Home Office,565,96.186,4,18,0.17024070796460178
RW-195401,Rick Wilson,Corporate,6351,922.7280000000001,8,81,0.14528861596598963
RW-195402,Rick Wilson,Corporate,4541,1120.4535,7,36,0.24674157674521033
RW-195403,Rick Wilson,Corporate,1134,295.216,3,20,0.260331569664903
RW-195404,Rick Wilson,Corporate,7400,1586.6273,7,89,0.21440909459459462
RW-196301,Rob Williams,Corporate,3001,839.4467999999999,4,36,0.27972235921359545
RW-196302,Rob Williams,Corporate,1349,106.52550000000001,5,21,0.07896627131208303
RW-196303,Rob Williams,Corporate,1798,354.816,8,29,0.1973392658509455
RW-196304,Rob Williams,Corporate,3280,698.8325,9,53,0.21305868902439024
RW-196901,Robert Waldorf,Consumer,5650,1161.222,8,61,0.20552601769911505
RW-196902,Robert Waldorf,Consumer,941,151.09199999999998,6,24,0.1605653560042508
RW-196903,Robert Waldorf,Consumer,1113,292.392,6,31,0.26270619946091645
RW-196904,Robert Waldorf,Consumer,3495,707.5503,5,61,0.20244643776824034
RW-95401,Rick Wilson,Corporate,4821,1269.9,4,22,0.26341008089607965
RW-95402,Rick Wilson,Corporate,878,-17.49600000000001,3,17,-0.019927107061503427
RW-96301,Rob Williams,Corporate,546,247.44,1,4,0.4531868131868132
RW-96302,Rob Williams,Corporate,14,5.16,1,1,0.3685714285714286
RW-96901,Robert Waldorf,Consumer,294,97.251,2,6,0.3307857142857143
RW-96902,Robert Waldorf,Consumer,1103,-272.505,6,31,-0.24705802357207615
SA-108301,Sue Ann Reed,Consumer,505,45.804,5,12,0.0907009900990099
SA-108302,Sue Ann Reed,Consumer,55,4.38,1,2,0.07963636363636363
SA-108303,Sue Ann Reed,Consumer,312,-106.72800000000001,4,9,-0.3420769230769231
SA-208301,Sue Ann Reed,Consumer,2320,-467.92800000000005,9,52,-0.20169310344827587
SA-208302,Sue Ann Reed,Consumer,4398,846.306,3,22,0.19242974079126876
SA-208303,Sue Ann Reed,Consumer,4137,422.71916,8,55,0.10218012086052695
SA-208304,Sue Ann Reed,Consumer,4767,610.1496000000001,10,75,0.1279944619257395
SB-101701,Sarah Bern,Consumer,1321,264.93,2,6,0.20055261165783497
SB-101702,Sarah Bern,Consumer,329,-240.87,3,10,-0.7321276595744681
SB-101851,Sarah Brown,Consumer,935,181.08599999999998,5,20,0.1936748663101604
SB-101852,Sarah Brown,Consumer,332,42.21,2,11,0.12713855421686748
SB-102901,Sean Braxton,Corporate,1976,-120.666,5,34,-0.06106578947368421
SB-201701,Sarah Bern,Consumer,8934,2421.8745,7,71,0.27108512424445935
SB-201702,Sarah Bern,Consumer,1797,-382.12050000000005,3,20,-0.2126435726210351
SB-201703,Sarah Bern,Consumer,874,145.48000000000002,2,27,0.16645308924485128
SB-201704,Sarah Bern,Consumer,1348,157.6658,3,24,0.1169627596439169
SB-201851,Sarah Brown,Consumer,1844,-471.7128,3,41,-0.25580954446854665
SB-201852,Sarah Brown,Consumer,6429,320.199,13,82,0.0498054129724685
SB-201853,Sarah Brown,Consumer,6349,711.40952,9,63,0.112050641045834
SB-201854,Sarah Brown,Consumer,6411,885.4624,6,45,0.1381161129309
SB-202901,Sean Braxton,Corporate,5101,-536.0382,5,18,-0.10508492452460301
SB-202902,Sean Braxton,Corporate,4587,759.234,3,17,0.16551863963374755
SB-202903,Sean Braxton,Corporate,793,83.23599999999999,7,55,0.10496343001261033
SB-202904,Sean Braxton,Corporate,8057,-2082.7451,7,84,-0.2585013156261636
SC-100201,Sam Craven,Consumer,48,15.84,1,1,0.33
SC-100202,Sam Craven,Consumer,428,-131.346,3,14,-0.3068831775700935
SC-100501,Sample Company A,Home Office,1493,232.5,3,24,0.15572672471533824
SC-100502,Sample Company A,Home Office,819,126.35400000000001,4,19,0.1542783882783883
SC-100951,Sanjit Chand,Consumer,717,102.52199999999999,4,23,0.14298744769874475
SC-100952,Sanjit Chand,Consumer,203,-3.3599999999999977,3,7,-0.016551724137931025
SC-102301,Scot Coram,Corporate,174,27.417,2,7,0.1575689655172414
SC-102302,Scot Coram,Corporate,1619,258.9,1,10,0.1599135268684373
SC-102601,Scott Cohen,Corporate,633,58.95,1,13,0.09312796208530806
SC-102602,Scott Cohen,Corporate,2533,-101.83200000000004,6,29,-0.040202131859455204
SC-103051,Sean Christensen,Consumer,2350,-407.46,5,39,-0.17338723404255318
SC-103052,Sean Christensen,Consumer,857,194.31,2,6,0.22673278879813302
SC-103801,Shahid Collister,Consumer,1446,365.46,2,18,0.25273858921161824
SC-103802,Shahid Collister,Consumer,110,44.67,2,6,0.4060909090909091
SC-104401,Shaun Chance,Corporate,1648,-349.56300000000005,3,36,-0.21211347087378643
SC-104402,Shaun Chance,Corporate,282,-183.87599999999998,1,6,-0.6520425531914893
SC-105751,Sonia Cooley,Consumer,328,41.64,2,13,0.12695121951219512
SC-106801,Steve Carroll,Home Office,2511,490.38,2,27,0.19529271206690563
SC-106802,Steve Carroll,Home Office,3835,52.98000000000011,2,23,0.013814863102998724
SC-106951,Steve Chapman,Corporate,1335,-157.35299999999998,3,21,-0.11786741573033706
SC-106952,Steve Chapman,Corporate,133,-193.12800000000001,1,4,-1.4520902255639099
SC-107251,Steven Cartwright,Consumer,2136,154.40400000000005,3,13,0.07228651685393261
SC-107252,Steven Cartwright,Consumer,807,36.81,4,18,0.045613382899628255
SC-107701,Stewart Carmichael,Corporate,27,5.64,1,4,0.20888888888888887
SC-107702,Stewart Carmichael,Corporate,55,2.73,1,1,0.04963636363636364
SC-107703,Stewart Carmichael,Corporate,1953,-136.03199999999998,5,24,-0.06965284178187403
SC-108001,Stuart Calhoun,Consumer,62,-81.384,1,6,-1.3126451612903225
SC-108002,Stuart Calhoun,Consumer,27,3.54,1,1,0.13111111111111112
SC-108451,Sung Chung,Consumer,613,242.64,1,10,0.3958238172920065
SC-108452,Sung Chung,Consumer,754,19.02,3,17,0.02522546419098143
SC-200201,Sam Craven,Consumer,4109,1032.2154,12,75,0.2512084205402775
SC-200202,Sam Craven,Consumer,1645,362.043,7,46,0.2200869300911854
SC-200203,Sam Craven,Consumer,1462,154.308,10,47,0.10554582763337893
SC-200204,Sam Craven,Consumer,3364,-317.0508,5,62,-0.09424815695600475
SC-200501,Sample Company A,Home Office,5484,869.6595,9,52,0.1585812363238512
SC-200502,Sample Company A,Home Office,1982,199.55399999999997,5,38,0.10068314833501513
SC-200503,Sample Company A,Home Office,4725,-2421.38648,7,115,-0.5124627470899471
SC-200504,Sample Company A,Home Office,4626,1011.7443,9,61,0.21870823605706874
SC-200951,Sanjit Chand,Consumer,3523,605.721,6,50,0.17193329548680103
SC-200952,Sanjit Chand,Consumer,7301,1572.057,9,63,0.21532077797561977
SC-200953,Sanjit Chand,Consumer,635,171.02800000000002,4,14,0.26933543307086616
SC-200954,Sanjit Chand,Consumer,14145,5757.4119,9,87,0.4070280593849417
SC-202301,Scot Coram,Corporate,8083,1355.559,10,76,0.16770493628603242
SC-202302,Scot Coram,Corporate,5550,137.391,8,85,0.024755135135135133
SC-202303,Scot Coram,Corporate,2329,851.96,3,32,0.3658050665521683
SC-202304,Scot Coram,Corporate,4374,440.141,4,49,0.10062665752171926
SC-202601,Scott Cohen,Corporate,2826,243.0294,9,75,0.08599766454352442
SC-202602,Scott Cohen,Corporate,1608,404.34000000000003,3,29,0.25145522388059705
SC-202603,Scott Cohen,Corporate,1205,-52.81999999999999,6,33,-0.043834024896265554
SC-202604,Scott Cohen,Corporate,3732,671.0034,8,63,0.17979726688102896
SC-203051,Sean Christensen,Consumer,9218,452.664,6,77,0.04910653070080277
SC-203052,Sean Christensen,Consumer,3511,-418.017,9,53,-0.119059242381088
SC-203053,Sean Christensen,Consumer,991,411.62,4,18,0.4153582240161453
SC-203054,Sean Christensen,Consumer,3980,229.1617,7,64,0.057578316582914575
SC-203801,Shahid Collister,Consumer,6626,674.6634,12,122,0.10182061575611229
SC-203802,Shahid Collister,Consumer,1512,25.616999999999994,9,38,0.016942460317460314
SC-203803,Shahid Collister,Consumer,1990,345.30784,7,66,0.17352152763819095
SC-203804,Shahid Collister,Consumer,5994,236.66150000000002,9,80,0.03948306639973307
SC-204401,Shaun Chance,Corporate,332,-6.629100000000003,7,24,-0.019967168674698804
SC-204402,Shaun Chance,Corporate,631,130.176,3,15,0.2063011093502377
SC-204403,Shaun Chance,Corporate,4842,387.35036,8,60,0.07999800908715407
SC-204404,Shaun Chance,Corporate,1875,379.5611,7,44,0.20243258666666666
SC-205751,Sonia Cooley,Consumer,2009,218.34029999999998,9,41,0.10868108511697361
SC-205752,Sonia Cooley,Consumer,3210,585.432,9,67,0.18237757009345795
SC-205753,Sonia Cooley,Consumer,3563,-7.636000000000003,10,63,-0.002143137805220321
SC-205754,Sonia Cooley,Consumer,902,100.2253,5,30,0.11111452328159646
SC-206801,Steve Carroll,Home Office,8915,858.6419999999999,9,92,0.09631430173864274
SC-206802,Steve Carroll,Home Office,1673,251.712,9,51,0.15045546921697547
SC-206803,Steve Carroll,Home Office,1634,-315.07872,7,39,-0.19282663402692776
SC-206804,Steve Carroll,Home Office,1255,370.1578,6,26,0.2949464541832669
SC-206951,Steve Chapman,Corporate,10871,1032.3714,12,113,0.0949656333363996
SC-206952,Steve Chapman,Corporate,3888,662.5425,6,28,0.17040702160493829
SC-206953,Steve Chapman,Corporate,4596,209.4216,7,61,0.04556605744125326
SC-206954,Steve Chapman,Corporate,2578,611.8291,10,66,0.23732703646237394
SC-207251,Steven Cartwright,Consumer,61,7.680000000000001,2,5,0.1259016393442623
SC-207252,Steven Cartwright,Consumer,5473,921.3720000000001,10,92,0.1683486205006395
SC-207253,Steven Cartwright,Consumer,3215,-330.87791999999996,7,63,-0.10291692690513218
SC-207254,Steven Cartwright,Consumer,5226,1276.6513,11,133,0.24428842326827402
SC-207701,Stewart Carmichael,Corporate,5029,78.62100000000004,10,83,0.01563352555179957
SC-207702,Stewart Carmichael,Corporate,1797,257.115,6,37,0.14308013355592655
SC-207703,Stewart Carmichael,Corporate,3174,781.20108,9,84,0.24612510396975426
SC-207704,Stewart Carmichael,Corporate,4494,-671.1874,7,75,-0.14935189141076993
SC-208001,Stuart Calhoun,Consumer,6147,810.4347,6,67,0.1318423133235725
SC-208002,Stuart Calhoun,Consumer,4487,458.0295,10,69,0.10207922888344105
SC-208003,Stuart Calhoun,Consumer,408,33.9084,4,14,0.08310882352941176
SC-208004,Stuart Calhoun,Consumer,278,51.8252,4,11,0.18642158273381296
SC-208451,Sung Chung,Consumer,2987,673.0155,5,27,0.22531486441245396
SC-208452,Sung Chung,Consumer,3289,480.804,5,18,0.14618546670720584
SC-208453,Sung Chung,Consumer,3341,250.04352,12,99,0.07484092187967674
SC-208454,Sung Chung,Consumer,281,31.1757,2,13,0.11094555160142348
SD-104851,Shirley Daniels,Home Office,1115,205.911,5,15,0.18467354260089686
SD-104852,Shirley Daniels,Home Office,43,10.392,3,5,0.24167441860465114
SD-204851,Shirley Daniels,Home Office,3462,403.20390000000003,9,96,0.1164655979202773
SD-204852,Shirley Daniels,Home Office,3888,242.055,10,72,0.06225694444444445
SD-204853,Shirley Daniels,Home Office,3330,800.492,4,33,0.24038798798798797
SD-204854,Shirley Daniels,Home Office,6121,1985.1671999999999,9,82,0.3243207319065512
SE-101101,Sanjit Engle,Consumer,271,19.5,1,9,0.07195571955719557
SE-101102,Sanjit Engle,Consumer,342,132.66,2,4,0.38789473684210524
SE-201101,Sanjit Engle,Consumer,2606,546.6255,7,42,0.2097565234075211
SE-201102,Sanjit Engle,Consumer,9380,2139.399,11,85,0.22808091684434967
SE-201103,Sanjit Engle,Consumer,5335,526.92252,7,81,0.09876710777881911
SE-201104,Sanjit Engle,Consumer,12209,2650.6769,11,78,0.2171084363993775
SF-100651,Sandra Flanagan,Consumer,585,24.939,4,14,0.04263076923076923
SF-100652,Sandra Flanagan,Consumer,3276,767.0699999999999,4,38,0.23414835164835163
SF-102001,Sarah Foster,Consumer,1049,62.226,5,22,0.05931935176358436
SF-102002,Sarah Foster,Consumer,1587,-1446.63,3,26,-0.9115500945179584
SF-109651,Sylvia Foulston,Corporate,868,233.82,3,6,0.2693778801843318
SF-109652,Sylvia Foulston,Corporate,1608,422.5319999999999,3,17,0.26276865671641786
SF-200651,Sandra Flanagan,Consumer,1574,431.07,5,22,0.27386912325285895
SF-200652,Sandra Flanagan,Consumer,4024,121.47,6,51,0.030186381709741552
SF-200653,Sandra Flanagan,Consumer,1036,292.94,3,20,0.2827606177606178
SF-200654,Sandra Flanagan,Consumer,764,228.1623,7,35,0.29864175392670156
SF-202001,Sarah Foster,Consumer,4119,834.5934,8,80,0.2026203932993445
SF-202002,Sarah Foster,Consumer,3100,435.606,6,29,0.14051806451612903
SF-202003,Sarah Foster,Consumer,2380,657.064,5,25,0.2760773109243697
SF-202004,Sarah Foster,Consumer,3424,286.9046,9,74,0.08379223130841122
SF-209651,Sylvia Foulston,Corporate,988,231.60179999999997,3,13,0.2344147773279352
SF-209652,Sylvia Foulston,Corporate,888,155.334,3,29,0.17492567567567568
SF-209653,Sylvia Foulston,Corporate,1567,311.96,2,23,0.19908104658583278
SF-209654,Sylvia Foulston,Corporate,3338,539.9352,9,66,0.16175410425404435
SG-100801,Sandra Glassco,Consumer,788,245.928,2,9,0.31209137055837566
SG-100802,Sandra Glassco,Consumer,56,14.1,1,1,0.2517857142857143
SG-100803,Sandra Glassco,Consumer,235,71.88,3,3,0.3058723404255319
SG-104701,Sheri Gordon,Consumer,666,300.42,1,4,0.4510810810810811
SG-104702,Sheri Gordon,Consumer,2420,567.24,2,12,0.23439669421487605
SG-106051,Speros Goranitis,Consumer,968,-40.74899999999997,3,10,-0.04209607438016526
SG-106052,Speros Goranitis,Consumer,1849,252.24599999999995,3,15,0.13642293131422387
SG-108901,Susan Gilcrest,Corporate,459,-60.461999999999996,3,12,-0.13172549019607843
SG-108902,Susan Gilcrest,Corporate,965,361.47,3,16,0.37458031088082905
SG-200801,Sandra Glassco,Consumer,3290,1109.6118000000001,6,36,0.33726802431610947
SG-200802,Sandra Glassco,Consumer,1412,475.158,3,23,0.336514164305949
SG-200803,Sandra Glassco,Consumer,2666,396.5926,5,46,0.14875941485371344
SG-200804,Sandra Glassco,Consumer,3406,570.438,3,30,0.16748032883147387
SG-204701,Sheri Gordon,Consumer,2933,1272.0153,6,24,0.43369086259802253
SG-204702,Sheri Gordon,Consumer,1665,-608.556,6,42,-0.3654990990990991
SG-204703,Sheri Gordon,Consumer,4249,926.8800000000001,8,66,0.21814073899741118
SG-204704,Sheri Gordon,Consumer,1885,-119.0105,8,62,-0.06313554376657825
SG-206051,Speros Goranitis,Consumer,2654,549.8262,10,69,0.20716887716654106
SG-206052,Speros Goranitis,Consumer,1134,14.345999999999993,7,29,0.012650793650793645
SG-206053,Speros Goranitis,Consumer,3217,302.16436,9,52,0.09392737332918868
SG-206054,Speros Goranitis,Consumer,3126,463.269,6,49,0.14819865642994243
SG-208901,Susan Gilcrest,Corporate,4544,187.42349999999996,8,39,0.04124636883802816
SG-208902,Susan Gilcrest,Corporate,3806,490.02,5,59,0.1287493431424067
SG-208903,Susan Gilcrest,Corporate,2863,-433.4356400000001,6,49,-0.15139212015368497
SG-208904,Susan Gilcrest,Corporate,49,-3.707300000000001,3,17,-0.07565918367346941
SH-103951,Shahid Hopkins,Consumer,52,-73.44,2,3,-1.4123076923076923
SH-103952,Shahid Hopkins,Consumer,67,17.43,1,2,0.2601492537313433
SH-103953,Shahid Hopkins,Consumer,10,3.18,1,1,0.318
SH-106351,Stefanie Holloman,Corporate,658,129.87,4,14,0.19737082066869302
SH-199751,Sally Hughsby,Corporate,3622,553.5918,7,67,0.152841468801767
SH-199752,Sally Hughsby,Corporate,1390,-212.415,4,14,-0.15281654676258993
SH-199753,Sally Hughsby,Corporate,2474,87.57363999999998,5,33,0.03539759094583669
SH-199754,Sally Hughsby,Corporate,3408,558.4739999999999,13,113,0.1638714788732394
SH-203951,Shahid Hopkins,Consumer,4092,434.859,10,81,0.10627052785923753
SH-203952,Shahid Hopkins,Consumer,3278,409.26300000000003,8,46,0.12485143380109824
SH-203953,Shahid Hopkins,Consumer,3300,412.46384,5,45,0.12498904242424243
SH-203954,Shahid Hopkins,Consumer,2180,-144.52289999999996,10,45,-0.06629490825688071
SH-206351,Stefanie Holloman,Corporate,3327,271.17330000000004,6,48,0.08150685302073941
SH-206352,Stefanie Holloman,Corporate,6349,1254.8025,8,61,0.19763781697905183
SH-206353,Stefanie Holloman,Corporate,1775,61.70799999999999,9,63,0.0347650704225352
SH-206354,Stefanie Holloman,Corporate,2096,260.6258,2,16,0.12434437022900764
SH-99751,Sally Hughsby,Corporate,520,-391.113,2,14,-0.7521403846153846
SH-99752,Sally Hughsby,Corporate,7537,1199.25,6,52,0.15911503250630224
SJ-101251,Sanjit Jacobs,Home Office,1050,450.15,2,3,0.4287142857142857
SJ-101252,Sanjit Jacobs,Home Office,23,4.2,1,2,0.1826086956521739
SJ-101253,Sanjit Jacobs,Home Office,1887,-89.72099999999999,6,32,-0.04754689984101748
SJ-102151,Sarah Jordon,Consumer,61,15.42,2,8,0.25278688524590165
SJ-102152,Sarah Jordon,Consumer,22,3.9,1,2,0.17727272727272728
SJ-102153,Sarah Jordon,Consumer,1276,159.732,6,23,0.12518181818181817
SJ-105001,Shirley Jackson,Consumer,454,34.578,3,13,0.07616299559471366
SJ-201251,Sanjit Jacobs,Home Office,425,64.416,4,30,0.15156705882352942
SJ-201252,Sanjit Jacobs,Home Office,3671,475.296,9,60,0.12947316807409426
SJ-201253,Sanjit Jacobs,Home Office,2515,779.544,5,37,0.3099578528827038
SJ-201254,Sanjit Jacobs,Home Office,3950,144.1189,12,104,0.03648579746835443
SJ-202151,Sarah Jordon,Consumer,3535,714.6504,9,66,0.2021641867043847
SJ-202152,Sarah Jordon,Consumer,4555,934.473,8,78,0.20515323819978046
SJ-202153,Sarah Jordon,Consumer,5280,707.19928,9,78,0.1339392575757576
SJ-202154,Sarah Jordon,Consumer,1341,-23.5137,6,35,-0.017534451901565995
SJ-205001,Shirley Jackson,Consumer,3292,783.639,8,55,0.23804343863912517
SJ-205002,Shirley Jackson,Consumer,5012,-307.872,7,75,-0.06142697525937749
SJ-205003,Shirley Jackson,Consumer,3308,1003.368,6,42,0.3033155985489722
SJ-205004,Shirley Jackson,Consumer,1319,68.09629999999999,5,30,0.051627217589082626
SK-199901,Sally Knutson,Consumer,1776,288.9669,4,35,0.16270658783783784
SK-199902,Sally Knutson,Consumer,2838,581.4795,4,29,0.20489059196617337
SK-199903,Sally Knutson,Consumer,5435,1280.81612,8,117,0.23566073965041398
SK-199904,Sally Knutson,Consumer,884,168.79330000000002,3,19,0.19094264705882355
SK-99901,Sally Knutson,Consumer,1032,380.91,3,19,0.36909883720930237
SK-99902,Sally Knutson,Consumer,1327,274.548,4,12,0.2068937452901281
SL-101551,Sara Luxemburg,Home Office,1516,492.36,7,25,0.3247757255936676
SL-101552,Sara Luxemburg,Home Office,28,3.06,1,1,0.10928571428571429
SL-101553,Sara Luxemburg,Home Office,906,160.32000000000002,6,23,0.176953642384106
SL-201551,Sara Luxemburg,Home Office,3808,-232.18499999999995,5,47,-0.06097295168067225
SL-201552,Sara Luxemburg,Home Office,3701,928.0559999999999,9,60,0.2507581734666306
SL-201553,Sara Luxemburg,Home Office,3815,20.348000000000013,11,64,0.005333682830930541
SL-201554,Sara Luxemburg,Home Office,3053,527.9715,7,30,0.17293530953160824
SM-100051,Sally Matthias,Consumer,4068,345.78,3,15,0.08499999999999999
SM-100052,Sally Matthias,Consumer,2194,832.1099999999999,5,32,0.3792661804922515
SM-103201,Sean Miller,Home Office,3993,698.394,4,25,0.1749045830202855
SM-103202,Sean Miller,Home Office,53,-24.426000000000002,3,5,-0.46086792452830194
SM-109051,Susan MacKendrick,Consumer,1576,202.69200000000004,4,19,0.12861167512690358
SM-109052,Susan MacKendrick,Consumer,136,45.09,1,7,0.3315441176470588
SM-109501,Suzanne McNair,Corporate,114,39.03,2,6,0.3423684210526316
SM-109502,Suzanne McNair,Corporate,1223,122.38800000000002,7,19,0.10007195421095667
SM-200051,Sally Matthias,Consumer,949,-101.1165,6,27,-0.10655057955742887
SM-200052,Sally Matthias,Consumer,2741,-330.756,7,45,-0.12066982852973367
SM-200053,Sally Matthias,Consumer,2868,808.936,5,25,0.2820557880055788
SM-200054,Sally Matthias,Consumer,243,-26.5927,4,26,-0.10943497942386832
SM-203201,Sean Miller,Home Office,1002,-57.1734,4,12,-0.05705928143712575
SM-203202,Sean Miller,Home Office,3279,620.043,7,42,0.18909515096065874
SM-203203,Sean Miller,Home Office,1801,334.19536,5,35,0.1855609994447529
SM-203204,Sean Miller,Home Office,25042,-1980.7393000000002,5,50,-0.07909668956153662
SM-209051,Susan MacKendrick,Consumer,3483,788.6664,7,29,0.2264330749354005
SM-209052,Susan MacKendrick,Consumer,2184,646.455,7,47,0.29599587912087916
SM-209053,Susan MacKendrick,Consumer,211,82.66,2,11,0.39175355450236965
SM-209054,Susan MacKendrick,Consumer,1044,-237.2885,1,20,-0.22728783524904214
SM-209501,Suzanne McNair,Corporate,1585,183.9519,4,27,0.1160579810725552
SM-209502,Suzanne McNair,Corporate,1437,210.09900000000002,6,24,0.14620668058455116
SM-209503,Suzanne McNair,Corporate,2966,33.815239999999996,7,42,0.011400957518543491
SM-209504,Suzanne McNair,Corporate,5563,581.5742,12,94,0.10454326802085206
SN-105601,Skye Norling,Home Office,729,-276.804,2,18,-0.37970370370370365
SN-105602,Skye Norling,Home Office,441,87.99000000000001,1,4,0.19952380952380955
SN-105603,Skye Norling,Home Office,312,77.958,3,9,0.2498653846153846
SN-107101,Steve Nguyen,Home Office,192,-50.25599999999999,2,16,-0.26175
SN-107102,Steve Nguyen,Home Office,510,139.656,2,11,0.27383529411764707
SN-205601,Skye Norling,Home Office,6795,-2597.13,6,47,-0.38221192052980135
SN-205602,Skye Norling,Home Office,2103,442.002,6,32,0.2101768901569187
SN-205603,Skye Norling,Home Office,1984,344.86,7,55,0.17382056451612904
SN-205604,Skye Norling,Home Office,1861,-716.8565,6,67,-0.38519962385814077
SN-207101,Steve Nguyen,Home Office,3474,783.216,4,25,0.22545077720207254
SN-207102,Steve Nguyen,Home Office,4389,701.874,6,50,0.1599166097060834
SN-207103,Steve Nguyen,Home Office,1711,328.61136,7,42,0.19205807130333138
SN-207104,Steve Nguyen,Home Office,3128,481.74989999999997,7,89,0.15401211636828643
SO-103351,Sean O'Donnell,Consumer,130,25.47,1,9,0.19592307692307692
SO-103352,Sean O'Donnell,Consumer,701,-8.052000000000007,3,17,-0.0114864479315264
SO-203351,Sean O'Donnell,Consumer,6035,1338.8301000000001,7,43,0.22184425849212927
SO-203352,Sean O'Donnell,Consumer,4031,755.31,6,46,0.1873753411064252
SO-203353,Sean O'Donnell,Consumer,2866,376.57132,8,37,0.13139264480111654
SO-203354,Sean O'Donnell,Consumer,2603,-81.08579999999999,6,52,-0.031150902804456395
SP-105451,Sibella Parks,Corporate,419,51.09,4,6,0.12193317422434369
SP-106201,Stefania Perrino,Corporate,77,5.2829999999999995,2,7,0.06861038961038961
SP-106202,Stefania Perrino,Corporate,223,-230.29500000000002,3,12,-1.032713004484305
SP-106501,Stephanie Phelps,Corporate,431,-123.79499999999999,3,12,-0.2872273781902552
SP-106502,Stephanie Phelps,Corporate,342,67.32,3,11,0.19684210526315787
SP-108601,Sung Pak,Corporate,503,62.13600000000001,2,7,0.12353081510934395
SP-109201,Susan Pistek,Consumer,165,-230.979,2,5,-1.3998727272727274
SP-109202,Susan Pistek,Consumer,731,65.76,2,8,0.08995896032831738
SP-205451,Sibella Parks,Corporate,3130,713.4807000000001,6,48,0.22794910543130992
SP-205452,Sibella Parks,Corporate,1034,-206.50799999999998,3,12,-0.19971760154738877
SP-205453,Sibella Parks,Corporate,1332,309.94,5,35,0.2326876876876877
SP-205454,Sibella Parks,Corporate,1306,-118.77570000000001,6,43,-0.09094617151607964
SP-206201,Stefania Perrino,Corporate,9224,1482.5217,8,103,0.16072438204683434
SP-206202,Stefania Perrino,Corporate,3492,-1259.28,7,50,-0.36061855670103093
SP-206203,Stefania Perrino,Corporate,959,289.24,7,36,0.3016058394160584
SP-206204,Stefania Perrino,Corporate,5443,-270.4282,9,77,-0.04968366709535183
SP-206501,Stephanie Phelps,Corporate,4536,985.2257999999999,6,33,0.21720145502645502
SP-206502,Stephanie Phelps,Corporate,1468,93.12,3,12,0.063433242506812
SP-206503,Stephanie Phelps,Corporate,2501,392.45664,6,31,0.15691988804478207
SP-206504,Stephanie Phelps,Corporate,1873,268.4782,9,71,0.14334127068873465
SP-208601,Sung Pak,Corporate,246,-60.231,2,4,-0.24484146341463414
SP-208602,Sung Pak,Corporate,4911,891.5985,6,40,0.1815513133781307
SP-208603,Sung Pak,Corporate,3553,290.45495999999997,8,37,0.0817492147481002
SP-208604,Sung Pak,Corporate,4283,566.7226,10,80,0.13231907541442914
SP-209201,Susan Pistek,Consumer,5702,985.6635,4,24,0.17286276745001752
SP-209202,Susan Pistek,Consumer,16566,4974.513,12,107,0.30028449837015575
SP-209203,Susan Pistek,Consumer,1866,674.7573600000001,6,34,0.36160630225080387
SP-209204,Susan Pistek,Consumer,3990,14.69240000000001,6,57,0.00368230576441103
SR-104251,Sharelle Roach,Home Office,122,-36.162,3,13,-0.29640983606557375
SR-104252,Sharelle Roach,Home Office,107,28.68,1,5,0.2680373831775701
SR-104253,Sharelle Roach,Home Office,52,1.02,1,1,0.019615384615384614
SR-107401,Steven Roelle,Home Office,158,46.68,2,7,0.2954430379746835
SR-107402,Steven Roelle,Home Office,1996,244.58999999999997,2,18,0.12254008016032063
SR-204251,Sharelle Roach,Home Office,2027,169.07399999999998,5,47,0.0834109521460286
SR-204252,Sharelle Roach,Home Office,6126,806.2004999999999,6,87,0.13160308521057784
SR-204253,Sharelle Roach,Home Office,1337,-186.08656,3,19,-0.13918216903515332
SR-204254,Sharelle Roach,Home Office,3234,-3333.9144,5,34,-1.0308949907235623
SR-207401,Steven Roelle,Home Office,4573,969.2466,9,43,0.2119498359938771
SR-207402,Steven Roelle,Home Office,5929,1279.2,8,52,0.21575307809074043
SR-207403,Steven Roelle,Home Office,2373,-142.7826,8,48,-0.06016965865992415
SR-207404,Steven Roelle,Home Office,4345,1990.4243999999999,8,50,0.45809537399309547
SS-101401,Saphhira Shifley,Corporate,169,-158.532,3,17,-0.9380591715976332
SS-101402,Saphhira Shifley,Corporate,7,2.52,1,1,0.36
SS-101403,Saphhira Shifley,Corporate,3316,1061.4,3,29,0.32008443908323286
SS-104101,Shahid Shariari,Consumer,222,79.08,2,8,0.3562162162162162
SS-104102,Shahid Shariari,Consumer,1799,309.51,1,18,0.17204558087826569
SS-104103,Shahid Shariari,Consumer,329,-69.96000000000001,7,12,-0.21264437689969606
SS-105151,Shirley Schmidt,Home Office,373,116.16,1,7,0.3114209115281501
SS-105152,Shirley Schmidt,Home Office,51,14.219999999999999,2,2,0.2788235294117647
SS-105901,Sonia Sunley,Consumer,884,337.74,2,11,0.3820588235294118
SS-105902,Sonia Sunley,Consumer,56,16.439999999999998,1,3,0.29357142857142854
SS-108751,Sung Shariari,Consumer,489,-643.35,2,11,-1.3156441717791412
SS-108752,Sung Shariari,Consumer,67,-64.476,2,9,-0.9623283582089552
SS-201401,Saphhira Shifley,Corporate,6973,1952.4642,11,66,0.280003470529184
SS-201402,Saphhira Shifley,Corporate,5653,-3957.138,5,41,-0.7000067220944631
SS-201403,Saphhira Shifley,Corporate,6190,154.60884,8,86,0.02497719547657512
SS-201404,Saphhira Shifley,Corporate,1324,332.3487,8,86,0.2510186555891239
SS-204101,Shahid Shariari,Consumer,2462,772.7673,6,38,0.31387786352558894
SS-204102,Shahid Shariari,Consumer,7809,251.904,5,51,0.03225816365731848
SS-204103,Shahid Shariari,Consumer,2430,-200.81632,10,51,-0.0826404609053498
SS-204104,Shahid Shariari,Consumer,3056,-1010.9738,6,46,-0.33081603403141363
SS-205151,Shirley Schmidt,Home Office,2070,311.6361,5,26,0.15054884057971016
SS-205152,Shirley Schmidt,Home Office,2889,-285.44399999999996,6,33,-0.09880373831775699
SS-205153,Shirley Schmidt,Home Office,1907,59.83951999999999,5,46,0.03137887781856318
SS-205154,Shirley Schmidt,Home Office,613,199.9345,3,36,0.32615742251223495
SS-205901,Sonia Sunley,Consumer,4218,95.84940000000002,10,98,0.022723897581792322
SS-205902,Sonia Sunley,Consumer,4726,791.817,5,57,0.16754485823106222
SS-205903,Sonia Sunley,Consumer,2816,992.7399999999999,5,27,0.3525355113636363
SS-205904,Sonia Sunley,Consumer,418,135.5401,6,17,0.3242586124401914
SS-208751,Sung Shariari,Consumer,1769,4.539599999999998,6,42,0.0025661955907292245
SS-208752,Sung Shariari,Consumer,481,145.785,5,15,0.3030873180873181
SS-208753,Sung Shariari,Consumer,1559,73.1102,5,34,0.04689557408595254
SS-208754,Sung Shariari,Consumer,966,-75.586,5,39,-0.0782463768115942
ST-105301,Shui Tom,Consumer,777,120.99000000000001,4,12,0.15571428571428572
ST-105302,Shui Tom,Consumer,166,38.55,2,7,0.23222891566265058
ST-205301,Shui Tom,Consumer,4887,423.44069999999994,5,33,0.08664634745242479
ST-205302,Shui Tom,Consumer,1308,126.714,10,55,0.09687614678899083
ST-205303,Shui Tom,Consumer,7436,1439.96636,10,67,0.19364797740720815
ST-205304,Shui Tom,Consumer,432,84.44189999999999,7,33,0.1954673611111111
SU-106651,Stephanie Ulpright,Home Office,1766,4.464000000000013,3,23,0.0025277463193658055
SU-106652,Stephanie Ulpright,Home Office,1568,560.22,3,17,0.3572831632653061
SU-206651,Stephanie Ulpright,Home Office,2131,289.125,5,42,0.1356757390896293
SU-206652,Stephanie Ulpright,Home Office,1111,-131.421,5,39,-0.11829072907290729
SU-206653,Stephanie Ulpright,Home Office,1607,-975.608,6,53,-0.6070989421281892
SU-206654,Stephanie Ulpright,Home Office,2596,763.4719,7,61,0.29409549306625576
SV-103651,Seth Vernon,Consumer,761,212.60999999999999,1,9,0.2793823915900131
SV-103652,Seth Vernon,Consumer,496,45.642,4,8,0.09202016129032259
SV-107851,Stewart Visinsky,Consumer,2833,277.32000000000005,3,28,0.0978891634309919
SV-107852,Stewart Visinsky,Consumer,137,-16.47,4,6,-0.12021897810218977
SV-108151,Stuart Van,Corporate,858,-1097.3999999999999,2,11,-1.2790209790209788
SV-108152,Stuart Van,Corporate,4009,1187.94,1,12,0.29631828386131204
SV-108153,Stuart Van,Corporate,2863,-627.678,6,33,-0.21923786238211665
SV-109351,Susan Vittorini,Consumer,172,-298.194,2,9,-1.733686046511628
SV-109352,Susan Vittorini,Consumer,315,-33.5,1,4,-0.10634920634920635
SV-203651,Seth Vernon,Consumer,6624,742.0236,11,102,0.11202047101449275
SV-203652,Seth Vernon,Consumer,2750,291.345,3,46,0.10594363636363638
SV-203653,Seth Vernon,Consumer,1537,-268.29112,7,43,-0.1745550553025374
SV-203654,Seth Vernon,Consumer,11472,1199.4242,10,109,0.10455231868898186
SV-207851,Stewart Visinsky,Consumer,4873,-112.35390000000002,7,86,-0.0230564128873384
SV-207852,Stewart Visinsky,Consumer,3875,1189.704,6,36,0.3070203870967742
SV-207853,Stewart Visinsky,Consumer,1408,359.56,5,27,0.2553693181818182
SV-207854,Stewart Visinsky,Consumer,4106,485.0272,9,91,0.11812644909887969
SV-208151,Stuart Van,Corporate,8359,537.762,7,51,0.06433329345615503
SV-208152,Stuart Van,Corporate,2319,109.20749999999998,4,36,0.04709249676584734
SV-208153,Stuart Van,Corporate,2629,669.19168,9,60,0.2545422898440472
SV-208154,Stuart Van,Corporate,1271,199.6502,4,24,0.1570811959087333
SV-209351,Susan Vittorini,Consumer,8174,414.03150000000005,10,68,0.05065225103988256
SV-209352,Susan Vittorini,Consumer,2719,416.223,5,21,0.1530794409709452
SV-209353,Susan Vittorini,Consumer,2406,63.0272,5,61,0.026195843724023275
SV-209354,Susan Vittorini,Consumer,1903,106.89120000000001,8,66,0.056169837099316874
SW-102451,Scot Wooten,Consumer,1420,183.18,2,8,0.129
SW-102452,Scot Wooten,Consumer,482,142.41,2,4,0.2954564315352697
SW-102751,Scott Williamson,Consumer,165,35.07,1,6,0.21254545454545454
SW-102752,Scott Williamson,Consumer,1025,295.83000000000004,1,9,0.28861463414634153
SW-102753,Scott Williamson,Consumer,290,-171.642,3,4,-0.5918689655172413
SW-103501,Sean Wendt,Home Office,743,-73.02600000000001,4,9,-0.09828532974427996
SW-103502,Sean Wendt,Home Office,501,68.13,5,14,0.1359880239520958
SW-104551,Shaun Weien,Consumer,1379,180.912,5,18,0.13119071791153009
SW-104552,Shaun Weien,Consumer,827,218.46,4,18,0.2641596130592503
SW-107551,Steven Ward,Corporate,610,104.31,3,23,0.171
SW-107552,Steven Ward,Corporate,779,212.70000000000002,1,6,0.27304236200256743
SW-107553,Steven Ward,Corporate,958,182.016,3,15,0.18999582463465553
SW-202451,Scot Wooten,Consumer,6028,215.38199999999998,6,84,0.035730258792302586
SW-202452,Scot Wooten,Consumer,5017,1183.4805,7,43,0.23589406019533585
SW-202453,Scot Wooten,Consumer,1447,243.51332,6,37,0.168288403593642
SW-202454,Scot Wooten,Consumer,1085,-19.60620000000001,7,33,-0.018070230414746553
SW-202751,Scott Williamson,Consumer,5470,177.1146,11,72,0.03237926873857404
SW-202752,Scott Williamson,Consumer,3081,-335.50350000000003,5,24,-0.10889435248296009
SW-202753,Scott Williamson,Consumer,5047,710.4456,11,112,0.140765920348722
SW-202754,Scott Williamson,Consumer,1966,332.8725,6,28,0.16931459816887082
SW-203501,Sean Wendt,Home Office,3791,873.1704,6,26,0.23032719599050383
SW-203502,Sean Wendt,Home Office,1472,29.406,8,42,0.01997690217391304
SW-203503,Sean Wendt,Home Office,642,38.029039999999995,4,33,0.05923526479750778
SW-203504,Sean Wendt,Home Office,1019,95.8383,3,25,0.094051324828263
SW-204551,Shaun Weien,Consumer,1665,-303.0858,5,16,-0.18203351351351352
SW-204552,Shaun Weien,Consumer,1259,270.98400000000004,8,38,0.21523749007148535
SW-204553,Shaun Weien,Consumer,195,2.644,2,5,0.01355897435897436
SW-204554,Shaun Weien,Consumer,2922,793.6548,7,18,0.27161355236139634
SW-207551,Steven Ward,Corporate,10187,865.716,8,81,0.08498242858545205
SW-207552,Steven Ward,Corporate,5693,105.20400000000001,9,107,0.018479536272615494
SW-207553,Steven Ward,Corporate,6683,1256.544,12,124,0.18802094867574445
SW-207554,Steven Ward,Corporate,759,68.2416,2,27,0.08990988142292491
SZ-100351,Sam Zeldin,Home Office,409,11.1,1,5,0.027139364303178485
SZ-100352,Sam Zeldin,Home Office,756,119.52,3,11,0.1580952380952381
SZ-200351,Sam Zeldin,Home Office,7512,1892.2350000000001,11,96,0.2518949680511182
SZ-200352,Sam Zeldin,Home Office,57,-47.52,1,6,-0.8336842105263158
SZ-200353,Sam Zeldin,Home Office,3999,574.082,14,75,0.1435563890972743
SZ-200354,Sam Zeldin,Home Office,3628,366.4303,11,69,0.10100063395810363
TA-113851,Tom Ashbrook,Home Office,2226,696.7320000000001,3,15,0.31299730458221026
TA-113852,Tom Ashbrook,Home Office,2594,-659.742,2,30,-0.2543338473400154
TA-213851,Tom Ashbrook,Home Office,9717,-199.16100000000006,6,40,-0.020496140784192658
TA-213852,Tom Ashbrook,Home Office,6160,1318.443,9,86,0.21403295454545454
TA-213853,Tom Ashbrook,Home Office,5196,451.9188,6,77,0.0869743648960739
TA-213854,Tom Ashbrook,Home Office,14596,4703.7883,4,36,0.32226557275966017
TB-110551,Ted Butterfield,Consumer,193,-295.362,1,6,-1.5303730569948188
TB-110552,Ted Butterfield,Consumer,2163,828.42,2,11,0.38299583911234397
TB-111751,Thomas Boland,Corporate,528,185.04,1,13,0.35045454545454546
TB-111752,Thomas Boland,Corporate,323,-9.683999999999996,3,11,-0.029981424148606797
TB-111901,Thomas Brumley,Home Office,424,120.39,2,11,0.28393867924528304
TB-111902,Thomas Brumley,Home Office,691,59.099999999999994,2,5,0.08552821997105643
TB-112501,Tim Brockman,Consumer,1957,654.66,5,26,0.3345222278998467
TB-112502,Tim Brockman,Consumer,5314,1.3559999999999945,10,41,0.00025517500940910697
TB-112801,Toby Braunhardt,Consumer,710,115.17,2,3,0.1622112676056338
TB-112802,Toby Braunhardt,Consumer,448,156.77999999999997,2,7,0.3499553571428571
TB-112803,Toby Braunhardt,Consumer,415,-78.91799999999999,5,9,-0.19016385542168673
TB-113551,Todd Boyes,Corporate,311,-331.908,5,22,-1.0672282958199357
TB-113552,Todd Boyes,Corporate,128,9.93,3,7,0.077578125
TB-114001,Tom Boeckenhauer,Consumer,1761,628.95,2,16,0.35715502555366274
TB-114002,Tom Boeckenhauer,Consumer,1343,95.643,7,31,0.07121593447505585
TB-115201,Tracy Blumstein,Consumer,2540,568.809,4,35,0.22394055118110234
TB-115202,Tracy Blumstein,Consumer,1451,-113.358,7,19,-0.07812405237767057
TB-115951,Troy Blackwell,Consumer,38,8.82,1,2,0.23210526315789473
TB-115952,Troy Blackwell,Consumer,712,210.81,3,12,0.2960814606741573
TB-116251,Trudy Brown,Consumer,956,178.70999999999998,2,25,0.1869351464435146
TB-116252,Trudy Brown,Consumer,854,-545.568,3,24,-0.6388384074941452
TB-210551,Ted Butterfield,Consumer,5246,416.95799999999997,8,105,0.07948112847884102
TB-210552,Ted Butterfield,Consumer,5061,-147.23100000000002,6,62,-0.029091286307053946
TB-210553,Ted Butterfield,Consumer,1897,366.27272,10,76,0.19307997891407486
TB-210554,Ted Butterfield,Consumer,1470,390.2113,5,66,0.26544986394557823
TB-211751,Thomas Boland,Corporate,2603,208.7814,7,33,0.08020799077986938
TB-211752,Thomas Boland,Corporate,4662,783.537,6,60,0.16806885456885456
TB-211753,Thomas Boland,Corporate,5722,289.56399999999996,10,103,0.05060538273331003
TB-211754,Thomas Boland,Corporate,3589,829.1635,4,36,0.23102911674561158
TB-211901,Thomas Brumley,Home Office,8577,1706.8104,5,55,0.19899853095487935
TB-211902,Thomas Brumley,Home Office,591,-48.17999999999999,4,19,-0.08152284263959389
TB-211903,Thomas Brumley,Home Office,706,35.18712000000001,4,34,0.049840113314447605
TB-211904,Thomas Brumley,Home Office,816,179.0038,4,23,0.21936740196078433
TB-212501,Tim Brockman,Consumer,730,115.8447,4,19,0.15869136986301371
TB-212502,Tim Brockman,Consumer,4188,698.01,9,80,0.16666905444126073
TB-212503,Tim Brockman,Consumer,5311,1335.22,8,65,0.25140651478064396
TB-212504,Tim Brockman,Consumer,1603,260.6155,7,74,0.16257985028072364
TB-212801,Toby Braunhardt,Consumer,795,-35.4243,4,26,-0.0445588679245283
TB-212802,Toby Braunhardt,Consumer,1166,98.559,4,25,0.08452744425385934
TB-212803,Toby Braunhardt,Consumer,5967,500.33795999999995,12,107,0.08385083961789844
TB-212804,Toby Braunhardt,Consumer,2198,490.9567,6,35,0.2233651956323931
TB-213551,Todd Boyes,Corporate,2568,775.3050000000001,3,31,0.301910046728972
TB-213552,Todd Boyes,Corporate,792,176.4,2,6,0.22272727272727275
TB-213553,Todd Boyes,Corporate,5014,-126.68,10,124,-0.025265257279617072
TB-213554,Todd Boyes,Corporate,834,268.967,5,44,0.32250239808153475
TB-214001,Tom Boeckenhauer,Consumer,9033,1019.862,7,90,0.11290401859847227
TB-214002,Tom Boeckenhauer,Consumer,1587,-8.31000000000003,3,33,-0.0052362948960302655
TB-214003,Tom Boeckenhauer,Consumer,1622,-338.164,9,58,-0.20848581997533908
TB-214004,Tom Boeckenhauer,Consumer,9134,2798.3689,7,55,0.30636839281804246
TB-215201,Tracy Blumstein,Consumer,6371,505.3431,12,103,0.07931927483911473
TB-215202,Tracy Blumstein,Consumer,2119,401.6895,8,31,0.1895655969797074
TB-215203,Tracy Blumstein,Consumer,3486,497.92312,5,41,0.14283508892713712
TB-215204,Tracy Blumstein,Consumer,4737,-1603.0451,9,85,-0.3384093519104919
TB-215951,Troy Blackwell,Consumer,2963,369.294,9,50,0.12463516706041174
TB-215952,Troy Blackwell,Consumer,1526,209.364,5,30,0.13719790301441678
TB-215953,Troy Blackwell,Consumer,2561,776.7719999999999,7,40,0.30330808278016397
TB-215954,Troy Blackwell,Consumer,1387,-136.4091,5,29,-0.09834830569574621
TB-216251,Trudy Brown,Consumer,4197,305.7651,10,52,0.07285325232308792
TB-216252,Trudy Brown,Consumer,3478,574.158,6,28,0.16508280621046578
TB-216253,Trudy Brown,Consumer,2795,607.716,6,41,0.21742969588550984
TB-216254,Trudy Brown,Consumer,2798,379.882,9,60,0.13576912080057185
TC-109801,Tamara Chand,Corporate,587,-510.156,2,22,-0.8690902896081771
TC-109802,Tamara Chand,Corporate,2650,395.58000000000004,6,40,0.14927547169811323
TC-111451,Theresa Coyne,Corporate,417,171.72000000000003,3,8,0.4117985611510792
TC-111452,Theresa Coyne,Corporate,3384,1057.086,7,50,0.3123776595744681
TC-112951,Toby Carlisle,Consumer,156,3.3659999999999997,3,7,0.021576923076923073
TC-112952,Toby Carlisle,Consumer,569,233.48999999999998,1,5,0.4103514938488576
TC-112953,Toby Carlisle,Consumer,6,-2.928,1,2,-0.488
TC-114751,Tony Chapman,Home Office,448,81.75,2,6,0.18247767857142858
TC-114752,Tony Chapman,Home Office,822,136.14,1,9,0.16562043795620437
TC-114753,Tony Chapman,Home Office,639,1.9740000000000144,6,28,0.003089201877934295
TC-115351,Tracy Collins,Home Office,1810,-1550.208,3,25,-0.8564685082872928
TC-115352,Tracy Collins,Home Office,405,194.55,1,3,0.4803703703703704
TC-209801,Tamara Chand,Corporate,3839,684.174,7,36,0.17821672310497524
TC-209802,Tamara Chand,Corporate,5835,-509.8710000000001,7,60,-0.08738149100257071
TC-209803,Tamara Chand,Corporate,5492,-368.15199999999993,9,71,-0.06703423160961397
TC-209804,Tamara Chand,Corporate,19050,8981.323900000001,5,42,0.47146057217847775
TC-211451,Theresa Coyne,Corporate,8279,499.84290000000004,11,138,0.060374791641502605
TC-211452,Theresa Coyne,Corporate,907,341.826,4,24,0.37687541345093717
TC-211453,Theresa Coyne,Corporate,8194,1023.80416,9,95,0.1249455894556993
TC-211454,Theresa Coyne,Corporate,1038,265.5332,1,17,0.2558123314065511
TC-212951,Toby Carlisle,Consumer,4451,505.50960000000003,6,45,0.11357214109188947
TC-212952,Toby Carlisle,Consumer,8818,-155.29349999999994,10,84,-0.017610966205488767
TC-212953,Toby Carlisle,Consumer,1860,306.96,5,32,0.16503225806451613
TC-212954,Toby Carlisle,Consumer,4266,606.3727,8,63,0.1421408110642288
TC-214751,Tony Chapman,Home Office,4533,913.3602000000001,9,74,0.20149133024487095
TC-214752,Tony Chapman,Home Office,3170,244.15499999999997,4,22,0.07702050473186119
TC-214753,Tony Chapman,Home Office,1776,-95.35463999999996,7,43,-0.053690675675675655
TC-214754,Tony Chapman,Home Office,1245,119.104,9,45,0.09566586345381527
TC-215351,Tracy Collins,Home Office,3241,864.0561,7,32,0.26660169700709657
TC-215352,Tracy Collins,Home Office,1763,110.13000000000001,5,35,0.06246738513896767
TC-215353,Tracy Collins,Home Office,3138,546.536,11,69,0.1741669853409815
TC-215354,Tracy Collins,Home Office,742,217.93300000000002,7,28,0.2937102425876011
TD-109951,Tamara Dahlen,Consumer,150,-313.62,1,4,-2.0908
TD-109952,Tamara Dahlen,Consumer,41,14.76,1,6,0.36
TD-109953,Tamara Dahlen,Consumer,589,-470.952,1,13,-0.7995789473684211
TD-209951,Tamara Dahlen,Consumer,1774,263.0355,6,37,0.14827254791431793
TD-209952,Tamara Dahlen,Consumer,2730,-628.98,6,42,-0.23039560439560441
TD-209953,Tamara Dahlen,Consumer,985,99.444,4,15,0.10095837563451777
TD-209954,Tamara Dahlen,Consumer,1435,88.1897,9,67,0.06145623693379791
TG-113101,Toby Gnade,Consumer,16,-24.213,1,1,-1.5133125
TG-113102,Toby Gnade,Consumer,128,47.28,1,4,0.369375
TG-113103,Toby Gnade,Consumer,571,220.47,1,2,0.38611208406304726
TG-116401,Trudy Glocke,Consumer,469,125.83200000000001,3,9,0.2682985074626866
TG-116402,Trudy Glocke,Consumer,1561,352.16999999999996,1,14,0.22560538116591924
TG-116403,Trudy Glocke,Consumer,2876,628.251,5,18,0.2184461057023644
TG-213101,Toby Gnade,Consumer,2762,569.6976000000001,9,59,0.2062627081824765
TG-213102,Toby Gnade,Consumer,4548,909.42,11,80,0.1999604221635884
TG-213103,Toby Gnade,Consumer,1937,581.632,7,45,0.30027465152297367
TG-213104,Toby Gnade,Consumer,3059,682.1704,5,30,0.22300438051650864
TG-216401,Trudy Glocke,Consumer,2980,467.17049999999995,9,63,0.15676862416107382
TG-216402,Trudy Glocke,Consumer,5101,608.1,10,49,0.11921191923152323
TG-216403,Trudy Glocke,Consumer,3822,548.9958,10,85,0.1436409733124019
TG-216404,Trudy Glocke,Consumer,2074,365.7205,4,50,0.17633582449373192
TH-111001,Thea Hendricks,Consumer,25,7.92,1,1,0.31679999999999997
TH-111002,Thea Hendricks,Consumer,1832,356.78999999999996,3,23,0.19475436681222705
TH-111151,Thea Hudgings,Corporate,1761,469.11,4,9,0.2663884156729131
TH-111152,Thea Hudgings,Corporate,44,1.74,1,1,0.03954545454545454
TH-111153,Thea Hudgings,Corporate,65,19.5,1,10,0.3
TH-112351,Tiffany House,Corporate,1456,-12.470999999999975,4,17,-0.008565247252747236
TH-112352,Tiffany House,Corporate,2447,562.038,6,27,0.22968451164691459
TH-115501,Tracy Hopkins,Home Office,181,-49.67999999999999,3,12,-0.27447513812154695
TH-115502,Tracy Hopkins,Home Office,93,24.06,1,2,0.2587096774193548
TH-115503,Tracy Hopkins,Home Office,11,1.41,1,1,0.12818181818181817
TH-211001,Thea Hendricks,Consumer,3938,85.31159999999998,9,53,0.021663687150837985
TH-211002,Thea Hendricks,Consumer,6368,1603.527,8,60,0.25181014447236183
TH-211003,Thea Hendricks,Consumer,955,34.16000000000001,5,27,0.035769633507853414
TH-211004,Thea Hendricks,Consumer,2423,-135.21249999999998,5,29,-0.055803755674783316
TH-211151,Thea Hudgings,Corporate,6369,1471.3200000000002,8,84,0.23101271785209612
TH-211152,Thea Hudgings,Corporate,903,125.57999999999998,2,11,0.13906976744186045
TH-211153,Thea Hudgings,Corporate,3269,430.99168,11,78,0.1318420556745182
TH-211154,Thea Hudgings,Corporate,2942,-252.5539,4,29,-0.0858442895989123
TH-212351,Tiffany House,Corporate,2484,-166.41,5,29,-0.0669927536231884
TH-212352,Tiffany House,Corporate,6523,1493.685,8,57,0.22898742909704123
TH-212353,Tiffany House,Corporate,2870,-313.284,5,26,-0.1091581881533101
TH-212354,Tiffany House,Corporate,1024,92.72899999999998,8,40,0.09055566406249999
TH-215501,Tracy Hopkins,Home Office,3994,-778.6977000000002,5,47,-0.1949668753129695
TH-215502,Tracy Hopkins,Home Office,1610,248.052,4,29,0.1540695652173913
TH-215503,Tracy Hopkins,Home Office,2972,393.076,10,54,0.13225975773889637
TH-215504,Tracy Hopkins,Home Office,4234,-571.9678000000001,7,44,-0.13508923004251303
TM-110101,Tamara Manning,Consumer,61,-11.483999999999998,2,2,-0.18826229508196718
TM-110102,Tamara Manning,Consumer,239,-259.02,1,13,-1.083765690376569
TM-114901,Tony Molinari,Consumer,283,45.54,2,12,0.16091872791519435
TM-114902,Tony Molinari,Consumer,1779,-923.0880000000001,6,40,-0.5188802698145025
TM-210101,Tamara Manning,Consumer,2152,299.5686,6,38,0.13920473977695166
TM-210102,Tamara Manning,Consumer,6443,660.996,10,56,0.10259133943814992
TM-210103,Tamara Manning,Consumer,2611,664.772,3,24,0.25460436614324017
TM-210104,Tamara Manning,Consumer,2955,573.3013,8,67,0.19401059221658207
TM-214901,Tony Molinari,Consumer,4799,690.3939,10,57,0.14386203375703271
TM-214902,Tony Molinari,Consumer,5474,405.51599999999996,9,83,0.07408037997807818
TM-214903,Tony Molinari,Consumer,2543,990.0884000000001,5,28,0.3893387337790012
TM-214904,Tony Molinari,Consumer,1095,292.52099999999996,3,12,0.2671424657534246
TN-110401,Tanja Norvell,Home Office,188,26.310000000000002,2,3,0.13994680851063832
TN-210401,Tanja Norvell,Home Office,2186,-459.774,7,28,-0.21032662397072277
TN-210402,Tanja Norvell,Home Office,1313,-401.844,7,47,-0.306050266565118
TN-210403,Tanja Norvell,Home Office,2779,821.1710400000001,8,53,0.2954915581144297
TN-210404,Tanja Norvell,Home Office,3129,-692.0452,7,48,-0.22117136465324386
TP-111301,Theone Pippenger,Consumer,748,97.149,3,12,0.1298783422459893
TP-111302,Theone Pippenger,Consumer,513,12.329999999999998,3,9,0.024035087719298243
TP-114151,Tom Prescott,Consumer,605,155.478,3,13,0.25698842975206615
TP-114152,Tom Prescott,Consumer,1344,311.66999999999996,1,15,0.2318973214285714
TP-115651,Tracy Poddar,Corporate,285,69.39,2,3,0.24347368421052631
TP-115652,Tracy Poddar,Corporate,573,75.78,3,4,0.13225130890052356
TP-211301,Theone Pippenger,Consumer,7533,-966.2004000000001,10,103,-0.12826236559139786
TP-211302,Theone Pippenger,Consumer,4687,749.133,7,57,0.159832088756134
TP-211303,Theone Pippenger,Consumer,6028,1052.34868,11,68,0.17457675514266757
TP-211304,Theone Pippenger,Consumer,4456,1129.1261,9,55,0.25339454667863553
TP-214151,Tom Prescott,Consumer,2683,378.1821,8,45,0.14095493850167723
TP-214152,Tom Prescott,Consumer,504,155.64000000000001,3,24,0.3088095238095238
TP-214153,Tom Prescott,Consumer,2409,432.60691999999995,6,39,0.17957946035699457
TP-214154,Tom Prescott,Consumer,5329,-1087.3898,5,39,-0.20405137924563707
TP-215651,Tracy Poddar,Corporate,2570,361.4613,8,70,0.14064642023346302
TP-215652,Tracy Poddar,Corporate,5103,530.16,10,72,0.10389182833627278
TP-215653,Tracy Poddar,Corporate,2821,619.64,8,56,0.21965260545905707
TP-215654,Tracy Poddar,Corporate,1937,139.2287,4,48,0.07187852348993289
TR-113251,Toby Ritter,Consumer,2272,644.556,2,35,0.2836954225352113
TR-113252,Toby Ritter,Consumer,123,25.32,2,3,0.20585365853658535
TR-213251,Toby Ritter,Consumer,5454,889.8104999999999,7,76,0.16314823982398238
TR-213252,Toby Ritter,Consumer,1812,472.05,6,41,0.2605132450331126
TR-213253,Toby Ritter,Consumer,2090,184.80455999999998,4,28,0.08842323444976076
TR-213254,Toby Ritter,Consumer,676,220.36440000000002,5,22,0.32598284023668644
TS-110851,Thais Sissman,Consumer,677,153.75,3,25,0.22710487444608568
TS-110852,Thais Sissman,Consumer,46,7.289999999999999,1,3,0.1584782608695652
TS-110853,Thais Sissman,Consumer,669,88.08,4,16,0.1316591928251121
TS-111601,Theresa Swint,Corporate,646,106.44,1,6,0.16476780185758513
TS-111602,Theresa Swint,Corporate,484,88.23,4,22,0.18229338842975207
TS-112051,Thomas Seio,Corporate,584,36.510000000000005,1,5,0.06251712328767124
TS-112052,Thomas Seio,Corporate,58,-37.403999999999996,2,2,-0.6448965517241378
TS-113401,Toby Swindell,Consumer,1173,319.56,1,4,0.2724296675191816
TS-113402,Toby Swindell,Consumer,163,18.9,1,10,0.11595092024539877
TS-113403,Toby Swindell,Consumer,296,-112.614,3,15,-0.3804527027027027
TS-113701,Todd Sumrall,Corporate,329,73.146,4,14,0.22232826747720366
TS-113702,Todd Sumrall,Corporate,4243,919.668,6,31,0.21674946971482442
TS-114301,Tom Stivers,Corporate,523,172.11,4,12,0.3290822179732314
TS-114302,Tom Stivers,Corporate,5288,1639.8600000000001,3,30,0.31010968229954616
TS-115051,Tony Sayre,Consumer,2116,-146.98200000000008,3,12,-0.0694621928166352
TS-115052,Tony Sayre,Consumer,8,-10.512,1,4,-1.314
TS-116101,Troy Staebel,Consumer,397,67.44,1,2,0.16987405541561712
TS-116102,Troy Staebel,Consumer,1614,37.980000000000004,4,24,0.023531598513011155
TS-116551,Trudy Schmidt,Consumer,176,45.81,1,1,0.26028409090909094
TS-116552,Trudy Schmidt,Consumer,278,27.36,5,13,0.09841726618705036
TS-210851,Thais Sissman,Consumer,632,156.3114,3,18,0.24732816455696202
TS-210852,Thais Sissman,Consumer,2743,316.617,5,50,0.11542726941305141
TS-210853,Thais Sissman,Consumer,2015,390.828,9,72,0.19395930521091811
TS-210854,Thais Sissman,Consumer,5,-3.3156,2,4,-0.6631199999999999
TS-211601,Theresa Swint,Corporate,2521,253.191,5,37,0.10043276477588259
TS-211602,Theresa Swint,Corporate,1037,215.21099999999998,6,35,0.20753230472516873
TS-211603,Theresa Swint,Corporate,1086,210.07600000000002,5,35,0.19344014732965012
TS-211604,Theresa Swint,Corporate,2162,260.8744,6,60,0.12066345975948195
TS-212051,Thomas Seio,Corporate,4519,1230.2214,11,56,0.27223310466917455
TS-212052,Thomas Seio,Corporate,1262,-16.863,9,39,-0.013362123613312203
TS-212053,Thomas Seio,Corporate,2737,274.19652,5,49,0.10018141030325174
TS-212054,Thomas Seio,Corporate,5370,862.8877,7,67,0.16068672253258845
TS-213401,Toby Swindell,Consumer,5635,1508.3766,9,51,0.26767996450754217
TS-213402,Toby Swindell,Consumer,3196,174.675,7,36,0.05465425531914894
TS-213403,Toby Swindell,Consumer,7195,879.04588,10,82,0.1221745489923558
TS-213404,Toby Swindell,Consumer,974,-184.97889999999995,5,51,-0.1899167351129363
TS-213701,Todd Sumrall,Corporate,3242,501.39300000000003,6,31,0.15465545959284394
TS-213702,Todd Sumrall,Corporate,5879,859.665,9,50,0.14622639904745705
TS-213703,Todd Sumrall,Corporate,2191,368.37899999999996,6,43,0.1681328160657234
TS-213704,Todd Sumrall,Corporate,11891,2371.7144000000003,6,59,0.19945457909343203
TS-214301,Tom Stivers,Corporate,2649,196.6311,9,81,0.07422842582106455
TS-214302,Tom Stivers,Corporate,3018,-167.9865,5,53,-0.05566153081510935
TS-214303,Tom Stivers,Corporate,1813,475.67199999999997,3,33,0.2623673469387755
TS-214304,Tom Stivers,Corporate,2054,48.70169999999998,5,31,0.02371066212268743
TS-215051,Tony Sayre,Consumer,10964,2288.3271,10,101,0.20871279642466253
TS-215052,Tony Sayre,Consumer,3294,210.74399999999997,4,22,0.06397814207650272
TS-215053,Tony Sayre,Consumer,1109,-203.60879999999997,7,26,-0.1835967538322813
TS-215054,Tony Sayre,Consumer,2243,11.37789999999998,6,54,0.0050726259473918775
TS-216101,Troy Staebel,Consumer,8829,1042.056,6,89,0.11802650356778797
TS-216102,Troy Staebel,Consumer,5779,307.90199999999993,8,70,0.053279460114206596
TS-216103,Troy Staebel,Consumer,3140,558.888,9,84,0.17798980891719746
TS-216104,Troy Staebel,Consumer,2820,-294.69809999999995,7,44,-0.10450287234042552
TS-216551,Trudy Schmidt,Consumer,1940,230.8962,6,23,0.11901865979381443
TS-216552,Trudy Schmidt,Consumer,2910,195.93300000000002,8,47,0.06733092783505155
TS-216553,Trudy Schmidt,Consumer,1308,304.704,5,46,0.23295412844036698
TS-216554,Trudy Schmidt,Consumer,3368,220.91629999999998,5,52,0.06559272565320665
TT-110701,Ted Trevino,Consumer,1572,621.96,2,8,0.3956488549618321
TT-112201,Thomas Thornton,Consumer,1146,353.262,4,6,0.3082565445026178
TT-112202,Thomas Thornton,Consumer,681,119.11800000000001,5,14,0.17491629955947138
TT-112651,Tim Taslimi,Corporate,2618,829.86,6,21,0.3169824293353705
TT-112652,Tim Taslimi,Corporate,2433,439.932,3,19,0.18081874229346487
TT-114601,Tonja Turnell,Home Office,189,-0.6600000000000037,4,10,-0.0034920634920635116
TT-114602,Tonja Turnell,Home Office,1462,-159.486,4,22,-0.1090875512995896
TT-210701,Ted Trevino,Consumer,6180,487.3074,9,68,0.07885233009708738
TT-210702,Ted Trevino,Consumer,3223,290.6625,9,51,0.09018383493639467
TT-210703,Ted Trevino,Consumer,1354,168.47199999999998,6,36,0.12442540620384046
TT-210704,Ted Trevino,Consumer,4916,751.9567000000001,7,66,0.1529610862489829
TT-212201,Thomas Thornton,Consumer,4625,-24.159,5,65,-0.005223567567567568
TT-212202,Thomas Thornton,Consumer,4671,567.465,5,68,0.12148683365446372
TT-212203,Thomas Thornton,Consumer,2503,366.78416,4,26,0.1465378186176588
TT-212204,Thomas Thornton,Consumer,1429,278.7371,8,55,0.19505745276417075
TT-212651,Tim Taslimi,Corporate,1706,283.35900000000004,6,27,0.1660955451348183
TT-212652,Tim Taslimi,Corporate,251,49.233,1,5,0.19614741035856573
TT-212653,Tim Taslimi,Corporate,2333,-411.464,10,70,-0.17636690955850837
TT-212654,Tim Taslimi,Corporate,439,93.9162,3,8,0.21393211845102506
TT-214601,Tonja Turnell,Home Office,4064,353.57429999999994,6,46,0.08700155019685038
TT-214602,Tonja Turnell,Home Office,6816,740.769,9,81,0.10868089788732395
TT-214603,Tonja Turnell,Home Office,2189,172.09215999999998,10,76,0.07861679305619003
TT-214604,Tonja Turnell,Home Office,5365,1124.4999,7,48,0.20959923578751166
TW-110251,Tamara Willingham,Home Office,125,-105.045,2,12,-0.84036
TW-110252,Tamara Willingham,Home Office,198,-32.826,6,7,-0.1657878787878788
TW-210251,Tamara Willingham,Home Office,3359,1442.7816,7,30,0.429527121167014
TW-210252,Tamara Willingham,Home Office,4511,1203.135,8,65,0.26671137220128577
TW-210253,Tamara Willingham,Home Office,785,29.644,5,23,0.03776305732484076
TW-210254,Tamara Willingham,Home Office,5278,737.3905,7,57,0.1397102122015915
TZ-114451,Tom Zandusky,Corporate,158,47.73,2,3,0.30208860759493666
TZ-114452,Tom Zandusky,Corporate,154,41.28,2,6,0.26805194805194804
TZ-114453,Tom Zandusky,Corporate,434,161.75999999999996,3,11,0.3727188940092165
TZ-115801,Tracy Zic,Consumer,132,3.276,3,6,0.024818181818181816
TZ-115802,Tracy Zic,Consumer,271,-278.352,2,5,-1.0271291512915128
TZ-214451,Tom Zandusky,Corporate,4184,284.94,9,62,0.06810229445506692
TZ-214452,Tom Zandusky,Corporate,2565,486.678,4,30,0.18973801169590643
TZ-214453,Tom Zandusky,Corporate,7853,-654.8966,15,110,-0.08339444798166307
TZ-215801,Tracy Zic,Consumer,545,21.8118,3,18,0.04002165137614679
TZ-215802,Tracy Zic,Consumer,5783,1809.216,5,49,0.31285076949680096
TZ-215803,Tracy Zic,Consumer,2422,-1860.956,7,55,-0.768355078447564
TZ-215804,Tracy Zic,Consumer,1707,224.88869999999997,4,30,0.13174499121265376
VB-117451,Victoria Brennan,Corporate,386,116.42999999999999,2,3,0.3016321243523316
VB-117452,Victoria Brennan,Corporate,397,74.4,2,13,0.18740554156171285
VB-217451,Victoria Brennan,Corporate,4206,800.1144,7,44,0.19023166904422256
VB-217452,Victoria Brennan,Corporate,2653,-69.65100000000002,5,64,-0.02625367508480966
VB-217453,Victoria Brennan,Corporate,1097,-383.96939999999995,3,23,-0.3500176845943482
VB-217454,Victoria Brennan,Corporate,2006,371.2398,6,37,0.18506470588235294
VD-116701,Valerie Dominguez,Consumer,123,-96.21900000000001,2,12,-0.7822682926829269
VD-116702,Valerie Dominguez,Consumer,1107,-115.52999999999999,7,24,-0.1043631436314363
VD-216701,Valerie Dominguez,Consumer,2844,-90.38459999999999,6,66,-0.03178080168776371
VD-216702,Valerie Dominguez,Consumer,2441,368.31,4,21,0.1508848832445719
VD-216703,Valerie Dominguez,Consumer,3028,347.952,5,41,0.1149114927344782
VD-216704,Valerie Dominguez,Consumer,6444,1617.7874000000002,6,71,0.2510532898820609
VF-117151,Vicky Freymann,Home Office,543,49.35,2,13,0.09088397790055248
VF-117152,Vicky Freymann,Home Office,59,-44.628,2,3,-0.756406779661017
VF-217151,Vicky Freymann,Home Office,3686,-1086.4470000000001,8,53,-0.294749593054802
VF-217152,Vicky Freymann,Home Office,2663,64.632,4,18,0.024270371761171614
VF-217153,Vicky Freymann,Home Office,4802,1139.484,7,57,0.23729362765514367
VF-217154,Vicky Freymann,Home Office,847,-96.27799999999999,5,35,-0.1136694214876033
VG-117901,Vivek Gonzalez,Consumer,266,61.080000000000005,2,10,0.22962406015037595
VG-117902,Vivek Gonzalez,Consumer,120,-13.638000000000003,2,6,-0.11365000000000003
VG-118051,Vivek Grady,Corporate,85,-135.3,2,7,-1.591764705882353
VG-118052,Vivek Grady,Corporate,1107,275.61,2,6,0.24897018970189702
VG-217901,Vivek Gonzalez,Consumer,1172,91.09500000000001,8,36,0.07772610921501708
VG-217902,Vivek Gonzalez,Consumer,3430,12.9195,5,32,0.003766618075801749
VG-217903,Vivek Gonzalez,Consumer,4462,-659.508,8,51,-0.14780546839982073
VG-217904,Vivek Gonzalez,Consumer,846,143.6268,6,32,0.16977163120567376
VG-218051,Vivek Grady,Corporate,15654,2748.1878,7,67,0.17555818321195862
VG-218052,Vivek Grady,Corporate,2410,3.9000000000000057,5,42,0.0016182572614107907
VG-218053,Vivek Grady,Corporate,4084,1206.84136,6,71,0.29550474045053865
VG-218054,Vivek Grady,Corporate,427,-52.333000000000006,5,16,-0.12255971896955505
VM-116851,Valerie Mitchum,Home Office,58,24.09,2,4,0.4153448275862069
VM-116852,Valerie Mitchum,Home Office,801,-119.052,4,22,-0.1486292134831461
VM-118351,Vivian Mathis,Consumer,1209,318.03,2,28,0.2630521091811414
VM-118352,Vivian Mathis,Consumer,61,20.04,1,2,0.3285245901639344
VM-216851,Valerie Mitchum,Home Office,3213,170.73000000000005,11,40,0.0531372549019608
VM-216852,Valerie Mitchum,Home Office,4589,-2458.938,4,42,-0.5358330791022009
VM-216853,Valerie Mitchum,Home Office,3452,223.84431999999998,10,74,0.0648448203939745
VM-216854,Valerie Mitchum,Home Office,2454,513.5269,7,37,0.20926116544417275
VM-218351,Vivian Mathis,Consumer,851,73.428,7,36,0.08628437132784958
VM-218352,Vivian Mathis,Consumer,1081,97.779,7,23,0.09045235892691951
VM-218353,Vivian Mathis,Consumer,308,31.0,1,6,0.10064935064935066
VM-218354,Vivian Mathis,Consumer,381,116.6373,5,25,0.3061346456692913
VP-117301,Victor Preis,Home Office,129,-230.07,1,3,-1.7834883720930232
VP-117302,Victor Preis,Home Office,304,-278.34000000000003,3,9,-0.915592105263158
VP-117601,Victoria Pisteka,Corporate,152,-4.908000000000001,2,11,-0.032289473684210535
VP-117602,Victoria Pisteka,Corporate,1463,379.62,1,18,0.2594805194805195
VP-217301,Victor Preis,Home Office,5354,949.1886,11,77,0.1772858797161001
VP-217302,Victor Preis,Home Office,2182,424.839,7,46,0.19470164986251146
VP-217303,Victor Preis,Home Office,3100,1161.7894,8,46,0.3747707741935484
VP-217304,Victor Preis,Home Office,994,205.3888,3,18,0.20662857142857144
VP-217601,Victoria Pisteka,Corporate,5503,682.1804999999999,7,60,0.12396520079956386
VP-217602,Victoria Pisteka,Corporate,6643,2056.299,7,32,0.30954373024236037
VP-217603,Victoria Pisteka,Corporate,1432,296.448,7,40,0.2070167597765363
VP-217604,Victoria Pisteka,Corporate,3361,-1018.7767999999999,7,65,-0.3031171675096697
VS-118201,Vivek Sundaresam,Consumer,71,21.15,3,5,0.29788732394366196
VS-118202,Vivek Sundaresam,Consumer,1066,105.38400000000001,4,25,0.09885928705440902
VS-218201,Vivek Sundaresam,Consumer,6801,998.289,4,47,0.14678561976179974
VS-218202,Vivek Sundaresam,Consumer,1462,338.80499999999995,5,13,0.23174076607387137
VS-218203,Vivek Sundaresam,Consumer,956,385.8,2,15,0.40355648535564853
VS-218204,Vivek Sundaresam,Consumer,1057,-262.8093,4,38,-0.24863699148533586
VT-117001,Valerie Takahito,Home Office,241,-40.548,4,6,-0.16824896265560166
VT-117002,Valerie Takahito,Home Office,1030,219.12,3,16,0.2127378640776699
VT-217001,Valerie Takahito,Home Office,10839,736.0296000000001,13,133,0.06790567395516192
VT-217002,Valerie Takahito,Home Office,1496,325.34250000000003,8,36,0.21747493315508024
VT-217003,Valerie Takahito,Home Office,4026,74.92800000000001,2,27,0.01861102831594635
VT-217004,Valerie Takahito,Home Office,1736,-224.0889,2,42,-0.1290834677419355
VW-117751,Victoria Wilson,Corporate,925,273.81,1,11,0.2960108108108108
VW-117752,Victoria Wilson,Corporate,328,-21.323999999999998,4,20,-0.06501219512195121
VW-217751,Victoria Wilson,Corporate,6792,853.6314,11,84,0.12568189045936395
VW-217752,Victoria Wilson,Corporate,1884,148.05599999999998,4,18,0.07858598726114649
VW-217753,Victoria Wilson,Corporate,975,-85.128,5,39,-0.08731076923076923
VW-217754,Victoria Wilson,Corporate,6135,-874.6645,10,77,-0.14256960065199673
WB-118501,William Brown,Consumer,30,0.87,1,1,0.029
WB-118502,William Brown,Consumer,153,-147.468,1,8,-0.9638431372549019
WB-218501,William Brown,Consumer,5795,1168.9032,10,65,0.20170892148403796
WB-218502,William Brown,Consumer,969,250.335,8,23,0.258343653250774
WB-218503,William Brown,Consumer,3780,560.931,9,55,0.14839444444444447
WB-218504,William Brown,Consumer,6159,714.3311000000001,11,146,0.11598166910212698
XP-118651,Xylona Preis,Consumer,304,43.728,2,14,0.1438421052631579
XP-118652,Xylona Preis,Consumer,708,21.42,1,15,0.030254237288135595
XP-218651,Xylona Preis,Consumer,3705,743.1366,7,42,0.20057668016194333
XP-218652,Xylona Preis,Consumer,2114,-152.35199999999998,4,19,-0.07206811731315041
XP-218653,Xylona Preis,Consumer,2996,27.560000000000002,5,23,0.009198931909212284
XP-218654,Xylona Preis,Consumer,2375,621.23,11,100,0.2615705263157895
YC-118951,Yoseph Carroll,Corporate,97,7.869000000000001,3,3,0.0811237113402062
YC-118952,Yoseph Carroll,Corporate,70,14.4,1,3,0.2057142857142857
YC-218951,Yoseph Carroll,Corporate,5606,1315.5801,4,25,0.23467358187656082
YC-218952,Yoseph Carroll,Corporate,8531,1556.4585,14,117,0.18244736842105264
YC-218953,Yoseph Carroll,Corporate,406,147.24,4,24,0.3626600985221675
YC-218954,Yoseph Carroll,Corporate,5455,1305.629,5,31,0.23934537121906507
YS-118801,Yana Sorensen,Corporate,190,30.84,2,5,0.16231578947368422
YS-118802,Yana Sorensen,Corporate,1138,327.972,4,13,0.2882003514938488
YS-218801,Yana Sorensen,Corporate,3547,-409.53,4,22,-0.11545813363405694
YS-218802,Yana Sorensen,Corporate,3864,925.38,6,52,0.23948757763975156
YS-218803,Yana Sorensen,Corporate,4573,797.452,8,65,0.17438268095342227
YS-218804,Yana Sorensen,Corporate,6722,1778.2923,8,58,0.26454809580482
ZC-119101,Zuschuss Carroll,Consumer,7,-15.567,1,1,-2.2238571428571428
ZC-219101,Zuschuss Carroll,Consumer,7448,1901.2376999999997,7,68,0.25526821965628355
ZC-219102,Zuschuss Carroll,Consumer,11854,-464.51099999999985,11,123,-0.03918601316011472
ZC-219103,Zuschuss Carroll,Consumer,1148,47.925560000000004,6,37,0.04174700348432056
ZC-219104,Zuschuss Carroll,Consumer,8028,-1032.149,13,105,-0.12856863477827601
ZD-119251,Zuschuss Donatelli,Consumer,1016,51.06600000000003,3,32,0.05026181102362208
ZD-119252,Zuschuss Donatelli,Consumer,1937,427.34999999999997,6,23,0.2206246773360867
ZD-219251,Zuschuss Donatelli,Consumer,1889,281.7075,5,38,0.14913049232398093
ZD-219252,Zuschuss Donatelli,Consumer,4548,-893.2785,7,42,-0.19641127968337732
ZD-219253,Zuschuss Donatelli,Consumer,1550,85.7614,3,7,0.05532993548387096
ZD-219254,Zuschuss Donatelli,Consumer,1494,249.13070000000002,5,32,0.16675414993306562
