Product.ID,Product.Name,Sales,Profit,Quantity,Orders,Profit_Margin
FUR-ADV-10000002,"Advantus Photo Frame, Duo Pack",159,60.39,3,2,0.37981132075471696
FUR-ADV-10000108,"Advantus Clock, Erganomic",350,3.36,7,3,0.0096
FUR-ADV-10000183,"Advantus Photo Frame, Black",975,-651.7379999999999,31,8,-0.6684492307692307
FUR-ADV-10000188,"Advantus Stacking Tray, Erganomic",125,4.200000000000003,7,5,0.033600000000000026
FUR-ADV-10000190,"Advantus Frame, Duo Pack",222,104.46,2,1,0.4705405405405405
FUR-ADV-10000571,"Advantus Frame, Erganomic",2195,702.0,20,8,0.3198177676537585
FUR-ADV-10000600,"Advantus Clock, Duo Pack",206,24.6,4,2,0.11941747572815535
FUR-ADV-10000847,"Advantus Stacking Tray, Black",290,81.18,11,5,0.27993103448275863
FUR-ADV-10001283,"Advantus Frame, Black",178,-88.968,3,2,-0.49982022471910115
FUR-ADV-10001440,"Advantus Door Stop, Black",959,176.379,22,7,0.18391970802919708
FUR-ADV-10001659,"Advantus Light Bulb, Durable",146,16.86,10,6,0.11547945205479451
FUR-ADV-10001855,"Advantus Stacking Tray, Durable",89,12.618000000000002,4,4,0.14177528089887642
FUR-ADV-10002329,"Advantus Light Bulb, Erganomic",7,-9.534,1,1,-1.362
FUR-ADV-10002601,"Advantus Photo Frame, Erganomic",497,200.01,11,5,0.40243460764587524
FUR-ADV-10002632,"Advantus Door Stop, Duo Pack",36,-48.708,2,1,-1.353
FUR-ADV-10002889,"Advantus Clock, Durable",803,-61.488,19,7,-0.07657285180572852
FUR-ADV-10003147,"Advantus Stacking Tray, Erganomic",186,57.84,8,5,0.3109677419354839
FUR-ADV-10003326,"Advantus Light Bulb, Black",54,11.589,4,4,0.2146111111111111
FUR-ADV-10004159,"Advantus Frame, Durable",195,-286.68,5,3,-1.4701538461538461
FUR-ADV-10004223,"Advantus Clock, Black",66,-6.212999999999999,2,2,-0.09413636363636363
FUR-ADV-10004395,"Advantus Door Stop, Durable",614,4.206000000000003,29,10,0.006850162866449516
FUR-ADV-10004499,"Advantus Photo Frame, Durable",250,39.900000000000006,5,3,0.15960000000000002
FUR-ADV-10004718,"Advantus Light Bulb, Duo Pack",124,-20.184,9,5,-0.1627741935483871
FUR-ADV-10004971,"Advantus Door Stop, Erganomic",393,121.77,9,2,0.3098473282442748
FUR-BAR-10000560,"Barricks Round Table, with Bottom Storage",1003,30.06,2,1,0.029970089730807576
FUR-BAR-10000831,"Barricks Training Table, Fully Assembled",320,121.5,1,1,0.3796875
FUR-BAR-10000946,"Barricks Computer Table, with Bottom Storage",3360,134.4,7,2,0.04
FUR-BAR-10001039,"Barricks Coffee Table, Fully Assembled",212,-303.02099999999996,2,2,-1.4293443396226413
FUR-BAR-10002449,"Barricks Training Table, Adjustable Height",7371,2358.42,23,3,0.31995929995929995
FUR-BAR-10002710,"Barricks Coffee Table, Adjustable Height",364,-546.732,4,1,-1.502010989010989
FUR-BAR-10003465,"Barricks Computer Table, Adjustable Height",286,-551.514,2,2,-1.9283706293706293
FUR-BAR-10003532,"Barricks Conference Table, Rectangular",3076,-2460.8100000000004,9,2,-0.8000032509752927
FUR-BAR-10003576,"Barricks Training Table, with Bottom Storage",636,261.0,2,2,0.41037735849056606
FUR-BAR-10004434,"Barricks Wood Table, Rectangular",2058,946.68,4,1,0.45999999999999996
FUR-BAR-10004553,"Barricks Training Table, Rectangular",568,-293.81399999999996,3,3,-0.5172781690140844
FUR-BAR-10004561,"Barricks Wood Table, Fully Assembled",518,67.38,1,1,0.13007722007722006
FUR-BAR-10004682,"Barricks Round Table, Fully Assembled",2012,925.44,4,1,0.4599602385685885
FUR-BEV-10000326,"Bevis Wood Table, Rectangular",531,90.3,1,1,0.17005649717514124
FUR-BEV-10000388,"Bevis Coffee Table, Rectangular",316,129.45,1,1,0.4096518987341772
FUR-BEV-10001048,"Bevis Conference Table, with Bottom Storage",924,249.39,1,1,0.26990259740259737
FUR-BEV-10001217,"Bevis Wood Table, Fully Assembled",1070,321.0,2,1,0.3
FUR-BEV-10001853,"Bevis Computer Table, Adjustable Height",984,344.46,2,1,0.3500609756097561
FUR-BEV-10002193,"Bevis Round Table, Adjustable Height",1249,-1779.768,6,1,-1.4249543634907926
FUR-BEV-10002369,"Bevis Training Table, Fully Assembled",942,-1107.12,7,2,-1.1752866242038216
FUR-BEV-10002803,"Bevis Conference Table, Fully Assembled",925,305.31,1,1,0.33006486486486486
FUR-BEV-10003414,"Bevis Computer Table, Fully Assembled",694,178.50600000000003,2,2,0.2572132564841499
FUR-BEV-10004805,"Bevis Conference Table, Rectangular",1843,884.46,2,1,0.47990233315246883
FUR-BEV-10004919,"Bevis Wood Table, with Bottom Storage",2668,853.65,5,2,0.31995877061469263
FUR-BO-10000002,"Bush Classic Bookcase, Mobile",4443,103.8,11,4,0.02336259284267387
FUR-BO-10000008,"Sauder Library with Doors, Traditional",465,-255.864,2,1,-0.5502451612903226
FUR-BO-10000021,"Dania Corner Shelving, Metal",243,102.06,2,1,0.42
FUR-BO-10000022,"Dania Floating Shelf Set, Traditional",2201,44.010000000000005,14,3,0.019995456610631533
FUR-BO-10000034,"Safco Classic Bookcase, Pine",1451,-659.25,5,3,-0.45434183321847005
FUR-BO-10000035,"Dania Classic Bookcase, Pine",8308,3288.2976,21,5,0.3957989407799711
FUR-BO-10000038,"Bush Library with Doors, Pine",2633,-1667.7359999999999,18,4,-0.6333976452715533
FUR-BO-10000071,"Safco 3-Shelf Cabinet, Metal",3046,1083.3899999999999,22,8,0.35567629678266577
FUR-BO-10000087,"Dania Classic Bookcase, Mobile",3153,12.20640000000003,8,3,0.0038713606089438727
FUR-BO-10000087,"Sauder Corner Shelving, Pine",2079,71.29999999999998,26,7,0.03429533429533429
FUR-BO-10000112,"Bush Birmingham Collection Bookcase, Dark Cherry",825,-117.882,9,1,-0.14288727272727272
FUR-BO-10000112,"Dania Corner Shelving, Pine",1569,235.3182,15,5,0.14997973231357553
FUR-BO-10000120,"Sauder Stackable Bookrack, Mobile",1262,220.152,10,2,0.17444690966719492
FUR-BO-10000148,"Bush 3-Shelf Cabinet, Metal",818,-228.528,11,4,-0.27937408312958434
FUR-BO-10000155,"Dania Corner Shelving, Metal",1799,509.84400000000005,20,4,0.2834041133963313
FUR-BO-10000160,"Safco Library with Doors, Pine",704,312.912,2,1,0.4444772727272727
FUR-BO-10000170,"Safco Library with Doors, Mobile",4943,-274.974,14,2,-0.055628970260975116
FUR-BO-10000175,"Ikea Stackable Bookrack, Metal",1933,440.544,17,5,0.22790688049663735
FUR-BO-10000184,"Sauder Floating Shelf Set, Mobile",158,-145.86,3,1,-0.9231645569620254
FUR-BO-10000195,"Dania Stackable Bookrack, Pine",1179,270.405,12,3,0.22935114503816792
FUR-BO-10000203,"Sauder Library with Doors, Metal",6875,2608.8384,19,6,0.37946740363636366
FUR-BO-10000208,"Bush Stackable Bookrack, Mobile",3891,955.215,33,5,0.2454934464148034
FUR-BO-10000210,"Ikea Library with Doors, Pine",8797,2158.9488,26,8,0.2454187563942253
FUR-BO-10000214,"Ikea Library with Doors, Pine",292,-393.948,3,1,-1.3491369863013698
FUR-BO-10000243,"Safco Floating Shelf Set, Pine",4691,585.6912,28,4,0.12485423150714133
FUR-BO-10000259,"Safco Classic Bookcase, Traditional",7666,858.585,21,6,0.11199908687711975
FUR-BO-10000265,"Bush Floating Shelf Set, Pine",2365,697.0740000000001,14,5,0.29474587737843555
FUR-BO-10000268,"Bush Library with Doors, Pine",878,-424.272,4,2,-0.4832255125284738
FUR-BO-10000268,"Ikea 3-Shelf Cabinet, Traditional",627,154.656,7,2,0.24666028708133972
FUR-BO-10000269,"Dania Stackable Bookrack, Pine",893,194.19199999999998,13,5,0.21746024636058228
FUR-BO-10000279,"Dania Classic Bookcase, Pine",6222,535.461,20,5,0.08605930568948891
FUR-BO-10000288,"Safco Classic Bookcase, Traditional",8368,-131.535,20,5,-0.015718809751434033
FUR-BO-10000311,"Safco Floating Shelf Set, Metal",1236,274.68,7,2,0.22223300970873788
FUR-BO-10000321,"Dania Floating Shelf Set, Mobile",894,-189.276,10,2,-0.21171812080536914
FUR-BO-10000330,"Sauder Camden County Barrister Bookcase, Planked Cherry Finish",1064,24.196,10,3,0.0227406015037594
FUR-BO-10000362,Sauder Inglewood Library Bookcases,2155,311.1836,14,5,0.14440074245939677
FUR-BO-10000378,"Bush Floating Shelf Set, Pine",1288,45.996,15,4,0.035711180124223606
FUR-BO-10000402,"Sauder Stackable Bookrack, Traditional",834,87.696,6,2,0.10515107913669064
FUR-BO-10000411,"Sauder Floating Shelf Set, Metal",2820,1081.008,24,4,0.38333617021276595
FUR-BO-10000425,"Bush Floating Shelf Set, Traditional",960,-41.20800000000001,8,2,-0.04292500000000001
FUR-BO-10000468,O'Sullivan 2-Shelf Heavy-Duty Bookcases,724,-133.1092,21,6,-0.18385248618784528
FUR-BO-10000490,"Bush Library with Doors, Metal",7785,672.372,23,4,0.08636763005780346
FUR-BO-10000502,"Sauder Classic Bookcase, Mobile",5438,525.924,20,6,0.09671276204486944
FUR-BO-10000514,"Bush Library with Doors, Traditional",2587,-1220.538,11,3,-0.47179667568612293
FUR-BO-10000517,"Ikea Stackable Bookrack, Metal",260,-358.048,8,1,-1.3771076923076924
FUR-BO-10000533,"Dania Corner Shelving, Pine",494,54.24,4,1,0.10979757085020243
FUR-BO-10000567,"Sauder Classic Bookcase, Traditional",10640,889.196,43,8,0.08357105263157895
FUR-BO-10000596,"Sauder Classic Bookcase, Mobile",9034,3244.506,24,6,0.3591439008191277
FUR-BO-10000610,"Ikea Stackable Bookrack, Mobile",1377,547.821,13,4,0.39783660130718956
FUR-BO-10000616,"Dania Corner Shelving, Pine",444,-89.028,6,1,-0.2005135135135135
FUR-BO-10000623,"Safco Library with Doors, Metal",311,-373.68,2,1,-1.2015434083601286
FUR-BO-10000624,"Safco Classic Bookcase, Metal",6300,-70.49600000000001,26,7,-0.011189841269841272
FUR-BO-10000636,"Dania Floating Shelf Set, Metal",1688,492.9,18,5,0.29200236966824644
FUR-BO-10000655,"Dania Classic Bookcase, Traditional",1109,86.202,3,1,0.07772948602344454
FUR-BO-10000666,"Ikea 3-Shelf Cabinet, Mobile",1305,182.52,9,2,0.13986206896551726
FUR-BO-10000668,"Ikea Corner Shelving, Traditional",246,66.42,2,1,0.27
FUR-BO-10000668,"Sauder Classic Bookcase, Mobile",3131,43.84140000000001,8,3,0.014002363462152669
FUR-BO-10000670,"Dania Corner Shelving, Metal",3063,947.556,30,5,0.3093555337904016
FUR-BO-10000676,"Bush Stackable Bookrack, Pine",1361,-554.556,16,3,-0.40746216017634096
FUR-BO-10000684,"Sauder Corner Shelving, Traditional",2108,-85.77000000000001,16,5,-0.04068785578747629
FUR-BO-10000699,"Sauder 3-Shelf Cabinet, Traditional",3799,238.23719999999997,24,6,0.06271050276388522
FUR-BO-10000700,"Sauder Floating Shelf Set, Metal",233,-97.032,2,1,-0.41644635193133045
FUR-BO-10000711,"Hon Metal Bookcases, Gray",852,229.9752,12,2,0.2699239436619718
FUR-BO-10000712,"Bush Corner Shelving, Pine",251,112.8,2,1,0.449402390438247
FUR-BO-10000728,"Dania Corner Shelving, Traditional",3367,1112.892,28,6,0.3305292545292545
FUR-BO-10000728,"Ikea Classic Bookcase, Mobile",7015,982.652,28,7,0.14007868852459018
FUR-BO-10000734,"Bush Corner Shelving, Pine",1255,183.8,20,7,0.14645418326693227
FUR-BO-10000746,"Ikea Corner Shelving, Mobile",1323,511.19599999999997,17,5,0.38639153439153434
FUR-BO-10000780,O'Sullivan Plantations 2-Door Library in Landvery Oak,2947,-767.7436,22,5,-0.2605170003393281
FUR-BO-10000786,"Sauder Stackable Bookrack, Pine",3304,1123.101,23,4,0.3399216101694916
FUR-BO-10000791,"Dania Library with Doors, Traditional",483,-579.9,5,1,-1.2006211180124222
FUR-BO-10000797,"Safco 3-Shelf Cabinet, Pine",1072,71.337,7,3,0.06654570895522388
FUR-BO-10000807,"Sauder Floating Shelf Set, Mobile",473,-23.76,4,1,-0.05023255813953489
FUR-BO-10000820,"Sauder 3-Shelf Cabinet, Metal",598,166.104,4,1,0.27776588628762544
FUR-BO-10000847,"Dania Stackable Bookrack, Mobile",2007,712.335,19,5,0.3549252615844544
FUR-BO-10000883,"Dania Corner Shelving, Mobile",950,-36.2583,8,2,-0.03816663157894737
FUR-BO-10000889,"Safco 3-Shelf Cabinet, Mobile",206,-85.728,2,1,-0.4161553398058252
FUR-BO-10000891,"Ikea Classic Bookcase, Pine",3469,-396.72,18,4,-0.11436148746036323
FUR-BO-10000892,"Bush Corner Shelving, Mobile",759,15.12,6,1,0.01992094861660079
FUR-BO-10000895,"Sauder Corner Shelving, Metal",1394,352.02,10,4,0.2525251076040172
FUR-BO-10000895,"Sauder Stackable Bookrack, Pine",582,26.766,6,1,0.04598969072164948
FUR-BO-10000936,"Bush Floating Shelf Set, Traditional",1867,321.783,11,4,0.1723529726834494
FUR-BO-10000961,"Bush Stackable Bookrack, Pine",2198,519.216,21,5,0.23622202001819836
FUR-BO-10000967,"Ikea Library with Doors, Pine",6346,970.1159999999999,22,5,0.15287046958714148
FUR-BO-10000980,"Bush Library with Doors, Traditional",5290,1792.0764,15,7,0.3387668052930057
FUR-BO-10001003,"Dania 3-Shelf Cabinet, Traditional",1556,746.79,11,2,0.4799421593830334
FUR-BO-10001010,"Dania Corner Shelving, Mobile",2267,498.13800000000003,20,4,0.21973445081605647
FUR-BO-10001039,"Dania Classic Bookcase, Traditional",5587,1137.486,19,6,0.20359513155539646
FUR-BO-10001042,"Dania 3-Shelf Cabinet, Pine",1960,-61.879999999999995,25,7,-0.03157142857142857
FUR-BO-10001067,"Bush Stackable Bookrack, Pine",1033,126.256,16,5,0.12222265246853824
FUR-BO-10001073,"Safco Classic Bookcase, Metal",7246,866.1816,18,4,0.1195392768423958
FUR-BO-10001099,"Bush Corner Shelving, Traditional",976,32.788,15,4,0.033594262295081966
FUR-BO-10001133,"Ikea Classic Bookcase, Mobile",6298,1789.224,16,5,0.2840939980946332
FUR-BO-10001147,"Bush Floating Shelf Set, Metal",2785,383.76630000000006,19,6,0.13779759425493718
FUR-BO-10001155,"Dania 3-Shelf Cabinet, Traditional",2148,-112.2045,17,6,-0.05223673184357542
FUR-BO-10001155,"Ikea 3-Shelf Cabinet, Metal",752,-82.47,7,3,-0.10966755319148937
FUR-BO-10001165,"Bush Library with Doors, Mobile",3448,-44.42399999999998,14,4,-0.012883990719257533
FUR-BO-10001192,"Bush Library with Doors, Mobile",5576,1812.1680000000001,18,7,0.3249942611190818
FUR-BO-10001196,"Bush Library with Doors, Pine",4786,61.98030000000006,17,4,0.01295033430839951
FUR-BO-10001201,"Bush Stackable Bookrack, Mobile",1811,637.98,25,6,0.3522805080066262
FUR-BO-10001212,"Safco Classic Bookcase, Mobile",9187,-225.31049999999996,24,7,-0.02452492652661369
FUR-BO-10001216,"Sauder 3-Shelf Cabinet, Mobile",3481,1043.964,24,5,0.29990347601264
FUR-BO-10001233,"Ikea 3-Shelf Cabinet, Mobile",754,-368.328,9,2,-0.488498673740053
FUR-BO-10001254,"Dania 3-Shelf Cabinet, Mobile",288,0.0,2,1,0.0
FUR-BO-10001255,"Ikea Library with Doors, Mobile",4904,-132.006,16,4,-0.026918026101141926
FUR-BO-10001256,"Ikea Corner Shelving, Pine",821,19.746,7,2,0.02405115712545676
FUR-BO-10001271,"Sauder Classic Bookcase, Pine",350,-113.748,3,1,-0.32499428571428574
FUR-BO-10001276,"Safco Floating Shelf Set, Mobile",318,-95.664,6,2,-0.30083018867924527
FUR-BO-10001287,"Dania Floating Shelf Set, Metal",2245,779.793,14,6,0.34734654788418706
FUR-BO-10001295,"Safco Floating Shelf Set, Traditional",1233,453.664,11,3,0.36793511759935116
FUR-BO-10001309,"Ikea Classic Bookcase, Traditional",1236,259.38,3,2,0.20985436893203882
FUR-BO-10001318,"Safco Library with Doors, Mobile",418,-188.336,4,1,-0.45056459330143545
FUR-BO-10001324,"Sauder Floating Shelf Set, Pine",2977,564.216,16,3,0.18952502519314746
FUR-BO-10001326,"Bush 3-Shelf Cabinet, Pine",1447,246.0,10,4,0.17000691085003455
FUR-BO-10001337,O'Sullivan Living Dimensions 2-Shelf Bookcases,2970,-78.637,28,10,-0.026477104377104377
FUR-BO-10001342,"Safco Corner Shelving, Metal",2346,-186.15,17,6,-0.07934782608695652
FUR-BO-10001356,"Ikea Library with Doors, Mobile",6343,877.96,28,9,0.13841399968469179
FUR-BO-10001358,"Bush 3-Shelf Cabinet, Traditional",688,-239.024,10,3,-0.3474186046511628
FUR-BO-10001362,"Ikea Classic Bookcase, Metal",1315,-82.248,4,2,-0.06254600760456275
FUR-BO-10001369,"Sauder Stackable Bookrack, Mobile",666,144.784,7,4,0.2173933933933934
FUR-BO-10001370,"Sauder Classic Bookcase, Mobile",1140,-17.54400000000001,3,2,-0.015389473684210536
FUR-BO-10001372,"Safco Classic Bookcase, Pine",9099,513.9,21,4,0.05647873392680514
FUR-BO-10001385,"Sauder Corner Shelving, Metal",2053,573.5724,18,4,0.27938256210423773
FUR-BO-10001387,"Safco Floating Shelf Set, Traditional",2419,546.672,17,4,0.22599090533278215
FUR-BO-10001390,"Bush Floating Shelf Set, Traditional",1097,301.248,12,4,0.27461075660893347
FUR-BO-10001392,"Sauder Classic Bookcase, Traditional",4055,1482.2069999999999,10,4,0.36552577065351416
FUR-BO-10001393,"Safco 3-Shelf Cabinet, Pine",3845,57.84209999999999,25,6,0.01504345903771131
FUR-BO-10001405,"Bush Stackable Bookrack, Pine",4482,1588.014,38,8,0.35430923694779115
FUR-BO-10001436,"Bush Corner Shelving, Traditional",1413,41.766000000000005,14,2,0.0295583864118896
FUR-BO-10001452,"Dania Stackable Bookrack, Pine",248,96.78,2,1,0.390241935483871
FUR-BO-10001461,"Safco Floating Shelf Set, Traditional",2123,1040.7546,11,4,0.49022826189354685
FUR-BO-10001471,"Sauder Classic Bookcase, Metal",10538,4650.450000000001,26,4,0.4413029037768078
FUR-BO-10001476,"Safco Corner Shelving, Pine",805,62.17999999999999,9,5,0.07724223602484472
FUR-BO-10001483,"Bush Corner Shelving, Metal",2404,-390.02,39,9,-0.1622379367720466
FUR-BO-10001498,"Dania Classic Bookcase, Pine",9726,2801.796,40,10,0.2880727945712523
FUR-BO-10001501,"Bush Classic Bookcase, Metal",11561,4042.767,32,9,0.3496900787129141
FUR-BO-10001507,"Ikea Library with Doors, Traditional",485,58.12,2,1,0.11983505154639175
FUR-BO-10001519,O'Sullivan 3-Shelf Heavy-Duty Bookcases,1118,147.0942,22,5,0.13156905187835422
FUR-BO-10001524,"Bush Stackable Bookrack, Pine",166,-116.62,5,1,-0.7025301204819278
FUR-BO-10001537,"Ikea Corner Shelving, Metal",1103,44.01,9,3,0.039900271985494104
FUR-BO-10001541,"Bush Stackable Bookrack, Traditional",2937,-231.95639999999997,28,6,-0.0789773237997957
FUR-BO-10001553,"Sauder Library with Doors, Traditional",7481,-193.941,20,4,-0.02592447533752172
FUR-BO-10001555,"Bush Corner Shelving, Metal",1235,172.8,10,3,0.139919028340081
FUR-BO-10001558,"Safco 3-Shelf Cabinet, Pine",953,-258.696,8,2,-0.2714543546694649
FUR-BO-10001567,"Bush Westfield Collection Bookcases, Dark Cherry Finish, Fully Assembled",91,-190.8522,3,1,-2.0972769230769233
FUR-BO-10001580,"Dania Stackable Bookrack, Pine",3535,370.66499999999996,31,6,0.10485572842998585
FUR-BO-10001585,"Ikea Floating Shelf Set, Traditional",2067,267.632,22,8,0.12947847121432027
FUR-BO-10001585,"Sauder Floating Shelf Set, Mobile",591,218.7,3,1,0.37005076142131976
FUR-BO-10001596,"Dania Library with Doors, Mobile",3601,-588.956,21,4,-0.16355345737295196
FUR-BO-10001598,"Bush Corner Shelving, Pine",2919,1264.6086,24,6,0.43323350462487153
FUR-BO-10001601,"Sauder Mission Library with Doors, Fruitwood Finish",935,-125.74080000000001,10,3,-0.13448213903743317
FUR-BO-10001608,"Hon Metal Bookcases, Black",1570,-26.972399999999986,30,5,-0.01717987261146496
FUR-BO-10001619,O'Sullivan Cherrywood Estates Traditional Bookcase,425,27.193599999999996,6,2,0.06398494117647058
FUR-BO-10001621,"Dania Stackable Bookrack, Traditional",2021,757.395,18,6,0.3747624938149431
FUR-BO-10001641,"Bush 3-Shelf Cabinet, Traditional",2139,742.3641,15,5,0.34706129032258065
FUR-BO-10001646,"Safco Corner Shelving, Metal",1430,321.552,18,6,0.22486153846153847
FUR-BO-10001646,"Safco Library with Doors, Pine",4745,834.332,25,8,0.17583393045310852
FUR-BO-10001668,"Ikea Floating Shelf Set, Pine",4743,-368.2722,31,8,-0.07764541429475015
FUR-BO-10001679,"Ikea 3-Shelf Cabinet, Traditional",1171,262.0368,11,4,0.22377181895815546
FUR-BO-10001699,"Ikea 3-Shelf Cabinet, Mobile",77,-61.888,2,1,-0.8037402597402598
FUR-BO-10001708,"Safco Stackable Bookrack, Pine",3591,196.95000000000005,28,7,0.05484544695071012
FUR-BO-10001714,"Dania Floating Shelf Set, Mobile",980,-149.75100000000003,9,2,-0.1528071428571429
FUR-BO-10001721,"Bush Corner Shelving, Mobile",776,303.528,10,4,0.39114432989690723
FUR-BO-10001739,"Dania Classic Bookcase, Mobile",5236,490.14000000000004,21,6,0.0936096256684492
FUR-BO-10001746,"Dania 3-Shelf Cabinet, Pine",171,-17.16,2,1,-0.10035087719298245
FUR-BO-10001749,"Bush Classic Bookcase, Traditional",10109,-363.45,27,7,-0.0359531110891285
FUR-BO-10001753,"Dania Stackable Bookrack, Traditional",3372,1066.0425,34,9,0.31614546263345195
FUR-BO-10001779,"Safco Stackable Bookrack, Pine",2805,1150.24,28,7,0.4100677361853832
FUR-BO-10001781,"Bush Library with Doors, Traditional",5345,-48.84000000000004,30,8,-0.009137511693171195
FUR-BO-10001798,Bush Somerset Collection Bookcase,1264,-56.3214,12,4,-0.04455806962025316
FUR-BO-10001811,"Atlantic Metals Mobile 5-Shelf Bookcases, Custom Colors",5493,15.049000000000035,26,8,0.0027396686692153713
FUR-BO-10001822,"Dania Library with Doors, Metal",6368,-651.864,20,5,-0.10236557788944724
FUR-BO-10001831,"Sauder Floating Shelf Set, Metal",2270,500.50800000000004,12,4,0.22048810572687227
FUR-BO-10001834,"Ikea 3-Shelf Cabinet, Mobile",1899,356.31600000000003,14,4,0.18763349131121645
FUR-BO-10001835,"Safco Library with Doors, Traditional",780,202.68,2,1,0.25984615384615384
FUR-BO-10001860,"Sauder Corner Shelving, Traditional",2457,569.691,20,5,0.23186446886446888
FUR-BO-10001867,"Dania Corner Shelving, Mobile",1528,254.864,21,7,0.16679581151832462
FUR-BO-10001872,"Bush Stackable Bookrack, Pine",449,-30.024,6,1,-0.06686859688195991
FUR-BO-10001873,"Ikea Floating Shelf Set, Mobile",674,-311.166,6,2,-0.4616706231454006
FUR-BO-10001874,"Sauder Corner Shelving, Pine",4042,507.6,29,8,0.12558139534883722
FUR-BO-10001875,"Bush Library with Doors, Mobile",1834,788.7,5,2,0.4300436205016358
FUR-BO-10001876,"Safco Corner Shelving, Pine",814,217.134,6,1,0.2667493857493857
FUR-BO-10001888,"Dania Floating Shelf Set, Pine",768,204.75,5,3,0.2666015625
FUR-BO-10001892,"Sauder Library with Doors, Pine",3578,-357.95399999999995,11,4,-0.10004304080491894
FUR-BO-10001918,"Sauder Forest Hills Library with Doors, Woodland Oak Finish",1015,-418.548,10,3,-0.4123625615763547
FUR-BO-10001934,"Bush Library with Doors, Metal",17093,-309.3378,52,14,-0.01809733809161645
FUR-BO-10001943,"Safco Library with Doors, Traditional",4210,-327.708,12,3,-0.07784038004750594
FUR-BO-10001946,"Sauder 3-Shelf Cabinet, Metal",3014,-386.788,31,8,-0.12833045786330458
FUR-BO-10001966,"Ikea Corner Shelving, Metal",686,9.671999999999997,9,3,0.014099125364431482
FUR-BO-10001967,"Safco Corner Shelving, Mobile",1337,-15.276,10,3,-0.011425579655946148
FUR-BO-10001969,"Sauder 3-Shelf Cabinet, Pine",1546,-561.224,19,4,-0.36301681759379045
FUR-BO-10001972,O'Sullivan 4-Shelf Bookcase in Odessa Pine,2740,-975.0988,37,7,-0.35587547445255474
FUR-BO-10002000,"Ikea Classic Bookcase, Metal",7043,752.4873,18,5,0.10684187136163567
FUR-BO-10002003,"Sauder Classic Bookcase, Metal",7838,-1785.54,26,5,-0.2278055626435315
FUR-BO-10002008,"Bush Stackable Bookrack, Traditional",328,-12.379999999999999,5,3,-0.03774390243902439
FUR-BO-10002031,"Sauder Classic Bookcase, Pine",7370,546.579,20,6,0.07416268656716417
FUR-BO-10002032,"Ikea Stackable Bookrack, Pine",1747,334.413,15,4,0.1914212936462507
FUR-BO-10002042,"Bush Classic Bookcase, Metal",220,-219.832,2,1,-0.9992363636363636
FUR-BO-10002084,"Dania Library with Doors, Metal",2943,-50.91199999999999,17,5,-0.01729935440027183
FUR-BO-10002109,"Safco Stackable Bookrack, Pine",909,-49.620000000000005,13,3,-0.05458745874587459
FUR-BO-10002133,"Bush Corner Shelving, Mobile",950,361.78499999999997,8,3,0.3808263157894736
FUR-BO-10002142,"Ikea Classic Bookcase, Traditional",933,-219.6,5,2,-0.23536977491961414
FUR-BO-10002182,"Safco Floating Shelf Set, Pine",4120,78.912,24,7,0.01915339805825243
FUR-BO-10002202,"Atlantic Metals Mobile 2-Shelf Bookcases, Custom Colors",400,-113.2606,3,2,-0.2831515
FUR-BO-10002204,"Bush Classic Bookcase, Pine",4637,1217.076,14,3,0.2624705628639206
FUR-BO-10002204,"Bush Corner Shelving, Traditional",2052,712.8344999999999,20,3,0.34738523391812864
FUR-BO-10002204,"Dania Floating Shelf Set, Traditional",654,274.251,4,2,0.4193440366972477
FUR-BO-10002206,"Bush Saratoga Collection 5-Shelf Bookcase, Hanover Cherry, *Special Order",120,-12.6882,1,1,-0.105735
FUR-BO-10002213,DMI Eclipse Executive Suite Bookcases,11048,90.1764,27,6,0.008162237509051411
FUR-BO-10002213,"Sauder Forest Hills Library, Woodland Oak Finish",1874,-70.49,15,4,-0.03761472785485592
FUR-BO-10002214,"Dania Floating Shelf Set, Traditional",2710,-979.14,33,8,-0.3613062730627306
FUR-BO-10002235,"Bush 3-Shelf Cabinet, Pine",1195,331.712,14,5,0.27758326359832636
FUR-BO-10002250,"Dania Floating Shelf Set, Mobile",1376,659.76,12,4,0.4794767441860465
FUR-BO-10002268,Sauder Barrister Bookcases,755,-294.7672,16,3,-0.39042013245033114
FUR-BO-10002277,"Bush Floating Shelf Set, Mobile",2662,20.542800000000007,16,4,0.007717054845980468
FUR-BO-10002285,"Safco Corner Shelving, Pine",1048,34.6095,8,2,0.0330243320610687
FUR-BO-10002289,"Ikea Corner Shelving, Pine",622,149.25,5,2,0.23995176848874597
FUR-BO-10002300,"Dania Classic Bookcase, Traditional",7613,3283.292,31,7,0.4312743990542493
FUR-BO-10002300,"Safco 3-Shelf Cabinet, Mobile",1457,145.44,9,3,0.09982155113246396
FUR-BO-10002308,"Safco Floating Shelf Set, Metal",4525,757.332,24,6,0.16736618784530385
FUR-BO-10002309,"Dania 3-Shelf Cabinet, Traditional",320,-30.18,4,2,-0.0943125
FUR-BO-10002318,"Dania Classic Bookcase, Mobile",3844,454.404,10,4,0.11821123829344433
FUR-BO-10002324,"Sauder Stackable Bookrack, Pine",1771,523.488,19,4,0.29558893280632415
FUR-BO-10002325,"Bush Classic Bookcase, Metal",2527,-110.048,12,4,-0.04354887218045113
FUR-BO-10002334,"Ikea 3-Shelf Cabinet, Pine",403,-23.987999999999996,5,2,-0.059523573200992545
FUR-BO-10002346,"Dania Stackable Bookrack, Mobile",2123,339.41200000000003,31,7,0.15987376354215735
FUR-BO-10002352,"Ikea 3-Shelf Cabinet, Mobile",2300,420.832,27,7,0.1829704347826087
FUR-BO-10002378,"Dania 3-Shelf Cabinet, Metal",1090,-21.796000000000003,13,5,-0.01999633027522936
FUR-BO-10002383,"Sauder Floating Shelf Set, Pine",4779,579.732,48,11,0.121308223477715
FUR-BO-10002387,"Safco Library with Doors, Metal",4987,190.73250000000002,14,3,0.038245939442550635
FUR-BO-10002390,"Ikea Library with Doors, Metal",5410,-203.47650000000002,17,7,-0.03761118299445471
FUR-BO-10002423,"Safco Floating Shelf Set, Mobile",1048,57.7476,7,4,0.05510267175572519
FUR-BO-10002444,"Sauder Library with Doors, Mobile",4022,1146.8265000000001,11,3,0.28513836399801096
FUR-BO-10002462,"Ikea Classic Bookcase, Pine",4817,-41.45400000000001,12,4,-0.008605771226904714
FUR-BO-10002471,"Safco 3-Shelf Cabinet, Metal",1570,22.200000000000003,15,5,0.014140127388535033
FUR-BO-10002510,"Bush 3-Shelf Cabinet, Mobile",1876,-27.8046,15,6,-0.014821215351812368
FUR-BO-10002510,"Safco 3-Shelf Cabinet, Traditional",3614,467.466,23,6,0.1293486441615938
FUR-BO-10002529,"Safco Library with Doors, Metal",2452,190.575,7,1,0.07772226753670472
FUR-BO-10002545,"Atlantic Metals Mobile 3-Shelf Bookcases, Custom Colors",7539,780.3302,35,8,0.10350579652473803
FUR-BO-10002574,"Bush Corner Shelving, Traditional",132,-119.104,4,1,-0.9023030303030303
FUR-BO-10002580,"Safco Classic Bookcase, Pine",3516,-503.96000000000004,14,3,-0.14333333333333334
FUR-BO-10002592,"Safco Stackable Bookrack, Traditional",198,-183.08,5,1,-0.9246464646464647
FUR-BO-10002598,"Hon Metal Bookcases, Putty",1321,362.70779999999996,19,5,0.2745706283118849
FUR-BO-10002613,"Atlantic Metals Mobile 4-Shelf Bookcases, Custom Colors",5184,-126.44100000000003,27,6,-0.024390625000000006
FUR-BO-10002632,"Sauder Corner Shelving, Pine",4401,713.52,31,7,0.16212678936605315
FUR-BO-10002679,"Ikea Stackable Bookrack, Mobile",2886,843.72,36,8,0.2923492723492724
FUR-BO-10002680,"Sauder 3-Shelf Cabinet, Traditional",833,43.2,6,2,0.05186074429771909
FUR-BO-10002682,"Safco Stackable Bookrack, Mobile",998,80.256,7,2,0.08041683366733467
FUR-BO-10002708,"Dania Library with Doors, Pine",5056,-771.555,18,4,-0.1526018591772152
FUR-BO-10002736,"Sauder Stackable Bookrack, Mobile",3311,227.541,25,5,0.06872274237390516
FUR-BO-10002738,"Sauder Corner Shelving, Mobile",744,-274.3428,7,4,-0.36874032258064515
FUR-BO-10002740,"Ikea Classic Bookcase, Metal",3947,641.376,18,4,0.16249708639473018
FUR-BO-10002766,"Bush Classic Bookcase, Traditional",6932,-462.336,28,7,-0.06669590305828044
FUR-BO-10002781,"Sauder Floating Shelf Set, Traditional",3444,624.0360000000001,23,4,0.18119512195121953
FUR-BO-10002782,"Safco Corner Shelving, Traditional",1814,552.588,23,6,0.3046240352811466
FUR-BO-10002793,"Safco Floating Shelf Set, Traditional",1810,826.308,10,2,0.4565237569060773
FUR-BO-10002812,"Sauder 3-Shelf Cabinet, Pine",3613,636.675,23,6,0.1762178245225574
FUR-BO-10002819,"Ikea Stackable Bookrack, Traditional",2866,689.4204,25,7,0.24055143056524772
FUR-BO-10002824,Bush Mission Pointe Library,749,24.156800000000004,6,3,0.032252069425901204
FUR-BO-10002852,"Bush Stackable Bookrack, Pine",252,12.6,2,1,0.049999999999999996
FUR-BO-10002853,O'Sullivan 5-Shelf Heavy-Duty Bookcases,541,-12.290999999999999,9,4,-0.022719038817005544
FUR-BO-10002866,"Safco Classic Bookcase, Pine",1582,-870.3,6,1,-0.550126422250316
FUR-BO-10002889,"Dania Stackable Bookrack, Pine",1340,536.148,12,2,0.40011044776119403
FUR-BO-10002892,"Safco Classic Bookcase, Mobile",8549,1991.238,24,5,0.23292057550590714
FUR-BO-10002906,"Ikea Corner Shelving, Traditional",755,-48.452,11,3,-0.06417483443708609
FUR-BO-10002916,"Rush Hierlooms Collection 1"" Thick Stackable Bookcases",2488,410.352,15,4,0.16493247588424437
FUR-BO-10002926,"Bush Stackable Bookrack, Mobile",742,81.36,6,2,0.10964959568733154
FUR-BO-10002936,"Ikea Stackable Bookrack, Pine",1389,644.256,12,5,0.46382721382289416
FUR-BO-10002964,"Dania Floating Shelf Set, Pine",1930,-324.69,15,3,-0.16823316062176166
FUR-BO-10002968,"Bush Library with Doors, Metal",1456,29.080000000000013,7,4,0.019972527472527483
FUR-BO-10002975,"Dania Stackable Bookrack, Traditional",984,3.100000000000005,16,5,0.003150406504065046
FUR-BO-10002981,"Bush Floating Shelf Set, Metal",1411,154.728,16,5,0.10965839829907867
FUR-BO-10002981,"Sauder Stackable Bookrack, Traditional",976,-86.96,11,3,-0.0890983606557377
FUR-BO-10002985,"Sauder Corner Shelving, Mobile",1439,368.292,17,3,0.2559360667129951
FUR-BO-10002990,"Dania Library with Doors, Traditional",9198,3913.272,27,6,0.42544814090019567
FUR-BO-10002992,"Dania Library with Doors, Traditional",4348,-116.21999999999998,21,6,-0.026729530818767246
FUR-BO-10003007,"Ikea Stackable Bookrack, Metal",2806,551.16,24,6,0.19642195295794723
FUR-BO-10003022,"Dania 3-Shelf Cabinet, Metal",1550,542.19,11,3,0.34980000000000006
FUR-BO-10003028,"Sauder 3-Shelf Cabinet, Mobile",3385,987.84,24,6,0.29182865583456424
FUR-BO-10003029,"Sauder Library with Doors, Traditional",3345,100.6569,9,3,0.030091748878923765
FUR-BO-10003034,"O'Sullivan Elevations Bookcase, Cherry Finish",1912,-68.1096,18,5,-0.03562217573221757
FUR-BO-10003034,"Sauder Stackable Bookrack, Pine",1915,47.211999999999996,22,6,0.02465378590078329
FUR-BO-10003043,"Dania 3-Shelf Cabinet, Mobile",634,68.988,7,3,0.10881388012618297
FUR-BO-10003046,"Safco Library with Doors, Mobile",6120,1176.8760000000002,18,6,0.19230000000000003
FUR-BO-10003078,"Safco Corner Shelving, Traditional",269,-8.982000000000001,3,2,-0.03339033457249071
FUR-BO-10003086,"Safco Library with Doors, Traditional",2175,444.32820000000004,6,3,0.20428882758620692
FUR-BO-10003103,"Dania Floating Shelf Set, Pine",592,-53.49999999999999,7,3,-0.09037162162162161
FUR-BO-10003103,"Ikea Classic Bookcase, Metal",11020,28.458000000000084,33,9,0.0025823956442831294
FUR-BO-10003106,"Sauder Corner Shelving, Metal",2935,240.36,34,7,0.08189437819420785
FUR-BO-10003112,"Sauder Floating Shelf Set, Traditional",778,303.48,6,2,0.39007712082262214
FUR-BO-10003126,"Dania Library with Doors, Traditional",4348,155.51999999999998,13,4,0.03576816927322907
FUR-BO-10003159,"Dania Stackable Bookrack, Pine",1722,107.88,24,5,0.06264808362369338
FUR-BO-10003159,"Sauder Camden County Collection Libraries, Planked Cherry Finish",1909,-78.18639999999999,19,7,-0.040956731272917754
FUR-BO-10003174,"Dania Floating Shelf Set, Pine",182,-186.64,4,1,-1.0254945054945055
FUR-BO-10003181,"Safco Corner Shelving, Metal",89,-59.568,1,1,-0.6693033707865168
FUR-BO-10003185,"Ikea Floating Shelf Set, Metal",1358,13.44,8,3,0.009896907216494845
FUR-BO-10003199,"Bush Classic Bookcase, Mobile",3044,642.12,14,4,0.210946123521682
FUR-BO-10003206,"Sauder Floating Shelf Set, Pine",3645,117.49800000000002,20,5,0.03223539094650206
FUR-BO-10003221,"Safco Corner Shelving, Mobile",1824,14.82000000000001,21,6,0.008125000000000005
FUR-BO-10003272,O'Sullivan Living Dimensions 5-Shelf Bookcases,3422,-755.7515999999999,21,6,-0.2208508474576271
FUR-BO-10003282,"Ikea Classic Bookcase, Mobile",8078,2443.665,20,3,0.30250866551126515
FUR-BO-10003284,"Sauder Floating Shelf Set, Mobile",1156,-57.84,12,4,-0.05003460207612457
FUR-BO-10003287,"Dania Corner Shelving, Traditional",1156,142.19600000000003,15,3,0.12300692041522493
FUR-BO-10003291,"Dania Corner Shelving, Metal",1329,24.167999999999996,23,7,0.01818510158013544
FUR-BO-10003297,"Ikea 3-Shelf Cabinet, Metal",2365,-151.64,28,8,-0.0641183932346723
FUR-BO-10003301,"Dania Floating Shelf Set, Metal",5503,909.4779,34,6,0.1652694711975286
FUR-BO-10003320,"Dania Classic Bookcase, Metal",3008,678.12,12,3,0.22543882978723404
FUR-BO-10003323,"Safco 3-Shelf Cabinet, Mobile",2444,759.236,25,5,0.3106530278232406
FUR-BO-10003326,"Safco Stackable Bookrack, Traditional",1030,114.78399999999999,12,5,0.11144077669902912
FUR-BO-10003333,"Sauder Stackable Bookrack, Traditional",1317,197.37,9,3,0.1498633257403189
FUR-BO-10003383,"Safco Floating Shelf Set, Mobile",399,115.56,2,1,0.28962406015037595
FUR-BO-10003384,"Ikea Corner Shelving, Traditional",1243,254.556,11,3,0.20479163314561546
FUR-BO-10003386,"Sauder 3-Shelf Cabinet, Mobile",338,135.36,2,1,0.40047337278106515
FUR-BO-10003404,"Global Adaptabilites Bookcase, Cherry/Storm Gray Finish",3448,206.87040000000002,8,2,0.059997215777262185
FUR-BO-10003408,"Ikea 3-Shelf Cabinet, Metal",2486,327.789,19,5,0.13185398230088496
FUR-BO-10003433,Sauder Cornerstone Collection Library,322,-81.1676,14,3,-0.2520732919254658
FUR-BO-10003438,"Dania Corner Shelving, Pine",3768,387.384,52,11,0.10280891719745223
FUR-BO-10003441,"Bush Westfield Collection Bookcases, Fully Assembled",1472,73.71539999999999,18,6,0.05007839673913043
FUR-BO-10003450,"Bush Westfield Collection Bookcases, Dark Cherry Finish",650,-97.4064,14,3,-0.14985600000000002
FUR-BO-10003463,"Ikea Stackable Bookrack, Metal",1595,-569.744,28,6,-0.35720626959247653
FUR-BO-10003499,"Ikea Library with Doors, Pine",4330,-1386.252,25,8,-0.32015057736720554
FUR-BO-10003530,"Safco 3-Shelf Cabinet, Pine",863,45.336,8,3,0.052533024333719584
FUR-BO-10003530,"Safco Classic Bookcase, Metal",350,-385.152,3,1,-1.1004342857142857
FUR-BO-10003541,"Bush Classic Bookcase, Metal",7749,2307.432,20,7,0.29777158343012
FUR-BO-10003543,"Safco Floating Shelf Set, Mobile",1967,791.672,17,5,0.40247686832740215
FUR-BO-10003546,Hon 4-Shelf Metal Bookcases,1474,-191.86200000000002,22,4,-0.13016417910447764
FUR-BO-10003549,"Sauder Floating Shelf Set, Metal",6137,694.4652,33,6,0.11316037151702786
FUR-BO-10003554,"Dania 3-Shelf Cabinet, Mobile",3081,0.7980000000000054,23,5,0.00025900681596884305
FUR-BO-10003559,"Sauder Stackable Bookrack, Pine",2271,602.9879999999999,18,7,0.2655165125495376
FUR-BO-10003563,"Bush 3-Shelf Cabinet, Mobile",1984,250.50400000000002,22,7,0.12626209677419356
FUR-BO-10003589,"Dania Floating Shelf Set, Traditional",102,6.75,1,1,0.0661764705882353
FUR-BO-10003604,"Ikea Corner Shelving, Mobile",1256,163.2,10,2,0.12993630573248408
FUR-BO-10003631,"Safco Stackable Bookrack, Mobile",1549,152.892,19,7,0.0987036797934151
FUR-BO-10003647,"Ikea Classic Bookcase, Pine",826,16.5,2,1,0.019975786924939468
FUR-BO-10003660,"Bush Cubix Collection Bookcases, Fully Assembled",729,48.6156,4,3,0.0666880658436214
FUR-BO-10003661,"Sauder Floating Shelf Set, Traditional",1362,340.41,7,1,0.24993392070484582
FUR-BO-10003668,"Sauder Floating Shelf Set, Pine",157,-195.936,2,1,-1.248
FUR-BO-10003688,"Bush Stackable Bookrack, Pine",1192,267.024,19,8,0.22401342281879194
FUR-BO-10003697,"Safco Floating Shelf Set, Mobile",3985,302.84999999999997,21,5,0.0759974905897114
FUR-BO-10003706,"Sauder Stackable Bookrack, Pine",3080,1307.8443,23,7,0.4246247727272727
FUR-BO-10003713,"Sauder Corner Shelving, Mobile",959,-203.952,8,2,-0.21267153284671533
FUR-BO-10003734,"Dania Classic Bookcase, Metal",6768,1821.15,18,4,0.2690824468085107
FUR-BO-10003738,"Dania Library with Doors, Mobile",4197,824.4599999999999,12,5,0.19644031451036453
FUR-BO-10003768,"Sauder 3-Shelf Cabinet, Traditional",1556,-182.66,23,4,-0.11739074550128535
FUR-BO-10003779,"Ikea Library with Doors, Traditional",3852,1613.214,11,4,0.4187990654205607
FUR-BO-10003783,"Dania Library with Doors, Pine",6492,527.1375,20,5,0.08119801293900186
FUR-BO-10003793,"Bush 3-Shelf Cabinet, Metal",2619,939.2922,21,5,0.35864536082474224
FUR-BO-10003828,"Bush 3-Shelf Cabinet, Metal",2114,491.004,16,6,0.23226300851466417
FUR-BO-10003873,"Safco Library with Doors, Mobile",3558,1281.444,15,4,0.3601585160202361
FUR-BO-10003878,"Safco Corner Shelving, Mobile",1368,516.72,10,4,0.37771929824561407
FUR-BO-10003880,"Dania Corner Shelving, Pine",230,-224.756,7,1,-0.9772
FUR-BO-10003881,"Sauder Floating Shelf Set, Mobile",3784,1300.32,20,7,0.34363636363636363
FUR-BO-10003887,"Ikea Floating Shelf Set, Traditional",4199,-707.019,30,8,-0.1683779471302691
FUR-BO-10003893,Sauder Camden County Collection Library,1368,-103.482,16,2,-0.07564473684210526
FUR-BO-10003894,"Safco Value Mate Steel Bookcase, Baked Enamel Finish on Steel, Black",803,106.47,14,3,0.13259028642590287
FUR-BO-10003903,"Dania 3-Shelf Cabinet, Pine",2042,-37.32,16,5,-0.018276199804113616
FUR-BO-10003904,"Ikea Corner Shelving, Traditional",862,98.22,10,4,0.11394431554524362
FUR-BO-10003905,"Ikea Stackable Bookrack, Mobile",3252,1300.5,30,7,0.39990774907749077
FUR-BO-10003913,"Safco Stackable Bookrack, Pine",2721,14.973,20,5,0.005502756339581037
FUR-BO-10003945,"Sauder 3-Shelf Cabinet, Metal",3790,1413.7734,26,8,0.37302728232189974
FUR-BO-10003965,O'Sullivan Manor Hill 2-Door Library in Brianna Oak,1647,-285.9484,12,4,-0.17361772920461443
FUR-BO-10003966,"Sauder Facets Collection Library, Sky Alder Finish",1428,-8.549,10,4,-0.005986694677871148
FUR-BO-10003968,"Sauder Library with Doors, Mobile",1833,175.45499999999998,5,2,0.09572013093289689
FUR-BO-10003985,"Sauder Classic Bookcase, Traditional",1046,-52.344,4,1,-0.05004206500956023
FUR-BO-10003991,"Bush Classic Bookcase, Traditional",7015,2632.38,18,5,0.3752501781895937
FUR-BO-10004015,"Bush Andora Bookcase, Maple/Graphite Gray Finish",3318,135.58870000000002,34,9,0.040864587100663055
FUR-BO-10004032,"Bush Corner Shelving, Pine",134,-80.224,4,1,-0.5986865671641791
FUR-BO-10004043,"Dania Classic Bookcase, Metal",6154,122.85,15,3,0.01996262593435164
FUR-BO-10004053,"Dania Library with Doors, Metal",5574,1338.504,18,7,0.24013347685683528
FUR-BO-10004055,"Safco Corner Shelving, Metal",2010,-111.69,19,5,-0.055567164179104477
FUR-BO-10004075,"Safco Floating Shelf Set, Metal",1882,-706.48,20,5,-0.3753878852284803
FUR-BO-10004080,"Ikea Stackable Bookrack, Traditional",1839,293.70000000000005,20,4,0.15970636215334424
FUR-BO-10004082,"Sauder Classic Bookcase, Metal",2381,838.9399999999999,9,3,0.3523477530449391
FUR-BO-10004098,"Ikea Stackable Bookrack, Pine",397,-84.384,6,1,-0.21255415617128465
FUR-BO-10004103,"Dania Library with Doors, Pine",291,-72.78,3,1,-0.2501030927835052
FUR-BO-10004113,"Sauder Classic Bookcase, Pine",7173,2999.7960000000003,27,9,0.41820660811376
FUR-BO-10004119,"Ikea Floating Shelf Set, Traditional",5400,-525.4019999999999,37,9,-0.09729666666666666
FUR-BO-10004129,"Sauder Classic Bookcase, Pine",3499,-131.28000000000003,10,2,-0.0375192912260646
FUR-BO-10004135,"Ikea Stackable Bookrack, Traditional",490,39.12,6,2,0.07983673469387755
FUR-BO-10004142,"Safco Classic Bookcase, Traditional",6425,2117.7,25,7,0.3296031128404669
FUR-BO-10004161,"Bush Corner Shelving, Mobile",2148,-332.9253,20,6,-0.154993156424581
FUR-BO-10004162,"Ikea Floating Shelf Set, Pine",2771,878.812,28,7,0.31714615662215806
FUR-BO-10004191,"Safco Corner Shelving, Traditional",1525,176.112,11,4,0.1154832786885246
FUR-BO-10004199,"Ikea 3-Shelf Cabinet, Pine",2084,-286.54499999999996,17,4,-0.1374976007677543
FUR-BO-10004218,"Bush Heritage Pine Collection 5-Shelf Bookcase, Albany Pine Finish, *Special Order",3625,-208.6504,34,8,-0.05755873103448276
FUR-BO-10004219,"Safco 3-Shelf Cabinet, Metal",2642,782.3399999999999,17,3,0.29611657834973504
FUR-BO-10004230,"Bush Corner Shelving, Metal",1628,609.78,14,5,0.3745577395577395
FUR-BO-10004238,"Ikea Corner Shelving, Pine",66,-19.928,2,1,-0.30193939393939395
FUR-BO-10004254,"Ikea Classic Bookcase, Traditional",6094,1498.5,18,6,0.2458976042008533
FUR-BO-10004312,"Bush Floating Shelf Set, Traditional",319,68.4822,2,1,0.2146777429467085
FUR-BO-10004316,"Bush 3-Shelf Cabinet, Pine",549,17.256,4,2,0.03143169398907104
FUR-BO-10004327,"Bush 3-Shelf Cabinet, Mobile",1124,-116.847,10,4,-0.10395640569395018
FUR-BO-10004340,"Safco Classic Bookcase, Mobile",6521,-1292.884,28,8,-0.19826468333077749
FUR-BO-10004357,O'Sullivan Living Dimensions 3-Shelf Bookcases,2903,-170.83299999999997,17,4,-0.05884705477092662
FUR-BO-10004360,Rush Hierlooms Collection Rich Wood Bookcases,489,-70.8312,4,2,-0.1448490797546012
FUR-BO-10004371,"Dania Classic Bookcase, Pine",549,-316.02,5,1,-0.5756284153005464
FUR-BO-10004388,"Ikea Library with Doors, Metal",4789,1306.17,15,4,0.27274378784714975
FUR-BO-10004399,"Bush Floating Shelf Set, Pine",1768,-179.6112,12,4,-0.10159004524886878
FUR-BO-10004404,"Ikea 3-Shelf Cabinet, Pine",1484,6.9827999999999975,13,4,0.004705390835579513
FUR-BO-10004407,"Ikea Floating Shelf Set, Metal",3214,39.620000000000005,33,8,0.012327317983820786
FUR-BO-10004408,"Dania Stackable Bookrack, Pine",1819,-128.32799999999997,16,4,-0.07054865310610224
FUR-BO-10004409,"Safco Value Mate Series Steel Bookcases, Baked Enamel Finish on Steel, Gray",858,-9.937199999999997,17,6,-0.01158181818181818
FUR-BO-10004423,"Ikea Corner Shelving, Pine",1593,600.2280000000001,23,6,0.37679096045197746
FUR-BO-10004425,"Sauder Library with Doors, Mobile",4525,374.46000000000004,21,6,0.082753591160221
FUR-BO-10004430,"Bush Floating Shelf Set, Metal",2850,54.53100000000001,18,6,0.01913368421052632
FUR-BO-10004434,"Ikea Library with Doors, Traditional",363,10.89,1,1,0.030000000000000002
FUR-BO-10004441,"Ikea Library with Doors, Metal",3435,-142.84,17,4,-0.041583697234352256
FUR-BO-10004445,"Bush Stackable Bookrack, Pine",2268,277.14,20,4,0.12219576719576719
FUR-BO-10004452,"Bush Classic Bookcase, Pine",2925,1170.212,12,3,0.40007247863247863
FUR-BO-10004459,"Safco 3-Shelf Cabinet, Traditional",1621,-20.376,18,6,-0.012570018507094386
FUR-BO-10004467,Bestar Classic Bookcase,1898,-612.9386999999999,31,8,-0.3229392518440463
FUR-BO-10004472,"Dania Library with Doors, Pine",5142,1988.24,26,8,0.38666666666666666
FUR-BO-10004483,"Ikea Floating Shelf Set, Pine",1236,54.888,8,2,0.04440776699029126
FUR-BO-10004504,"Sauder 3-Shelf Cabinet, Mobile",3361,-19.619999999999976,37,9,-0.005837548348705735
FUR-BO-10004507,"Ikea Corner Shelving, Metal",995,-8.727600000000006,9,3,-0.008771457286432166
FUR-BO-10004508,"Ikea Floating Shelf Set, Mobile",1843,774.4,16,4,0.42018448182311446
FUR-BO-10004529,"Sauder 3-Shelf Cabinet, Pine",3998,154.49399999999997,26,8,0.038642821410705346
FUR-BO-10004537,"Dania Floating Shelf Set, Mobile",1194,328.0965,8,3,0.2747876884422111
FUR-BO-10004541,"Dania Library with Doors, Mobile",5497,649.1351999999999,16,6,0.11808899399672547
FUR-BO-10004547,"Bush Stackable Bookrack, Traditional",3271,688.002,28,9,0.21033384286151022
FUR-BO-10004558,"Sauder Library with Doors, Pine",2126,399.324,9,2,0.18782878645343368
FUR-BO-10004560,"Bush Floating Shelf Set, Mobile",2555,599.463,15,3,0.2346234833659491
FUR-BO-10004565,"Sauder Corner Shelving, Traditional",1551,299.34000000000003,17,5,0.19299806576402323
FUR-BO-10004567,"Bush Floating Shelf Set, Mobile",2039,324.336,20,8,0.15906620892594409
FUR-BO-10004585,"Ikea 3-Shelf Cabinet, Traditional",2506,1018.104,19,4,0.4062665602553871
FUR-BO-10004620,"Safco Stackable Bookrack, Mobile",1057,-122.41199999999999,9,3,-0.11581078524124881
FUR-BO-10004630,"Ikea Library with Doors, Mobile",4574,54.55499999999999,13,3,0.011927197201574114
FUR-BO-10004633,"Safco Stackable Bookrack, Traditional",1901,72.41640000000001,14,2,0.0380938453445555
FUR-BO-10004648,"Sauder Library with Doors, Pine",6477,855.297,17,3,0.1320514126910607
FUR-BO-10004660,"Sauder Library with Doors, Metal",2672,336.50100000000003,9,3,0.12593600299401198
FUR-BO-10004665,"Bush Classic Bookcase, Mobile",8087,3030.456,21,5,0.3747317917645604
FUR-BO-10004670,"Dania Library with Doors, Mobile",730,124.02,2,1,0.16989041095890411
FUR-BO-10004679,"Safco Library with Doors, Pine",17433,375.22979999999995,49,8,0.021524109447599377
FUR-BO-10004681,"Ikea Stackable Bookrack, Metal",244,68.34,2,1,0.2800819672131148
FUR-BO-10004690,O'Sullivan Cherrywood Estates Traditional Barrister Bookcase,1072,-78.36359999999999,9,2,-0.07310037313432835
FUR-BO-10004695,O'Sullivan 2-Door Barrister Bookcase in Odessa Pine,4887,566.4674,31,7,0.11591311643134848
FUR-BO-10004699,"Dania 3-Shelf Cabinet, Mobile",2563,-28.794,18,6,-0.011234490831057355
FUR-BO-10004704,"Bush Corner Shelving, Pine",1968,729.228,19,5,0.37054268292682924
FUR-BO-10004707,"Ikea Library with Doors, Traditional",9629,-1650.165,32,6,-0.17137449371689686
FUR-BO-10004709,"Bush Classic Bookcase, Pine",4388,2065.848,11,3,0.47079489516864176
FUR-BO-10004709,"Bush Westfield Collection Bookcases, Medium Cherry Finish",1427,-20.293000000000003,32,9,-0.01422074281709881
FUR-BO-10004725,"Sauder Library with Doors, Metal",4078,350.688,19,5,0.08599509563511525
FUR-BO-10004771,"Ikea Classic Bookcase, Traditional",8315,1482.1425,21,5,0.178249248346362
FUR-BO-10004771,"Safco Library with Doors, Traditional",3274,-1582.644,21,3,-0.48339767868051314
FUR-BO-10004773,"Ikea Floating Shelf Set, Mobile",2127,504.558,14,4,0.2372157968970381
FUR-BO-10004806,"Safco Corner Shelving, Traditional",2959,827.898,23,5,0.27978979384927344
FUR-BO-10004806,"Sauder Classic Bookcase, Metal",1568,208.98,6,1,0.1332780612244898
FUR-BO-10004821,"Dania Corner Shelving, Traditional",4221,155.2506,37,6,0.03678052594171997
FUR-BO-10004824,"Safco Stackable Bookrack, Traditional",2182,61.998000000000005,17,5,0.02841338221814849
FUR-BO-10004834,"Riverside Palais Royal Lawyers Bookcase, Royale Cherry Finish",15611,-669.5448000000002,24,5,-0.04288929600922428
FUR-BO-10004834,"Safco 3-Shelf Cabinet, Mobile",2776,241.332,17,3,0.08693515850144092
FUR-BO-10004842,"Dania 3-Shelf Cabinet, Pine",2682,796.5840000000001,20,3,0.29701118568232665
FUR-BO-10004844,"Sauder Corner Shelving, Mobile",1798,434.4,13,3,0.24160177975528363
FUR-BO-10004852,"Sauder Classic Bookcase, Traditional",14475,4861.068,35,7,0.33582507772020725
FUR-BO-10004878,"Ikea 3-Shelf Cabinet, Traditional",171,5.688,2,1,0.03326315789473684
FUR-BO-10004899,"Safco Floating Shelf Set, Pine",1426,-385.632,14,3,-0.27042917251051896
FUR-BO-10004911,"Ikea Corner Shelving, Mobile",2363,-22.7844,20,5,-0.009642149809564115
FUR-BO-10004914,"Bush 3-Shelf Cabinet, Traditional",2665,318.04200000000003,21,9,0.11934033771106943
FUR-BO-10004917,"Dania Stackable Bookrack, Mobile",487,179.88,4,3,0.36936344969199175
FUR-BO-10004924,"Sauder Library with Doors, Traditional",2584,310.0,10,2,0.11996904024767802
FUR-BO-10004926,"Safco 3-Shelf Cabinet, Traditional",1368,288.684,9,2,0.2110263157894737
FUR-BO-10004935,"Ikea Stackable Bookrack, Mobile",133,-93.44,4,1,-0.7025563909774436
FUR-BO-10004947,"Safco Stackable Bookrack, Pine",3877,991.314,30,7,0.25569099819448027
FUR-BO-10004980,"Bush Library with Doors, Mobile",685,-4.932000000000002,3,2,-0.007200000000000003
FUR-BO-10004999,"Safco Classic Bookcase, Metal",10372,4681.857,25,5,0.45139384882375627
FUR-BUS-10000332,"Bush Library with Doors, Traditional",2040,-728.688,8,4,-0.3572
FUR-BUS-10000984,"Bush 3-Shelf Cabinet, Traditional",616,57.29100000000001,5,2,0.09300487012987015
FUR-BUS-10001187,"Bush Classic Bookcase, Metal",1483,-148.536,6,2,-0.10015913688469319
FUR-BUS-10001243,"Bush Classic Bookcase, Pine",4802,2057.538,13,4,0.42847521865889215
FUR-BUS-10001781,"Bush Library with Doors, Metal",2183,327.24,6,1,0.14990380210719195
FUR-BUS-10001876,"Bush 3-Shelf Cabinet, Pine",43,-89.754,1,1,-2.0873023255813954
FUR-BUS-10002040,"Bush Library with Doors, Mobile",5099,109.476,20,9,0.021470092174936263
FUR-BUS-10002138,"Bush Stackable Bookrack, Pine",882,185.22,7,3,0.21
FUR-BUS-10002192,"Bush 3-Shelf Cabinet, Metal",143,41.4,1,1,0.2895104895104895
FUR-BUS-10002639,"Bush Corner Shelving, Mobile",2201,-220.26599999999996,33,8,-0.10007542026351657
FUR-BUS-10002989,"Bush Classic Bookcase, Traditional",2475,1015.02,6,3,0.4101090909090909
FUR-BUS-10003055,"Bush Stackable Bookrack, Pine",1349,205.938,15,5,0.15265974796145293
FUR-BUS-10003368,"Bush Floating Shelf Set, Mobile",799,17.334000000000003,6,2,0.021694618272841054
FUR-BUS-10003708,"Bush Stackable Bookrack, Traditional",197,-79.998,3,2,-0.4060812182741117
FUR-BUS-10003724,"Bush Corner Shelving, Metal",741,103.68,6,1,0.139919028340081
FUR-BUS-10004121,"Bush 3-Shelf Cabinet, Mobile",278,-218.889,4,3,-0.7873705035971224
FUR-BUS-10004336,"Bush Corner Shelving, Traditional",471,-18.738,5,3,-0.03978343949044586
FUR-BUS-10004475,"Bush Floating Shelf Set, Traditional",565,3.3510000000000133,4,3,0.005930973451327457
FUR-BUS-10004622,"Bush Corner Shelving, Pine",250,120.3,2,2,0.48119999999999996
FUR-BUS-10004644,"Bush Library with Doors, Pine",731,80.4,2,1,0.10998632010943914
FUR-BUS-10004820,"Bush Classic Bookcase, Mobile",3446,-103.79999999999998,9,6,-0.030121880441091115
FUR-BUS-10004854,"Bush Floating Shelf Set, Pine",2210,184.32600000000008,17,7,0.08340542986425344
FUR-BUS-10004882,"Bush Floating Shelf Set, Metal",649,-128.07600000000002,5,3,-0.1973436055469954
FUR-CH-10000005,"Office Star Executive Leather Armchair, Adjustable",564,-263.196,2,1,-0.46665957446808515
FUR-CH-10000013,"Hon Steel Folding Chair, Black",513,15.555000000000007,9,2,0.030321637426900597
FUR-CH-10000015,Hon Multipurpose Stacking Arm Chairs,6584,814.4159999999999,36,6,0.1236962332928311
FUR-CH-10000025,"Office Star Rocking Chair, Set of Two",3971,192.87,33,10,0.04856962981616721
FUR-CH-10000026,"SAFCO Rocking Chair, Black",5350,-627.5328000000001,47,15,-0.11729585046728973
FUR-CH-10000027,"SAFCO Executive Leather Armchair, Black",21329,1363.23,50,12,0.06391438886023723
FUR-CH-10000042,"Harbour Creations Swivel Stool, Black",355,170.58,2,1,0.48050704225352114
FUR-CH-10000051,"Harbour Creations Executive Leather Armchair, Black",3979,663.024,10,2,0.16663081176174918
FUR-CH-10000068,"Office Star Steel Folding Chair, Red",1156,-459.054,20,4,-0.39710553633217993
FUR-CH-10000068,"SAFCO Rocking Chair, Black",132,5.28,1,1,0.04
FUR-CH-10000089,"Hon Rocking Chair, Black",137,-41.024,4,1,-0.29944525547445255
FUR-CH-10000105,"Hon Steel Folding Chair, Set of Two",1029,-227.139,19,3,-0.22073760932944608
FUR-CH-10000105,"Novimex Bag Chairs, Black",1647,607.696,64,13,0.36897146326654523
FUR-CH-10000110,"Hon Bag Chairs, Red",1104,357.006,29,7,0.32337499999999997
FUR-CH-10000117,"Novimex Steel Folding Chair, Black",1626,184.608,22,6,0.11353505535055351
FUR-CH-10000133,"Harbour Creations Steel Folding Chair, Black",1251,-32.51400000000001,16,3,-0.02599040767386092
FUR-CH-10000136,"Harbour Creations Steel Folding Chair, Set of Two",53,-17.392,2,1,-0.3281509433962264
FUR-CH-10000155,Global Comet Stacking Armless Chair,3528,514.366,14,6,0.1457953514739229
FUR-CH-10000171,"SAFCO Steel Folding Chair, Adjustable",589,164.64,12,4,0.2795246179966044
FUR-CH-10000182,"Office Star Bag Chairs, Adjustable",77,-36.76,5,1,-0.4774025974025974
FUR-CH-10000187,"Hon Chairmat, Red",1614,196.9218,34,10,0.1220085501858736
FUR-CH-10000213,"Hon Swivel Stool, Red",1326,73.57499999999999,9,2,0.055486425339366506
FUR-CH-10000214,"Harbour Creations Bag Chairs, Black",444,-94.875,10,3,-0.21368243243243243
FUR-CH-10000214,"Hon Rocking Chair, Set of Two",318,-191.352,4,2,-0.6017358490566038
FUR-CH-10000225,"Global Geo Office Task Chair, Gray",1758,-166.00900000000001,25,7,-0.09443060295790671
FUR-CH-10000229,Global Enterprise Series Seating High-Back Swivel/Tilt Chairs,2032,-460.666,10,4,-0.22670570866141732
FUR-CH-10000233,"SAFCO Chairmat, Red",535,89.072,18,7,0.16648971962616824
FUR-CH-10000258,"Office Star Steel Folding Chair, Red",2671,-174.6648,33,9,-0.06539303631598653
FUR-CH-10000265,"Office Star Chairmat, Adjustable",1631,332.372,37,8,0.2037841814837523
FUR-CH-10000294,"Office Star Swivel Stool, Red",4176,918.0,24,6,0.21982758620689655
FUR-CH-10000302,"Novimex Rocking Chair, Red",1680,-21.216000000000005,24,9,-0.012628571428571432
FUR-CH-10000309,Global Comet Stacking Arm Chair,6084,697.1415,17,5,0.11458604536489152
FUR-CH-10000326,"SAFCO Rocking Chair, Red",1980,569.8199999999999,27,5,0.28778787878787876
FUR-CH-10000333,"SAFCO Swivel Stool, Black",1043,195.27300000000002,8,3,0.187222435282838
FUR-CH-10000336,"SAFCO Chairmat, Set of Two",695,-124.536,22,5,-0.1791884892086331
FUR-CH-10000343,"Hon Executive Leather Armchair, Black",4023,755.632,16,6,0.1878279890628884
FUR-CH-10000351,"Novimex Chairmat, Set of Two",2558,821.7435,47,13,0.3212445269741986
FUR-CH-10000373,"Hon Steel Folding Chair, Set of Two",167,81.96,2,1,0.49077844311377244
FUR-CH-10000391,"Novimex Bag Chairs, Red",1218,-9.219599999999996,29,8,-0.007569458128078814
FUR-CH-10000399,"Hon Swivel Stool, Set of Two",2356,338.34000000000003,16,4,0.14360780984719865
FUR-CH-10000414,"Novimex Chairmat, Black",633,-144.856,23,7,-0.22884044233807266
FUR-CH-10000422,Global Highback Leather Tilter in Burgundy,2647,49.13459999999999,34,9,0.0185623724971666
FUR-CH-10000423,"Hon Chairmat, Set of Two",861,139.482,16,4,0.162
FUR-CH-10000430,"SAFCO Rocking Chair, Set of Two",2742,600.18,33,7,0.21888402625820566
FUR-CH-10000430,"SAFCO Swivel Stool, Red",3636,1074.651,25,6,0.29555858085808584
FUR-CH-10000432,"Harbour Creations Swivel Stool, Adjustable",6173,-520.6959,39,12,-0.08435054268589018
FUR-CH-10000438,"Novimex Chairmat, Adjustable",141,-94.128,4,1,-0.6675744680851063
FUR-CH-10000454,"Hon Deluxe Fabric Upholstered Stacking Chairs, Rounded Back",10638,1927.442,51,12,0.18118462116939274
FUR-CH-10000470,"Novimex Executive Leather Armchair, Red",552,-331.38,2,1,-0.6003260869565217
FUR-CH-10000479,"Harbour Creations Executive Leather Armchair, Adjustable",3816,1653.588,9,3,0.4333301886792453
FUR-CH-10000488,"SAFCO Steel Folding Chair, Black",649,-19.325999999999993,11,4,-0.029778120184899837
FUR-CH-10000513,High-Back Leather Manager's Chair,4771,-197.58480000000003,42,9,-0.0414137078180675
FUR-CH-10000527,"Office Star Executive Leather Armchair, Adjustable",3720,632.4,8,1,0.16999999999999998
FUR-CH-10000528,"Novimex Steel Folding Chair, Adjustable",1208,-189.328,25,5,-0.15672847682119206
FUR-CH-10000546,"Harbour Creations Executive Leather Armchair, Adjustable",5666,1666.35,14,3,0.29409636427815034
FUR-CH-10000553,"Metal Folding Chairs, Beige, 4/Carton",687,115.7354,23,5,0.16846491994177584
FUR-CH-10000568,"Hon Bag Chairs, Black",68,-0.048,2,1,-0.0007058823529411765
FUR-CH-10000583,"Novimex Swivel Stool, Set of Two",2400,746.544,16,3,0.31106
FUR-CH-10000595,Safco Contoured Stacking Chairs,5697,870.16,27,8,0.15274003861681587
FUR-CH-10000602,"Novimex Executive Leather Armchair, Red",15560,-345.798,36,8,-0.022223521850899743
FUR-CH-10000603,"Hon Bag Chairs, Red",627,173.535,15,5,0.27677033492822967
FUR-CH-10000604,"Office Star Rocking Chair, Set of Two",115,-105.972,3,1,-0.9214956521739129
FUR-CH-10000608,"Office Star Chairmat, Set of Two",1306,233.76330000000002,25,6,0.17899180704441042
FUR-CH-10000656,"Hon Swivel Stool, Adjustable",1816,322.30400000000003,19,5,0.17748017621145376
FUR-CH-10000660,"Novimex Executive Leather Armchair, Adjustable",11312,2824.1916,27,7,0.24966333097595475
FUR-CH-10000663,"Hon Steel Folding Chair, Adjustable",831,73.689,11,2,0.08867509025270758
FUR-CH-10000665,"Global Airflow Leather Mesh Back Chair, Black",3955,573.7239999999999,32,9,0.14506295828065738
FUR-CH-10000666,"SAFCO Chairmat, Black",69,-26.412,2,1,-0.38278260869565217
FUR-CH-10000667,"Novimex Chairmat, Black",421,-42.16199999999999,11,4,-0.10014726840855105
FUR-CH-10000677,"Hon Steel Folding Chair, Red",586,-65.37599999999999,15,5,-0.1115631399317406
FUR-CH-10000685,"Hon Executive Leather Armchair, Black",4343,1462.83,10,3,0.33682477550080586
FUR-CH-10000689,"SAFCO Chairmat, Red",36,-0.618,1,1,-0.017166666666666667
FUR-CH-10000690,"Novimex Bag Chairs, Black",165,-5.315999999999999,7,2,-0.03221818181818181
FUR-CH-10000694,"Novimex Steel Folding Chair, Red",1101,74.81970000000001,16,6,0.06795613079019075
FUR-CH-10000727,"Office Star Chairmat, Set of Two",313,122.472,5,2,0.3912843450479233
FUR-CH-10000745,"Hon Chairmat, Adjustable",1584,260.94599999999997,30,6,0.16473863636363634
FUR-CH-10000749,Office Star - Ergonomic Mid Back Chair with 2-Way Adjustable Arms,2208,231.6544,13,2,0.1049159420289855
FUR-CH-10000774,"SAFCO Rocking Chair, Set of Two",274,0.0,2,1,0.0
FUR-CH-10000777,"Harbour Creations Executive Leather Armchair, Adjustable",6973,1337.704,26,8,0.19184052774989244
FUR-CH-10000783,"Office Star Executive Leather Armchair, Adjustable",5076,526.086,11,3,0.1036418439716312
FUR-CH-10000785,Global Ergonomic Managers Chair,6008,785.4532,39,11,0.13073455392809588
FUR-CH-10000788,"Hon Rocking Chair, Adjustable",2181,-339.416,29,10,-0.15562402567629527
FUR-CH-10000790,"Hon Chairmat, Adjustable",116,58.02,2,1,0.5001724137931035
FUR-CH-10000807,"Hon Rocking Chair, Adjustable",1917,808.944,16,4,0.4219843505477308
FUR-CH-10000825,"SAFCO Chairmat, Red",1645,514.4364,31,11,0.3127272948328268
FUR-CH-10000836,"SAFCO Swivel Stool, Adjustable",2499,74.8,22,7,0.029931972789115645
FUR-CH-10000843,"SAFCO Executive Leather Armchair, Set of Two",5810,-95.844,21,9,-0.016496385542168673
FUR-CH-10000847,Global Executive Mid-Back Manager's Chair,4626,750.7284,18,6,0.1622845654993515
FUR-CH-10000848,"SAFCO Executive Leather Armchair, Set of Two",835,296.724,2,1,0.3553580838323353
FUR-CH-10000852,"Novimex Chairmat, Set of Two",1069,310.644,36,10,0.2905930776426567
FUR-CH-10000857,"Harbour Creations Rocking Chair, Black",1562,346.96799999999996,12,2,0.2221306017925736
FUR-CH-10000863,Novimex Swivel Fabric Task Chair,2914,-445.391,25,8,-0.15284522992450242
FUR-CH-10000885,"Hon Executive Leather Armchair, Adjustable",8886,1054.02,36,10,0.11861580013504389
FUR-CH-10000891,"Harbour Creations Executive Leather Armchair, Black",11430,772.888,45,8,0.06761924759405075
FUR-CH-10000892,"SAFCO Executive Leather Armchair, Red",8612,-1034.0,32,5,-0.12006502554575012
FUR-CH-10000920,"Novimex Executive Leather Armchair, Adjustable",243,-230.816,2,1,-0.9498600823045268
FUR-CH-10000932,"Harbour Creations Executive Leather Armchair, Red",8185,3387.832,28,5,0.413907391569945
FUR-CH-10000953,"Harbour Creations Swivel Stool, Black",3861,-592.604,40,8,-0.15348458948458948
FUR-CH-10000966,"Harbour Creations Chairmat, Set of Two",1516,28.439999999999998,23,6,0.0187598944591029
FUR-CH-10000969,"Hon Executive Leather Armchair, Red",3078,-597.207,8,4,-0.19402436647173488
FUR-CH-10000974,"Harbour Creations Executive Leather Armchair, Black",9386,1430.2302,24,7,0.15237909652674195
FUR-CH-10000981,"Novimex Swivel Stool, Set of Two",750,-41.805,5,1,-0.05574
FUR-CH-10000988,Hon Olson Stacker Stools,5294,833.5952,44,10,0.15746037023044956
FUR-CH-10000994,"Harbour Creations Rocking Chair, Black",5302,378.099,41,10,0.07131252357600905
FUR-CH-10000994,"Office Star Steel Folding Chair, Red",550,32.94,6,2,0.059890909090909085
FUR-CH-10000996,"Harbour Creations Steel Folding Chair, Black",1322,-127.328,24,6,-0.09631467473524963
FUR-CH-10001021,"Office Star Rocking Chair, Red",282,118.32,3,1,0.41957446808510634
FUR-CH-10001037,"SAFCO Chairmat, Adjustable",804,122.979,14,3,0.1529589552238806
FUR-CH-10001039,"Harbour Creations Rocking Chair, Adjustable",2064,29.603999999999985,20,5,0.014343023255813946
FUR-CH-10001043,"Harbour Creations Bag Chairs, Red",259,-57.366,9,2,-0.2214903474903475
FUR-CH-10001044,"Harbour Creations Steel Folding Chair, Adjustable",1298,-179.732,23,7,-0.13846841294298923
FUR-CH-10001051,"Hon Chairmat, Red",973,-31.185000000000002,21,5,-0.03205035971223022
FUR-CH-10001114,"Hon Chairmat, Set of Two",1095,415.568,32,8,0.3795141552511415
FUR-CH-10001130,"Harbour Creations Swivel Stool, Set of Two",3770,66.68,35,10,0.017687002652519896
FUR-CH-10001138,"Office Star Swivel Stool, Black",2266,646.1270999999999,16,6,0.28513993821712263
FUR-CH-10001146,"Global Task Chair, Black",462,-80.4062,12,5,-0.17403939393939394
FUR-CH-10001146,"Global Value Mid-Back Manager's Chair, Gray",1979,197.8925,39,10,0.09999621020717535
FUR-CH-10001147,"Hon Swivel Stool, Adjustable",4288,-247.9266,30,8,-0.057818703358208955
FUR-CH-10001150,"SAFCO Steel Folding Chair, Red",1140,458.193,15,4,0.4019236842105263
FUR-CH-10001153,"Harbour Creations Bag Chairs, Adjustable",961,303.87,19,5,0.3162018730489074
FUR-CH-10001187,"Novimex Chairmat, Set of Two",352,129.96,6,1,0.36920454545454545
FUR-CH-10001190,Global Deluxe High-Back Office Chair in Storm,1088,-149.589,10,3,-0.13748988970588236
FUR-CH-10001191,"Hon Bag Chairs, Adjustable",57,-15.252,2,1,-0.2675789473684211
FUR-CH-10001191,"Office Star Steel Folding Chair, Red",122,-149.82,5,1,-1.2280327868852459
FUR-CH-10001203,"Novimex Steel Folding Chair, Set of Two",2333,-262.5024,32,8,-0.11251710244320619
FUR-CH-10001204,"Harbour Creations Steel Folding Chair, Red",976,260.1822,12,6,0.2665801229508197
FUR-CH-10001207,"Hon Executive Leather Armchair, Red",7323,293.49659999999994,18,5,0.04007873822204014
FUR-CH-10001215,Global Troy Executive Leather Low-Back Tilter,12976,951.862,32,9,0.07335557953144266
FUR-CH-10001220,"Harbour Creations Chairmat, Set of Two",178,-115.92,4,1,-0.6512359550561798
FUR-CH-10001237,"Hon Swivel Stool, Black",3191,637.956,22,5,0.19992353494202444
FUR-CH-10001262,"Novimex Bag Chairs, Red",620,-70.572,25,8,-0.1138258064516129
FUR-CH-10001262,"Office Star Rocking Chair, Set of Two",1288,257.58,9,2,0.19998447204968942
FUR-CH-10001270,Harbour Creations Steel Folding Chair,2391,336.375,34,8,0.14068381430363863
FUR-CH-10001270,"SAFCO Rocking Chair, Black",2279,662.936,31,5,0.2908889863975428
FUR-CH-10001271,"SAFCO Executive Leather Armchair, Red",5676,1088.769,14,4,0.19181976744186047
FUR-CH-10001278,"SAFCO Chairmat, Black",810,-172.521,18,5,-0.21298888888888887
FUR-CH-10001282,"Hon Bag Chairs, Adjustable",781,-74.804,35,10,-0.0957797695262484
FUR-CH-10001313,"SAFCO Steel Folding Chair, Black",1959,697.08,28,7,0.35583460949464013
FUR-CH-10001317,"Harbour Creations Rocking Chair, Red",88,-20.616,1,1,-0.23427272727272727
FUR-CH-10001322,"Harbour Creations Executive Leather Armchair, Adjustable",7536,852.0029999999999,18,6,0.1130577229299363
FUR-CH-10001332,"Hon Chairmat, Black",595,-52.08,21,3,-0.08752941176470588
FUR-CH-10001332,"Office Star Executive Leather Armchair, Red",6825,-375.984,25,5,-0.055089230769230765
FUR-CH-10001343,"SAFCO Swivel Stool, Set of Two",2540,564.9839999999999,26,6,0.2224346456692913
FUR-CH-10001347,"SAFCO Steel Folding Chair, Black",111,-163.86,5,1,-1.4762162162162162
FUR-CH-10001374,"Novimex Steel Folding Chair, Black",1831,630.42,41,11,0.3443036592026215
FUR-CH-10001382,"Office Star Chairmat, Red",1885,777.2748,33,9,0.4123473740053051
FUR-CH-10001394,Global Leather Executive Chair,5862,701.98,21,7,0.11975093824633232
FUR-CH-10001397,"SAFCO Chairmat, Set of Two",1169,322.04879999999997,21,7,0.2754908468776732
FUR-CH-10001414,"Hon Chairmat, Red",111,27.72,2,1,0.24972972972972973
FUR-CH-10001415,"Office Star Executive Leather Armchair, Red",11765,3015.054,27,7,0.25627318317042075
FUR-CH-10001423,"Harbour Creations Rocking Chair, Black",2353,339.376,29,9,0.1442311942201445
FUR-CH-10001429,"SAFCO Executive Leather Armchair, Adjustable",4965,-213.576,12,4,-0.04301631419939577
FUR-CH-10001455,"Office Star Swivel Stool, Adjustable",4069,352.852,40,11,0.08671712951585156
FUR-CH-10001465,"Hon Swivel Stool, Red",3447,1413.729,23,8,0.4101331592689295
FUR-CH-10001477,"Novimex Chairmat, Black",1999,769.5219000000001,40,9,0.3849534267133567
FUR-CH-10001482,Office Star - Mesh Screen back chair with Vinyl seat,2200,-130.98000000000002,20,7,-0.059536363636363644
FUR-CH-10001490,"Novimex Executive Leather Armchair, Red",6319,1598.32,27,6,0.2529387561322994
FUR-CH-10001492,"Novimex Executive Leather Armchair, Adjustable",3069,969.84,12,5,0.3160117302052786
FUR-CH-10001536,"Harbour Creations Chairmat, Red",144,67.68,2,1,0.47000000000000003
FUR-CH-10001536,"Harbour Creations Swivel Stool, Red",144,-111.684,3,1,-0.7755833333333333
FUR-CH-10001545,Hon Comfortask Task/Swivel Chairs,1687,-36.473600000000005,18,6,-0.021620391227030234
FUR-CH-10001553,"Hon Bag Chairs, Adjustable",876,133.17600000000002,20,3,0.15202739726027398
FUR-CH-10001559,"SAFCO Executive Leather Armchair, Black",1836,238.68,4,1,0.13
FUR-CH-10001582,"Office Star Executive Leather Armchair, Black",6498,-3066.783,22,5,-0.4719579870729455
FUR-CH-10001588,"Hon Executive Leather Armchair, Red",3430,600.152,14,2,0.17497142857142858
FUR-CH-10001607,"Novimex Swivel Stool, Set of Two",1268,356.736,13,5,0.28133753943217665
FUR-CH-10001616,"Harbour Creations Bag Chairs, Red",672,73.712,20,7,0.1096904761904762
FUR-CH-10001634,"Novimex Rocking Chair, Adjustable",3073,-143.168,40,9,-0.046589000976244715
FUR-CH-10001647,"Novimex Swivel Stool, Black",2721,-291.716,31,11,-0.10720911429621463
FUR-CH-10001658,"SAFCO Chairmat, Adjustable",1653,-202.268,47,13,-0.12236418632788869
FUR-CH-10001663,"SAFCO Chairmat, Set of Two",149,33.498,3,1,0.22481879194630872
FUR-CH-10001664,"Novimex Swivel Stool, Black",9365,1404.3843,63,14,0.14996095034703683
FUR-CH-10001674,"Office Star Chairmat, Adjustable",1891,642.087,30,8,0.33954891591750397
FUR-CH-10001675,"Office Star Steel Folding Chair, Adjustable",1808,50.24000000000001,35,8,0.027787610619469032
FUR-CH-10001684,"Office Star Rocking Chair, Adjustable",3925,-432.192,31,6,-0.11011261146496816
FUR-CH-10001695,"Harbour Creations Chairmat, Set of Two",1679,-158.715,25,7,-0.09452948183442525
FUR-CH-10001701,"Hon Chairmat, Set of Two",15,-5.792,1,1,-0.38613333333333333
FUR-CH-10001708,Office Star - Contemporary Swivel Chair with Padded Adjustable Arms and Flex Back,3990,425.7596,32,7,0.10670666666666666
FUR-CH-10001714,"Global Leather & Oak Executive Chair, Burgundy",1689,-114.6764,13,5,-0.06789603315571344
FUR-CH-10001726,"Office Star Steel Folding Chair, Adjustable",2760,996.4200000000001,36,6,0.3610217391304348
FUR-CH-10001752,"Harbour Creations Steel Folding Chair, Black",1768,33.2592,23,6,0.018811764705882354
FUR-CH-10001756,"Novimex Bag Chairs, Adjustable",2274,755.0775,55,11,0.3320481530343008
FUR-CH-10001784,"SAFCO Bag Chairs, Adjustable",363,-62.489999999999995,10,2,-0.1721487603305785
FUR-CH-10001784,"SAFCO Steel Folding Chair, Set of Two",2358,958.7280000000001,45,7,0.40658524173027993
FUR-CH-10001795,"SAFCO Steel Folding Chair, Red",1496,327.748,31,8,0.21908288770053475
FUR-CH-10001797,"Harbour Creations Bag Chairs, Adjustable",1188,352.5672,21,8,0.2967737373737374
FUR-CH-10001797,"Safco Chair Connectors, 6/Carton",881,170.8512,26,4,0.19392871736662884
FUR-CH-10001802,Hon Every-Day Chair Series Swivel Task Chairs,968,12.098,10,3,0.012497933884297522
FUR-CH-10001802,"Novimex Rocking Chair, Black",2399,-552.12,26,5,-0.23014589412255107
FUR-CH-10001805,"Office Star Chairmat, Set of Two",272,100.68,4,1,0.37014705882352944
FUR-CH-10001810,"Harbour Creations Chairmat, Red",778,-97.92,19,4,-0.12586118251928022
FUR-CH-10001819,"Office Star Chairmat, Set of Two",1915,729.736,45,12,0.3810631853785901
FUR-CH-10001831,"Novimex Rocking Chair, Set of Two",1964,-57.56399999999999,17,5,-0.029309572301425658
FUR-CH-10001832,"Novimex Rocking Chair, Red",3063,-444.65099999999995,29,7,-0.1451684622918707
FUR-CH-10001854,Office Star - Professional Matrix Back Chair with 2-to-1 Synchro Tilt and Mesh Fabric Seat,8775,1305.6456,28,8,0.14879152136752138
FUR-CH-10001871,"Harbour Creations Steel Folding Chair, Set of Two",3167,-315.7518,37,7,-0.09970059993684875
FUR-CH-10001891,Global Deluxe Office Fabric Chairs,1420,229.3922,17,6,0.16154380281690142
FUR-CH-10001895,"Hon Chairmat, Adjustable",766,359.724,14,6,0.4696135770234987
FUR-CH-10001897,"Hon Executive Leather Armchair, Adjustable",5883,-409.584,25,7,-0.06962162162162162
FUR-CH-10001913,"Office Star Swivel Stool, Adjustable",4781,-438.08700000000005,34,8,-0.09163083037021545
FUR-CH-10001914,"Harbour Creations Bag Chairs, Black",940,86.488,27,7,0.09200851063829787
FUR-CH-10001919,"Harbour Creations Steel Folding Chair, Red",196,76.32,2,1,0.38938775510204077
FUR-CH-10001944,"Harbour Creations Rocking Chair, Red",608,-121.628,8,3,-0.20004605263157896
FUR-CH-10001972,"Hon Chairmat, Adjustable",627,0.8160000000000025,21,4,0.0013014354066985686
FUR-CH-10001973,Office Star Flex Back Scooter Chair with White Frame,1775,-228.61880000000002,21,7,-0.12879932394366198
FUR-CH-10001975,"Hon Swivel Stool, Red",1200,-128.78000000000003,14,4,-0.10731666666666669
FUR-CH-10002002,"Hon Rocking Chair, Black",2205,376.36800000000005,23,6,0.17068843537414968
FUR-CH-10002010,"Office Star Bag Chairs, Adjustable",996,312.396,30,8,0.31365060240963855
FUR-CH-10002017,SAFCO Optional Arm Kit for Workspace Cribbage Stacking Chair,246,14.9184,12,5,0.06064390243902439
FUR-CH-10002024,HON 5400 Series Task Chairs for Big and Tall,21870,5.684341886080802e-14,39,8,2.5991503822957483e-18
FUR-CH-10002030,"Office Star Swivel Stool, Red",1513,-304.692,11,5,-0.20138268341044283
FUR-CH-10002033,"Harbour Creations Executive Leather Armchair, Adjustable",5524,1180.5,19,5,0.2137038377986966
FUR-CH-10002044,"Office Star - Contemporary Task Swivel chair with 2-way adjustable arms, Plum",694,-158.48579999999998,7,2,-0.22836570605187317
FUR-CH-10002045,"SAFCO Bag Chairs, Red",356,47.327999999999996,8,3,0.1329438202247191
FUR-CH-10002053,"Novimex Chairmat, Set of Two",557,64.30499999999999,10,2,0.1154488330341113
FUR-CH-10002060,"SAFCO Rocking Chair, Adjustable",2666,384.36,20,4,0.14417104276069018
FUR-CH-10002061,"Harbour Creations Executive Leather Armchair, Red",9385,-19.72079999999997,26,8,-0.002101310602024504
FUR-CH-10002073,Hon Olson Stacker Chairs,5428,1292.1264,22,4,0.23804834193072957
FUR-CH-10002084,Hon Mobius Operator's Chair,2706,499.3394,23,5,0.18453045084996306
FUR-CH-10002085,"Novimex Steel Folding Chair, Red",1726,460.8,27,10,0.26697566628041713
FUR-CH-10002088,"Novimex Steel Folding Chair, Set of Two",1272,116.69200000000001,27,7,0.09173899371069183
FUR-CH-10002090,"Hon Swivel Stool, Adjustable",1280,122.71799999999999,8,3,0.09587343749999999
FUR-CH-10002091,"Harbour Creations Swivel Stool, Set of Two",4632,1381.668,27,9,0.2982875647668394
FUR-CH-10002093,"Harbour Creations Rocking Chair, Adjustable",2173,705.576,23,6,0.3247013345605154
FUR-CH-10002116,"SAFCO Rocking Chair, Black",569,-19.986,5,3,-0.035124780316344466
FUR-CH-10002117,"Hon Steel Folding Chair, Red",2428,610.3044,36,7,0.2513609555189456
FUR-CH-10002126,Hon Deluxe Fabric Upholstered Stacking Chairs,2586,-48.796,15,4,-0.018869296210363495
FUR-CH-10002132,"Hon Rocking Chair, Black",3144,1322.8880000000001,41,13,0.4207659033078881
FUR-CH-10002152,"Hon Bag Chairs, Set of Two",166,-167.94,8,2,-1.0116867469879518
FUR-CH-10002188,"SAFCO Steel Folding Chair, Set of Two",721,261.12239999999997,9,3,0.3621669902912621
FUR-CH-10002203,"SAFCO Executive Leather Armchair, Black",12301,5003.1,30,5,0.4067230306479148
FUR-CH-10002207,"Hon Chairmat, Set of Two",1409,567.0563999999999,26,6,0.4024530872959545
FUR-CH-10002209,"Novimex Chairmat, Red",1247,233.18099999999998,25,7,0.1869935846030473
FUR-CH-10002212,"Hon Chairmat, Black",1375,-52.709999999999994,28,4,-0.03833454545454545
FUR-CH-10002212,"Novimex Swivel Stool, Adjustable",1068,-313.91999999999996,9,4,-0.2939325842696629
FUR-CH-10002213,"Hon Executive Leather Armchair, Black",16702,-1811.3544,45,12,-0.1084513471440546
FUR-CH-10002224,"Hon Rocking Chair, Set of Two",3768,-186.1668,31,9,-0.04940732484076433
FUR-CH-10002226,"Hon Steel Folding Chair, Black",84,-75.904,4,1,-0.9036190476190475
FUR-CH-10002228,"Harbour Creations Steel Folding Chair, Set of Two",240,-136.224,4,1,-0.5676
FUR-CH-10002247,"Hon Executive Leather Armchair, Adjustable",17122,1855.6875,41,11,0.10838030019857493
FUR-CH-10002250,"Office Star Executive Leather Armchair, Black",15289,6123.2553,37,10,0.4005007063902152
FUR-CH-10002273,"Harbour Creations Rocking Chair, Black",521,-199.764,6,1,-0.38342418426103647
FUR-CH-10002275,"Novimex Executive Leather Armchair, Adjustable",1473,-1694.592,8,1,-1.1504358452138495
FUR-CH-10002288,"SAFCO Bag Chairs, Red",731,-50.118,17,5,-0.0685608755129959
FUR-CH-10002291,"Hon Bag Chairs, Set of Two",1435,178.0,56,11,0.1240418118466899
FUR-CH-10002297,"Novimex Bag Chairs, Set of Two",744,18.168000000000006,26,7,0.024419354838709686
FUR-CH-10002304,"Global Stack Chair without Arms, Black",902,44.166,44,7,0.04896452328159645
FUR-CH-10002316,"Harbour Creations Bag Chairs, Red",641,182.20800000000003,12,3,0.2842558502340094
FUR-CH-10002317,Global Enterprise Series Seating Low-Back Swivel/Tilt Chairs,207,25.898,1,1,0.12511111111111112
FUR-CH-10002320,Hon Pagoda Stacking Chairs,6484,1540.704,22,4,0.23761628624305983
FUR-CH-10002331,Hon 4700 Series Mobuis Mid-Back Task Chairs with Adjustable Arms,7583,832.9932,24,6,0.10985008571805355
FUR-CH-10002335,"Hon Bag Chairs, Set of Two",284,68.22,6,1,0.2402112676056338
FUR-CH-10002335,Hon GuestStacker Chair,6936,1233.0848,34,9,0.17778039215686275
FUR-CH-10002335,"Hon Steel Folding Chair, Red",863,301.842,13,4,0.3497589803012746
FUR-CH-10002344,"Novimex Rocking Chair, Adjustable",1635,606.564,13,4,0.37098715596330273
FUR-CH-10002362,"Hon Bag Chairs, Red",54,2.7,2,1,0.05
FUR-CH-10002372,Office Star - Ergonomically Designed Knee Chair,1312,-42.1096,19,7,-0.032095731707317075
FUR-CH-10002373,"Office Star Rocking Chair, Set of Two",858,34.2,6,2,0.039860139860139865
FUR-CH-10002374,"SAFCO Bag Chairs, Black",607,-46.724000000000004,24,7,-0.07697528830313015
FUR-CH-10002378,"Harbour Creations Swivel Stool, Black",1564,15.762,13,5,0.010078005115089514
FUR-CH-10002410,"Office Star Rocking Chair, Red",789,-214.344,8,4,-0.2716653992395437
FUR-CH-10002412,"Hon Bag Chairs, Black",1401,-246.7752,39,10,-0.1761421841541756
FUR-CH-10002417,"Hon Rocking Chair, Red",470,-7.848,6,1,-0.01669787234042553
FUR-CH-10002435,"Novimex Executive Leather Armchair, Black",550,-338.94,2,1,-0.6162545454545455
FUR-CH-10002438,"SAFCO Executive Leather Armchair, Red",369,-535.296,3,1,-1.4506666666666668
FUR-CH-10002439,"Iceberg Nesting Folding Chair, 19w x 6d x 43h",1589,253.8392,31,6,0.15974776589049716
FUR-CH-10002468,"Hon Rocking Chair, Adjustable",2835,569.283,23,7,0.20080529100529101
FUR-CH-10002477,"Harbour Creations Executive Leather Armchair, Red",3854,1241.946,9,4,0.322248572911261
FUR-CH-10002481,"Hon Executive Leather Armchair, Adjustable",368,-284.976,3,1,-0.7743913043478261
FUR-CH-10002498,"Harbour Creations Steel Folding Chair, Red",1183,41.108999999999995,16,6,0.03474978867286559
FUR-CH-10002510,"Office Star Steel Folding Chair, Adjustable",2331,804.108,30,5,0.34496267696267696
FUR-CH-10002542,"Office Star Steel Folding Chair, Set of Two",539,-0.09599999999999564,10,3,-0.00017810760667902716
FUR-CH-10002543,"SAFCO Steel Folding Chair, Set of Two",563,-139.296,14,2,-0.24741740674955592
FUR-CH-10002547,"Office Star Steel Folding Chair, Red",2105,-128.004,41,11,-0.060809501187648454
FUR-CH-10002555,"Novimex Rocking Chair, Black",2873,602.0,40,9,0.20953706926557605
FUR-CH-10002573,"Office Star Executive Leather Armchair, Adjustable",14416,1292.7,34,12,0.0896711986681465
FUR-CH-10002574,"Office Star Chairmat, Black",298,-21.686999999999998,7,2,-0.07277516778523489
FUR-CH-10002585,"Harbour Creations Executive Leather Armchair, Black",5540,1505.997,12,4,0.27184061371841156
FUR-CH-10002589,"SAFCO Steel Folding Chair, Red",1199,239.82,14,3,0.20001668056713928
FUR-CH-10002602,DMI Arturo Collection Mission-style Design Wood Chair,4621,486.15560000000005,37,11,0.10520571304912357
FUR-CH-10002610,"Novimex Swivel Stool, Black",4698,-330.57,32,10,-0.0703639846743295
FUR-CH-10002626,"Hon Steel Folding Chair, Adjustable",2202,914.1419999999999,30,10,0.415141689373297
FUR-CH-10002631,"Office Star Bag Chairs, Black",1458,107.05499999999999,28,8,0.07342592592592592
FUR-CH-10002647,"Novimex Rocking Chair, Red",2063,231.02100000000002,17,5,0.11198303441589919
FUR-CH-10002647,"Situations Contoured Folding Chairs, 4/Set",3641,234.234,64,15,0.06433232628398791
FUR-CH-10002653,"Office Star Rocking Chair, Adjustable",4186,133.84000000000003,53,13,0.0319732441471572
FUR-CH-10002693,"Harbour Creations Swivel Stool, Set of Two",49,-57.148,1,1,-1.1662857142857144
FUR-CH-10002727,"SAFCO Bag Chairs, Set of Two",641,219.036,24,7,0.34170982839313574
FUR-CH-10002743,"Novimex Chairmat, Adjustable",411,-58.83,8,2,-0.14313868613138686
FUR-CH-10002749,"SAFCO Chairmat, Black",1117,68.1555,22,7,0.06101656222023277
FUR-CH-10002752,"Harbour Creations Bag Chairs, Set of Two",364,-26.90100000000001,9,3,-0.07390384615384618
FUR-CH-10002758,"Hon Deluxe Fabric Upholstered Stacking Chairs, Squared Back",1269,73.194,7,2,0.05767848699763593
FUR-CH-10002768,"Office Star Swivel Stool, Black",1211,-77.756,12,6,-0.06420809248554914
FUR-CH-10002774,"Global Deluxe Stacking Chair, Gray",764,76.9798,19,7,0.10075890052356021
FUR-CH-10002780,Office Star - Task Chair with Contemporary Loop Arms,601,47.3096,8,2,0.0787181364392679
FUR-CH-10002780,"Office Star Executive Leather Armchair, Black",6233,-1256.32,27,5,-0.20155944168137332
FUR-CH-10002782,"Office Star Executive Leather Armchair, Adjustable",5781,-75.20400000000001,14,5,-0.01300882200311365
FUR-CH-10002793,"Office Star Bag Chairs, Adjustable",256,14.952000000000002,6,3,0.05840625000000001
FUR-CH-10002816,"Harbour Creations Swivel Stool, Adjustable",548,153.36,3,1,0.27985401459854015
FUR-CH-10002817,"Harbour Creations Chairmat, Set of Two",59,-44.58,3,1,-0.755593220338983
FUR-CH-10002819,"SAFCO Chairmat, Red",1000,-183.00599999999997,25,6,-0.18300599999999997
FUR-CH-10002830,"Office Star Rocking Chair, Red",3100,1104.18,24,7,0.3561870967741936
FUR-CH-10002846,"Hon Steel Folding Chair, Black",1211,130.1,27,8,0.1074318744838976
FUR-CH-10002872,"SAFCO Executive Leather Armchair, Adjustable",8547,-515.2536,21,9,-0.060284731484731485
FUR-CH-10002880,"Global High-Back Leather Tilter, Burgundy",5436,-474.7414,54,14,-0.08733285504047093
FUR-CH-10002882,"Harbour Creations Bag Chairs, Adjustable",1206,297.348,36,8,0.24655721393034827
FUR-CH-10002890,"Office Star Chairmat, Adjustable",1399,91.63260000000001,21,6,0.0654986418870622
FUR-CH-10002891,"Hon Executive Leather Armchair, Adjustable",8413,-86.56500000000001,21,4,-0.010289433020325688
FUR-CH-10002923,"SAFCO Rocking Chair, Set of Two",274,63.06,2,1,0.23014598540145986
FUR-CH-10002924,"Novimex Steel Folding Chair, Set of Two",68,-60.876,3,1,-0.895235294117647
FUR-CH-10002927,"Office Star Swivel Stool, Black",652,-140.80200000000002,7,2,-0.2159539877300614
FUR-CH-10002932,"Harbour Creations Rocking Chair, Adjustable",2237,-187.29899999999998,18,8,-0.08372776039338399
FUR-CH-10002938,"Novimex Chairmat, Red",34,-6.786,1,1,-0.19958823529411762
FUR-CH-10002940,"Harbour Creations Chairmat, Black",2144,-23.052600000000005,35,9,-0.010752145522388063
FUR-CH-10002944,"Office Star Steel Folding Chair, Black",2654,-32.678399999999996,32,8,-0.0123128862094951
FUR-CH-10002961,"Leather Task Chair, Black",1438,54.588,19,6,0.03796105702364395
FUR-CH-10002965,"Global Leather Highback Executive Chair with Pneumatic Height Adjustment, Black",5989,267.3034,39,10,0.04463239271998665
FUR-CH-10002966,"Harbour Creations Swivel Stool, Red",5300,-639.5484,34,11,-0.12066950943396226
FUR-CH-10002970,"Harbour Creations Chairmat, Black",2240,-179.406,44,7,-0.08009196428571429
FUR-CH-10002974,"SAFCO Rocking Chair, Red",1498,-40.778999999999996,12,4,-0.02722229639519359
FUR-CH-10002980,"Hon Executive Leather Armchair, Red",3492,-413.736,10,2,-0.11848109965635739
FUR-CH-10002989,"SAFCO Bag Chairs, Adjustable",353,-83.376,10,3,-0.23619263456090653
FUR-CH-10002991,"Novimex Steel Folding Chair, Adjustable",1517,131.958,19,5,0.08698615688859591
FUR-CH-10003009,"Novimex Swivel Stool, Adjustable",6022,1387.077,37,11,0.2303349385586184
FUR-CH-10003026,"Novimex Bag Chairs, Adjustable",412,48.225,10,4,0.11705097087378641
FUR-CH-10003033,"Novimex Rocking Chair, Adjustable",1380,-173.304,19,3,-0.1255826086956522
FUR-CH-10003054,"Novimex Executive Leather Armchair, Adjustable",2460,81.828,6,2,0.033263414634146345
FUR-CH-10003061,"Global Leather Task Chair, Black",1449,63.892900000000004,19,8,0.044094478951000694
FUR-CH-10003062,"Novimex Chairmat, Red",551,-79.06800000000001,16,4,-0.1434990925589837
FUR-CH-10003077,"SAFCO Bag Chairs, Adjustable",948,221.288,35,9,0.23342616033755276
FUR-CH-10003097,"Hon Rocking Chair, Black",3126,263.3841,29,6,0.08425595009596928
FUR-CH-10003107,"Office Star Swivel Stool, Red",3085,496.036,31,10,0.16078962722852513
FUR-CH-10003109,"Office Star Rocking Chair, Set of Two",3417,329.752,42,12,0.0965033655253146
FUR-CH-10003114,"Harbour Creations Swivel Stool, Red",2556,-18.27600000000001,22,7,-0.007150234741784041
FUR-CH-10003123,"Hon Chairmat, Black",805,99.396,16,5,0.12347329192546584
FUR-CH-10003143,"Harbour Creations Bag Chairs, Black",118,57.96,2,1,0.49118644067796613
FUR-CH-10003155,"Harbour Creations Bag Chairs, Red",49,-40.704,3,1,-0.8306938775510204
FUR-CH-10003168,"Office Star Swivel Stool, Set of Two",317,70.422,2,1,0.22215141955835963
FUR-CH-10003180,"Novimex Steel Folding Chair, Adjustable",45,-66.656,2,1,-1.4812444444444446
FUR-CH-10003195,"Hon Rocking Chair, Red",1513,-104.80799999999999,20,7,-0.06927164573694645
FUR-CH-10003199,Office Star - Contemporary Task Swivel Chair,1842,155.372,20,6,0.08434961997828448
FUR-CH-10003232,"Harbour Creations Executive Leather Armchair, Adjustable",11426,2133.645,29,6,0.18673595308944513
FUR-CH-10003248,"SAFCO Bag Chairs, Black",757,-218.88899999999998,25,6,-0.28915323645970936
FUR-CH-10003249,"Novimex Chairmat, Adjustable",900,316.419,16,3,0.35157666666666665
FUR-CH-10003249,"Office Star Steel Folding Chair, Black",3615,-937.44,51,9,-0.2593195020746888
FUR-CH-10003282,"SAFCO Bag Chairs, Black",535,137.5638,13,3,0.2571285981308411
FUR-CH-10003298,"Office Star - Contemporary Task Swivel chair with Loop Arms, Charcoal",3680,-491.175,35,9,-0.13347146739130436
FUR-CH-10003312,Hon 2090 “Pillow Soft” Series Mid Back Swivel/Tilt Chairs,5283,-989.0496,24,6,-0.1872136286201022
FUR-CH-10003312,"SAFCO Swivel Stool, Adjustable",341,122.7,2,1,0.35982404692082115
FUR-CH-10003336,"SAFCO Chairmat, Adjustable",1219,-37.6164,24,8,-0.030858408531583264
FUR-CH-10003341,"Office Star Chairmat, Red",132,64.5,2,1,0.48863636363636365
FUR-CH-10003353,"Hon Executive Leather Armchair, Black",976,-658.368,8,2,-0.6745573770491804
FUR-CH-10003354,"Harbour Creations Swivel Stool, Red",6339,1309.884,59,17,0.2066389020350213
FUR-CH-10003354,"Novimex Bag Chairs, Black",1845,-181.8039,47,11,-0.09853869918699187
FUR-CH-10003355,"Harbour Creations Chairmat, Adjustable",1146,315.54600000000005,18,5,0.27534554973821995
FUR-CH-10003362,"Office Star Swivel Stool, Adjustable",1906,-158.826,13,4,-0.08332948583420777
FUR-CH-10003365,"Office Star Executive Leather Armchair, Adjustable",9255,2669.1000000000004,24,7,0.2883954619124798
FUR-CH-10003379,Global Commerce Series High-Back Swivel/Tilt Chairs,7979,926.1850000000001,33,9,0.11607782930191754
FUR-CH-10003392,"Novimex Steel Folding Chair, Red",1885,-142.532,37,12,-0.07561379310344828
FUR-CH-10003396,Global Deluxe Steno Chair,1773,-216.31380000000001,29,10,-0.12200439932318105
FUR-CH-10003419,"Hon Steel Folding Chair, Black",1007,-283.9275,19,6,-0.28195382323733864
FUR-CH-10003423,"Novimex Rocking Chair, Set of Two",1515,374.24,20,7,0.24702310231023103
FUR-CH-10003440,"Harbour Creations Steel Folding Chair, Set of Two",630,175.182,7,3,0.27806666666666663
FUR-CH-10003448,"Harbour Creations Bag Chairs, Set of Two",553,104.74000000000001,17,5,0.18940325497287525
FUR-CH-10003485,"Hon Swivel Stool, Set of Two",1946,8.799999999999992,24,6,0.00452209660842754
FUR-CH-10003499,"SAFCO Swivel Stool, Red",890,302.292,7,2,0.3396539325842696
FUR-CH-10003508,"Novimex Swivel Stool, Set of Two",333,16.62,2,1,0.049909909909909914
FUR-CH-10003512,"Novimex Bag Chairs, Set of Two",930,251.943,21,6,0.2709064516129032
FUR-CH-10003514,"Harbour Creations Rocking Chair, Set of Two",2965,248.788,35,10,0.08390826306913997
FUR-CH-10003535,"Global Armless Task Chair, Royal Blue",1396,-20.733200000000004,28,8,-0.014851862464183383
FUR-CH-10003540,"Office Star Bag Chairs, Set of Two",1298,-291.465,29,6,-0.2245493066255778
FUR-CH-10003551,"Hon Swivel Stool, Black",6850,2739.9756,49,9,0.39999643795620443
FUR-CH-10003558,"Hon Swivel Stool, Black",580,77.292,6,1,0.13326206896551723
FUR-CH-10003559,"Office Star Chairmat, Black",550,232.28,15,6,0.4223272727272727
FUR-CH-10003580,"Harbour Creations Bag Chairs, Black",1790,793.5675,33,10,0.44333379888268154
FUR-CH-10003581,"Hon Executive Leather Armchair, Adjustable",8986,2582.4096,22,8,0.28738143779212105
FUR-CH-10003597,"SAFCO Executive Leather Armchair, Set of Two",5824,1928.7408,14,4,0.33117115384615387
FUR-CH-10003606,SAFCO Folding Chair Trolley,706,151.3232,6,3,0.2143388101983003
FUR-CH-10003608,"SAFCO Chairmat, Set of Two",347,24.791999999999998,8,2,0.07144668587896252
FUR-CH-10003616,"Novimex Executive Leather Armchair, Adjustable",4789,1376.466,13,3,0.28742242639381915
FUR-CH-10003618,"SAFCO Rocking Chair, Red",162,-29.688,2,1,-0.18325925925925926
FUR-CH-10003621,"Harbour Creations Chairmat, Adjustable",428,-70.044,13,3,-0.16365420560747662
FUR-CH-10003623,"SAFCO Steel Folding Chair, Black",512,-39.016,10,3,-0.076203125
FUR-CH-10003692,"SAFCO Swivel Stool, Set of Two",5140,141.22799999999998,33,8,0.027476264591439686
FUR-CH-10003696,"Novimex Bag Chairs, Black",58,-23.26,5,1,-0.4010344827586207
FUR-CH-10003697,"Novimex Chairmat, Adjustable",1616,-269.816,54,12,-0.16696534653465345
FUR-CH-10003702,"Office Star Rocking Chair, Adjustable",688,-436.08,8,1,-0.6338372093023256
FUR-CH-10003706,"Harbour Creations Chairmat, Black",2857,200.508,69,11,0.07018130906545328
FUR-CH-10003733,"Hon Steel Folding Chair, Set of Two",2096,74.608,49,9,0.035595419847328245
FUR-CH-10003746,Hon 4070 Series Pagoda Round Back Stacking Chairs,5906,1052.8144,21,7,0.17826183542160515
FUR-CH-10003746,"Novimex Executive Leather Armchair, Black",3709,906.5250000000001,9,2,0.24441224049609062
FUR-CH-10003750,"Harbour Creations Rocking Chair, Red",662,-36.795,5,1,-0.05558157099697886
FUR-CH-10003760,"Office Star Bag Chairs, Set of Two",1323,480.0879,27,6,0.362878231292517
FUR-CH-10003761,Global Italian Leather Office Chair,969,204.3288,8,2,0.21086563467492261
FUR-CH-10003771,"Harbour Creations Steel Folding Chair, Black",382,80.16,4,1,0.20984293193717277
FUR-CH-10003772,"Office Star Chairmat, Red",711,197.226,13,3,0.27739240506329116
FUR-CH-10003774,"Global Wood Trimmed Manager's Task Chair, Khaki",4166,-503.1194,59,14,-0.12076797887662026
FUR-CH-10003794,"SAFCO Bag Chairs, Set of Two",264,17.499,7,3,0.0662840909090909
FUR-CH-10003808,"Harbour Creations Steel Folding Chair, Adjustable",151,-48.24,3,1,-0.3194701986754967
FUR-CH-10003817,"Global Value Steno Chair, Gray",2205,245.99699999999999,43,10,0.11156326530612244
FUR-CH-10003822,"SAFCO Steel Folding Chair, Adjustable",2665,1075.224,34,8,0.40346116322701686
FUR-CH-10003833,Novimex Fabric Task Chair,1890,-131.107,39,9,-0.06936878306878307
FUR-CH-10003836,"Harbour Creations Rocking Chair, Red",3286,128.7606,29,8,0.039184601339014004
FUR-CH-10003841,"Harbour Creations Swivel Stool, Black",2008,714.297,14,3,0.35572559760956174
FUR-CH-10003842,"Harbour Creations Chairmat, Red",986,133.2,15,4,0.13509127789046652
FUR-CH-10003844,"Office Star Rocking Chair, Black",1478,196.52,19,7,0.13296346414073074
FUR-CH-10003846,Hon Valutask Swivel Chairs,1243,139.35240000000002,13,4,0.11210973451327436
FUR-CH-10003846,"Office Star Swivel Stool, Set of Two",6026,-669.522,38,9,-0.11110554264852307
FUR-CH-10003848,"Office Star Rocking Chair, Adjustable",2036,200.28,20,5,0.09836935166994105
FUR-CH-10003853,"Harbour Creations Steel Folding Chair, Red",1071,-169.736,20,6,-0.15848366013071893
FUR-CH-10003861,"Novimex Rocking Chair, Set of Two",3204,1032.7896,29,8,0.32234382022471914
FUR-CH-10003874,"Hon Chairmat, Red",133,-126.648,9,1,-0.9522406015037593
FUR-CH-10003875,"Office Star Swivel Stool, Set of Two",705,0.0,4,1,0.0
FUR-CH-10003883,"Office Star Swivel Stool, Set of Two",2020,56.092,19,6,0.027768316831683168
FUR-CH-10003894,"Harbour Creations Steel Folding Chair, Adjustable",803,345.12,8,1,0.4297882938978829
FUR-CH-10003910,"Harbour Creations Chairmat, Adjustable",1648,605.9586,25,6,0.36769332524271847
FUR-CH-10003941,"Novimex Executive Leather Armchair, Adjustable",11174,1226.464,42,11,0.10976051548236979
FUR-CH-10003948,"Harbour Creations Swivel Stool, Set of Two",1678,473.904,10,2,0.28242193087008344
FUR-CH-10003950,"Novimex Executive Leather Armchair, Black",15455,-981.0675,37,10,-0.06347897120672921
FUR-CH-10003956,Novimex High-Tech Fabric Mesh Task Chair,923,-133.4424,16,4,-0.14457464788732394
FUR-CH-10003965,"Hon Rocking Chair, Red",3808,1018.7729999999999,35,6,0.2675349264705882
FUR-CH-10003968,Novimex Turbo Task Chair,1341,-32.6508,22,6,-0.024348098434004473
FUR-CH-10003973,GuestStacker Chair with Chrome Finish Legs,9070,773.2607999999999,31,8,0.08525477398015434
FUR-CH-10003981,Global Commerce Series Low-Back Swivel/Tilt Chairs,4420,41.1168,24,7,0.009302443438914027
FUR-CH-10003982,"Harbour Creations Swivel Stool, Adjustable",2921,591.3,33,8,0.20243067442656623
FUR-CH-10004007,"SAFCO Steel Folding Chair, Set of Two",458,151.212,6,2,0.33015720524017467
FUR-CH-10004009,"SAFCO Rocking Chair, Set of Two",3841,777.21,29,7,0.20234574329601668
FUR-CH-10004010,"SAFCO Bag Chairs, Red",864,98.532,29,11,0.11404166666666667
FUR-CH-10004011,"SAFCO Executive Leather Armchair, Black",3977,746.64,16,5,0.1877395021372894
FUR-CH-10004026,"SAFCO Rocking Chair, Adjustable",330,-126.48,4,1,-0.38327272727272726
FUR-CH-10004040,"Office Star Steel Folding Chair, Set of Two",508,146.484,6,2,0.28835433070866145
FUR-CH-10004047,"SAFCO Rocking Chair, Adjustable",1923,516.24,16,4,0.26845553822152884
FUR-CH-10004049,"SAFCO Bag Chairs, Set of Two",758,222.2892,17,6,0.2932575197889182
FUR-CH-10004050,"Novimex Executive Leather Armchair, Adjustable",2733,847.26,6,2,0.31001097694840835
FUR-CH-10004054,"Hon Rocking Chair, Set of Two",3437,-195.096,50,9,-0.05676345650276404
FUR-CH-10004062,"Office Star Rocking Chair, Adjustable",420,-420.64000000000004,11,2,-1.0015238095238097
FUR-CH-10004063,Global Deluxe High-Back Manager's Chair,8667,1558.591,35,8,0.17983050651898003
FUR-CH-10004065,"SAFCO Bag Chairs, Adjustable",1093,89.1765,23,4,0.08158874656907594
FUR-CH-10004082,"Office Star Chairmat, Black",2649,903.6981,43,7,0.341146885617214
FUR-CH-10004086,Hon 4070 Series Pagoda Armless Upholstered Stacking Chairs,8431,1388.6348,34,8,0.1647058237457004
FUR-CH-10004089,"Harbour Creations Bag Chairs, Set of Two",1058,241.2072,18,6,0.22798412098298676
FUR-CH-10004095,"Novimex Steel Folding Chair, Black",2505,-210.11999999999998,41,7,-0.08388023952095808
FUR-CH-10004095,"SAFCO Executive Leather Armchair, Adjustable",6621,1824.5919999999999,25,9,0.2755764990182752
FUR-CH-10004101,"SAFCO Swivel Stool, Adjustable",1943,790.452,13,5,0.40682038085434896
FUR-CH-10004151,"Harbour Creations Steel Folding Chair, Red",209,-287.168,8,2,-1.3740095693779906
FUR-CH-10004163,"Novimex Steel Folding Chair, Adjustable",1168,219.93599999999998,14,5,0.18830136986301368
FUR-CH-10004194,"Harbour Creations Steel Folding Chair, Set of Two",1521,601.7280000000001,26,7,0.39561341222879687
FUR-CH-10004194,"Novimex Bag Chairs, Red",584,39.372,16,4,0.06741780821917809
FUR-CH-10004196,"Novimex Swivel Stool, Red",6331,1150.59,42,9,0.18173906175959562
FUR-CH-10004199,"SAFCO Executive Leather Armchair, Adjustable",1114,-612.432,4,2,-0.5497594254937164
FUR-CH-10004218,"Global Fabric Manager's Chair, Dark Gray",3151,499.851,35,9,0.15863249761980325
FUR-CH-10004219,"Office Star Bag Chairs, Red",644,60.983999999999995,21,6,0.09469565217391304
FUR-CH-10004242,"Office Star Steel Folding Chair, Black",1240,466.17600000000004,24,8,0.37594838709677425
FUR-CH-10004255,"SAFCO Executive Leather Armchair, Red",7337,-429.543,17,5,-0.05854477306801145
FUR-CH-10004277,"SAFCO Swivel Stool, Black",1435,-441.36,17,6,-0.3075679442508711
FUR-CH-10004287,SAFCO Arco Folding Chair,11575,1179.374,53,13,0.10188976241900648
FUR-CH-10004289,Global Super Steno Chair,2390,-6.217248937900877e-15,30,7,-2.6013593882430447e-18
FUR-CH-10004306,"SAFCO Bag Chairs, Red",824,-23.606400000000004,22,6,-0.028648543689320394
FUR-CH-10004309,"SAFCO Steel Folding Chair, Adjustable",397,-4.5,5,1,-0.011335012594458438
FUR-CH-10004312,"Hon Bag Chairs, Set of Two",2179,160.35,56,14,0.07358880220284533
FUR-CH-10004331,"SAFCO Rocking Chair, Red",3235,551.6727,28,9,0.17053251931993815
FUR-CH-10004338,"Hon Bag Chairs, Red",559,-47.040000000000006,21,6,-0.08415026833631487
FUR-CH-10004339,"SAFCO Steel Folding Chair, Red",2877,273.816,38,11,0.09517413972888425
FUR-CH-10004355,"Harbour Creations Rocking Chair, Set of Two",493,-119.47800000000001,5,2,-0.24234888438133875
FUR-CH-10004365,"Novimex Rocking Chair, Black",1096,121.26,9,4,0.11063868613138686
FUR-CH-10004387,"Hon Chairmat, Red",926,87.98,29,7,0.09501079913606912
FUR-CH-10004387,"Office Star Bag Chairs, Red",1065,121.84800000000001,20,5,0.11441126760563382
FUR-CH-10004441,"SAFCO Bag Chairs, Black",188,65.76,4,1,0.34978723404255324
FUR-CH-10004447,"Harbour Creations Rocking Chair, Set of Two",2870,-496.1952,23,5,-0.17289031358885018
FUR-CH-10004448,"Hon Chairmat, Set of Two",69,4.596,2,1,0.06660869565217391
FUR-CH-10004455,"Harbour Creations Swivel Stool, Red",1441,43.2,8,1,0.029979181124219295
FUR-CH-10004462,"Hon Executive Leather Armchair, Adjustable",2666,317.004,7,2,0.11890622655663917
FUR-CH-10004467,"Harbour Creations Chairmat, Set of Two",912,113.62,23,8,0.12458333333333334
FUR-CH-10004477,"Global Push Button Manager's Chair, Indigo",2186,283.7474,44,9,0.1298021043000915
FUR-CH-10004478,"Hon Steel Folding Chair, Adjustable",1794,158.56,36,12,0.0883835005574136
FUR-CH-10004491,"SAFCO Swivel Stool, Adjustable",1828,518.0496,12,5,0.2833969365426696
FUR-CH-10004495,"Global Leather and Oak Executive Chair, Black",6411,854.7832,26,8,0.13333071283731088
FUR-CH-10004506,"Novimex Steel Folding Chair, Set of Two",1401,-122.952,19,5,-0.08776017130620985
FUR-CH-10004536,"Novimex Bag Chairs, Set of Two",371,-105.363,13,3,-0.28399730458221023
FUR-CH-10004540,Global Chrome Stack Chair,816,15.083200000000001,32,6,0.018484313725490198
FUR-CH-10004547,"Office Star Bag Chairs, Black",693,-38.176,22,7,-0.05508802308802309
FUR-CH-10004572,"Harbour Creations Bag Chairs, Red",788,214.8198,15,5,0.2726139593908629
FUR-CH-10004572,"Office Star Executive Leather Armchair, Adjustable",4825,187.71199999999996,20,7,0.038904041450777194
FUR-CH-10004576,"Hon Bag Chairs, Adjustable",756,103.7904,18,4,0.1372888888888889
FUR-CH-10004580,"Office Star Bag Chairs, Adjustable",1282,201.1023,27,8,0.15686606864274572
FUR-CH-10004584,"Office Star Steel Folding Chair, Set of Two",2153,705.9636,27,6,0.32789763121226195
FUR-CH-10004592,"Hon Rocking Chair, Set of Two",2485,408.96900000000005,22,4,0.16457505030181088
FUR-CH-10004600,"Harbour Creations Chairmat, Red",3286,1263.6000000000001,53,8,0.3845404747413269
FUR-CH-10004606,"Hon Rocking Chair, Red",2155,-608.91,23,6,-0.2825568445475638
FUR-CH-10004609,"Harbour Creations Steel Folding Chair, Adjustable",1004,431.4,10,4,0.42968127490039837
FUR-CH-10004626,Office Star Flex Back Scooter Chair with Aluminum Finish Frame,1948,413.649,20,6,0.21234548254620123
FUR-CH-10004642,"Hon Steel Folding Chair, Set of Two",45,-37.936,2,1,-0.8430222222222222
FUR-CH-10004652,"Hon Bag Chairs, Black",278,-62.656,16,5,-0.22538129496402878
FUR-CH-10004669,"Novimex Executive Leather Armchair, Black",8001,2411.66,30,10,0.3014198225221847
FUR-CH-10004675,"Lifetime Advantage Folding Chairs, 4/Carton",5211,972.6368,27,7,0.18665070044137402
FUR-CH-10004676,"Office Star Rocking Chair, Black",3268,276.798,27,7,0.08469951040391677
FUR-CH-10004685,"Harbour Creations Swivel Stool, Set of Two",620,102.01800000000001,4,2,0.1645451612903226
FUR-CH-10004694,"Office Star Rocking Chair, Black",4489,1388.1564,35,10,0.30923510804188015
FUR-CH-10004698,"Padded Folding Chairs, Black, 4/Carton",1830,80.97999999999999,30,8,0.04425136612021857
FUR-CH-10004705,"Hon Executive Leather Armchair, Black",1828,182.76,4,2,0.0999781181619256
FUR-CH-10004725,"Office Star Bag Chairs, Set of Two",1776,-75.668,58,12,-0.042605855855855856
FUR-CH-10004736,"Novimex Bag Chairs, Adjustable",427,-29.580000000000002,17,6,-0.06927400468384075
FUR-CH-10004746,"Office Star Executive Leather Armchair, Adjustable",4774,2086.3,17,6,0.4370129870129871
FUR-CH-10004751,"Hon Steel Folding Chair, Black",633,-183.48000000000002,12,4,-0.2898578199052133
FUR-CH-10004754,"Global Stack Chair with Arms, Black",804,125.0166,31,7,0.15549328358208955
FUR-CH-10004755,"Novimex Swivel Stool, Red",5000,1280.044,53,10,0.25600880000000004
FUR-CH-10004774,"Novimex Executive Leather Armchair, Red",13898,736.3199999999999,44,10,0.05298028493308389
FUR-CH-10004783,"Novimex Chairmat, Red",413,-6.999999999999998,13,5,-0.016949152542372878
FUR-CH-10004790,"Office Star Bag Chairs, Black",758,163.53300000000002,19,5,0.21574274406332455
FUR-CH-10004792,"SAFCO Swivel Stool, Set of Two",1652,595.443,10,3,0.3604376513317191
FUR-CH-10004795,"SAFCO Swivel Stool, Red",1680,-148.1,17,4,-0.0881547619047619
FUR-CH-10004801,"Office Star Bag Chairs, Set of Two",399,-430.456,26,3,-1.0788370927318296
FUR-CH-10004810,"Hon Swivel Stool, Set of Two",2201,364.854,14,6,0.1657673784643344
FUR-CH-10004826,"Hon Steel Folding Chair, Set of Two",1048,493.4151,13,5,0.4708159351145038
FUR-CH-10004827,"SAFCO Chairmat, Black",643,-78.97200000000001,23,6,-0.1228180404354588
FUR-CH-10004844,"Novimex Swivel Stool, Adjustable",1669,-445.2,19,7,-0.26674655482324744
FUR-CH-10004853,"Global Manager's Adjustable Task Chair, Storm",2959,493.70459999999997,23,6,0.1668484623183508
FUR-CH-10004860,Global Low Back Tilter Chair,1748,-246.3912,21,8,-0.14095606407322656
FUR-CH-10004863,"SAFCO Swivel Stool, Black",3534,1208.0934,27,7,0.34184872665534805
FUR-CH-10004875,Harbour Creations 67200 Series Stacking Chairs,1501,254.8244,24,8,0.1697697534976682
FUR-CH-10004886,Bevis Steel Folding Chairs,1774,117.059,24,6,0.0659859075535513
FUR-CH-10004899,"SAFCO Rocking Chair, Adjustable",1155,181.07999999999998,18,5,0.15677922077922077
FUR-CH-10004910,"Office Star Executive Leather Armchair, Red",2959,953.274,7,1,0.3221608651571477
FUR-CH-10004913,"Office Star Rocking Chair, Red",3136,126.33659999999999,24,5,0.0402859056122449
FUR-CH-10004920,"Office Star Chairmat, Red",1151,80.616,28,9,0.07003996524761077
FUR-CH-10004943,"Office Star Bag Chairs, Adjustable",377,-121.755,10,2,-0.3229575596816976
FUR-CH-10004969,"Office Star Bag Chairs, Red",410,-33.443999999999996,10,4,-0.08157073170731706
FUR-CH-10004983,Office Star - Mid Back Dual function Ergonomic High Back Chair with 2-Way Adjustable Arms,4186,342.88739999999996,31,5,0.08191290014333491
FUR-CH-10004992,"Hon Bag Chairs, Red",36,-50.58,3,1,-1.405
FUR-CH-10004993,"Hon Swivel Stool, Black",5673,1044.624,59,13,0.18413960867265997
FUR-CH-10004997,Hon Every-Day Series Multi-Task Chairs,6749,281.97,43,10,0.04177952289228034
FUR-CHR-10000585,"Chromcraft Coffee Table, Adjustable Height",269,110.4,1,1,0.41040892193308554
FUR-CHR-10000888,"Chromcraft Computer Table, Fully Assembled",178,-124.59,1,1,-0.6999438202247191
FUR-CHR-10001018,"Chromcraft Round Table, Rectangular",2788,195.12,6,2,0.06998565279770445
FUR-CHR-10001570,"Chromcraft Conference Table, Rectangular",1740,609.12,2,2,0.35006896551724137
FUR-CHR-10001784,"Chromcraft Coffee Table, with Bottom Storage",534,16.02,2,1,0.03
FUR-CHR-10002165,"Chromcraft Wood Table, Adjustable Height",3878,930.48,8,1,0.23993811242908716
FUR-CHR-10002278,"Chromcraft Round Table, Adjustable Height",3003,-1051.2240000000002,12,2,-0.3500579420579421
FUR-CHR-10002686,"Chromcraft Computer Table, Adjustable Height",2228,1091.7,5,2,0.4899910233393178
FUR-CHR-10003806,"Chromcraft Conference Table, with Bottom Storage",2094,-340.36199999999997,3,2,-0.16254154727793696
FUR-CHR-10004803,"Chromcraft Wood Table, Fully Assembled",968,445.26,2,1,0.4599793388429752
FUR-DAN-10000597,"Dania Floating Shelf Set, Traditional",813,-111.78,6,3,-0.13749077490774908
FUR-DAN-10001340,"Dania Corner Shelving, Mobile",698,-10.056000000000012,8,4,-0.014406876790830962
FUR-DAN-10001462,"Dania Stackable Bookrack, Pine",652,-78.858,6,3,-0.1209478527607362
FUR-DAN-10001557,"Dania Floating Shelf Set, Pine",171,58.02,1,1,0.3392982456140351
FUR-DAN-10001584,"Dania Stackable Bookrack, Pine",1240,570.9000000000001,10,3,0.4604032258064517
FUR-DAN-10001622,"Dania Library with Doors, Pine",728,79.98,2,2,0.10986263736263736
FUR-DAN-10001875,"Dania Floating Shelf Set, Metal",338,128.28,2,2,0.37952662721893493
FUR-DAN-10001993,"Dania 3-Shelf Cabinet, Mobile",662,-141.25799999999998,6,4,-0.21338066465256794
FUR-DAN-10002017,"Dania Classic Bookcase, Traditional",740,36.918000000000006,3,2,0.0498891891891892
FUR-DAN-10002028,"Dania Classic Bookcase, Mobile",2562,-148.94400000000002,8,6,-0.058135831381733026
FUR-DAN-10002167,"Dania Library with Doors, Mobile",949,-456.25800000000004,5,2,-0.48077766069546896
FUR-DAN-10002314,"Dania Stackable Bookrack, Traditional",1452,609.84,12,4,0.42000000000000004
FUR-DAN-10002348,"Dania Classic Bookcase, Pine",824,255.48,2,1,0.3100485436893204
FUR-DAN-10002631,"Dania 3-Shelf Cabinet, Pine",629,-281.40000000000003,7,4,-0.4473767885532592
FUR-DAN-10002741,"Dania Corner Shelving, Pine",494,54.24,4,1,0.10979757085020243
FUR-DAN-10002846,"Dania Floating Shelf Set, Mobile",1031,27.300000000000004,8,4,0.02647914645974782
FUR-DAN-10002967,"Dania 3-Shelf Cabinet, Metal",1902,-239.77499999999998,19,4,-0.1260646687697161
FUR-DAN-10003011,"Dania Corner Shelving, Metal",984,339.99300000000005,10,5,0.3455213414634147
FUR-DAN-10003065,"Dania Library with Doors, Traditional",3115,-108.95999999999998,10,7,-0.03497913322632423
FUR-DAN-10003334,"Dania 3-Shelf Cabinet, Traditional",763,101.78999999999999,9,3,0.13340760157273918
FUR-DAN-10004510,"Dania Library with Doors, Metal",2026,144.57599999999996,8,2,0.07136031589338597
FUR-DAN-10004625,"Dania Stackable Bookrack, Mobile",803,189.59400000000002,9,3,0.23610709838107102
FUR-DAN-10004745,"Dania Corner Shelving, Traditional",952,226.92600000000002,9,5,0.23836764705882355
FUR-DAN-10004940,"Dania Classic Bookcase, Metal",1681,32.742000000000004,6,5,0.019477691850089237
FUR-DEF-10000065,"Deflect-O Frame, Durable",588,20.264999999999997,9,6,0.03446428571428571
FUR-DEF-10000346,"Deflect-O Frame, Duo Pack",1354,37.19999999999999,13,5,0.027474150664697185
FUR-DEF-10000349,"Deflect-O Stacking Tray, Durable",212,-123.98400000000001,14,6,-0.5848301886792453
FUR-DEF-10000384,"Deflect-O Door Stop, Black",370,-10.709999999999999,9,6,-0.028945945945945944
FUR-DEF-10000495,"Deflect-O Clock, Black",794,-34.872,17,4,-0.043919395465994965
FUR-DEF-10000572,"Deflect-O Photo Frame, Duo Pack",208,0.0,4,2,0.0
FUR-DEF-10000622,"Deflect-O Light Bulb, Black",213,42.168,14,7,0.19797183098591548
FUR-DEF-10000639,"Deflect-O Photo Frame, Black",198,-5.279999999999994,5,4,-0.026666666666666637
FUR-DEF-10000720,"Deflect-O Door Stop, Duo Pack",132,47.519999999999996,3,2,0.36
FUR-DEF-10000810,"Deflect-O Stacking Tray, Black",228,102.60000000000001,9,4,0.45
FUR-DEF-10001359,"Deflect-O Frame, Erganomic",1348,-356.616,16,10,-0.2645519287833828
FUR-DEF-10001477,"Deflect-O Door Stop, Erganomic",39,-66.447,3,2,-1.703769230769231
FUR-DEF-10001763,"Deflect-O Door Stop, Durable",205,28.650000000000002,5,2,0.13975609756097562
FUR-DEF-10002774,"Deflect-O Clock, Durable",539,24.15599999999999,16,9,0.04481632653061223
FUR-DEF-10002814,"Deflect-O Stacking Tray, Erganomic",96,26.76,4,3,0.27875
FUR-DEF-10002865,"Deflect-O Light Bulb, Erganomic",466,209.124,29,9,0.44876394849785406
FUR-DEF-10003140,"Deflect-O Light Bulb, Duo Pack",101,28.784999999999997,6,3,0.285
FUR-DEF-10003315,"Deflect-O Clock, Erganomic",505,13.928999999999998,11,5,0.02758217821782178
FUR-DEF-10003551,"Deflect-O Photo Frame, Erganomic",506,75.6,10,3,0.14940711462450593
FUR-DEF-10003676,"Deflect-O Stacking Tray, Erganomic",62,-23.304000000000002,4,4,-0.3758709677419355
FUR-DEF-10004141,"Deflect-O Photo Frame, Durable",333,-3.996000000000002,8,4,-0.012000000000000007
FUR-DEF-10004355,"Deflect-O Clock, Duo Pack",655,58.89000000000001,13,4,0.0899083969465649
FUR-DEF-10004555,"Deflect-O Frame, Black",220,96.78,2,1,0.4399090909090909
FUR-DEF-10004936,"Deflect-O Light Bulb, Durable",64,32.04,4,3,0.500625
FUR-ELD-10000038,"Eldon Photo Frame, Erganomic",307,-30.888000000000005,9,4,-0.10061237785016289
FUR-ELD-10000301,"Eldon Frame, Duo Pack",861,348.774,8,4,0.4050801393728223
FUR-ELD-10000335,"Eldon Door Stop, Durable",268,-103.917,10,4,-0.38775
FUR-ELD-10000605,"Eldon Stacking Tray, Duo Pack",77,-7.596000000000001,3,3,-0.09864935064935067
FUR-ELD-10000857,"Eldon Door Stop, Erganomic",664,-58.24199999999999,17,6,-0.08771385542168673
FUR-ELD-10000963,"Eldon Stacking Tray, Durable",428,89.55,15,3,0.2092289719626168
FUR-ELD-10001163,"Eldon Frame, Erganomic",919,128.64,8,1,0.13997823721436342
FUR-ELD-10001413,"Eldon Light Bulb, Black",138,-33.33,11,5,-0.24152173913043476
FUR-ELD-10002511,"Eldon Photo Frame, Duo Pack",302,-135.036,8,4,-0.4471390728476821
FUR-ELD-10003131,"Eldon Frame, Durable",679,176.58,6,3,0.26005891016200294
FUR-ELD-10003179,"Eldon Clock, Erganomic",330,112.32,6,5,0.34036363636363637
FUR-ELD-10003479,"Eldon Clock, Durable",856,256.8,16,4,0.3
FUR-ELD-10003695,"Eldon Light Bulb, Duo Pack",167,30.096000000000004,9,5,0.18021556886227547
FUR-ELD-10003802,"Eldon Door Stop, Duo Pack",331,54.01199999999999,8,4,0.16317824773413894
FUR-ELD-10003802,"Eldon Photo Frame, Durable",441,-35.52000000000001,12,4,-0.08054421768707486
FUR-ELD-10003828,"Eldon Light Bulb, Erganomic",191,-40.11,11,5,-0.21
FUR-ELD-10003843,"Eldon Photo Frame, Black",81,-13.985999999999999,2,2,-0.17266666666666666
FUR-ELD-10004384,"Eldon Frame, Black",1139,-283.65,17,3,-0.24903424056189638
FUR-ELD-10004515,"Eldon Door Stop, Black",251,47.55,5,2,0.1894422310756972
FUR-ELD-10004559,"Eldon Stacking Tray, Erganomic",72,6.318000000000001,3,2,0.08775000000000002
FUR-ELD-10004727,"Eldon Stacking Tray, Black",202,7.5600000000000005,7,2,0.03742574257425743
FUR-ELD-10004973,"Eldon Clock, Black",260,15.732,6,2,0.060507692307692304
FUR-ELD-10004994,"Eldon Clock, Duo Pack",194,65.53200000000001,4,4,0.3377938144329897
FUR-FU-10000010,"DAX Value U-Channel Document Frames, Easel Back",177,52.4832,36,10,0.29651525423728814
FUR-FU-10000012,"Tenex Stacking Tray, Black",182,11.008000000000001,13,4,0.06048351648351649
FUR-FU-10000018,"Eldon Clock, Erganomic",66,11.028,2,1,0.1670909090909091
FUR-FU-10000023,Eldon Wave Desk Accessories,238,88.35,45,9,0.37121848739495794
FUR-FU-10000039,"Tenex Light Bulb, Duo Pack",260,25.803,14,5,0.0992423076923077
FUR-FU-10000060,"Advantus Light Bulb, Duo Pack",187,-70.12,20,6,-0.3749732620320856
FUR-FU-10000065,"Rubbermaid Frame, Black",1465,-216.36,27,4,-0.14768600682593858
FUR-FU-10000067,"Rubbermaid Photo Frame, Duo Pack",249,32.928,8,1,0.13224096385542167
FUR-FU-10000069,"Tenex Door Stop, Durable",580,-33.9012,17,5,-0.05845034482758621
FUR-FU-10000072,"Advantus Light Bulb, Erganomic",149,-88.62,14,3,-0.594765100671141
FUR-FU-10000073,Deflect-O Glasstique Clear Desk Accessories,125,37.037,17,3,0.296296
FUR-FU-10000076,24-Hour Round Wall Clock,488,180.0198,27,6,0.36889303278688523
FUR-FU-10000087,"Executive Impressions 14"" Two-Color Numerals Wall Clock",310,94.51520000000001,16,6,0.3048877419354839
FUR-FU-10000110,"Deflect-O Door Stop, Black",657,-427.78,37,8,-0.6511111111111111
FUR-FU-10000135,"Tenex Photo Frame, Black",970,185.058,21,5,0.19078144329896907
FUR-FU-10000140,"Advantus Clock, Black",791,61.205999999999996,30,5,0.077378002528445
FUR-FU-10000142,"Tenex Stacking Tray, Erganomic",178,43.11,11,4,0.24219101123595504
FUR-FU-10000159,"Advantus Frame, Erganomic",1610,298.0,28,7,0.18509316770186335
FUR-FU-10000163,"Deflect-O Frame, Duo Pack",110,8.79,1,1,0.0799090909090909
FUR-FU-10000175,DAX Wood Document Frame.,159,7.6888000000000005,16,4,0.04835723270440252
FUR-FU-10000188,"Tenex Frame, Duo Pack",770,61.53,7,3,0.07990909090909092
FUR-FU-10000193,Tenex Chairmats For Use with Hard Floors,468,-129.92,20,6,-0.2776068376068376
FUR-FU-10000204,"Advantus Door Stop, Durable",126,63.09,3,1,0.5007142857142858
FUR-FU-10000206,"GE General Purpose, Extra Long Life, Showcase & Floodlight Incandescent Bulbs",46,14.55,20,7,0.31630434782608696
FUR-FU-10000221,"Master Caster Door Stop, Brown",175,49.3776,38,9,0.2821577142857143
FUR-FU-10000222,"Seth Thomas 16"" Steel Case Clock",442,28.257600000000004,19,5,0.06393122171945702
FUR-FU-10000225,"Rubbermaid Photo Frame, Durable",585,29.16,12,3,0.049846153846153846
FUR-FU-10000242,"Deflect-O Frame, Durable",1155,185.55599999999998,20,6,0.16065454545454544
FUR-FU-10000246,Aluminum Document Frame,243,56.211999999999996,22,5,0.2313251028806584
FUR-FU-10000251,"Deflect-O Door Stop, Duo Pack",206,55.44,7,2,0.269126213592233
FUR-FU-10000256,"Rubbermaid Photo Frame, Duo Pack",337,147.975,7,2,0.43909495548961425
FUR-FU-10000260,"6"" Cubicle Wall Clock, Black",124,26.211599999999997,19,4,0.21138387096774192
FUR-FU-10000267,"Advantus Clock, Durable",528,-18.702,12,3,-0.03542045454545455
FUR-FU-10000277,Deflect-o DuraMat Antistatic Studded Beveled Mat for Medium Pile Carpeting,1686,244.3888,18,5,0.14495183867141162
FUR-FU-10000287,"Eldon Stacking Tray, Black",63,7.56,2,1,0.12
FUR-FU-10000293,Eldon Antistatic Chair Mats for Low to Medium Pile Carpets,1431,46.3276,14,4,0.03237428371767994
FUR-FU-10000295,"Advantus Light Bulb, Black",256,43.896,20,5,0.17146875
FUR-FU-10000295,"Advantus Light Bulb, Durable",239,57.120000000000005,14,3,0.2389958158995816
FUR-FU-10000298,"Eldon Photo Frame, Duo Pack",698,-122.31000000000002,15,4,-0.17522922636103155
FUR-FU-10000305,"Tenex V2T-RE Standard Weight Series Chair Mat, 45"" x 53"", Lip 25"" x 12""",469,51.105599999999995,7,3,0.10896716417910447
FUR-FU-10000306,"Rubbermaid Clock, Duo Pack",599,-16.241999999999997,13,4,-0.027115191986644402
FUR-FU-10000308,Deflect-o Glass Clear Studded Chair Mats,1579,318.3616,26,7,0.201622292590247
FUR-FU-10000320,OIC Stacking Trays,82,26.720000000000002,30,6,0.3258536585365854
FUR-FU-10000339,"Tenex Frame, Black",2101,-222.582,22,5,-0.1059409804854831
FUR-FU-10000342,"Deflect-O Light Bulb, Durable",55,-30.171999999999997,8,3,-0.5485818181818182
FUR-FU-10000350,"Rubbermaid Light Bulb, Duo Pack",239,45.0,27,8,0.18828451882845187
FUR-FU-10000361,"Deflect-O Photo Frame, Erganomic",258,-0.10800000000000054,6,2,-0.0004186046511627928
FUR-FU-10000361,"Eldon Stacking Tray, Duo Pack",275,24.552,9,3,0.08928
FUR-FU-10000366,"Deflect-O Door Stop, Durable",328,134.4,8,1,0.40975609756097564
FUR-FU-10000368,"Deflect-O Frame, Durable",3575,1428.018,34,7,0.3994455944055944
FUR-FU-10000388,"Rubbermaid Door Stop, Erganomic",356,31.787999999999997,9,4,0.08929213483146066
FUR-FU-10000394,"Rubbermaid Photo Frame, Durable",1602,670.4874,36,9,0.4185314606741573
FUR-FU-10000397,Luxo Economy Swing Arm Lamp,340,94.9144,17,5,0.27916
FUR-FU-10000409,"GE 4 Foot Flourescent Tube, 40 Watt",99,42.2436,7,3,0.4267030303030303
FUR-FU-10000422,"Deflect-O Photo Frame, Black",880,28.166999999999998,18,5,0.03200795454545454
FUR-FU-10000432,"Eldon Clock, Black",701,171.618,13,4,0.2448188302425107
FUR-FU-10000444,"Advantus Stacking Tray, Erganomic",80,10.968,4,2,0.1371
FUR-FU-10000448,Tenex Chairmats For Use With Carpeted Floors,176,8.789,11,4,0.049937499999999996
FUR-FU-10000468,"Advantus Frame, Durable",2682,179.10000000000002,26,7,0.06677852348993289
FUR-FU-10000481,"Rubbermaid Clock, Durable",158,-36.6,7,3,-0.23164556962025318
FUR-FU-10000482,"Eldon Photo Frame, Duo Pack",701,106.2285,14,5,0.15153851640513552
FUR-FU-10000483,"Tenex Clock, Durable",101,-60.576,8,1,-0.5997623762376237
FUR-FU-10000488,"Rubbermaid Light Bulb, Erganomic",318,65.496,32,7,0.20596226415094337
FUR-FU-10000490,"Eldon Light Bulb, Erganomic",159,19.6,12,3,0.12327044025157234
FUR-FU-10000496,"Eldon Clock, Duo Pack",1288,507.7608,26,7,0.3942242236024845
FUR-FU-10000499,"Tenex Light Bulb, Duo Pack",139,37.08,13,4,0.2667625899280575
FUR-FU-10000502,"Deflect-O Clock, Black",452,-523.41,20,4,-1.1579867256637169
FUR-FU-10000507,"Tenex Photo Frame, Duo Pack",31,-2.1,1,1,-0.06774193548387097
FUR-FU-10000514,"Deflect-O Photo Frame, Erganomic",237,64.644,6,3,0.2727594936708861
FUR-FU-10000516,"Advantus Clock, Duo Pack",344,75.39999999999999,15,3,0.21918604651162787
FUR-FU-10000521,"Seth Thomas 14"" Putty-Colored Wall Clock",358,94.7682,13,4,0.26471564245810053
FUR-FU-10000526,"Deflect-O Frame, Durable",1424,569.331,14,4,0.399811095505618
FUR-FU-10000541,"Advantus Frame, Duo Pack",1518,119.78880000000001,17,4,0.07891225296442689
FUR-FU-10000546,"Eldon Door Stop, Erganomic",26,-14.984,2,1,-0.5763076923076923
FUR-FU-10000548,"Tenex Stacking Tray, Durable",143,48.411,6,3,0.33853846153846157
FUR-FU-10000550,Stacking Trays by OIC,73,9.312599999999998,19,6,0.1275698630136986
FUR-FU-10000556,"Tenex Light Bulb, Durable",358,4.4832,26,6,0.01252290502793296
FUR-FU-10000567,"Rubbermaid Light Bulb, Erganomic",368,168.426,22,5,0.45767934782608694
FUR-FU-10000576,Luxo Professional Fluorescent Magnifier Lamp with Clamp-Mount Base,3861,289.57919999999996,23,5,0.07500108780108779
FUR-FU-10000585,"Deflect-O Light Bulb, Duo Pack",151,-46.959999999999994,16,6,-0.3109933774834437
FUR-FU-10000605,"Rubbermaid Light Bulb, Black",185,80.83200000000001,10,4,0.43692972972972977
FUR-FU-10000606,"Deflect-O Photo Frame, Durable",575,180.73680000000002,13,3,0.31432486956521744
FUR-FU-10000612,"Tenex Frame, Black",484,-38.538000000000004,5,2,-0.07962396694214877
FUR-FU-10000620,"Advantus Clock, Black",926,267.84000000000003,18,7,0.28924406047516205
FUR-FU-10000628,"Rubbermaid Light Bulb, Black",374,131.8476,23,7,0.3525336898395722
FUR-FU-10000629,9-3/4 Diameter Round Wall Clock,455,183.1312,34,8,0.4024861538461539
FUR-FU-10000640,"Tenex Light Bulb, Duo Pack",15,-8.388,3,1,-0.5592
FUR-FU-10000641,"Deflect-O Door Stop, Durable",465,208.76,17,4,0.4489462365591398
FUR-FU-10000647,"Tenex Door Stop, Erganomic",302,38.186099999999996,9,4,0.12644403973509932
FUR-FU-10000657,"Eldon Door Stop, Black",100,19.02,2,1,0.1902
FUR-FU-10000666,"Rubbermaid Frame, Black",1947,260.433,21,8,0.13376117103235746
FUR-FU-10000668,"Tenex Frame, Durable",1284,308.15999999999997,12,2,0.23999999999999996
FUR-FU-10000669,"Eldon Stacking Tray, Duo Pack",70,-17.688,3,2,-0.2526857142857143
FUR-FU-10000672,"Executive Impressions 10"" Spectator Wall Clock",259,87.9648,22,5,0.3396324324324324
FUR-FU-10000674,"Rubbermaid Photo Frame, Erganomic",302,0.0,9,1,0.0
FUR-FU-10000686,"Rubbermaid Door Stop, Durable",564,108.054,22,5,0.19158510638297874
FUR-FU-10000702,"Tenex Frame, Black",220,8.76,2,1,0.039818181818181815
FUR-FU-10000705,"Advantus Frame, Black",2148,-373.59999999999997,37,7,-0.17392923649906888
FUR-FU-10000714,"Tenex Light Bulb, Black",464,12.704999999999998,28,7,0.027381465517241375
FUR-FU-10000718,"Rubbermaid Stacking Tray, Black",25,5.52,1,1,0.2208
FUR-FU-10000718,"Tenex Stacking Tray, Erganomic",387,-35.43,19,4,-0.09155038759689922
FUR-FU-10000719,"DAX Cubicle Frames, 8-1/2 x 11",146,52.4484,17,4,0.35923561643835616
FUR-FU-10000723,"Deflect-o EconoMat Studded, No Bevel Mat for Low Pile Carpeting",1115,-125.1996,33,9,-0.11228663677130045
FUR-FU-10000729,"Eldon Clock, Durable",375,123.69,7,1,0.32983999999999997
FUR-FU-10000732,Eldon 200 Class Desk Accessories,134,39.187200000000004,22,7,0.29244179104477613
FUR-FU-10000735,"Tenex Frame, Erganomic",1831,169.416,18,7,0.09252648825778263
FUR-FU-10000743,"Eldon Frame, Erganomic",1662,-617.2539999999999,32,5,-0.37139229843561966
FUR-FU-10000747,Tenex B1-RE Series Chair Mats for Low Pile Carpets,1003,124.6058,23,7,0.12423310069790629
FUR-FU-10000755,Eldon Expressions Mahogany Wood Desk Collection,94,23.4,15,2,0.24893617021276596
FUR-FU-10000758,DAX Natural Wood-Tone Poster Frame,513,123.9264,23,5,0.2415719298245614
FUR-FU-10000762,"Advantus Light Bulb, Black",253,112.5834,14,4,0.44499367588932803
FUR-FU-10000771,"Eldon 200 Class Desk Accessories, Smoke",138,58.0272,22,4,0.4204869565217391
FUR-FU-10000776,"Deflect-O Door Stop, Erganomic",556,31.767999999999997,22,5,0.05713669064748201
FUR-FU-10000783,"Advantus Light Bulb, Durable",348,32.169,25,6,0.09243965517241379
FUR-FU-10000790,"Rubbermaid Light Bulb, Black",124,-67.952,16,6,-0.5479999999999999
FUR-FU-10000794,"Eldon Stackable Tray, Side-Load, Legal, Smoke",154,52.8292,17,5,0.34304675324675327
FUR-FU-10000813,"Tenex Door Stop, Durable",65,-27.328,4,2,-0.4204307692307692
FUR-FU-10000815,"Eldon Door Stop, Black",1259,81.16919999999999,29,7,0.06447116759332804
FUR-FU-10000816,"Tenex Clock, Erganomic",137,39.995999999999995,3,2,0.29194160583941603
FUR-FU-10000820,Tensor Brushed Steel Torchiere Floor Lamp,147,6.795999999999999,10,4,0.0462312925170068
FUR-FU-10000850,"Rubbermaid Clock, Black",735,258.0,28,9,0.3510204081632653
FUR-FU-10000885,"Eldon Light Bulb, Durable",148,28.0,10,4,0.1891891891891892
FUR-FU-10000889,"Rubbermaid Clock, Black",488,156.8568,10,4,0.321427868852459
FUR-FU-10000905,"Eldon Door Stop, Erganomic",585,75.96000000000001,12,3,0.12984615384615386
FUR-FU-10000907,"Eldon Clock, Duo Pack",685,272.38800000000003,13,5,0.3976467153284672
FUR-FU-10000913,"Rubbermaid Door Stop, Durable",543,-96.86099999999999,18,3,-0.17838121546961325
FUR-FU-10000918,"Deflect-O Photo Frame, Duo Pack",741,191.31,16,4,0.25817813765182185
FUR-FU-10000921,"Advantus Door Stop, Erganomic",1170,56.82,28,9,0.04856410256410256
FUR-FU-10000936,"Eldon Photo Frame, Durable",214,27.847999999999995,7,4,0.1301308411214953
FUR-FU-10000944,"Advantus Light Bulb, Black",11,-8.576,2,1,-0.7796363636363637
FUR-FU-10000944,"Tenex Door Stop, Black",934,-127.60079999999999,26,5,-0.13661755888650962
FUR-FU-10000946,"Advantus Stacking Tray, Durable",944,173.646,40,5,0.18394703389830508
FUR-FU-10000950,"Deflect-O Door Stop, Durable",615,85.95,15,4,0.13975609756097562
FUR-FU-10000955,"Advantus Stacking Tray, Durable",121,4.962,7,2,0.04100826446280992
FUR-FU-10000965,"Howard Miller 11-1/2"" Diameter Ridgewood Wall Clock",1185,448.76160000000004,24,6,0.37870177215189876
FUR-FU-10000972,"Rubbermaid Clock, Erganomic",1025,512.19,21,4,0.4996975609756098
FUR-FU-10000975,"Eldon Clock, Black",285,60.168,10,5,0.2111157894736842
FUR-FU-10000980,"Advantus Photo Frame, Duo Pack",127,-4.344,4,1,-0.03420472440944882
FUR-FU-10001008,"Rubbermaid Light Bulb, Durable",177,-15.594000000000001,23,6,-0.08810169491525424
FUR-FU-10001015,"Eldon Stacking Tray, Black",76,3.72,4,1,0.048947368421052635
FUR-FU-10001025,"Eldon Imàge Series Desk Accessories, Clear",53,6.3666,17,3,0.12012452830188679
FUR-FU-10001037,"DAX Charcoal/Nickel-Tone Document Frame, 5 x 7",169,48.822,23,7,0.28888757396449705
FUR-FU-10001045,"Eldon Photo Frame, Durable",370,150.5322,8,4,0.4068437837837838
FUR-FU-10001057,Tensor Track Tree Floor Lamp,300,38.180899999999994,17,4,0.12726966666666664
FUR-FU-10001063,"Eldon Light Bulb, Black",206,3.4499999999999993,13,4,0.016747572815533976
FUR-FU-10001078,"Advantus Clock, Durable",450,125.706,10,3,0.2793466666666667
FUR-FU-10001085,3M Polarizing Light Filter Sleeves,216,75.346,14,4,0.34882407407407406
FUR-FU-10001086,"Advantus Frame, Black",2455,143.83199999999997,26,8,0.05858737270875762
FUR-FU-10001090,"Advantus Stacking Tray, Erganomic",245,51.660000000000004,12,4,0.21085714285714288
FUR-FU-10001091,"Eldon Photo Frame, Erganomic",204,-51.192,6,1,-0.2509411764705882
FUR-FU-10001095,DAX Black Cherry Wood-Tone Poster Frame,455,61.4336,24,8,0.1350189010989011
FUR-FU-10001096,"Advantus Clock, Black",903,161.49450000000002,20,5,0.1788421926910299
FUR-FU-10001098,"Deflect-O Door Stop, Black",88,21.96,2,1,0.24954545454545454
FUR-FU-10001126,"Rubbermaid Clock, Erganomic",320,30.696,15,5,0.09592500000000001
FUR-FU-10001129,"Deflect-O Stacking Tray, Black",799,0.6884999999999977,37,8,0.0008617021276595716
FUR-FU-10001130,"Rubbermaid Stacking Tray, Erganomic",377,19.6032,22,5,0.05199787798408488
FUR-FU-10001132,"Deflect-O Frame, Erganomic",869,17.28,8,2,0.0198849252013809
FUR-FU-10001135,"Eldon Door Stop, Duo Pack",408,32.75600000000001,17,5,0.08028431372549022
FUR-FU-10001142,"Deflect-O Clock, Black",838,-45.61999999999999,31,8,-0.05443914081145584
FUR-FU-10001144,"Rubbermaid Photo Frame, Erganomic",403,48.24,8,1,0.11970223325062035
FUR-FU-10001161,"Deflect-O Photo Frame, Duo Pack",604,173.496,21,7,0.2872450331125828
FUR-FU-10001169,"Rubbermaid Clock, Duo Pack",622,73.998,13,4,0.11896784565916399
FUR-FU-10001175,"Advantus Door Stop, Durable",622,-150.072,29,8,-0.2412733118971061
FUR-FU-10001185,"Advantus Employee of the Month Certificate Frame, 11 x 13-1/2",823,311.7744,28,5,0.3788267314702309
FUR-FU-10001194,"Rubbermaid Light Bulb, Duo Pack",76,12.0,4,2,0.15789473684210525
FUR-FU-10001196,DAX Cubicle Frames - 8x10,125,20.772,26,5,0.166176
FUR-FU-10001200,"Tenex Photo Frame, Erganomic",1604,-27.881999999999998,33,6,-0.017382793017456356
FUR-FU-10001215,"Howard Miller 11-1/2"" Diameter Brentwood Wall Clock",681,256.1922,17,4,0.37620000000000003
FUR-FU-10001246,"Advantus Frame, Durable",2016,222.7575,21,5,0.11049479166666666
FUR-FU-10001252,"Eldon Clock, Erganomic",419,127.704,8,3,0.3047828162291169
FUR-FU-10001252,"Eldon Frame, Duo Pack",931,418.56,8,3,0.4495810955961332
FUR-FU-10001254,"Deflect-O Light Bulb, Black",46,-14.544,4,1,-0.31617391304347825
FUR-FU-10001255,"Advantus Light Bulb, Durable",196,-16.32,20,5,-0.08326530612244898
FUR-FU-10001260,"Rubbermaid Light Bulb, Erganomic",210,6.12,12,2,0.029142857142857144
FUR-FU-10001290,Executive Impressions Supervisor Wall Clock,866,266.072,21,4,0.30724249422632793
FUR-FU-10001317,"Eldon Photo Frame, Erganomic",325,-7.608000000000004,11,5,-0.023409230769230783
FUR-FU-10001322,"Deflect-O Clock, Durable",170,-108.036,6,1,-0.6355058823529411
FUR-FU-10001324,"Deflect-O Clock, Duo Pack",64,-70.518,4,2,-1.10184375
FUR-FU-10001343,"Eldon Stacking Tray, Erganomic",477,0.7008000000000001,20,4,0.0014691823899371072
FUR-FU-10001351,"Rubbermaid Photo Frame, Black",1418,200.79,28,6,0.14160084626234132
FUR-FU-10001366,"Advantus Photo Frame, Duo Pack",901,243.48,20,7,0.2702330743618202
FUR-FU-10001371,"Deflect-O Stacking Tray, Black",341,22.380000000000003,29,7,0.06563049853372435
FUR-FU-10001379,"Executive Impressions 16-1/2"" Circular Wall Clock",59,-1.0687999999999995,4,2,-0.018115254237288127
FUR-FU-10001393,"Deflect-O Stacking Tray, Erganomic",24,1.89,1,1,0.07875
FUR-FU-10001410,"Tenex Clock, Durable",1249,370.2648,32,6,0.29644899919935946
FUR-FU-10001410,"Tenex Frame, Black",1408,600.944,20,5,0.42680681818181815
FUR-FU-10001424,Dax Clear Box Frame,95,15.364799999999999,14,6,0.16173473684210526
FUR-FU-10001424,"Eldon Photo Frame, Durable",584,68.124,13,3,0.11665068493150683
FUR-FU-10001436,"Advantus Clock, Duo Pack",1018,67.41,21,6,0.0662180746561886
FUR-FU-10001438,"Rubbermaid Frame, Duo Pack",4939,141.615,49,9,0.028672808260781536
FUR-FU-10001447,"Eldon Stacking Tray, Duo Pack",847,-52.538399999999996,31,5,-0.06202880755608028
FUR-FU-10001452,"Rubbermaid Door Stop, Black",625,35.628,16,5,0.0570048
FUR-FU-10001468,Tenex Antistatic Computer Chair Mats,3317,-530.0379999999999,25,6,-0.15979439252336444
FUR-FU-10001471,"Eldon Door Stop, Durable",1431,450.65459999999996,33,8,0.3149228511530398
FUR-FU-10001473,DAX Wood Document Frame,476,126.316,40,9,0.2653697478991597
FUR-FU-10001473,"Eldon Executive Woodline II Desk Accessories, Mahogany",361,50.008700000000005,17,5,0.13852825484764544
FUR-FU-10001475,"Contract Clock, 14"", Brown",335,29.4532,21,5,0.08792
FUR-FU-10001477,"Deflect-O Frame, Erganomic",3825,487.062,37,8,0.1273364705882353
FUR-FU-10001477,"Rubbermaid Stacking Tray, Black",811,143.076,34,7,0.17641923551171393
FUR-FU-10001480,"Advantus Door Stop, Black",576,153.864,21,5,0.267125
FUR-FU-10001487,"Eldon Expressions Wood and Plastic Desk Accessories, Cherry Wood",161,46.5566,23,5,0.2891714285714286
FUR-FU-10001488,"Tenex 46"" x 60"" Computer Anti-Static Chairmat, Rectangular Shaped",2268,148.372,25,7,0.06541975308641976
FUR-FU-10001495,"Eldon Door Stop, Durable",519,108.9,11,4,0.20982658959537573
FUR-FU-10001507,"Rubbermaid Light Bulb, Duo Pack",321,59.355,20,6,0.18490654205607476
FUR-FU-10001541,"Tenex Photo Frame, Black",124,-4.224,4,1,-0.03406451612903226
FUR-FU-10001546,Dana Swing-Arm Lamps,110,-11.214,15,7,-0.10194545454545455
FUR-FU-10001557,"Advantus Clock, Duo Pack",1171,-10.4925,27,6,-0.008960290350128096
FUR-FU-10001583,"Deflect-O Light Bulb, Black",301,66.728,37,6,0.221687707641196
FUR-FU-10001588,"Deflect-o SuperTray Unbreakable Stackable Tray, Letter, Black",438,138.3132,18,4,0.3157835616438356
FUR-FU-10001591,Advantus Panel Wall Certificate Holder - 8.5x11,272,108.092,23,6,0.3973970588235294
FUR-FU-10001601,"Rubbermaid Frame, Erganomic",260,-43.416,4,2,-0.16698461538461537
FUR-FU-10001602,"Eldon Delta Triangular Chair Mat, 52"" x 58"", Clear",546,17.4478,17,6,0.03195567765567766
FUR-FU-10001617,"Eldon Frame, Black",202,34.099999999999994,3,2,0.1688118811881188
FUR-FU-10001617,"Executive Impressions 8-1/2"" Career Panel/Partition Cubicle Clock",67,18.512,7,2,0.2762985074626866
FUR-FU-10001619,"Advantus Clock, Erganomic",440,134.988,10,3,0.3067909090909091
FUR-FU-10001640,"Eldon Photo Frame, Black",764,142.0176,17,5,0.18588691099476437
FUR-FU-10001657,"Deflect-O Frame, Erganomic",847,-521.652,21,3,-0.6158819362455726
FUR-FU-10001667,"Rubbermaid Stacking Tray, Black",20,-26.22,3,1,-1.311
FUR-FU-10001674,"Deflect-O Clock, Duo Pack",1364,504.1959,31,5,0.3696450879765396
FUR-FU-10001691,"Deflect-O Photo Frame, Black",883,193.8,17,4,0.21947904869762175
FUR-FU-10001692,"Deflect-O Clock, Durable",851,111.06000000000003,23,5,0.13050528789659227
FUR-FU-10001692,"Eldon Clock, Duo Pack",233,-3.8560000000000016,7,3,-0.016549356223175972
FUR-FU-10001706,Longer-Life Soft White Bulbs,114,44.7216,44,10,0.3922947368421053
FUR-FU-10001711,"Tenex Frame, Erganomic",1209,326.34,23,7,0.2699255583126551
FUR-FU-10001717,"Rubbermaid Stacking Tray, Erganomic",349,42.042,19,4,0.12046418338108883
FUR-FU-10001718,"Eldon Door Stop, Duo Pack",864,170.184,20,5,0.19697222222222222
FUR-FU-10001731,Acrylic Self-Standing Desk Frames,94,32.7342,37,8,0.348236170212766
FUR-FU-10001746,"Advantus Stacking Tray, Durable",488,155.445,20,3,0.31853483606557376
FUR-FU-10001756,"Eldon Expressions Desk Accessory, Wood Photo Frame, Mahogany",263,-7.6160000000000005,20,6,-0.028958174904942968
FUR-FU-10001760,"Tenex Light Bulb, Black",125,32.118,7,4,0.256944
FUR-FU-10001764,"Deflect-O Clock, Black",121,-135.936,9,1,-1.1234380165289257
FUR-FU-10001765,"Eldon Clock, Durable",653,-191.69,26,7,-0.2935528330781011
FUR-FU-10001770,"Deflect-O Clock, Erganomic",1203,493.26869999999997,29,9,0.4100321695760598
FUR-FU-10001774,"Eldon Door Stop, Durable",283,104.76,6,1,0.3701766784452297
FUR-FU-10001775,"Deflect-O Stacking Tray, Durable",305,-6.381000000000002,13,3,-0.02092131147540984
FUR-FU-10001791,"Tenex Photo Frame, Durable",284,-55.434,16,3,-0.19519014084507041
FUR-FU-10001843,"Advantus Door Stop, Durable",84,31.92,2,1,0.38
FUR-FU-10001847,Eldon Image Series Black Desk Accessories,47,17.0568,12,5,0.36291063829787235
FUR-FU-10001852,"Eldon Regeneration Recycled Desk Accessories, Smoke",33,8.9088,21,5,0.26996363636363635
FUR-FU-10001861,"Floodlight Indoor Halogen Bulbs, 1 Bulb per Pack, 60 Watts",436,197.104,24,6,0.4520733944954129
FUR-FU-10001867,"Eldon Expressions Punched Metal & Wood Desk Accessories, Pewter & Cherry",121,21.7056,13,3,0.17938512396694214
FUR-FU-10001876,"Computer Room Manger, 14""",636,179.2896,22,7,0.2819018867924528
FUR-FU-10001889,Ultra Door Pull Handle,266,74.7972,27,6,0.28119248120300755
FUR-FU-10001890,"Eldon Clock, Durable",375,37.35,9,3,0.09960000000000001
FUR-FU-10001893,"Deflect-O Photo Frame, Durable",98,37.14,2,1,0.3789795918367347
FUR-FU-10001902,"Deflect-O Stacking Tray, Durable",61,-15.264,4,1,-0.2502295081967213
FUR-FU-10001915,"Rubbermaid Stacking Tray, Black",305,78.72,13,2,0.2580983606557377
FUR-FU-10001918,C-Line Cubicle Keepers Polyproplyene Holder With Velcro Backings,136,47.7257,31,8,0.3509242647058824
FUR-FU-10001933,"Deflect-O Door Stop, Duo Pack",53,0.852,2,1,0.016075471698113207
FUR-FU-10001933,"Rubbermaid Stacking Tray, Erganomic",44,11.94,2,1,0.27136363636363636
FUR-FU-10001933,"Tenex Stacking Tray, Black",486,78.5367,23,7,0.16159814814814813
FUR-FU-10001934,Magnifier Swing Arm Lamp,252,65.4576,12,5,0.25975238095238096
FUR-FU-10001935,3M Hangers With Command Adhesive,108,36.001,33,8,0.3333425925925926
FUR-FU-10001935,"Eldon Light Bulb, Black",50,4.02,2,1,0.08039999999999999
FUR-FU-10001940,Staples,220,50.307199999999995,38,10,0.22866909090909088
FUR-FU-10001942,"Eldon Frame, Duo Pack",2403,610.5615,22,5,0.25408302122347065
FUR-FU-10001950,"Eldon Door Stop, Black",1280,181.53,27,5,0.1418203125
FUR-FU-10001967,Telescoping Adjustable Floor Lamp,144,-5.997,10,6,-0.04164583333333333
FUR-FU-10001977,"Deflect-O Frame, Erganomic",217,36.9,2,1,0.17004608294930876
FUR-FU-10001979,Dana Halogen Swing-Arm Architect Lamp,1115,288.4288,28,6,0.258680538116592
FUR-FU-10001986,"Dana Fluorescent Magnifying Lamp, White, 36""",581,81.568,14,4,0.14039242685025818
FUR-FU-10002004,"Tenex Stacking Tray, Durable",245,40.972,15,4,0.1672326530612245
FUR-FU-10002007,"Rubbermaid Stacking Tray, Black",252,20.1,15,6,0.07976190476190477
FUR-FU-10002017,"Rubbermaid Door Stop, Duo Pack",1053,73.44,24,6,0.06974358974358974
FUR-FU-10002019,"Eldon Light Bulb, Durable",27,2.196,2,1,0.08133333333333334
FUR-FU-10002019,"Eldon Photo Frame, Black",511,34.668,10,4,0.06784344422700588
FUR-FU-10002030,"Executive Impressions 14"" Contract Wall Clock with Quartz Movement",97,-1.7783999999999978,8,2,-0.018334020618556678
FUR-FU-10002045,"Executive Impressions 14""",377,166.2804,17,4,0.4410620689655172
FUR-FU-10002055,"Eldon Light Bulb, Black",95,-21.45,5,1,-0.2257894736842105
FUR-FU-10002069,"Advantus Door Stop, Durable",190,58.769999999999996,5,2,0.3093157894736842
FUR-FU-10002088,Nu-Dell Float Frame 11 x 14 1/2,170,56.035199999999996,22,7,0.32961882352941174
FUR-FU-10002094,"Rubbermaid Photo Frame, Erganomic",444,95.556,10,4,0.2152162162162162
FUR-FU-10002104,"Advantus Photo Frame, Black",402,68.748,15,4,0.17101492537313434
FUR-FU-10002107,Eldon Pizzaz Desk Accessories,37,13.736799999999999,19,4,0.3712648648648648
FUR-FU-10002111,"Master Caster Door Stop, Large Brown",60,14.56,10,3,0.24266666666666667
FUR-FU-10002116,"Tenex Carpeted, Granite-Look or Clear Contemporary Contour Shape Chair Mats",764,-222.73649999999998,15,5,-0.2915399214659686
FUR-FU-10002122,"Rubbermaid Frame, Duo Pack",279,-73.36,5,2,-0.26293906810035844
FUR-FU-10002157,Artistic Insta-Plaque,157,61.152,10,3,0.3895031847133758
FUR-FU-10002168,"Eldon Photo Frame, Black",278,77.32799999999999,8,4,0.2781582733812949
FUR-FU-10002170,"Deflect-O Frame, Duo Pack",206,-251.86,7,1,-1.222621359223301
FUR-FU-10002170,"Eldon Stacking Tray, Durable",86,17.91,3,1,0.20825581395348838
FUR-FU-10002185,"Eldon Photo Frame, Durable",110,55.14,2,1,0.5012727272727273
FUR-FU-10002191,G.E. Halogen Desk Lamp Bulbs,63,22.8944,11,5,0.3634031746031746
FUR-FU-10002210,"Tenex Clock, Black",1132,129.105,24,6,0.11405035335689045
FUR-FU-10002223,"Deflect-O Stacking Tray, Durable",464,101.997,19,4,0.21982112068965518
FUR-FU-10002240,Nu-Dell EZ-Mount Plastic Wall Frames,20,0.7879999999999998,8,2,0.03939999999999999
FUR-FU-10002246,"Tenex Frame, Duo Pack",643,105.5136,8,1,0.16409580093312598
FUR-FU-10002250,"Advantus Photo Frame, Durable",543,194.9886,12,3,0.3590950276243094
FUR-FU-10002253,"Howard Miller 13"" Diameter Pewter Finish Round Wall Clock",1049,340.5142,27,7,0.3246083889418494
FUR-FU-10002268,Ultra Door Push Plate,150,37.4142,34,7,0.249428
FUR-FU-10002292,"Deflect-O Door Stop, Duo Pack",751,231.6507,20,5,0.30845632490013314
FUR-FU-10002298,"Rubbermaid ClusterMat Chairmats, Mat Size- 66"" x 60"", Lip 20"" x 11"" -90 Degree Angle",2064,-173.12879999999996,24,5,-0.08388023255813952
FUR-FU-10002304,"Tenex Photo Frame, Duo Pack",249,84.06,6,1,0.33759036144578314
FUR-FU-10002305,"Advantus Door Stop, Black",432,-30.251999999999995,13,4,-0.07002777777777777
FUR-FU-10002335,"Rubbermaid Light Bulb, Durable",358,61.005900000000004,26,7,0.17040754189944135
FUR-FU-10002362,"Advantus Door Stop, Black",772,160.4742,23,6,0.2078681347150259
FUR-FU-10002364,"Eldon Expressions Wood Desk Accessories, Oak",184,10.110600000000002,33,12,0.05494891304347827
FUR-FU-10002379,Eldon Econocleat Chair Mats for Low Pile Carpets,331,39.8112,8,2,0.12027552870090634
FUR-FU-10002387,"Rubbermaid Photo Frame, Durable",790,203.944,32,8,0.25815696202531646
FUR-FU-10002396,"DAX Copper Panel Document Frame, 5 x 7 Size",170,39.7528,18,5,0.23384
FUR-FU-10002407,"Deflect-O Light Bulb, Duo Pack",46,-21.36,4,1,-0.4643478260869565
FUR-FU-10002412,"Tenex Clock, Duo Pack",308,17.368000000000002,14,3,0.0563896103896104
FUR-FU-10002422,"Eldon Photo Frame, Duo Pack",1129,-137.66199999999998,34,8,-0.12193268379096543
FUR-FU-10002445,"DAX Two-Tone Rosewood/Black Document Frame, Desktop, 5 x 7",214,73.944,25,8,0.34553271028037386
FUR-FU-10002456,"Master Caster Door Stop, Large Neon Orange",155,42.2968,27,7,0.2728825806451613
FUR-FU-10002459,"Rubbermaid Door Stop, Duo Pack",839,27.3546,21,7,0.03260381406436234
FUR-FU-10002485,"Rubbermaid Photo Frame, Duo Pack",332,96.58399999999999,10,4,0.29091566265060237
FUR-FU-10002486,"Advantus Clock, Durable",355,19.160000000000004,13,3,0.0539718309859155
FUR-FU-10002501,Nu-Dell Executive Frame,409,98.97120000000001,39,6,0.24198337408312962
FUR-FU-10002502,"Eldon Light Bulb, Durable",240,37.044000000000004,16,4,0.15435000000000001
FUR-FU-10002505,Eldon 100 Class Desk Accessories,36,-4.8528,18,4,-0.1348
FUR-FU-10002506,"Tensor ""Hersey Kiss"" Styled Floor Lamp",94,2.0784000000000002,8,3,0.022110638297872343
FUR-FU-10002508,Document Clip Frames,45,16.0128,6,2,0.35584
FUR-FU-10002521,"Tenex Stacking Tray, Black",328,-19.230000000000004,16,5,-0.058628048780487815
FUR-FU-10002525,"Deflect-O Door Stop, Erganomic",1419,561.2895,38,7,0.39555285412262153
FUR-FU-10002539,"Tenex Clock, Erganomic",1515,681.69,31,6,0.44996039603960397
FUR-FU-10002546,"Deflect-O Light Bulb, Durable",32,6.72,2,1,0.21
FUR-FU-10002549,"Deflect-O Clock, Duo Pack",473,15.078,10,3,0.03187737843551797
FUR-FU-10002553,"Electrix Incandescent Magnifying Lamp, Black",117,-16.4925,5,2,-0.14096153846153847
FUR-FU-10002554,"Westinghouse Floor Lamp with Metal Mesh Shade, Black",168,38.6239,7,4,0.22990416666666666
FUR-FU-10002557,"Rubbermaid Stacking Tray, Erganomic",425,-62.076,22,5,-0.14606117647058825
FUR-FU-10002597,"C-Line Magnetic Cubicle Keepers, Clear Polypropylene",138,56.1184,28,7,0.40665507246376814
FUR-FU-10002598,"Tenex Photo Frame, Durable",587,161.6787,15,4,0.2754321976149915
FUR-FU-10002614,"Tenex Door Stop, Black",132,43.38,3,1,0.32863636363636367
FUR-FU-10002630,"Tenex Clock, Erganomic",241,32.832,9,3,0.1362323651452282
FUR-FU-10002637,"Deflect-O Stacking Tray, Erganomic",119,-17.124,11,4,-0.14389915966386554
FUR-FU-10002648,"Rubbermaid Stacking Tray, Erganomic",416,196.6896,18,6,0.4728115384615385
FUR-FU-10002655,"Deflect-O Door Stop, Black",774,-155.10000000000002,22,5,-0.20038759689922483
FUR-FU-10002659,"Eldon Clock, Black",1806,423.8436,37,8,0.23468637873754153
FUR-FU-10002659,"Tenex Door Stop, Erganomic",141,8.5,5,3,0.06028368794326241
FUR-FU-10002665,"Advantus Light Bulb, Erganomic",450,141.2583,27,7,0.3139073333333333
FUR-FU-10002671,Electrix 20W Halogen Replacement Bulb for Zoom-In Desk Lamp,168,78.256,13,5,0.4658095238095238
FUR-FU-10002685,"Executive Impressions 13-1/2"" Indoor/Outdoor Wall Clock",56,21.317999999999998,3,2,0.38067857142857137
FUR-FU-10002696,"Eldon Frame, Durable",2705,582.796,39,9,0.21545138632162664
FUR-FU-10002698,"Deflect-O Clock, Erganomic",280,3.7319999999999984,16,4,0.013328571428571422
FUR-FU-10002699,"Eldon Photo Frame, Erganomic",842,-9.526800000000009,20,7,-0.011314489311163906
FUR-FU-10002703,"Tenex Traditional Chairmats for Hard Floors, Average Lip, 36"" x 48""",181,-46.403999999999996,4,2,-0.2563756906077348
FUR-FU-10002709,"Advantus Clock, Erganomic",240,-57.132,6,2,-0.23804999999999998
FUR-FU-10002722,"Tenex Photo Frame, Erganomic",283,3.935999999999999,6,2,0.013908127208480562
FUR-FU-10002751,"Advantus Photo Frame, Durable",434,-36.68,15,5,-0.08451612903225807
FUR-FU-10002759,12-1/2 Diameter Round Wall Clock,552,91.1088,36,8,0.16505217391304347
FUR-FU-10002784,"Advantus Photo Frame, Duo Pack",42,-12.768,3,1,-0.304
FUR-FU-10002800,"Tenex Photo Frame, Erganomic",303,11.88,12,5,0.03920792079207921
FUR-FU-10002803,"Deflect-O Stacking Tray, Erganomic",520,-31.653000000000002,25,6,-0.06087115384615385
FUR-FU-10002804,"Advantus Clock, Duo Pack",123,-51.48,4,1,-0.41853658536585364
FUR-FU-10002813,"DAX Contemporary Wood Frame with Silver Metal Mat, Desktop, 11 x 14 Size",291,97.152,15,5,0.3338556701030928
FUR-FU-10002818,"Advantus Stacking Tray, Black",460,195.282,30,8,0.4245260869565218
FUR-FU-10002829,"Deflect-O Clock, Black",1107,-64.6893,25,7,-0.05843658536585366
FUR-FU-10002829,"Deflect-O Photo Frame, Black",830,190.56,24,4,0.22959036144578313
FUR-FU-10002834,"Deflect-O Light Bulb, Erganomic",23,-25.92,5,1,-1.1269565217391304
FUR-FU-10002837,"Advantus Frame, Duo Pack",1111,-24.72,21,5,-0.02225022502250225
FUR-FU-10002838,"Advantus Frame, Black",100,9.978,1,1,0.09978
FUR-FU-10002848,"Advantus Stacking Tray, Black",446,75.67410000000001,20,5,0.16967286995515699
FUR-FU-10002874,Ultra Commercial Grade Dual Valve Door Closer,64,9.5736,2,1,0.1495875
FUR-FU-10002878,"Seth Thomas 14"" Day/Date Wall Clock",467,162.0512,17,6,0.34700471092077084
FUR-FU-10002885,Magna Visual Magnetic Picture Hangers,86,28.0524,19,6,0.3261906976744186
FUR-FU-10002890,"Rubbermaid Frame, Durable",1938,-201.2304,23,6,-0.10383405572755418
FUR-FU-10002918,Eldon ClusterMat Chair Mat with Cordless Antistatic Protection,1201,-256.5636,18,5,-0.21362497918401332
FUR-FU-10002919,"Rubbermaid Frame, Erganomic",1628,602.1,15,4,0.36984029484029485
FUR-FU-10002928,"Eldon Light Bulb, Erganomic",119,34.2036,6,3,0.2874252100840336
FUR-FU-10002928,"Rubbermaid Clock, Durable",260,75.405,6,3,0.29001923076923075
FUR-FU-10002930,"Eldon Door Stop, Duo Pack",181,-12.168,6,1,-0.06722651933701657
FUR-FU-10002933,"Advantus Stacking Tray, Erganomic",816,-39.312,43,6,-0.04817647058823529
FUR-FU-10002937,"GE 48"" Fluorescent Tube, Cool White Energy Saver, 34 Watts, 30/Box",2697,1260.221,29,8,0.4672677048572488
FUR-FU-10002937,"Rubbermaid Light Bulb, Durable",381,132.84,26,6,0.3486614173228347
FUR-FU-10002957,"Tenex Stacking Tray, Durable",154,0.30299999999999994,8,2,0.0019675324675324673
FUR-FU-10002960,"Eldon 200 Class Desk Accessories, Burgundy",135,44.588,25,5,0.3302814814814815
FUR-FU-10002963,"Master Caster Door Stop, Gray",47,14.224,10,4,0.3026382978723404
FUR-FU-10002972,"Advantus Light Bulb, Duo Pack",287,16.059,15,5,0.05595470383275262
FUR-FU-10002979,"Eldon Frame, Black",465,130.2,4,1,0.27999999999999997
FUR-FU-10003012,"Rubbermaid Stacking Tray, Durable",430,86.04119999999999,21,4,0.20009581395348836
FUR-FU-10003026,"Eldon Regeneration Recycled Desk Accessories, Black",40,13.116399999999999,9,3,0.32791
FUR-FU-10003036,"Eldon Door Stop, Durable",189,-3.2399999999999998,10,2,-0.01714285714285714
FUR-FU-10003039,"Howard Miller 11-1/2"" Diameter Grantwood Wall Clock",501,101.78679999999999,14,6,0.20316726546906186
FUR-FU-10003046,"Advantus Photo Frame, Durable",665,-133.437,19,5,-0.20065714285714287
FUR-FU-10003052,"Advantus Photo Frame, Duo Pack",1161,338.826,25,7,0.29183979328165377
FUR-FU-10003066,"Deflect-O Frame, Duo Pack",763,-151.4,14,3,-0.1984272608125819
FUR-FU-10003069,"Deflect-O Photo Frame, Durable",690,-25.616999999999994,17,5,-0.03712608695652173
FUR-FU-10003094,"Eldon Clock, Erganomic",386,192.99,7,2,0.49997409326424874
FUR-FU-10003095,"Linden 12"" Wall Clock With Oak Frame",102,30.582,3,1,0.2998235294117647
FUR-FU-10003096,"Master Giant Foot Doorstop, Safety Yellow",83,31.5744,12,3,0.3804144578313253
FUR-FU-10003112,"Tenex Frame, Durable",957,196.05599999999998,15,3,0.20486520376175546
FUR-FU-10003142,"Master Big Foot Doorstop, Beige",152,42.768,30,6,0.2813684210526316
FUR-FU-10003150,"Eldon Door Stop, Erganomic",372,63.227999999999994,15,5,0.16996774193548386
FUR-FU-10003192,Luxo Adjustable Task Clamp Lamp,1546,362.46720000000005,18,4,0.23445485122897805
FUR-FU-10003194,"Eldon Expressions Desk Accessory, Wood Pencil Holder, Oak",108,6.754999999999999,15,4,0.06254629629629628
FUR-FU-10003198,"Rubbermaid Photo Frame, Erganomic",631,-33.4602,15,5,-0.05302725832012679
FUR-FU-10003214,"Eldon Stacking Tray, Durable",892,120.11250000000001,37,10,0.13465526905829597
FUR-FU-10003217,"Tenex Frame, Durable",1229,158.2149,13,3,0.1287346623270952
FUR-FU-10003219,"Eldon Frame, Erganomic",804,112.56,7,2,0.14
FUR-FU-10003235,"Eldon Frame, Durable",627,21.4584,6,3,0.03422392344497608
FUR-FU-10003237,"Eldon Stacking Tray, Durable",234,-17.154000000000003,15,5,-0.07330769230769232
FUR-FU-10003247,36X48 HARDFLOOR CHAIRMAT,370,-40.4914,21,6,-0.10943621621621621
FUR-FU-10003264,"Rubbermaid Clock, Black",402,196.56,8,2,0.48895522388059703
FUR-FU-10003268,Eldon Radial Chair Mat for Low to Medium Pile Carpets,776,135.932,20,6,0.1751701030927835
FUR-FU-10003273,"Tenex Frame, Duo Pack",1482,-326.568,29,6,-0.2203562753036437
FUR-FU-10003274,Regeneration Desk Collection,36,15.2064,21,5,0.4224
FUR-FU-10003276,"Rubbermaid Light Bulb, Durable",32,8.88,2,1,0.2775
FUR-FU-10003283,"Rubbermaid Stacking Tray, Durable",191,5.763999999999999,17,5,0.030178010471204185
FUR-FU-10003297,"Rubbermaid Frame, Erganomic",2039,-132.732,33,8,-0.06509661598822952
FUR-FU-10003325,"Tenex Door Stop, Duo Pack",686,298.74,16,4,0.43548104956268224
FUR-FU-10003326,"Eldon Photo Frame, Duo Pack",58,15.69,1,1,0.2705172413793103
FUR-FU-10003336,"Eldon Door Stop, Erganomic",59,-15.624,2,1,-0.26481355932203393
FUR-FU-10003339,"Tenex Clock, Black",121,-46.32,4,1,-0.3828099173553719
FUR-FU-10003347,Coloredge Poster Frame,299,116.298,21,6,0.3889565217391304
FUR-FU-10003362,"Rubbermaid Stacking Tray, Erganomic",419,81.056,28,5,0.19345107398568018
FUR-FU-10003370,"Tenex Light Bulb, Durable",223,-87.82400000000001,30,6,-0.3938295964125561
FUR-FU-10003374,Electrix Fluorescent Magnifier Lamps & Weighted Base,464,73.0232,11,2,0.15737758620689657
FUR-FU-10003384,"Advantus Photo Frame, Duo Pack",614,228.864,21,6,0.372742671009772
FUR-FU-10003394,"Tenex ""The Solids"" Textured Chair Mats",1470,-40.576800000000006,26,7,-0.027603265306122452
FUR-FU-10003408,"Rubbermaid Stacking Tray, Erganomic",169,-0.10800000000000054,15,5,-0.000639053254437873
FUR-FU-10003414,"Deflect-O Light Bulb, Erganomic",205,-2.0299999999999976,21,7,-0.009902439024390232
FUR-FU-10003414,"Tenex Clock, Duo Pack",1134,242.9712,29,6,0.21426031746031746
FUR-FU-10003419,"Eldon Clock, Erganomic",604,258.704,18,5,0.428317880794702
FUR-FU-10003420,"Deflect-O Door Stop, Durable",363,120.87299999999999,10,4,0.33298347107438014
FUR-FU-10003424,Nu-Dell Oak Frame,152,35.4576,16,3,0.2332736842105263
FUR-FU-10003427,"Rubbermaid Frame, Erganomic",610,78.1062,7,2,0.12804295081967212
FUR-FU-10003447,"Eldon Light Bulb, Duo Pack",546,181.296,24,6,0.33204395604395603
FUR-FU-10003451,"Eldon Frame, Black",1069,-1.1624999999999943,10,4,-0.0010874649204864306
FUR-FU-10003462,"Rubbermaid Photo Frame, Black",166,-37.32,4,2,-0.22481927710843375
FUR-FU-10003464,"Seth Thomas 8 1/2"" Cubicle Clock",212,59.217600000000004,11,4,0.2793283018867925
FUR-FU-10003489,Contemporary Borderless Frame,36,3.6162,6,2,0.10045
FUR-FU-10003500,"Rubbermaid Photo Frame, Duo Pack",1088,391.23,21,6,0.35958639705882356
FUR-FU-10003507,"Deflect-O Stacking Tray, Erganomic",280,-25.896,27,6,-0.09248571428571428
FUR-FU-10003512,"Eldon Stacking Tray, Erganomic",190,35.826,7,1,0.18855789473684212
FUR-FU-10003535,Howard Miller Distant Time Traveler Alarm Clock,531,192.2142,21,6,0.3619853107344633
FUR-FU-10003540,"Deflect-O Light Bulb, Erganomic",283,67.9683,19,6,0.24017067137809187
FUR-FU-10003540,"Deflect-O Stacking Tray, Erganomic",299,40.575,15,3,0.13570234113712376
FUR-FU-10003546,"Advantus Clock, Durable",97,31.92,2,1,0.32907216494845365
FUR-FU-10003552,"Tenex Door Stop, Duo Pack",53,-21.12,2,1,-0.39849056603773586
FUR-FU-10003553,"Howard Miller 13-1/2"" Diameter Rosebrook Wall Clock",950,247.572,17,5,0.2606021052631579
FUR-FU-10003577,Nu-Dell Leatherette Frames,247,81.4512,18,3,0.32976194331983805
FUR-FU-10003601,"Deflect-o RollaMat Studded, Beveled Mat for Medium Pile Carpeting",1624,-343.0956,26,6,-0.21126576354679802
FUR-FU-10003605,"Eldon Light Bulb, Durable",517,199.27439999999999,26,8,0.3854437137330754
FUR-FU-10003608,"Advantus Light Bulb, Black",409,33.468,39,11,0.08182885085574573
FUR-FU-10003608,"Tenex Light Bulb, Erganomic",416,-13.065000000000001,26,4,-0.031406250000000004
FUR-FU-10003609,"Rubbermaid Frame, Duo Pack",352,131.88,4,2,0.3746590909090909
FUR-FU-10003619,"Tenex Clock, Black",634,67.5,15,4,0.10646687697160884
FUR-FU-10003622,"Tenex Light Bulb, Erganomic",245,-42.12,27,7,-0.17191836734693877
FUR-FU-10003623,"DataProducts Ampli Magnifier Task Lamp, Black,",508,99.5808,21,5,0.19602519685039368
FUR-FU-10003651,"Deflect-O Stacking Tray, Erganomic",261,-39.156,14,4,-0.15002298850574713
FUR-FU-10003658,"Tenex Light Bulb, Duo Pack",427,11.834999999999999,24,7,0.02771662763466042
FUR-FU-10003662,"Tenex Door Stop, Erganomic",544,43.908,14,4,0.08071323529411766
FUR-FU-10003664,"Electrix Architect's Clamp-On Swing Arm Lamp, Black",2863,627.1722,33,4,0.2190611945511701
FUR-FU-10003664,"Tenex Frame, Erganomic",1629,537.3,15,5,0.32983425414364637
FUR-FU-10003691,"Eldon Image Series Desk Accessories, Ebony",180,55.821999999999996,18,5,0.3101222222222222
FUR-FU-10003694,"Rubbermaid Clock, Duo Pack",393,-83.316,17,5,-0.212
FUR-FU-10003708,"Tenex Traditional Chairmats for Medium Pile Carpet, Standard Lip, 36"" x 48""",1322,172.246,24,6,0.13029198184568835
FUR-FU-10003717,"Deflect-O Light Bulb, Black",30,-7.656,6,1,-0.2552
FUR-FU-10003724,Westinghouse Clip-On Gooseneck Lamps,280,44.1936,38,9,0.15783428571428573
FUR-FU-10003725,"Advantus Light Bulb, Erganomic",15,-22.428,3,1,-1.4952
FUR-FU-10003731,"Eldon Expressions Wood and Plastic Desk Accessories, Oak",150,41.916,15,5,0.27943999999999997
FUR-FU-10003736,"Rubbermaid Frame, Duo Pack",1496,725.46,14,3,0.48493315508021395
FUR-FU-10003773,Eldon Cleatmat Plus Chair Mats for High Pile Carpets,1305,-111.32800000000002,20,5,-0.08530881226053641
FUR-FU-10003798,"Ultra Door Kickplate, 8""H x 34""W",158,27.692,10,2,0.17526582278481012
FUR-FU-10003799,"Seth Thomas 13 1/2"" Wall Clock",316,71.12,20,5,0.22506329113924053
FUR-FU-10003804,"Rubbermaid Frame, Durable",931,208.494,9,3,0.22394629430719656
FUR-FU-10003806,"Tenex Chairmat w/ Average Lip, 45"" x 53""",2059,-529.76,19,4,-0.2572899465760078
FUR-FU-10003826,"Eldon Door Stop, Duo Pack",151,54.18,3,1,0.35880794701986757
FUR-FU-10003829,Stackable Trays,65,17.1248,23,7,0.26345846153846153
FUR-FU-10003832,"Eldon Expressions Punched Metal & Wood Desk Accessories, Black & Cherry",156,20.636,20,5,0.13228205128205128
FUR-FU-10003849,"DAX Metal Frame, Desktop, Stepped-Edge",161,26.1096,11,5,0.16217142857142858
FUR-FU-10003855,"Rubbermaid Clock, Erganomic",732,212.9178,19,3,0.29087131147540984
FUR-FU-10003862,"Advantus Photo Frame, Black",1325,-39.72,26,4,-0.02997735849056604
FUR-FU-10003874,"Advantus Door Stop, Erganomic",595,-244.61,34,8,-0.41110924369747903
FUR-FU-10003878,"Linden 10"" Round Wall Clock, Black",255,41.8672,21,6,0.1641850980392157
FUR-FU-10003879,"Advantus Frame, Erganomic",878,280.8,8,3,0.3198177676537586
FUR-FU-10003886,"Tenex Photo Frame, Black",208,87.0,6,3,0.4182692307692308
FUR-FU-10003901,"Advantus Stacking Tray, Erganomic",90,-30.096,9,3,-0.3344
FUR-FU-10003910,"Rubbermaid Stacking Tray, Durable",171,9.852,10,2,0.0576140350877193
FUR-FU-10003918,"Advantus Photo Frame, Black",1152,427.8048,24,5,0.37135833333333335
FUR-FU-10003919,Eldon Executive Woodline II Cherry Finish Desk Accessories,98,-78.5088,6,2,-0.8011102040816326
FUR-FU-10003930,Howard Miller 12-3/4 Diameter Accuwave DS  Wall Clock,786,147.9372,14,2,0.1882152671755725
FUR-FU-10003939,"Tenex Photo Frame, Duo Pack",1499,401.433,33,7,0.2678005336891261
FUR-FU-10003960,"Deflect-O Stacking Tray, Erganomic",264,-23.431200000000004,14,3,-0.08875454545454547
FUR-FU-10003970,"Rubbermaid Clock, Durable",287,76.389,7,3,0.2661637630662021
FUR-FU-10003975,Eldon Advantage Chair Mats for Low to Medium Pile Carpets,563,56.303000000000004,13,5,0.10000532859680285
FUR-FU-10003976,"DAX Executive Solid Wood Document Frame, Desktop or Hang, Mahogany, 5 x 7",196,55.1004,17,5,0.28112448979591836
FUR-FU-10003981,Eldon Wave Desk Accessories,29,10.6496,16,5,0.36722758620689655
FUR-FU-10003986,"Rubbermaid Door Stop, Black",237,55.080000000000005,6,3,0.23240506329113927
FUR-FU-10004006,"Deflect-o DuraMat Lighweight, Studded, Beveled Mat for Low Pile Carpeting",673,72.07849999999999,17,6,0.1071002971768202
FUR-FU-10004013,"Deflect-O Clock, Durable",367,98.256,16,4,0.2677275204359673
FUR-FU-10004013,"Tenex Stacking Tray, Erganomic",355,-68.22,27,8,-0.19216901408450704
FUR-FU-10004015,"Tenex Clock, Durable",864,238.06799999999998,31,9,0.27554166666666663
FUR-FU-10004017,"Executive Impressions 13"" Chairman Wall Clock",254,72.333,11,3,0.2847755905511811
FUR-FU-10004017,"Tenex Contemporary Contur Chairmats for Low and Medium Pile Carpet, Computer, 39"" x 49""",1012,150.542,10,4,0.14875691699604743
FUR-FU-10004018,Tensor Computer Mounted Lamp,536,144.7308,36,8,0.2700201492537313
FUR-FU-10004019,"Rubbermaid Door Stop, Erganomic",340,152.64,12,2,0.4489411764705882
FUR-FU-10004020,Advantus Panel Wall Acrylic Frame,87,25.162,20,5,0.2892183908045977
FUR-FU-10004031,"Advantus Frame, Durable",216,45.42,2,1,0.21027777777777779
FUR-FU-10004049,"Eldon Light Bulb, Erganomic",219,-74.436,14,3,-0.33989041095890415
FUR-FU-10004053,DAX Two-Tone Silver Metal Document Frame,234,84.8056,13,6,0.362417094017094
FUR-FU-10004064,"Rubbermaid Door Stop, Erganomic",688,283.05240000000003,18,6,0.4114133720930233
FUR-FU-10004071,Luxo Professional Magnifying Clamp-On Fluorescent Lamps,1269,106.09020000000001,13,4,0.08360141843971632
FUR-FU-10004074,"Advantus Stacking Tray, Erganomic",768,44.682900000000004,38,7,0.058180859375000005
FUR-FU-10004090,"Executive Impressions 14"" Contract Wall Clock",346,93.5883,17,7,0.2704864161849711
FUR-FU-10004091,"Eldon 200 Class Desk Accessories, Black",76,28.6368,12,2,0.3768
FUR-FU-10004091,"Howard Miller 13"" Diameter Goldtone Round Wall Clock",1042,294.3138,27,6,0.28245086372360845
FUR-FU-10004093,Hand-Finished Solid Wood Document Frame,260,68.46,8,3,0.2633076923076923
FUR-FU-10004095,"Eldon Frame, Durable",3116,683.55,29,6,0.21936777920410783
FUR-FU-10004096,"Deflect-O Light Bulb, Erganomic",88,43.95,5,2,0.4994318181818182
FUR-FU-10004097,"Advantus Door Stop, Duo Pack",590,-129.951,17,4,-0.22025593220338982
FUR-FU-10004117,"Eldon Door Stop, Black",321,90.22399999999999,10,4,0.28107165109034266
FUR-FU-10004137,"Tenex Light Bulb, Erganomic",400,-0.17999999999999972,24,4,-0.0004499999999999993
FUR-FU-10004139,"Tenex Photo Frame, Duo Pack",437,71.14,17,6,0.16279176201372997
FUR-FU-10004152,"Eldon Photo Frame, Erganomic",510,23.460000000000004,13,4,0.046000000000000006
FUR-FU-10004158,"Deflect-O Frame, Black",1646,258.498,20,5,0.15704617253948966
FUR-FU-10004164,"Eldon 300 Class Desk Accessories, Black",30,13.068000000000001,6,2,0.43560000000000004
FUR-FU-10004181,"Rubbermaid Photo Frame, Black",346,30.359999999999996,12,3,0.08774566473988438
FUR-FU-10004182,"Eldon Stacking Tray, Black",621,207.24,23,5,0.33371980676328505
FUR-FU-10004188,Luxo Professional Combination Clamp-On Lamps,1331,345.774,13,5,0.25978512396694214
FUR-FU-10004224,"Deflect-O Photo Frame, Erganomic",411,153.196,15,5,0.3727396593673966
FUR-FU-10004236,"Deflect-O Light Bulb, Black",198,63.516,11,3,0.3207878787878788
FUR-FU-10004241,"Deflect-O Light Bulb, Black",188,22.671,11,2,0.12059042553191489
FUR-FU-10004245,"Career Cubicle Clock, 8 1/4"", Black",194,68.952,10,3,0.35542268041237113
FUR-FU-10004270,"Eldon Image Series Desk Accessories, Burgundy",112,28.2568,31,8,0.25229285714285715
FUR-FU-10004270,"Executive Impressions 13"" Clairmont Wall Clock",316,88.458,20,8,0.27993037974683543
FUR-FU-10004281,"Eldon Light Bulb, Erganomic",95,39.0,4,1,0.4105263157894737
FUR-FU-10004283,"Tenex Door Stop, Duo Pack",985,62.108999999999995,25,5,0.06305482233502538
FUR-FU-10004288,"Eldon Frame, Duo Pack",1326,-642.366,27,7,-0.48443891402714934
FUR-FU-10004289,"Deflect-O Stacking Tray, Black",345,149.46,14,5,0.43321739130434783
FUR-FU-10004306,Electrix Halogen Magnifier Lamp,2760,314.766,17,6,0.11404565217391305
FUR-FU-10004313,"Eldon Light Bulb, Duo Pack",405,146.1,17,7,0.36074074074074075
FUR-FU-10004338,"Tenex Light Bulb, Black",264,-21.064,34,8,-0.07978787878787878
FUR-FU-10004339,"Deflect-O Frame, Black",1892,-84.81200000000001,35,9,-0.04482663847780127
FUR-FU-10004351,Staples,202,71.68639999999999,24,6,0.35488316831683164
FUR-FU-10004415,"Stacking Tray, Side-Loading, Legal, Smoke",47,-2.8672000000000004,16,4,-0.061004255319148944
FUR-FU-10004421,"Tenex Clock, Durable",90,-42.617999999999995,5,2,-0.47353333333333325
FUR-FU-10004422,"Advantus Photo Frame, Erganomic",773,371.25,15,5,0.48027166882276845
FUR-FU-10004427,"Advantus Stacking Tray, Erganomic",97,7.72,10,4,0.07958762886597938
FUR-FU-10004450,"Eldon Light Bulb, Duo Pack",314,73.22399999999999,25,5,0.23319745222929933
FUR-FU-10004458,"Rubbermaid Door Stop, Black",251,42.34,11,4,0.16868525896414344
FUR-FU-10004459,"Deflect-O Door Stop, Erganomic",485,31.338,13,4,0.06461443298969072
FUR-FU-10004460,"Howard Miller 12"" Round Wall Clock",479,127.2996,14,2,0.26576116910229647
FUR-FU-10004460,"Tenex Clock, Black",530,8.500000000000002,21,5,0.016037735849056607
FUR-FU-10004462,"Advantus Stacking Tray, Black",349,63.126,15,3,0.18087679083094554
FUR-FU-10004464,"Deflect-O Clock, Durable",986,10.062000000000001,21,8,0.010204868154158216
FUR-FU-10004474,"Rubbermaid Door Stop, Duo Pack",509,214.276,19,6,0.4209744597249509
FUR-FU-10004483,"Deflect-O Light Bulb, Durable",142,54.468,11,4,0.3835774647887324
FUR-FU-10004497,"Tenex Door Stop, Erganomic",102,-15.336,4,1,-0.15035294117647058
FUR-FU-10004503,"Tenex Photo Frame, Black",425,135.648,9,3,0.3191717647058823
FUR-FU-10004509,"Advantus Door Stop, Duo Pack",821,116.6598,22,7,0.14209476248477468
FUR-FU-10004516,"Deflect-O Frame, Black",2981,1255.884,28,5,0.42129620932572964
FUR-FU-10004527,"Advantus Frame, Duo Pack",1602,716.742,15,5,0.44740449438202246
FUR-FU-10004549,"Advantus Frame, Erganomic",734,121.8006,9,2,0.1659408719346049
FUR-FU-10004579,"Deflect-O Door Stop, Duo Pack",646,139.887,18,5,0.21654334365325079
FUR-FU-10004579,"Rubbermaid Door Stop, Durable",30,2.8359,1,1,0.09453
FUR-FU-10004586,G.E. Longer-Life Indoor Recessed Floodlight Bulbs,80,25.763199999999998,16,6,0.32204
FUR-FU-10004587,"GE General Use Halogen Bulbs, 100 Watts, 1 Bulb per Pack",163,3.141000000000002,15,3,0.01926993865030676
FUR-FU-10004596,"Tenex Door Stop, Black",476,-179.268,24,6,-0.3766134453781513
FUR-FU-10004597,Eldon Cleatmat Chair Mats for Medium Pile Carpets,344,-42.18000000000001,8,4,-0.12261627906976746
FUR-FU-10004598,"Deflect-O Stacking Tray, Durable",289,-77.408,22,7,-0.2678477508650519
FUR-FU-10004604,"Deflect-O Clock, Erganomic",867,64.161,18,7,0.07400346020761246
FUR-FU-10004608,"Advantus Door Stop, Erganomic",1236,241.335,33,10,0.19525485436893206
FUR-FU-10004614,"Rubbermaid Frame, Black",330,125.19,3,1,0.37936363636363635
FUR-FU-10004617,"Eldon Stacking Tray, Duo Pack",454,87.864,26,5,0.1935330396475771
FUR-FU-10004619,"Tenex Stacking Tray, Erganomic",383,118.25999999999999,19,4,0.3087728459530026
FUR-FU-10004622,Eldon Advantage Foldable Chair Mats for Low Pile Carpets,379,-48.78,10,3,-0.1287071240105541
FUR-FU-10004640,"Tenex Light Bulb, Durable",259,19.362,17,5,0.07475675675675675
FUR-FU-10004665,"3M Polarizing Task Lamp with Clamp Arm, Light Gray",2192,569.8368,16,4,0.25996204379562043
FUR-FU-10004666,DAX Clear Channel Poster Frame,119,27.701999999999998,10,3,0.23278991596638654
FUR-FU-10004671,"Executive Impressions 12"" Wall Clock",175,23.3244,14,6,0.13328228571428571
FUR-FU-10004689,"Advantus Light Bulb, Duo Pack",281,56.28,14,4,0.2002846975088968
FUR-FU-10004704,"Deflect-O Door Stop, Black",643,16.998,19,6,0.026435458786936237
FUR-FU-10004712,"Westinghouse Mesh Shade Clip-On Gooseneck Lamp, Black",85,22.0584,6,2,0.2595105882352941
FUR-FU-10004730,"Rubbermaid Light Bulb, Erganomic",275,-29.0574,18,6,-0.10566327272727273
FUR-FU-10004748,"Howard Miller 16"" Diameter Gallery Wall Clock",576,107.41919999999999,12,4,0.18649166666666664
FUR-FU-10004778,"Deflect-O Light Bulb, Duo Pack",290,-11.538000000000002,18,5,-0.03978620689655173
FUR-FU-10004780,"Deflect-O Frame, Duo Pack",2446,-170.058,24,8,-0.06952493867538839
FUR-FU-10004787,"Advantus Frame, Durable",1225,-366.36,23,6,-0.29906938775510206
FUR-FU-10004790,"Advantus Photo Frame, Erganomic",992,36.71999999999999,36,7,0.03701612903225806
FUR-FU-10004797,"Tenex Stacking Tray, Erganomic",368,-2.3100000000000005,20,6,-0.00627717391304348
FUR-FU-10004800,"Eldon Stacking Tray, Black",78,-45.78,7,3,-0.586923076923077
FUR-FU-10004811,"Eldon Door Stop, Erganomic",820,189.144,17,4,0.23066341463414636
FUR-FU-10004816,"Advantus Door Stop, Duo Pack",300,66.0,10,3,0.22
FUR-FU-10004820,"Advantus Photo Frame, Erganomic",928,399.06,18,5,0.4300215517241379
FUR-FU-10004823,"Advantus Clock, Erganomic",60,-25.008,3,1,-0.4168
FUR-FU-10004842,"Advantus Light Bulb, Erganomic",235,-87.22,26,7,-0.3711489361702128
FUR-FU-10004845,"Deflect-o EconoMat Nonstudded, No Bevel Mat",703,123.96,14,3,0.17633001422475106
FUR-FU-10004848,DAX Solid Wood Frames,114,33.3157,13,3,0.29224298245614033
FUR-FU-10004848,"Howard Miller 13-3/4"" Diameter Brushed Chrome Round Wall Clock",1326,201.825,31,9,0.15220588235294116
FUR-FU-10004864,Eldon 500 Class Desk Accessories,197,60.4707,17,6,0.30695786802030456
FUR-FU-10004864,"Howard Miller 14-1/2"" Diameter Chrome Round Wall Clock",1638,375.9672,29,7,0.22952820512820513
FUR-FU-10004876,"Eldon Frame, Erganomic",965,65.268,9,2,0.06763523316062177
FUR-FU-10004888,"Tenex Stacking Tray, Erganomic",236,25.471999999999998,19,7,0.1079322033898305
FUR-FU-10004903,"Eldon Light Bulb, Black",442,85.32,30,9,0.1930316742081448
FUR-FU-10004904,"Eldon ""L"" Workstation Diamond Chairmat",1003,-267.4496,19,4,-0.2666496510468594
FUR-FU-10004907,"Advantus Light Bulb, Durable",41,-9.6,4,1,-0.23414634146341462
FUR-FU-10004909,Contemporary Wood/Metal Frame,194,4.848,18,4,0.024989690721649485
FUR-FU-10004915,"Rubbermaid Frame, Durable",1383,-240.50800000000004,23,8,-0.17390310918293567
FUR-FU-10004923,"Advantus Stacking Tray, Durable",30,-3.894,3,2,-0.1298
FUR-FU-10004952,"C-Line Cubicle Keepers Polyproplyene Holder w/Velcro Back, 8-1/2x11, 25/Bx",513,23.53819999999999,13,4,0.04588343079922025
FUR-FU-10004954,"Tenex Clock, Duo Pack",996,372.138,20,7,0.3736325301204819
FUR-FU-10004955,"Tenex Door Stop, Durable",459,-111.456,16,3,-0.24282352941176472
FUR-FU-10004960,"Deflect-O Photo Frame, Duo Pack",364,0.0,7,2,0.0
FUR-FU-10004960,"Deflect-O Photo Frame, Durable",405,-13.112000000000002,16,5,-0.03237530864197531
FUR-FU-10004960,"Seth Thomas 12"" Clock w/ Goldtone Case",391,132.8244,17,3,0.33970434782608694
FUR-FU-10004963,"Eldon 400 Class Desk Accessories, Black Carbon",159,47.6,22,6,0.2993710691823899
FUR-FU-10004973,Flat Face Poster Frame,680,120.9528,51,12,0.17787176470588234
FUR-FU-10004995,"Deflect-O Light Bulb, Durable",66,3.3432,5,2,0.05065454545454545
FUR-FU-10004998,"Eldon Stacking Tray, Erganomic",257,71.384,14,3,0.27775875486381324
FUR-HAR-10000100,"Harbour Creations Swivel Stool, Adjustable",2594,-299.718,22,7,-0.11554279105628373
FUR-HAR-10000334,"Harbour Creations Swivel Stool, Red",1080,26.909999999999997,9,6,0.024916666666666663
FUR-HAR-10000441,"Harbour Creations Rocking Chair, Adjustable",1601,379.746,12,7,0.2371930043722673
FUR-HAR-10000870,"Harbour Creations Bag Chairs, Black",195,-20.192999999999998,4,4,-0.10355384615384615
FUR-HAR-10001089,"Harbour Creations Rocking Chair, Black",839,130.068,7,4,0.1550274135876043
FUR-HAR-10001144,"Harbour Creations Bag Chairs, Adjustable",166,28.205999999999996,4,2,0.16991566265060237
FUR-HAR-10001374,"Harbour Creations Executive Leather Armchair, Red",2094,642.384,5,4,0.30677363896848137
FUR-HAR-10001792,"Harbour Creations Bag Chairs, Red",801,344.37,13,4,0.42992509363295883
FUR-HAR-10002178,"Harbour Creations Rocking Chair, Set of Two",971,-1111.11,17,3,-1.1442945417095776
FUR-HAR-10002223,"Harbour Creations Chairmat, Set of Two",208,-50.58,4,2,-0.2431730769230769
FUR-HAR-10002288,"Harbour Creations Rocking Chair, Red",735,36.75,5,2,0.05
FUR-HAR-10002328,"Harbour Creations Swivel Stool, Black",2577,552.315,17,6,0.21432479627473808
FUR-HAR-10002546,"Harbour Creations Chairmat, Black",599,48.402,10,4,0.08080467445742905
FUR-HAR-10002632,"Harbour Creations Chairmat, Adjustable",594,226.32,8,5,0.381010101010101
FUR-HAR-10002697,"Harbour Creations Executive Leather Armchair, Adjustable",800,80.01599999999999,3,3,0.10001999999999998
FUR-HAR-10002873,"Harbour Creations Executive Leather Armchair, Adjustable",8379,1523.5199999999998,24,5,0.18182599355531684
FUR-HAR-10003124,"Harbour Creations Chairmat, Red",382,40.31999999999999,6,3,0.10554973821989527
FUR-HAR-10003548,"Harbour Creations Bag Chairs, Set of Two",447,143.01,7,2,0.31993288590604024
FUR-HAR-10003770,"Harbour Creations Steel Folding Chair, Set of Two",100,35.04,1,1,0.3504
FUR-HAR-10004086,"Harbour Creations Steel Folding Chair, Black",1795,190.84799999999998,20,4,0.10632200557103064
FUR-HAR-10004129,"Harbour Creations Swivel Stool, Set of Two",2607,665.2410000000001,15,5,0.25517491369390105
FUR-HAR-10004593,"Harbour Creations Executive Leather Armchair, Black",1895,-1131.99,9,3,-0.5973562005277044
FUR-HAR-10004726,"Harbour Creations Steel Folding Chair, Adjustable",682,152.424,8,3,0.22349560117302053
FUR-HON-10000029,"Hon Bag Chairs, Black",256,51.12,6,2,0.1996875
FUR-HON-10000103,"Hon Swivel Stool, Red",1735,-491.07000000000005,16,5,-0.2830374639769453
FUR-HON-10000191,"Hon Bag Chairs, Adjustable",277,-244.068,14,5,-0.8811119133574008
FUR-HON-10000224,"Hon Computer Table, with Bottom Storage",2967,415.26,6,2,0.13995955510616784
FUR-HON-10000339,"Hon Bag Chairs, Set of Two",483,-17.279999999999998,12,7,-0.03577639751552795
FUR-HON-10000344,"Hon Rocking Chair, Red",262,20.88,2,2,0.07969465648854962
FUR-HON-10000722,"Hon Rocking Chair, Adjustable",1331,638.7,10,5,0.4798647633358378
FUR-HON-10001015,"Hon Training Table, Rectangular",330,46.23,1,1,0.14009090909090907
FUR-HON-10001343,"Hon Coffee Table, Fully Assembled",952,323.64,3,2,0.3399579831932773
FUR-HON-10001504,"Hon Rocking Chair, Black",1898,386.712,19,4,0.20374710221285564
FUR-HON-10001558,"Hon Swivel Stool, Black",3237,686.322,22,11,0.21202409638554218
FUR-HON-10001622,"Hon Chairmat, Red",167,23.31,3,2,0.13958083832335327
FUR-HON-10001627,"Hon Swivel Stool, Adjustable",880,13.122000000000014,6,4,0.014911363636363653
FUR-HON-10001689,"Hon Executive Leather Armchair, Red",2480,-275.634,6,5,-0.11114274193548387
FUR-HON-10001776,"Hon Bag Chairs, Red",393,90.105,10,5,0.22927480916030535
FUR-HON-10001847,"Hon Executive Leather Armchair, Adjustable",819,-395.622,3,3,-0.48305494505494506
FUR-HON-10001851,"Hon Executive Leather Armchair, Black",1371,507.41999999999996,3,3,0.37010940919037194
FUR-HON-10001960,"Hon Wood Table, Rectangular",1587,237.95999999999998,3,2,0.14994328922495273
FUR-HON-10002424,"Hon Steel Folding Chair, Red",456,153.762,7,4,0.33719736842105263
FUR-HON-10002570,"Hon Chairmat, Set of Two",947,90.88199999999999,19,5,0.09596832101372756
FUR-HON-10002599,"Hon Chairmat, Adjustable",615,85.812,12,6,0.13953170731707318
FUR-HON-10002837,"Hon Round Table, with Bottom Storage",1032,20.58,2,1,0.019941860465116278
FUR-HON-10002941,"Hon Swivel Stool, Set of Two",332,79.62,2,1,0.23981927710843376
FUR-HON-10003080,"Hon Computer Table, Adjustable Height",490,63.66,1,1,0.12991836734693876
FUR-HON-10003137,"Hon Steel Folding Chair, Set of Two",167,35.1,2,1,0.21017964071856288
FUR-HON-10003412,"Hon Wood Table, Fully Assembled",533,85.23,1,1,0.15990619136960602
FUR-HON-10003533,"Hon Executive Leather Armchair, Adjustable",5057,1364.88,11,3,0.2698991496934942
FUR-HON-10003593,"Hon Steel Folding Chair, Adjustable",344,-68.889,6,4,-0.20025872093023256
FUR-HON-10003653,"Hon Steel Folding Chair, Black",237,71.01,3,3,0.299620253164557
FUR-HON-10003871,"Hon Conference Table, Fully Assembled",1661,-83.07,3,2,-0.05001204093919325
FUR-HON-10003950,"Hon Coffee Table, Adjustable Height",954,458.01,3,3,0.4800943396226415
FUR-HON-10004137,"Hon Rocking Chair, Set of Two",1051,106.17300000000003,10,7,0.10102093244529023
FUR-HON-10004632,"Hon Chairmat, Black",106,4.2,2,1,0.03962264150943397
FUR-HON-10004932,"Hon Conference Table, with Bottom Storage",276,-304.116,1,1,-1.1018695652173913
FUR-HON-10004987,"Hon Training Table, Adjustable Height",2947,970.932,10,2,0.32946454021038346
FUR-IKE-10000521,"Ikea Classic Bookcase, Mobile",414,132.54,1,1,0.32014492753623186
FUR-IKE-10000619,"Ikea Corner Shelving, Pine",921,4.794000000000011,8,4,0.005205211726384377
FUR-IKE-10000649,"Ikea Library with Doors, Pine",2773,-1626.816,18,6,-0.5866628200504869
FUR-IKE-10001301,"Ikea Stackable Bookrack, Pine",2653,1288.542,22,6,0.4856924236713155
FUR-IKE-10001312,"Ikea Classic Bookcase, Traditional",6178,2346.75,15,6,0.37985594043379733
FUR-IKE-10001539,"Ikea Classic Bookcase, Pine",7517,-578.58,20,10,-0.07696953571903685
FUR-IKE-10002147,"Ikea 3-Shelf Cabinet, Traditional",85,-71.256,2,1,-0.8383058823529412
FUR-IKE-10002147,"Ikea Classic Bookcase, Metal",1726,-604.548,7,3,-0.3502595596755504
FUR-IKE-10002268,"Ikea Floating Shelf Set, Metal",510,86.58,3,2,0.16976470588235293
FUR-IKE-10002509,"Ikea 3-Shelf Cabinet, Metal",823,-488.40000000000003,11,5,-0.5934386391251519
FUR-IKE-10002719,"Ikea Library with Doors, Metal",726,261.24,2,2,0.3598347107438017
FUR-IKE-10002894,"Ikea Library with Doors, Traditional",3778,1133.496,13,6,0.30002541026998414
FUR-IKE-10003015,"Ikea Library with Doors, Mobile",3440,-36.846000000000004,10,4,-0.010711046511627909
FUR-IKE-10003053,"Ikea 3-Shelf Cabinet, Mobile",290,69.54,2,1,0.2397931034482759
FUR-IKE-10003251,"Ikea Floating Shelf Set, Mobile",69,-95.076,1,1,-1.3779130434782607
FUR-IKE-10003262,"Ikea Floating Shelf Set, Traditional",732,-68.238,5,4,-0.09322131147540984
FUR-IKE-10003576,"Ikea Floating Shelf Set, Pine",172,24.03,1,1,0.1397093023255814
FUR-IKE-10003642,"Ikea 3-Shelf Cabinet, Pine",1181,-215.92199999999997,10,7,-0.18282980524978829
FUR-IKE-10003682,"Ikea Corner Shelving, Metal",1667,-568.6980000000001,19,6,-0.3411505698860228
FUR-IKE-10003771,"Ikea Corner Shelving, Traditional",295,66.384,3,2,0.22503050847457629
FUR-IKE-10003796,"Ikea Stackable Bookrack, Metal",439,-30.605999999999995,5,3,-0.06971753986332573
FUR-IKE-10004160,"Ikea Stackable Bookrack, Traditional",1348,498.63,11,3,0.3699035608308605
FUR-IKE-10004815,"Ikea Stackable Bookrack, Mobile",300,105.03,3,3,0.3501
FUR-IKE-10004853,"Ikea Corner Shelving, Mobile",2009,261.12,16,2,0.1299751119960179
FUR-LES-10000488,"Lesro Coffee Table, Adjustable Height",508,172.8,2,1,0.3401574803149606
FUR-LES-10000874,"Lesro Computer Table, Fully Assembled",428,137.04,1,1,0.3201869158878505
FUR-LES-10000904,"Lesro Training Table, with Bottom Storage",538,91.38,2,1,0.16985130111524163
FUR-LES-10002026,"Lesro Conference Table, Rectangular",855,384.81,1,1,0.4500701754385965
FUR-LES-10002613,"Lesro Wood Table, Rectangular",930,158.1,2,2,0.16999999999999998
FUR-LES-10002616,"Lesro Conference Table, with Bottom Storage",1715,377.28,2,1,0.2199883381924198
FUR-LES-10002852,"Lesro Computer Table, Adjustable Height",852,212.94,2,2,0.24992957746478872
FUR-LES-10003082,"Lesro Coffee Table, Rectangular",325,-164.739,2,2,-0.5068892307692308
FUR-LES-10003538,"Lesro Coffee Table, Fully Assembled",101,-149.562,1,1,-1.480811881188119
FUR-LES-10004098,"Lesro Round Table, Rectangular",899,395.58,2,1,0.4400222469410456
FUR-LES-10004420,"Lesro Coffee Table, with Bottom Storage",504,115.92,2,1,0.23
FUR-LES-10004886,"Lesro Conference Table, Fully Assembled",1718,68.7,2,1,0.039988358556461004
FUR-NOV-10000123,"Novimex Rocking Chair, Red",789,141.84,6,2,0.17977186311787072
FUR-NOV-10000222,"Novimex Steel Folding Chair, Adjustable",679,-123.81,11,5,-0.18234167893961709
FUR-NOV-10000283,"Novimex Chairmat, Black",162,35.55,3,2,0.21944444444444441
FUR-NOV-10000323,"Novimex Executive Leather Armchair, Adjustable",598,-193.428,2,2,-0.3234581939799331
FUR-NOV-10000669,"Novimex Chairmat, Set of Two",176,28.08,3,2,0.15954545454545455
FUR-NOV-10000847,"Novimex Executive Leather Armchair, Adjustable",2735,355.14,6,5,0.12985009140767825
FUR-NOV-10001972,"Novimex Swivel Stool, Red",822,230.10000000000002,5,2,0.2799270072992701
FUR-NOV-10002107,"Novimex Rocking Chair, Adjustable",804,313.2,6,1,0.3895522388059701
FUR-NOV-10002333,"Novimex Steel Folding Chair, Black",511,-85.44,9,4,-0.16720156555772994
FUR-NOV-10002453,"Novimex Rocking Chair, Black",852,-510.84000000000003,12,4,-0.5995774647887324
FUR-NOV-10002655,"Novimex Swivel Stool, Adjustable",1770,-73.53,12,4,-0.041542372881355934
FUR-NOV-10002791,"Novimex Swivel Stool, Set of Two",1302,369.918,9,6,0.2841152073732719
FUR-NOV-10002911,"Novimex Steel Folding Chair, Set of Two",894,-67.872,12,7,-0.07591946308724833
FUR-NOV-10002939,"Novimex Swivel Stool, Black",49,-108.561,1,1,-2.215530612244898
FUR-NOV-10003053,"Novimex Bag Chairs, Set of Two",385,92.4,8,4,0.24000000000000002
FUR-NOV-10003195,"Novimex Chairmat, Red",551,118.182,11,5,0.214486388384755
FUR-NOV-10003257,"Novimex Chairmat, Adjustable",577,175.25400000000002,11,5,0.30373310225303296
FUR-NOV-10003754,"Novimex Rocking Chair, Set of Two",776,-414.45599999999996,10,2,-0.5340927835051545
FUR-NOV-10004003,"Novimex Steel Folding Chair, Red",132,-55.992,4,1,-0.42418181818181816
FUR-NOV-10004563,"Novimex Bag Chairs, Black",270,50.376000000000005,9,3,0.1865777777777778
FUR-NOV-10004602,"Novimex Executive Leather Armchair, Red",2484,-207.08999999999997,9,3,-0.08336956521739129
FUR-NOV-10004925,"Novimex Executive Leather Armchair, Black",916,293.04,2,2,0.3199126637554585
FUR-NOV-10004962,"Novimex Bag Chairs, Adjustable",386,96.72,8,5,0.2505699481865285
FUR-OFF-10000303,"Office Star Rocking Chair, Set of Two",1059,-40.29599999999999,8,3,-0.03805099150141642
FUR-OFF-10000344,"Office Star Bag Chairs, Adjustable",116,16.2,2,1,0.1396551724137931
FUR-OFF-10001125,"Office Star Rocking Chair, Adjustable",372,5.640000000000001,4,3,0.015161290322580647
FUR-OFF-10001132,"Office Star Swivel Stool, Adjustable",3494,-1429.176,31,7,-0.4090372066399542
FUR-OFF-10001187,"Office Star Chairmat, Black",126,35.46,2,2,0.2814285714285714
FUR-OFF-10001224,"Office Star Swivel Stool, Red",3132,156.06,18,6,0.049827586206896556
FUR-OFF-10001552,"Office Star Bag Chairs, Set of Two",519,25.919999999999998,9,3,0.0499421965317919
FUR-OFF-10001661,"Office Star Chairmat, Red",303,65.712,6,4,0.21687128712871287
FUR-OFF-10001798,"Office Star Steel Folding Chair, Red",313,-11.105999999999995,4,4,-0.03548242811501596
FUR-OFF-10002330,"Office Star Executive Leather Armchair, Black",1402,98.10000000000001,3,2,0.06997146932952925
FUR-OFF-10002395,"Office Star Rocking Chair, Red",423,173.25,3,2,0.4095744680851064
FUR-OFF-10002486,"Office Star Bag Chairs, Black",371,152.04,7,4,0.40981132075471693
FUR-OFF-10002511,"Office Star Steel Folding Chair, Black",1456,-62.496,17,4,-0.042923076923076925
FUR-OFF-10002542,"Office Star Executive Leather Armchair, Adjustable",2256,-2344.9139999999998,11,3,-1.0394122340425531
FUR-OFF-10002740,"Office Star Steel Folding Chair, Set of Two",479,58.146000000000015,7,4,0.12139039665970776
FUR-OFF-10003019,"Office Star Steel Folding Chair, Adjustable",94,45.21,1,1,0.48095744680851066
FUR-OFF-10003104,"Office Star Bag Chairs, Red",461,60.822,9,3,0.13193492407809113
FUR-OFF-10003688,"Office Star Rocking Chair, Black",1344,-207.804,14,6,-0.15461607142857142
FUR-OFF-10003703,"Office Star Chairmat, Set of Two",544,239.51999999999998,8,2,0.4402941176470588
FUR-OFF-10003713,"Office Star Chairmat, Adjustable",614,239.76,9,2,0.3904885993485342
FUR-OFF-10004214,"Office Star Executive Leather Armchair, Red",3664,1084.7340000000002,9,4,0.29605185589519656
FUR-OFF-10004495,"Office Star Swivel Stool, Black",1305,-168.384,13,6,-0.12902988505747126
FUR-OFF-10004824,"Office Star Swivel Stool, Set of Two",1040,-70.71900000000001,9,4,-0.06799903846153847
FUR-RUB-10000501,"Rubbermaid Clock, Black",200,98.28,4,2,0.4914
FUR-RUB-10000958,"Rubbermaid Light Bulb, Black",196,50.616,14,4,0.25824489795918365
FUR-RUB-10001094,"Rubbermaid Door Stop, Duo Pack",408,-0.10200000000000031,10,6,-0.00025000000000000076
FUR-RUB-10001190,"Rubbermaid Clock, Erganomic",733,365.85,15,5,0.49911323328785817
FUR-RUB-10001310,"Rubbermaid Photo Frame, Black",177,-26.970000000000002,4,4,-0.15237288135593222
FUR-RUB-10001380,"Rubbermaid Photo Frame, Erganomic",462,80.934,11,6,0.1751818181818182
FUR-RUB-10001484,"Rubbermaid Clock, Durable",188,67.92,4,2,0.36127659574468085
FUR-RUB-10001704,"Rubbermaid Frame, Black",330,125.19,3,2,0.37936363636363635
FUR-RUB-10001717,"Rubbermaid Photo Frame, Durable",245,12.15,5,3,0.04959183673469388
FUR-RUB-10001796,"Rubbermaid Light Bulb, Erganomic",224,96.228,14,5,0.4295892857142857
FUR-RUB-10002021,"Rubbermaid Light Bulb, Durable",212,77.511,14,7,0.3656179245283019
FUR-RUB-10002067,"Rubbermaid Frame, Erganomic",2105,737.6940000000001,20,5,0.35044845605700714
FUR-RUB-10002507,"Rubbermaid Stacking Tray, Black",518,118.92,23,7,0.22957528957528958
FUR-RUB-10002817,"Rubbermaid Door Stop, Durable",857,110.88000000000001,21,8,0.12938156359393232
FUR-RUB-10002945,"Rubbermaid Photo Frame, Duo Pack",534,168.66299999999998,11,5,0.31584831460674156
FUR-RUB-10003004,"Rubbermaid Frame, Durable",1390,347.49,13,5,0.2499928057553957
FUR-RUB-10003411,"Rubbermaid Stacking Tray, Erganomic",51,-15.519,3,3,-0.3042941176470588
FUR-RUB-10003518,"Rubbermaid Door Stop, Erganomic",170,25.44,4,2,0.1496470588235294
FUR-RUB-10003699,"Rubbermaid Light Bulb, Duo Pack",247,39.0,13,6,0.15789473684210525
FUR-RUB-10003724,"Rubbermaid Frame, Duo Pack",2772,-165.06000000000003,30,9,-0.059545454545454554
FUR-RUB-10004036,"Rubbermaid Stacking Tray, Erganomic",285,91.08,12,2,0.3195789473684211
FUR-RUB-10004285,"Rubbermaid Clock, Duo Pack",271,17.927999999999997,6,3,0.06615498154981549
FUR-RUB-10004420,"Rubbermaid Door Stop, Black",132,40.68,3,3,0.30818181818181817
FUR-RUB-10004633,"Rubbermaid Stacking Tray, Durable",251,90.3,10,3,0.3597609561752988
FUR-SAF-10000085,"Safco Library with Doors, Pine",4380,1838.358,13,8,0.41971643835616435
FUR-SAF-10000204,"Safco Library with Doors, Metal",311,-31.14,3,1,-0.10012861736334405
FUR-SAF-10000213,"Safco Classic Bookcase, Mobile",3438,978.066,9,4,0.2844869109947644
FUR-SAF-10000265,"Safco Library with Doors, Metal",3698,-502.4249999999999,13,6,-0.1358639805300162
FUR-SAF-10000351,"SAFCO Chairmat, Black",345,17.1,6,2,0.04956521739130435
FUR-SAF-10000508,"Safco Library with Doors, Traditional",1560,-709.56,6,5,-0.4548461538461538
FUR-SAF-10000545,"Safco 3-Shelf Cabinet, Pine",680,108.84,4,3,0.16005882352941178
FUR-SAF-10000565,"SAFCO Bag Chairs, Adjustable",156,27.990000000000002,3,3,0.17942307692307694
FUR-SAF-10000593,"SAFCO Chairmat, Adjustable",642,-184.91699999999997,17,9,-0.2880327102803738
FUR-SAF-10000607,"Safco Stackable Bookrack, Mobile",328,-327.894,5,2,-0.9996768292682927
FUR-SAF-10000678,"Safco Floating Shelf Set, Mobile",1595,191.28,8,2,0.11992476489028213
FUR-SAF-10000881,"Safco 3-Shelf Cabinet, Metal",908,252.35999999999999,6,3,0.2779295154185022
FUR-SAF-10000949,"Safco Floating Shelf Set, Pine",1386,207.9,7,4,0.15
FUR-SAF-10001136,"SAFCO Swivel Stool, Adjustable",1261,551.982,8,4,0.43773354480570975
FUR-SAF-10001322,"Safco Stackable Bookrack, Traditional",534,-463.296,8,4,-0.8675955056179775
FUR-SAF-10001428,"Safco Corner Shelving, Pine",603,205.08,4,1,0.3400995024875622
FUR-SAF-10001793,"SAFCO Executive Leather Armchair, Black",2478,-197.37,11,5,-0.07964891041162228
FUR-SAF-10001870,"SAFCO Chairmat, Set of Two",174,19.835999999999995,4,4,0.11399999999999998
FUR-SAF-10001873,"SAFCO Bag Chairs, Set of Two",606,147.693,13,5,0.24371782178217824
FUR-SAF-10001949,"SAFCO Bag Chairs, Red",574,-208.326,17,7,-0.36293728222996513
FUR-SAF-10001956,"Safco Classic Bookcase, Metal",1007,323.76300000000003,3,3,0.32151241310824236
FUR-SAF-10002112,"SAFCO Executive Leather Armchair, Set of Two",4637,-473.25,19,5,-0.10205952124218244
FUR-SAF-10002121,"SAFCO Rocking Chair, Black",529,58.2,4,3,0.11001890359168243
FUR-SAF-10002180,"SAFCO Executive Leather Armchair, Red",3645,-923.1030000000001,10,5,-0.2532518518518519
FUR-SAF-10002253,"Safco Stackable Bookrack, Pine",572,-198.666,8,2,-0.3473181818181818
FUR-SAF-10002314,"SAFCO Swivel Stool, Black",2103,89.307,19,6,0.04246647646219686
FUR-SAF-10002360,"Safco Stackable Bookrack, Pine",1106,390.75,8,3,0.3533001808318264
FUR-SAF-10002400,"Safco Corner Shelving, Metal",447,111.69,3,3,0.24986577181208053
FUR-SAF-10002495,"Safco Library with Doors, Mobile",1255,-980.928,6,3,-0.78161593625498
FUR-SAF-10002529,"SAFCO Chairmat, Red",300,62.699999999999996,5,5,0.209
FUR-SAF-10002557,"SAFCO Steel Folding Chair, Red",257,120.78,3,2,0.46996108949416343
FUR-SAF-10002616,"SAFCO Steel Folding Chair, Adjustable",731,9.540000000000006,9,4,0.013050615595075248
FUR-SAF-10002757,"SAFCO Rocking Chair, Red",270,13.44,2,2,0.049777777777777775
FUR-SAF-10002846,"Safco Classic Bookcase, Pine",6154,246.11999999999998,14,6,0.039993500162495935
FUR-SAF-10002940,"Safco Corner Shelving, Mobile",1824,802.44,12,5,0.4399342105263158
FUR-SAF-10003160,"SAFCO Rocking Chair, Adjustable",962,82.19999999999999,10,5,0.08544698544698544
FUR-SAF-10003402,"SAFCO Bag Chairs, Black",160,3.714000000000002,4,3,0.023212500000000014
FUR-SAF-10003469,"Safco Classic Bookcase, Traditional",3768,-771.27,14,7,-0.20468949044585988
FUR-SAF-10003540,"Safco Floating Shelf Set, Metal",667,-156.96,6,4,-0.23532233883058473
FUR-SAF-10003745,"SAFCO Rocking Chair, Set of Two",1563,-82.296,12,9,-0.05265259117082534
FUR-SAF-10003819,"SAFCO Swivel Stool, Set of Two",3063,1163.7,18,5,0.37992164544564155
FUR-SAF-10004173,"Safco Corner Shelving, Traditional",1225,-122.80800000000002,11,3,-0.10025142857142859
FUR-SAF-10004252,"SAFCO Executive Leather Armchair, Adjustable",2969,-1345.5120000000002,10,2,-0.45318693162681045
FUR-SAF-10004426,"Safco 3-Shelf Cabinet, Traditional",659,-180.684,7,3,-0.2741790591805766
FUR-SAF-10004525,"SAFCO Swivel Stool, Red",772,-67.176,10,3,-0.08701554404145077
FUR-SAF-10004530,"Safco Floating Shelf Set, Traditional",2990,1117.2179999999998,17,6,0.37365150501672234
FUR-SAF-10004664,"SAFCO Steel Folding Chair, Set of Two",317,15.69599999999999,6,3,0.04951419558359618
FUR-SAU-10000209,"Sauder Corner Shelving, Metal",485,67.428,4,4,0.13902680412371132
FUR-SAU-10000637,"Sauder Library with Doors, Metal",1548,510.84,4,4,0.32999999999999996
FUR-SAU-10000745,"Sauder 3-Shelf Cabinet, Pine",504,115.92,3,2,0.23
FUR-SAU-10000893,"Sauder Stackable Bookrack, Mobile",2541,663.486,18,7,0.261112160566706
FUR-SAU-10001776,"Sauder Stackable Bookrack, Pine",2058,447.45300000000003,17,8,0.21742128279883383
FUR-SAU-10002043,"Sauder Floating Shelf Set, Metal",388,93.12,2,1,0.24000000000000002
FUR-SAU-10002167,"Sauder 3-Shelf Cabinet, Metal",133,-83.088,2,1,-0.6247218045112781
FUR-SAU-10002255,"Sauder Classic Bookcase, Pine",5686,966.4200000000001,13,4,0.16996482588814635
FUR-SAU-10002331,"Sauder Library with Doors, Traditional",1822,-480.699,6,5,-0.26383040614709113
FUR-SAU-10002540,"Sauder Stackable Bookrack, Traditional",541,-329.21399999999994,7,5,-0.6085286506469499
FUR-SAU-10002642,"Sauder 3-Shelf Cabinet, Traditional",601,-58.452,5,4,-0.09725790349417637
FUR-SAU-10002714,"Sauder Corner Shelving, Pine",536,-59.459999999999994,5,4,-0.11093283582089551
FUR-SAU-10003188,"Sauder Stackable Bookrack, Pine",658,194.046,5,3,0.29490273556231
FUR-SAU-10003203,"Sauder 3-Shelf Cabinet, Mobile",271,-28.799999999999997,3,2,-0.1062730627306273
FUR-SAU-10003694,"Sauder Library with Doors, Mobile",1287,-1034.055,7,4,-0.8034615384615386
FUR-SAU-10003795,"Sauder Corner Shelving, Traditional",442,30.869999999999997,3,2,0.06984162895927601
FUR-SAU-10003872,"Sauder Floating Shelf Set, Pine",1764,405.54,9,6,0.22989795918367348
FUR-SAU-10003928,"Sauder Classic Bookcase, Metal",870,130.62,2,2,0.15013793103448275
FUR-SAU-10003933,"Sauder Classic Bookcase, Mobile",1316,591.9300000000001,3,2,0.44979483282674776
FUR-SAU-10004053,"Sauder Floating Shelf Set, Mobile",3546,1312.2,18,6,0.3700507614213198
FUR-SAU-10004137,"Sauder Floating Shelf Set, Traditional",1945,474.47999999999996,12,6,0.2439485861182519
FUR-SAU-10004221,"Sauder Corner Shelving, Mobile",2398,719.04,16,5,0.29984987489574644
FUR-SAU-10004653,"Sauder Classic Bookcase, Traditional",8894,3491.9460000000004,21,9,0.39261816955250733
FUR-TA-10000022,"Hon Conference Table, Adjustable Height",3695,886.68,4,1,0.23996752368064952
FUR-TA-10000038,"Chromcraft Conference Table, Adjustable Height",1837,183.636,3,1,0.09996516058791508
FUR-TA-10000052,"Hon Training Table, Adjustable Height",2109,726.537,7,2,0.3444935988620199
FUR-TA-10000073,"Lesro Coffee Table, Adjustable Height",534,-144.891,3,1,-0.2713314606741573
FUR-TA-10000075,"Bevis Coffee Table, Fully Assembled",511,-191.88,4,1,-0.3754990215264188
FUR-TA-10000115,"Barricks Coffee Table, Fully Assembled",273,-499.977,3,1,-1.8314175824175822
FUR-TA-10000136,"Chromcraft Conference Table, Adjustable Height",2683,-93.43599999999998,7,2,-0.03482519567648154
FUR-TA-10000147,"Lesro Coffee Table, Rectangular",1148,-628.938,8,2,-0.5478554006968641
FUR-TA-10000164,"Lesro Training Table, Fully Assembled",1081,43.2,4,1,0.03996299722479186
FUR-TA-10000184,"Barricks Conference Table, Fully Assembled",7541,1344.555,11,3,0.17829929717544094
FUR-TA-10000198,Chromcraft Bull-Nose Wood Oval Conference Tables & Bases,9918,-2876.1156,27,5,-0.2899894736842105
FUR-TA-10000207,"Chromcraft Round Table, Fully Assembled",3327,-1851.183,13,2,-0.5564120829576195
FUR-TA-10000222,"Bevis Training Table, Adjustable Height",1895,43.77539999999999,9,2,0.023100474934036934
FUR-TA-10000226,"Chromcraft Conference Table, with Bottom Storage",3578,-218.253,5,2,-0.060998602571268865
FUR-TA-10000245,"Chromcraft Computer Table, Adjustable Height",1366,201.90800000000002,7,3,0.14780966325036604
FUR-TA-10000283,"Hon Wood Table, with Bottom Storage",1488,-488.916,4,1,-0.32857258064516126
FUR-TA-10000299,"Lesro Round Table, Adjustable Height",1735,-681.4259999999999,7,2,-0.39275273775216135
FUR-TA-10000304,"Barricks Training Table, with Bottom Storage",382,-181.44,3,1,-0.4749738219895288
FUR-TA-10000310,"Barricks Training Table, Rectangular",1200,-676.014,9,3,-0.563345
FUR-TA-10000317,"Barricks Computer Table, Fully Assembled",1023,332.288,4,1,0.3248172043010753
FUR-TA-10000323,"Lesro Round Table, Fully Assembled",2720,0.0,12,3,0.0
FUR-TA-10000347,"Hon Computer Table, Adjustable Height",2229,-754.4145,7,1,-0.3384542395693136
FUR-TA-10000355,"Bevis Wood Table, with Bottom Storage",320,-170.784,1,1,-0.5337
FUR-TA-10000360,"Chromcraft Wood Table, Fully Assembled",871,-387.258,4,1,-0.44461308840413316
FUR-TA-10000403,"Barricks Computer Table, Fully Assembled",478,14.31,1,1,0.02993723849372385
FUR-TA-10000403,"Barricks Wood Table, Adjustable Height",311,-643.728,2,1,-2.0698649517684884
FUR-TA-10000434,"Chromcraft Coffee Table, with Bottom Storage",833,-328.5792,5,2,-0.3944528211284514
FUR-TA-10000478,"Bevis Round Table, Fully Assembled",2771,484.92,10,2,0.17499819559725732
FUR-TA-10000486,"Barricks Wood Table, Adjustable Height",3184,484.23600000000005,15,4,0.15208417085427137
FUR-TA-10000490,"Lesro Training Table, with Bottom Storage",855,-241.956,6,1,-0.2829894736842105
FUR-TA-10000518,"Chromcraft Round Table, Fully Assembled",250,28.104,1,1,0.112416
FUR-TA-10000519,"Bevis Computer Table, Fully Assembled",692,-1315.552,7,1,-1.901086705202312
FUR-TA-10000558,"Hon Wood Table, Rectangular",1798,359.58,4,2,0.1999888765294772
FUR-TA-10000577,Bretford CR4500 Series Slim Rectangular Table,7244,-532.7613,29,8,-0.07354518221976808
FUR-TA-10000591,"Chromcraft Training Table, with Bottom Storage",994,-397.635,7,1,-0.4000352112676056
FUR-TA-10000593,"Chromcraft Training Table, Fully Assembled",304,60.864,2,1,0.20021052631578948
FUR-TA-10000617,"Hon Practical Foundations 30 x 60 Training Table, Light Gray/Charcoal",4335,430.0695,22,6,0.09920865051903115
FUR-TA-10000637,"Bevis Conference Table, Rectangular",1843,153.45999999999998,5,2,0.0832664134563212
FUR-TA-10000649,"Barricks Computer Table, with Bottom Storage",4032,115.092,12,2,0.028544642857142855
FUR-TA-10000649,"Bevis Computer Table, Adjustable Height",1181,-334.704,4,1,-0.28340728196443693
FUR-TA-10000665,"Bevis Computer Table, Fully Assembled",3505,-994.1532,10,4,-0.2836385734664765
FUR-TA-10000670,"Chromcraft Coffee Table, Adjustable Height",539,166.92,2,1,0.30968460111317253
FUR-TA-10000671,"Barricks Conference Table, with Bottom Storage",3871,-822.432,8,3,-0.21245982950142084
FUR-TA-10000687,"Bevis Conference Table, with Bottom Storage",3427,-452.8104,7,1,-0.13213025970236358
FUR-TA-10000688,"Chromcraft Bull-Nose Wood Round Conference Table Top, Wood Base",3355,100.211,18,6,0.029869150521609537
FUR-TA-10000695,"Lesro Wood Table, Rectangular",1240,310.0,5,2,0.25
FUR-TA-10000750,"Hon Round Table, Fully Assembled",1518,-414.03200000000004,8,3,-0.27274835309617923
FUR-TA-10000789,"Lesro Training Table, with Bottom Storage",681,143.36,4,2,0.21051395007342147
FUR-TA-10000805,"Bevis Wood Table, Adjustable Height",1429,628.64,4,1,0.4399160251924423
FUR-TA-10000849,Bevis Rectangular Conference Tables,1007,-586.8396,13,4,-0.5827602780536246
FUR-TA-10000855,"Chromcraft Training Table, Rectangular",113,-232.696,2,1,-2.059256637168142
FUR-TA-10000861,"Barricks Conference Table, with Bottom Storage",1361,-979.65,3,1,-0.7198016164584864
FUR-TA-10000927,"Bevis Conference Table, Fully Assembled",740,-407.136,3,1,-0.5501837837837839
FUR-TA-10000945,"Bevis Coffee Table, Adjustable Height",641,301.14,3,1,0.4697971918876755
FUR-TA-10000962,"Hon Conference Table, Adjustable Height",4674,-942.2298000000001,8,3,-0.2015896020539153
FUR-TA-10000963,"Chromcraft Round Table, with Bottom Storage",747,-93.42,3,1,-0.12506024096385543
FUR-TA-10000971,"Bevis Training Table, Rectangular",1995,638.46,6,1,0.32003007518796994
FUR-TA-10000989,"Lesro Conference Table, Rectangular",7525,726.72,15,3,0.09657408637873754
FUR-TA-10000991,"Lesro Computer Table, Adjustable Height",909,-193.152,4,1,-0.21248844884488446
FUR-TA-10001039,KI Adjustable-Height Table,2765,-226.1274,47,11,-0.08178206148282098
FUR-TA-10001056,"Barricks Conference Table, Adjustable Height",636,109.089,1,1,0.1715235849056604
FUR-TA-10001086,"SAFCO PlanMaster Boards, 60w x 37-1/2d, White Melamine",2979,54.71640000000002,26,5,0.018367371601208465
FUR-TA-10001089,"Hon Computer Table, with Bottom Storage",2077,59.166,6,1,0.028486278285989406
FUR-TA-10001090,"Chromcraft Round Table, Rectangular",465,-836.43,5,1,-1.798774193548387
FUR-TA-10001095,Chromcraft Round Conference Tables,8209,-189.97610000000003,61,13,-0.023142416859544407
FUR-TA-10001100,"Barricks Computer Table, Fully Assembled",511,-178.976,4,1,-0.3502465753424657
FUR-TA-10001100,"Lesro Training Table, Adjustable Height",1157,144.384,8,2,0.12479170267934311
FUR-TA-10001113,"Barricks Training Table, Fully Assembled",2286,-649.2045,17,3,-0.283991469816273
FUR-TA-10001116,"Barricks Conference Table, Fully Assembled",5451,327.06,6,1,0.06
FUR-TA-10001192,"Hon Training Table, Fully Assembled",891,89.02,5,1,0.09991021324354657
FUR-TA-10001205,"Chromcraft Wood Table, Rectangular",3956,153.62159999999994,12,2,0.03883255813953487
FUR-TA-10001226,"Hon Conference Table, Rectangular",1103,55.14,2,1,0.0499909338168631
FUR-TA-10001228,"Bevis Training Table, Rectangular",915,-598.6875,5,1,-0.6543032786885246
FUR-TA-10001229,"Chromcraft Computer Table, Rectangular",1411,405.72,6,1,0.28754075124025513
FUR-TA-10001237,"Barricks Coffee Table, Fully Assembled",2706,-82.0779,10,3,-0.030331818181818182
FUR-TA-10001272,"Barricks Training Table, Fully Assembled",341,-76.752,2,1,-0.22507917888563048
FUR-TA-10001276,"Lesro Coffee Table, with Bottom Storage",1512,498.96,6,1,0.32999999999999996
FUR-TA-10001276,"Lesro Training Table, Fully Assembled",216,-245.064,4,1,-1.1345555555555555
FUR-TA-10001285,"Chromcraft Conference Table, Fully Assembled",2797,-0.072,6,1,-2.5741866285305683e-05
FUR-TA-10001289,"Lesro Conference Table, Fully Assembled",458,57.26,1,1,0.12502183406113537
FUR-TA-10001306,"Hon Wood Table, Adjustable Height",3130,352.044,11,2,0.11247412140575079
FUR-TA-10001307,"SAFCO PlanMaster Heigh-Adjustable Drafting Table Base, 43w x 30d x 30-37h, Black",3739,608.043,14,5,0.1626218240171169
FUR-TA-10001327,"Barricks Training Table, Rectangular",335,18.9222,2,1,0.05648417910447761
FUR-TA-10001359,"Chromcraft Training Table, with Bottom Storage",1153,-139.2066,5,2,-0.12073425845620123
FUR-TA-10001360,"Bevis Round Table, Rectangular",5632,1732.8192000000001,14,3,0.3076738636363637
FUR-TA-10001371,"Chromcraft Coffee Table, Fully Assembled",769,-569.488,11,2,-0.7405565669700911
FUR-TA-10001386,"Lesro Conference Table, Fully Assembled",3994,145.91250000000002,7,2,0.036532924386579874
FUR-TA-10001433,"Barricks Coffee Table, Adjustable Height",851,157.812,4,2,0.18544300822561693
FUR-TA-10001433,"Bevis Round Table, with Bottom Storage",638,-326.4663,2,2,-0.5117026645768025
FUR-TA-10001494,"Lesro Wood Table, Adjustable Height",3287,-1362.06,10,2,-0.4143778521448129
FUR-TA-10001496,"Barricks Computer Table, Fully Assembled",3058,-305.904,12,3,-0.10003400915631132
FUR-TA-10001520,"Lesro Sheffield Collection Coffee Table, End Table, Center Table, Corner Table",2298,-12.132900000000006,39,9,-0.005279765013054833
FUR-TA-10001531,"Lesro Training Table, Adjustable Height",2891,-1596.4767000000002,18,4,-0.5522230024213076
FUR-TA-10001539,Chromcraft Rectangular Conference Tables,4952,-450.243,30,9,-0.09092144588045234
FUR-TA-10001549,"Barricks Coffee Table, Rectangular",2960,-1032.057,15,3,-0.34866790540540543
FUR-TA-10001558,"Barricks Training Table, Rectangular",379,63.144,2,1,0.16660686015831133
FUR-TA-10001572,"Hon Wood Table, Rectangular",1410,-88.2,5,1,-0.0625531914893617
FUR-TA-10001595,"Chromcraft Coffee Table, Adjustable Height",575,-79.056,4,2,-0.13748869565217392
FUR-TA-10001600,"Lesro Coffee Table, Fully Assembled",811,-20.376,6,1,-0.025124537607891493
FUR-TA-10001602,"Barricks Round Table, Adjustable Height",940,-752.24,6,2,-0.8002553191489362
FUR-TA-10001622,"Lesro Coffee Table, with Bottom Storage",1579,-100.8,10,2,-0.06383787207093097
FUR-TA-10001633,"Bevis Wood Table, with Bottom Storage",6724,-2113.614,18,4,-0.31433878643664487
FUR-TA-10001642,"Lesro Round Table, Rectangular",4076,50.932,17,2,0.012495583905789991
FUR-TA-10001664,"Chromcraft Conference Table, with Bottom Storage",6981,488.64,8,3,0.06999570262140094
FUR-TA-10001676,Hon 61000 Series Interactive Training Tables,653,-148.3962,22,9,-0.22725298621745788
FUR-TA-10001691,"Barricks Non-Folding Utility Table with Steel Legs, Laminate Tops",136,15.3522,2,1,0.11288382352941176
FUR-TA-10001693,"Bevis Training Table, with Bottom Storage",268,-341.736,2,1,-1.2751343283582088
FUR-TA-10001705,Bush Advantage Collection Round Conference Table,3401,210.47400000000002,19,4,0.061885915907086156
FUR-TA-10001726,"Bevis Coffee Table, Fully Assembled",682,170.48,4,1,0.2499706744868035
FUR-TA-10001726,"Bevis Conference Table, with Bottom Storage",1201,-147.852,2,1,-0.12310741049125729
FUR-TA-10001740,"Barricks Conference Table, Adjustable Height",2061,48.452000000000005,4,2,0.023508976225133434
FUR-TA-10001744,"Lesro Coffee Table, Adjustable Height",508,172.8,2,1,0.3401574803149606
FUR-TA-10001768,Hon Racetrack Conference Tables,3965,-598.5228,22,6,-0.15095152585119798
FUR-TA-10001771,"Bush Cubix Conference Tables, Fully Assembled",3603,311.823,19,4,0.08654537885095753
FUR-TA-10001786,"Chromcraft Computer Table, with Bottom Storage",11138,761.9615999999999,30,5,0.06841098940563835
FUR-TA-10001833,"Bevis Round Table, Fully Assembled",624,62.352,2,1,0.09992307692307692
FUR-TA-10001857,Balt Solid Wood Rectangular Table,828,-216.2545,11,4,-0.2611769323671498
FUR-TA-10001866,Bevis Round Conference Room Tables and Bases,520,-39.4438,4,2,-0.07585346153846155
FUR-TA-10001889,"Bevis Conference Table, Fully Assembled",11185,-749.7693,15,4,-0.06703346446133214
FUR-TA-10001889,Bush Advantage Collection Racetrack Conference Table,9546,-1934.3976,33,7,-0.20263959773727216
FUR-TA-10001930,"Bevis Computer Table, with Bottom Storage",795,99.336,3,1,0.12495094339622641
FUR-TA-10001932,"Chromcraft 48"" x 96"" Racetrack Double Pedestal Table",5098,-404.00640000000004,22,6,-0.07924801883091409
FUR-TA-10001935,"Hon Coffee Table, Fully Assembled",190,-733.158,3,2,-3.8587263157894736
FUR-TA-10001950,Balt Solid Wood Round Tables,6519,-1201.0581,19,4,-0.18423962264150942
FUR-TA-10001968,"Bevis Computer Table, with Bottom Storage",596,-218.568,2,1,-0.3667248322147651
FUR-TA-10001980,"Hon Wood Table, Rectangular",1375,-423.18,4,2,-0.3077672727272727
FUR-TA-10002041,"Bevis Round Conference Table Top, X-Base",2672,-519.941,20,6,-0.19458869760479042
FUR-TA-10002041,"Lesro Computer Table, Fully Assembled",1676,206.199,6,1,0.12303042959427209
FUR-TA-10002065,"Bevis Round Table, Rectangular",2475,-433.332,9,4,-0.17508363636363636
FUR-TA-10002088,"Barricks Coffee Table, Adjustable Height",2774,-73.25799999999997,19,5,-0.026408795962509002
FUR-TA-10002093,"Chromcraft Wood Table, Adjustable Height",1067,-58.27800000000002,6,2,-0.05461855670103095
FUR-TA-10002095,"Lesro Training Table, Fully Assembled",1646,-689.2856999999999,9,3,-0.4187640947752126
FUR-TA-10002101,"Bevis Conference Table, Fully Assembled",1480,333.048,3,1,0.22503243243243243
FUR-TA-10002146,"Hon Coffee Table, with Bottom Storage",631,-358.1,5,3,-0.5675118858954041
FUR-TA-10002153,"Lesro Round Table, with Bottom Storage",3571,90.27900000000002,10,2,0.025281153738448622
FUR-TA-10002172,"Hon Conference Table, Rectangular",3667,-2619.3105,12,3,-0.714292473411508
FUR-TA-10002228,"Bevis Traditional Conference Table Top, Plinth Base",2033,-456.7032,9,3,-0.22464495818986718
FUR-TA-10002235,"Chromcraft Round Table, Adjustable Height",1753,109.396,7,3,0.06240501996577296
FUR-TA-10002256,"Hon Wood Table, Fully Assembled",3335,170.38800000000003,9,3,0.05109085457271365
FUR-TA-10002341,"Barricks Computer Table, Fully Assembled",1917,517.56,4,1,0.2699843505477308
FUR-TA-10002351,"Hon Training Table, Adjustable Height",670,214.32,2,1,0.3198805970149254
FUR-TA-10002356,Bevis Boat-Shaped Conference Table,2542,-445.587,15,6,-0.17528992918961447
FUR-TA-10002411,"Hon Round Table, with Bottom Storage",2786,-1764.6660000000002,9,2,-0.6334048815506103
FUR-TA-10002433,"Chromcraft Computer Table, with Bottom Storage",2690,-691.938,13,3,-0.2572260223048327
FUR-TA-10002467,"Lesro Conference Table, Adjustable Height",6105,635.9670000000001,12,4,0.10417149877149878
FUR-TA-10002482,"Bevis Wood Table, Fully Assembled",392,-214.048,2,2,-0.5460408163265306
FUR-TA-10002487,"Bevis Training Table, with Bottom Storage",402,-140.724,3,1,-0.3500597014925373
FUR-TA-10002497,"Chromcraft Computer Table, Adjustable Height",3988,1715.499,10,2,0.43016524573721165
FUR-TA-10002519,"Lesro Conference Table, with Bottom Storage",3945,-171.53199999999993,10,3,-0.04348086185044358
FUR-TA-10002523,"Barricks Training Table, Rectangular",2843,255.69,9,1,0.08993668659866338
FUR-TA-10002527,"Barricks Round Table, Fully Assembled",2826,-930.5724,9,3,-0.3292895966029724
FUR-TA-10002530,"Iceberg OfficeWorks 42"" Round Tables",3457,-392.54799999999994,30,7,-0.11355163436505639
FUR-TA-10002533,BPI Conference Tables,2241,-795.9725,26,5,-0.3551863007585899
FUR-TA-10002544,"Barricks Training Table, Fully Assembled",320,-76.77,2,1,-0.23990625
FUR-TA-10002557,"Barricks Conference Table, Rectangular",588,-27.1575,1,1,-0.04618622448979592
FUR-TA-10002568,"Chromcraft Coffee Table, Rectangular",701,-450.051,5,2,-0.6420128388017118
FUR-TA-10002571,"Chromcraft Coffee Table, Adjustable Height",1535,-137.48399999999998,9,2,-0.08956612377850162
FUR-TA-10002582,"Barricks Coffee Table, Rectangular",179,-394.818,3,1,-2.205687150837989
FUR-TA-10002607,KI Conference Tables,2140,-479.2164,44,8,-0.2239328971962617
FUR-TA-10002611,"Barricks Computer Table, with Bottom Storage",1280,-208.02,5,1,-0.162515625
FUR-TA-10002622,"Bush Andora Conference Table, Maple/Graphite Gray Finish",1436,-143.6232,12,4,-0.10001615598885794
FUR-TA-10002638,"Barricks Wood Table, Rectangular",545,-298.41,2,1,-0.5475412844036698
FUR-TA-10002645,Hon Rectangular Conference Tables,3482,-295.815,20,4,-0.08495548535324526
FUR-TA-10002650,"Hon Wood Table, with Bottom Storage",2125,148.68,4,1,0.06996705882352941
FUR-TA-10002699,"Hon Round Table, Rectangular",1232,107.802,3,1,0.08750162337662339
FUR-TA-10002774,Laminate Occasional Tables,2096,-206.5342,18,3,-0.09853730916030534
FUR-TA-10002786,"Lesro Computer Table, Fully Assembled",3920,132.41099999999997,13,2,0.033778316326530604
FUR-TA-10002789,"Hon Coffee Table, with Bottom Storage",616,142.155,3,1,0.2307711038961039
FUR-TA-10002797,"Chromcraft Round Table, Adjustable Height",1117,-9.409799999999997,4,3,-0.00842417188898836
FUR-TA-10002827,"Hon Computer Table, Fully Assembled",3192,427.658,14,3,0.1339780701754386
FUR-TA-10002833,"Lesro Training Table, Rectangular",2152,-1726.1304,16,3,-0.8021052044609666
FUR-TA-10002855,Bevis Round Conference Table Top & Single Column Base,2296,100.97460000000001,19,5,0.043978484320557495
FUR-TA-10002860,"Hon Training Table, with Bottom Storage",1065,292.68,4,2,0.2748169014084507
FUR-TA-10002868,"Barricks Coffee Table, Adjustable Height",1988,-516.5205,11,3,-0.2598191649899396
FUR-TA-10002885,"Lesro Computer Table, Fully Assembled",1200,-2798.488,14,3,-2.332073333333333
FUR-TA-10002903,"Bevis Round Bullnose 29"" High Table Top",4546,-192.18540000000002,24,5,-0.0422757149142103
FUR-TA-10002912,"Lesro Conference Table, Fully Assembled",859,-790.35,2,1,-0.920081490104773
FUR-TA-10002912,"Lesro Conference Table, Rectangular",2622,-250.89999999999998,7,2,-0.09569031273836764
FUR-TA-10002931,"Hon Round Table, with Bottom Storage",1445,103.068,4,1,0.0713273356401384
FUR-TA-10002935,"Bevis Coffee Table, Adjustable Height",320,32.01,1,1,0.10003124999999999
FUR-TA-10002951,"Barricks Round Table, Adjustable Height",2292,-1128.435,7,1,-0.49233638743455493
FUR-TA-10002957,"Bevis Training Table, Fully Assembled",771,-64.0095,4,2,-0.08302140077821012
FUR-TA-10002958,"Bevis Oval Conference Table, Walnut",6941,-856.0144,36,8,-0.12332724391298085
FUR-TA-10002958,"Chromcraft Conference Table, Fully Assembled",5245,996.48,6,1,0.18998665395614872
FUR-TA-10002966,"Chromcraft Computer Table, Fully Assembled",1750,563.54,8,2,0.3220228571428571
FUR-TA-10002972,"Barricks Computer Table, Fully Assembled",3633,-1965.5502000000001,16,3,-0.5410267547481421
FUR-TA-10002979,"Bevis Coffee Table, Rectangular",842,-84.2,5,2,-0.1
FUR-TA-10002982,"Lesro Coffee Table, Adjustable Height",932,-67.97000000000001,10,3,-0.07292918454935624
FUR-TA-10003003,"Lesro Wood Table, Rectangular",1697,-1134.6,7,2,-0.6685916322922805
FUR-TA-10003006,"Hon Wood Table, Rectangular",635,-84.66,2,1,-0.1333228346456693
FUR-TA-10003008,"Lesro Round Back Collection Coffee Table, End Table",2849,-328.59,20,8,-0.11533520533520533
FUR-TA-10003030,"Lesro Training Table, Adjustable Height",176,8.1135,1,1,0.04609943181818182
FUR-TA-10003055,"Lesro Round Table, Fully Assembled",1002,-154.3092,5,2,-0.15400119760479042
FUR-TA-10003078,"Hon Training Table, Fully Assembled",3124,918.7695000000001,11,2,0.2941003521126761
FUR-TA-10003079,"Hon Training Table, Rectangular",176,-48.456,2,1,-0.27531818181818185
FUR-TA-10003152,"Lesro Round Table, Adjustable Height",545,-145.38,2,1,-0.26675229357798164
FUR-TA-10003157,"Hon Coffee Table, with Bottom Storage",2496,-568.89,10,3,-0.22792067307692307
FUR-TA-10003164,"Bevis Wood Table, Rectangular",1859,-26.67,5,1,-0.01434642280796127
FUR-TA-10003171,"Bevis Training Table, Fully Assembled",1256,172.62,7,2,0.13743630573248408
FUR-TA-10003179,"Chromcraft Round Table, Adjustable Height",2440,-262.812,8,3,-0.10770983606557377
FUR-TA-10003179,"Lesro Wood Table, Fully Assembled",1243,-140.715,5,1,-0.11320595333869671
FUR-TA-10003185,"Chromcraft Computer Table, Fully Assembled",623,-62.34,2,1,-0.10006420545746389
FUR-TA-10003222,"Barricks Wood Table, with Bottom Storage",3169,-553.1691000000001,9,3,-0.17455635847270434
FUR-TA-10003228,"Hon Computer Table, Fully Assembled",689,-226.464,2,1,-0.3286850507982583
FUR-TA-10003238,"Chromcraft Bull-Nose Wood 48"" x 96"" Rectangular Conference Tables",4298,-611.5877999999999,11,6,-0.14229590507212656
FUR-TA-10003254,"Bevis Round Table, Adjustable Height",1388,242.78,5,1,0.17491354466858788
FUR-TA-10003268,"Lesro Round Table, Rectangular",3237,719.076,10,3,0.22214272474513438
FUR-TA-10003273,"Lesro Training Table, Rectangular",240,-535.437,3,1,-2.2309875
FUR-TA-10003291,"Bevis Computer Table, Fully Assembled",427,-426.5886,2,1,-0.9990365339578454
FUR-TA-10003307,"Barricks Conference Table, Fully Assembled",1938,-96.96,4,1,-0.050030959752321975
FUR-TA-10003319,"Barricks Coffee Table, with Bottom Storage",1126,379.82,7,1,0.33731793960923623
FUR-TA-10003323,"Bevis Round Table, Adjustable Height",2706,-1332.264,8,2,-0.49233702882483366
FUR-TA-10003354,"Barricks Conference Table, Adjustable Height",3728,-2082.393,9,2,-0.558581813304721
FUR-TA-10003358,"Hon Round Table, Rectangular",2191,-410.912,8,1,-0.18754541305340025
FUR-TA-10003371,"Chromcraft Training Table, Adjustable Height",38,-87.736,1,1,-2.308842105263158
FUR-TA-10003386,"Hon Round Table, with Bottom Storage",1101,316.368,4,1,0.2873460490463215
FUR-TA-10003392,Global Adaptabilities Conference Tables,3540,354.0348,14,4,0.10000983050847458
FUR-TA-10003405,"Lesro Computer Table, Adjustable Height",1661,-255.591,6,1,-0.15387778446718844
FUR-TA-10003449,"Chromcraft Coffee Table, Rectangular",212,-52.932,3,1,-0.24967924528301888
FUR-TA-10003451,"Hon Coffee Table, Adjustable Height",1018,152.568,6,2,0.1498703339882122
FUR-TA-10003469,Balt Split Level Computer Training Table,1041,-357.97499999999997,12,5,-0.3438760806916426
FUR-TA-10003473,Bretford Rectangular Conference Table Tops,12997,-327.2331,46,12,-0.025177587135492806
FUR-TA-10003485,"Bevis Training Table, Rectangular",355,84.24,2,1,0.23729577464788731
FUR-TA-10003497,"Bevis Training Table, Adjustable Height",899,314.62,5,2,0.3499666295884316
FUR-TA-10003510,"Hon Computer Table, Fully Assembled",346,9.867,1,1,0.02851734104046243
FUR-TA-10003518,"Chromcraft Training Table, Fully Assembled",302,-131.3184,2,1,-0.43482913907284765
FUR-TA-10003522,"Chromcraft Conference Table, with Bottom Storage",1048,-1780.356,6,2,-1.6988129770992366
FUR-TA-10003527,"Chromcraft Wood Table, with Bottom Storage",2509,-540.576,8,3,-0.21545476285372658
FUR-TA-10003539,"Bevis Wood Table, Fully Assembled",143,-160.532,1,1,-1.1226013986013987
FUR-TA-10003568,"Chromcraft Conference Table, Rectangular",464,-545.352,2,1,-1.1753275862068966
FUR-TA-10003569,Bretford CR8500 Series Meeting Room Furniture,6776,461.127,21,6,0.0680529811097993
FUR-TA-10003576,"Hon Coffee Table, Adjustable Height",445,63.606,2,1,0.14293483146067415
FUR-TA-10003583,"Lesro Computer Table, with Bottom Storage",3100,413.256,8,2,0.13330838709677417
FUR-TA-10003591,"Bevis Wood Table, Rectangular",2788,-297.46500000000003,7,2,-0.10669476327116213
FUR-TA-10003594,"Hon Conference Table, with Bottom Storage",491,-503.744,2,1,-1.0259551934826885
FUR-TA-10003596,"Lesro Computer Table, Adjustable Height",3280,374.51700000000005,11,2,0.11418201219512197
FUR-TA-10003597,"Bevis Wood Table, with Bottom Storage",1422,-1351.84,10,3,-0.950661040787623
FUR-TA-10003627,"Bevis Conference Table, with Bottom Storage",1848,738.96,2,1,0.3998701298701299
FUR-TA-10003637,"Lesro Coffee Table, with Bottom Storage",176,7.56,1,1,0.042954545454545454
FUR-TA-10003641,"Barricks Wood Table, with Bottom Storage",2206,689.088,8,1,0.31236990027198547
FUR-TA-10003663,"Bevis Computer Table, Adjustable Height",1509,-114.824,5,2,-0.07609277667329357
FUR-TA-10003690,"Hon Computer Table, Fully Assembled",963,-385.1055,3,1,-0.3999018691588785
FUR-TA-10003715,Hon 2111 Invitation Series Corner Table,3140,-401.9904,18,4,-0.1280224203821656
FUR-TA-10003747,"Lesro Round Table, Rectangular",2495,-580.131,9,2,-0.23251743486973947
FUR-TA-10003748,Bevis 36 x 72 Conference Tables,4331,448.16400000000004,40,8,0.10347818055876241
FUR-TA-10003748,"Bevis Round Table, Adjustable Height",312,-780.642,3,1,-2.5020576923076923
FUR-TA-10003771,"Hon Computer Table, Adjustable Height",1029,-220.419,3,1,-0.21420699708454813
FUR-TA-10003782,"Lesro Training Table, Rectangular",320,-319.716,6,1,-0.9991125000000001
FUR-TA-10003785,"Hon Round Table, Adjustable Height",829,113.94,3,1,0.13744270205066345
FUR-TA-10003786,"Hon Training Table, Fully Assembled",1537,334.062,6,2,0.21734677944046846
FUR-TA-10003790,"Bevis Computer Table, Fully Assembled",3610,-1374.984,14,3,-0.3808819944598338
FUR-TA-10003837,Anderson Hickey Conga Table Tops & Accessories,51,-17.514499999999998,5,2,-0.34342156862745093
FUR-TA-10003855,"Lesro Round Table, with Bottom Storage",90,-123.558,1,1,-1.3728666666666667
FUR-TA-10003887,"Hon Conference Table, Adjustable Height",1478,-1404.048,6,2,-0.9499648173207037
FUR-TA-10003893,"Lesro Wood Table, with Bottom Storage",2393,-878.7684,7,2,-0.36722457166736316
FUR-TA-10003899,"Barricks Round Table, with Bottom Storage",2633,-1745.3925,9,2,-0.6628911887580706
FUR-TA-10003926,"Hon Wood Table, with Bottom Storage",2834,35.36,10,1,0.012477064220183486
FUR-TA-10003926,"Lesro Conference Table, Adjustable Height",516,-773.838,3,1,-1.4996860465116277
FUR-TA-10003929,"Hon Computer Table, Fully Assembled",1313,377.34,5,1,0.2873876618431074
FUR-TA-10003954,"Barricks Conference Table, with Bottom Storage",1270,-36.288,2,1,-0.02857322834645669
FUR-TA-10003954,Hon 94000 Series Round Tables,7406,-681.2139999999999,30,5,-0.09198136645962732
FUR-TA-10003963,"Bevis Conference Table, Fully Assembled",555,-1924.542,4,1,-3.467643243243243
FUR-TA-10004005,"Bevis Coffee Table, Rectangular",632,-113.7,4,1,-0.17990506329113926
FUR-TA-10004050,"Lesro Coffee Table, Fully Assembled",203,-304.224,4,1,-1.49864039408867
FUR-TA-10004054,"Lesro Conference Table, with Bottom Storage",2830,-1852.566,7,2,-0.6546169611307421
FUR-TA-10004086,KI Adjustable-Height Table,1789,-22.354799999999997,27,7,-0.012495695919508104
FUR-TA-10004132,"Bevis Coffee Table, with Bottom Storage",827,-394.572,4,1,-0.4771124546553809
FUR-TA-10004134,"Barricks Training Table, with Bottom Storage",340,-59.44,2,1,-0.1748235294117647
FUR-TA-10004147,Hon 4060 Series Tables,1232,96.2856,13,4,0.0781538961038961
FUR-TA-10004152,"Barricks 18"" x 48"" Non-Folding Utility Table with Bottom Storage Shelf",1089,-104.832,16,5,-0.09626446280991735
FUR-TA-10004154,"Lesro Round Table, Adjustable Height",727,-18.18,3,1,-0.02500687757909216
FUR-TA-10004154,"Riverside Furniture Oval Coffee Table, Oval End Table, End Table with Drawer",4446,-1147.4,25,5,-0.25807467386414756
FUR-TA-10004175,"Hon 30"" x 60"" Table with Locking Drawer",1296,-177.3512,6,3,-0.13684506172839506
FUR-TA-10004219,"Bevis Computer Table, with Bottom Storage",1291,-39.834,4,1,-0.03085515104570101
FUR-TA-10004249,"Lesro Wood Table, Fully Assembled",1219,-1422.46,13,3,-1.166907301066448
FUR-TA-10004256,Bretford “Just In Time” Height-Adjustable Multi-Task Work Tables,5636,-964.194,17,4,-0.1710777146912704
FUR-TA-10004289,BoxOffice By Design Rectangular and Half-Moon Meeting Room Tables,1707,-1148.4375,15,3,-0.6727811950790861
FUR-TA-10004306,"Barricks Round Table, Fully Assembled",1878,352.072,7,2,0.18747177848775293
FUR-TA-10004308,"Lesro Wood Table, Adjustable Height",3194,651.0160000000001,14,3,0.20382467125860992
FUR-TA-10004336,"Hon Wood Table, Fully Assembled",2273,568.3199999999999,8,2,0.2500307963044434
FUR-TA-10004342,"Chromcraft Round Table, with Bottom Storage",4135,280.035,15,4,0.06772309552599759
FUR-TA-10004353,"Chromcraft Wood Table, with Bottom Storage",193,-334.552,2,1,-1.7334300518134715
FUR-TA-10004371,"Lesro Round Table, Adjustable Height",954,-1557.99,7,1,-1.63311320754717
FUR-TA-10004383,"Bevis Coffee Table, Adjustable Height",2412,-759.5739,11,3,-0.314914552238806
FUR-TA-10004406,"Bevis Computer Table, Fully Assembled",2248,423.20799999999997,8,2,0.1882597864768683
FUR-TA-10004416,"Bevis Wood Table, Adjustable Height",536,-96.48,2,1,-0.18000000000000002
FUR-TA-10004440,"Chromcraft Wood Table, Fully Assembled",968,106.44,3,1,0.10995867768595041
FUR-TA-10004442,Riverside Furniture Stanwyck Manor Table Series,918,-415.9325,5,3,-0.4530855119825708
FUR-TA-10004468,"Lesro Training Table, Fully Assembled",541,48.6,2,1,0.08983364140480592
FUR-TA-10004484,"Barricks Wood Table, Adjustable Height",363,-98.646,1,1,-0.27175206611570246
FUR-TA-10004504,"Lesro Computer Table, with Bottom Storage",172,-327.228,2,1,-1.9024883720930232
FUR-TA-10004524,"Bevis Round Table, with Bottom Storage",2073,-77.79,5,2,-0.037525325615050655
FUR-TA-10004531,"Chromcraft Coffee Table, Rectangular",529,264.66,3,1,0.5003024574669188
FUR-TA-10004534,Bevis 44 x 96 Conference Tables,3254,-164.72,20,5,-0.05062077443146896
FUR-TA-10004544,"Chromcraft Coffee Table, Fully Assembled",457,-1391.208,8,2,-3.0442188183807444
FUR-TA-10004575,Hon 5100 Series Wood Tables,5965,-238.60360000000006,26,7,-0.04000060352053647
FUR-TA-10004584,"Hon Training Table, Rectangular",132,-92.492,2,1,-0.7006969696969697
FUR-TA-10004607,Hon 2111 Invitation Series Straight Table,2039,-115.30739999999999,18,7,-0.056550956351152516
FUR-TA-10004619,Hon Non-Folding Utility Tables,3776,541.654,29,5,0.14344650423728814
FUR-TA-10004634,"Bevis Training Table, Adjustable Height",1753,-674.556,8,2,-0.38480091272104966
FUR-TA-10004649,"Barricks Round Table, Rectangular",1622,-623.94,5,1,-0.3846732429099877
FUR-TA-10004653,"Chromcraft Training Table, Rectangular",2029,-875.5134,12,2,-0.43149995071463776
FUR-TA-10004667,"Bevis Wood Table, Adjustable Height",643,10.68,2,1,0.01660964230171073
FUR-TA-10004680,"Lesro Wood Table, Fully Assembled",3095,267.03,9,2,0.08627786752827139
FUR-TA-10004711,"Lesro Conference Table, Adjustable Height",4299,300.9,5,1,0.06999302163293789
FUR-TA-10004722,"Barricks Computer Table, Adjustable Height",1545,-546.8175,5,1,-0.3539271844660194
FUR-TA-10004730,"Barricks Training Table, Adjustable Height",1330,-599.4465,7,2,-0.45071165413533837
FUR-TA-10004744,"Lesro Conference Table, with Bottom Storage",4288,1800.9,5,2,0.4199860074626866
FUR-TA-10004745,"Chromcraft Conference Table, Rectangular",2437,-487.368,4,1,-0.19998686910135413
FUR-TA-10004748,"Bevis Coffee Table, Fully Assembled",623,-191.8125,3,1,-0.3078852327447833
FUR-TA-10004757,"Barricks Training Table, with Bottom Storage",958,-690.837,7,2,-0.7211242171189979
FUR-TA-10004767,Safco Drafting Table,638,34.0704,12,4,0.05340188087774295
FUR-TA-10004801,"Hon Conference Table, Rectangular",2818,643.3199999999999,5,2,0.22828956706884312
FUR-TA-10004810,"Barricks Computer Table, Adjustable Height",1268,221.76,5,1,0.17488958990536277
FUR-TA-10004817,"Lesro Coffee Table, with Bottom Storage",504,-272.16,4,1,-0.54
FUR-TA-10004820,"Barricks Wood Table, Fully Assembled",3525,369.66,11,2,0.10486808510638299
FUR-TA-10004826,"Bevis Training Table, Rectangular",665,212.82,2,1,0.3200300751879699
FUR-TA-10004832,"Hon Conference Table, with Bottom Storage",983,-12.288,2,1,-0.012500508646998983
FUR-TA-10004840,"Hon Conference Table, Adjustable Height",5171,-110.96800000000002,11,4,-0.02145967897892091
FUR-TA-10004892,"Chromcraft Wood Table, with Bottom Storage",1448,564.48,3,1,0.3898342541436464
FUR-TA-10004915,"Office Impressions End Table, 20-1/2""H x 24""W x 20""D",5802,-66.82720000000005,23,5,-0.011517959324370915
FUR-TA-10004937,"Chromcraft Conference Table, Rectangular",5569,-487.344,12,4,-0.0875101454480158
FUR-TA-10004957,"Bevis Wood Table, Fully Assembled",460,-117.7512,2,1,-0.2559808695652174
FUR-TA-10004972,"Chromcraft Wood Table, Rectangular",768,-819.376,8,1,-1.0668958333333334
FUR-TEN-10000002,"Tenex Stacking Tray, Black",61,-4.554,3,2,-0.07465573770491804
FUR-TEN-10000296,"Tenex Door Stop, Durable",327,-349.23,19,5,-1.0679816513761469
FUR-TEN-10000325,"Tenex Light Bulb, Erganomic",41,-9.674999999999999,3,3,-0.23597560975609755
FUR-TEN-10000377,"Tenex Light Bulb, Duo Pack",19,2.25,1,1,0.11842105263157894
FUR-TEN-10000407,"Tenex Door Stop, Erganomic",511,81.36,12,5,0.15921722113502934
FUR-TEN-10000525,"Tenex Clock, Black",725,82.52999999999999,17,8,0.11383448275862067
FUR-TEN-10000558,"Tenex Frame, Erganomic",392,-45.72,6,3,-0.11663265306122449
FUR-TEN-10000986,"Tenex Frame, Duo Pack",2123,98.77199999999999,20,8,0.0465247291568535
FUR-TEN-10001349,"Tenex Frame, Black",440,21.96,4,4,0.04990909090909091
FUR-TEN-10001809,"Tenex Photo Frame, Erganomic",236,-59.658,6,5,-0.25278813559322033
FUR-TEN-10002418,"Tenex Clock, Duo Pack",80,-44.304,4,1,-0.5538000000000001
FUR-TEN-10002448,"Tenex Stacking Tray, Erganomic",200,89.91,9,3,0.44955
FUR-TEN-10003050,"Tenex Photo Frame, Black",311,86.94,6,3,0.2795498392282958
FUR-TEN-10003349,"Tenex Photo Frame, Durable",543,25.977000000000004,16,5,0.04783977900552487
FUR-TEN-10003552,"Tenex Clock, Durable",321,30.114000000000004,11,3,0.09381308411214954
FUR-TEN-10003648,"Tenex Stacking Tray, Erganomic",416,15.389999999999999,18,5,0.036995192307692305
FUR-TEN-10003871,"Tenex Frame, Durable",835,-141.282,12,2,-0.16920000000000002
FUR-TEN-10003879,"Tenex Light Bulb, Black",102,-17.118000000000002,9,3,-0.16782352941176473
FUR-TEN-10003900,"Tenex Stacking Tray, Durable",88,-46.095,7,4,-0.5238068181818182
FUR-TEN-10003923,"Tenex Door Stop, Duo Pack",427,160.335,11,5,0.37549180327868853
FUR-TEN-10004147,"Tenex Clock, Erganomic",69,14.657999999999998,2,2,0.2124347826086956
FUR-TEN-10004388,"Tenex Door Stop, Black",132,43.38,3,2,0.32863636363636367
FUR-TEN-10004549,"Tenex Light Bulb, Durable",101,2.058,7,4,0.020376237623762374
OFF-ACC-10000102,"Acco Binding Machine, Clear",1092,-33.120000000000005,25,9,-0.030329670329670332
OFF-ACC-10000218,"Acco Hole Reinforcements, Durable",104,13.914,21,9,0.13378846153846152
OFF-ACC-10000233,"Acco Binder, Economy",313,26.505000000000003,22,12,0.08468051118210863
OFF-ACC-10000307,"Acco Index Tab, Clear",170,31.656,30,13,0.18621176470588235
OFF-ACC-10000375,"Accos Staples, 12 Pack",20,4.32,2,2,0.21600000000000003
OFF-ACC-10000497,"Accos Rubber Bands, Assorted Sizes",50,-3.581999999999999,5,3,-0.07163999999999998
OFF-ACC-10000687,"Accos Clamps, 12 Pack",226,36.0,12,3,0.1592920353982301
OFF-ACC-10000798,"Acco Hole Reinforcements, Economy",114,2.267999999999999,18,10,0.019894736842105253
OFF-ACC-10000808,"Acco 3-Hole Punch, Economy",342,50.328,12,9,0.14715789473684213
OFF-ACC-10001028,"Accos Push Pins, Metal",86,-0.347999999999999,7,5,-0.004046511627906965
OFF-ACC-10001281,"Accos Clamps, Bulk Pack",342,145.578,19,6,0.4256666666666667
OFF-ACC-10001285,"Acco Index Tab, Clear",174,7.026000000000003,23,12,0.040379310344827606
OFF-ACC-10001703,"Acco Binder, Recycled",212,-60.144,18,10,-0.2836981132075472
OFF-ACC-10001993,"Acco Binder Covers, Clear",101,20.772000000000002,11,7,0.20566336633663368
OFF-ACC-10002167,"Accos Paper Clips, Metal",66,3.3000000000000003,5,4,0.05
OFF-ACC-10002220,"Acco Binding Machine, Economy",689,36.31499999999999,18,8,0.052706821480406375
OFF-ACC-10002327,"Accos Thumb Tacks, Metal",59,3.3899999999999997,5,2,0.057457627118644064
OFF-ACC-10002343,"Acco 3-Hole Punch, Durable",520,33.40800000000001,26,12,0.06424615384615386
OFF-ACC-10002425,"Accos Thumb Tacks, Assorted Sizes",133,-22.14,15,5,-0.16646616541353385
OFF-ACC-10002680,"Acco Binding Machine, Recycled",1266,223.2,27,9,0.176303317535545
OFF-ACC-10002772,"Acco Index Tab, Economy",226,96.768,24,13,0.4281769911504425
OFF-ACC-10002834,"Accos Thumb Tacks, 12 Pack",130,44.400000000000006,10,5,0.34153846153846157
OFF-ACC-10002849,"Acco 3-Hole Punch, Clear",624,56.06999999999999,23,11,0.08985576923076923
OFF-ACC-10002853,"Accos Thumb Tacks, Bulk Pack",28,5.7,2,2,0.20357142857142857
OFF-ACC-10003265,"Accos Rubber Bands, Bulk Pack",160,66.408,11,3,0.41505000000000003
OFF-ACC-10003422,"Acco Binder, Durable",376,96.96000000000001,23,11,0.2578723404255319
OFF-ACC-10003636,"Acco Binding Machine, Durable",597,114.387,12,10,0.1916030150753769
OFF-ACC-10003713,"Accos Clamps, Assorted Sizes",270,80.64,16,3,0.2986666666666667
OFF-ACC-10003745,"Accos Paper Clips, Assorted Sizes",56,-49.44,8,4,-0.8828571428571428
OFF-ACC-10003788,"Acco Hole Reinforcements, Clear",180,-52.824,40,16,-0.29346666666666665
OFF-ACC-10003806,"Accos Clamps, Metal",48,11.7,3,3,0.24375
OFF-ACC-10003909,"Accos Push Pins, Assorted Sizes",36,0.63,3,2,0.0175
OFF-ACC-10003925,"Accos Staples, Bulk Pack",35,-35.04,8,3,-1.0011428571428571
OFF-ACC-10003984,"Accos Paper Clips, Assorted Sizes",34,0.27,3,2,0.007941176470588236
OFF-ACC-10004008,"Acco Binder Covers, Durable",313,115.38,24,9,0.36862619808306707
OFF-ACC-10004182,"Acco Index Tab, Durable",252,40.62,30,9,0.1611904761904762
OFF-ACC-10004278,"Accos Paper Clips, Bulk Pack",12,-14.076,3,3,-1.173
OFF-ACC-10004281,"Acco Hole Reinforcements, Recycled",149,68.094,23,11,0.4570067114093959
OFF-ACC-10004322,"Acco Binder, Clear",380,103.719,28,10,0.27294473684210524
OFF-ACC-10004364,"Accos Push Pins, Bulk Pack",65,-18.671999999999997,8,5,-0.2872615384615384
OFF-ACC-10004430,"Accos Rubber Bands, 12 Pack",22,0.9539999999999997,2,2,0.043363636363636354
OFF-ACC-10004538,"Acco Binder Covers, Recycled",608,146.592,48,16,0.24110526315789477
OFF-ACC-10004692,"Acco 3-Hole Punch, Recycled",559,33.582,19,8,0.06007513416815743
OFF-ACC-10004713,"Accos Staples, Assorted Sizes",46,0.8700000000000006,9,5,0.018913043478260883
OFF-ACC-10004748,"Accos Push Pins, 12 Pack",99,-34.095,14,5,-0.34439393939393936
OFF-ACC-10004782,"Accos Staples, Metal",11,2.19,1,1,0.1990909090909091
OFF-ACC-10004871,"Acco Binder Covers, Economy",228,78.432,19,7,0.34400000000000003
OFF-ACC-10004910,"Accos Rubber Bands, Metal",118,43.47,7,3,0.36838983050847457
OFF-ACM-10000277,"Acme Ruler, High Speed",67,2.64,4,1,0.03940298507462687
OFF-ACM-10000476,"Acme Letter Opener, Easy Grip",612,129.816,21,9,0.21211764705882352
OFF-ACM-10000570,"Acme Letter Opener, High Speed",159,-8.547,6,5,-0.05375471698113208
OFF-ACM-10000671,"Acme Ruler, Steel",112,33.81,7,4,0.301875
OFF-ACM-10000777,"Acme Scissors, Serrated",287,17.16,13,5,0.059790940766550525
OFF-ACM-10001029,"Acme Box Cutter, Serrated",104,23.759999999999998,3,2,0.22846153846153844
OFF-ACM-10001112,"Acme Shears, Steel",148,53.19,3,2,0.35939189189189186
OFF-ACM-10001587,"Acme Box Cutter, Easy Grip",316,154.32,8,2,0.4883544303797468
OFF-ACM-10001704,"Acme Letter Opener, Serrated",108,7.44,4,1,0.06888888888888889
OFF-ACM-10002045,"Acme Shears, High Speed",295,94.84800000000001,8,4,0.3215186440677967
OFF-ACM-10002131,"Acme Ruler, Easy Grip",109,20.88,6,3,0.19155963302752294
OFF-ACM-10002301,"Acme Trimmer, Serrated",700,84.14999999999999,17,7,0.1202142857142857
OFF-ACM-10002713,"Acme Box Cutter, Steel",52,3.719999999999999,2,2,0.07153846153846152
OFF-ACM-10002816,"Acme Letter Opener, Steel",589,82.029,29,8,0.13926825127334463
OFF-ACM-10003278,"Acme Trimmer, Easy Grip",102,-114.72,6,2,-1.1247058823529412
OFF-ACM-10003510,"Acme Scissors, High Speed",550,-6.336000000000006,24,7,-0.01152000000000001
OFF-ACM-10003591,"Acme Trimmer, Steel",149,-56.388000000000005,6,5,-0.37844295302013425
OFF-ACM-10003715,"Acme Shears, Serrated",430,-113.976,12,4,-0.26506046511627906
OFF-ACM-10003978,"Acme Trimmer, High Speed",402,116.10000000000001,9,5,0.28880597014925374
OFF-ACM-10004150,"Acme Ruler, Serrated",43,-34.368,8,1,-0.7992558139534884
OFF-ACM-10004587,"Acme Scissors, Steel",334,82.626,19,4,0.24738323353293415
OFF-ACM-10004669,"Acme Shears, Easy Grip",434,-55.94399999999999,12,5,-0.12890322580645158
OFF-ACM-10004895,"Acme Scissors, Easy Grip",195,-52.128,12,4,-0.26732307692307694
OFF-ADV-10000177,"Advantus Staples, Metal",245,95.814,23,8,0.39107755102040814
OFF-ADV-10000213,"Advantus Rubber Bands, Metal",58,6.654,4,4,0.11472413793103448
OFF-ADV-10000308,"Advantus Push Pins, 12 Pack",152,53.13,11,5,0.34953947368421057
OFF-ADV-10000331,"Advantus Paper Clips, Assorted Sizes",76,14.849999999999998,8,7,0.19539473684210523
OFF-ADV-10000425,"Advantus Clamps, Metal",18,-14.030999999999999,3,2,-0.7795
OFF-ADV-10000551,"Advantus Thumb Tacks, Bulk Pack",140,-9.513,11,4,-0.06795
OFF-ADV-10001124,"Advantus Clamps, 12 Pack",170,26.730000000000004,9,6,0.15723529411764708
OFF-ADV-10001437,"Advantus Paper Clips, Bulk Pack",106,-0.798,9,4,-0.007528301886792453
OFF-ADV-10001451,"Advantus Clamps, Assorted Sizes",64,-53.028,8,3,-0.8285625
OFF-ADV-10002299,"Advantus Rubber Bands, 12 Pack",229,53.586000000000006,15,5,0.234
OFF-ADV-10002549,"Advantus Rubber Bands, Assorted Sizes",123,-19.187999999999995,13,4,-0.15599999999999997
OFF-ADV-10002593,"Advantus Clamps, Bulk Pack",19,7.71,1,1,0.40578947368421053
OFF-ADV-10003030,"Advantus Staples, 12 Pack",143,-48.36900000000001,20,6,-0.3382447552447553
OFF-ADV-10003050,"Advantus Rubber Bands, Bulk Pack",282,92.82,17,4,0.32914893617021274
OFF-ADV-10003125,"Advantus Paper Clips, Assorted Sizes",67,-1.71,7,5,-0.02552238805970149
OFF-ADV-10003196,"Advantus Staples, Assorted Sizes",3,-1.506,1,1,-0.502
OFF-ADV-10003369,"Advantus Thumb Tacks, Assorted Sizes",114,11.526,11,5,0.10110526315789474
OFF-ADV-10004030,"Advantus Push Pins, Metal",88,3.4199999999999995,6,3,0.03886363636363636
OFF-ADV-10004228,"Advantus Push Pins, Assorted Sizes",48,9.48,4,1,0.1975
OFF-ADV-10004241,"Advantus Thumb Tacks, 12 Pack",161,-38.711999999999996,16,6,-0.2404472049689441
OFF-ADV-10004274,"Advantus Thumb Tacks, Metal",52,-3.5519999999999996,5,3,-0.0683076923076923
OFF-ADV-10004598,"Advantus Paper Clips, Metal",205,43.332,16,6,0.21137560975609757
OFF-ADV-10004875,"Advantus Staples, Bulk Pack",181,36.396,22,5,0.2010828729281768
OFF-AME-10000244,"Ames Manila Envelope, Security-Tint",606,232.83599999999998,23,9,0.38421782178217817
OFF-AME-10000360,"Ames Interoffice Envelope, Security-Tint",109,36.576,3,2,0.33555963302752295
OFF-AME-10000440,"Ames Interoffice Envelope, with clear poly window",127,-5.844000000000001,4,3,-0.04601574803149607
OFF-AME-10000851,"Ames Mailers, with clear poly window",444,203.907,12,6,0.45925000000000005
OFF-AME-10000870,"Ames Peel and Seal, Recycled",235,67.314,15,8,0.2864425531914893
OFF-AME-10001009,"Ames Interoffice Envelope, Set of 50",406,158.21999999999997,9,2,0.38970443349753686
OFF-AME-10001179,"Ames Mailers, Set of 50",323,45.089999999999996,9,3,0.13959752321981422
OFF-AME-10001489,"Ames Manila Envelope, Set of 50",70,-21.828000000000003,4,4,-0.31182857142857145
OFF-AME-10001587,"Ames Peel and Seal, with clear poly window",235,79.24799999999999,13,4,0.3372255319148936
OFF-AME-10001641,"Ames Interoffice Envelope, Recycled",250,32.724,9,4,0.13089599999999998
OFF-AME-10002081,"Ames Peel and Seal, Security-Tint",193,-10.092,14,6,-0.05229015544041451
OFF-AME-10002376,"Ames Manila Envelope, Recycled",197,66.096,9,2,0.33551269035533
OFF-AME-10002557,"Ames Business Envelopes, Recycled",163,23.003999999999998,11,7,0.1411288343558282
OFF-AME-10002652,"Ames Peel and Seal, Set of 50",172,50.628,12,5,0.2943488372093023
OFF-AME-10002697,"Ames Business Envelopes, Recycled",5,-2.964,1,1,-0.5928
OFF-AME-10002923,"Ames Clasp Envelope, Set of 50",18,2.8800000000000003,4,3,0.16000000000000003
OFF-AME-10002949,"Ames Clasp Envelope, with clear poly window",122,-10.284,14,7,-0.08429508196721312
OFF-AME-10002956,"Ames Business Envelopes, Security-Tint",192,64.35,13,5,0.33515625
OFF-AME-10003089,"Ames Clasp Envelope, Security-Tint",38,0.72,4,2,0.01894736842105263
OFF-AME-10003167,"Ames Clasp Envelope, Recycled",29,0.3600000000000003,6,5,0.012413793103448287
OFF-AME-10003180,"Ames Business Envelopes, Set of 50",54,15.75,3,3,0.2916666666666667
OFF-AME-10004651,"Ames Mailers, Recycled",312,6.209999999999999,9,4,0.01990384615384615
OFF-AME-10004759,"Ames Manila Envelope, with clear poly window",281,121.2,10,4,0.4313167259786477
OFF-AP-10000003,"KitchenAid Refrigerator, White",1420,631.296,3,1,0.444574647887324
OFF-AP-10000004,"Cuisinart Stove, Silver",1617,549.8100000000001,3,2,0.34001855287569577
OFF-AP-10000005,"KitchenAid Microwave, Red",4749,130.296,16,5,0.027436512950094756
OFF-AP-10000023,"Breville Toaster, Black",254,-98.02,7,2,-0.3859055118110236
OFF-AP-10000026,Tripp Lite Isotel 6 Outlet Surge Protector with Fax/Modem Protection,1244,74.99310000000001,27,6,0.06028384244372991
OFF-AP-10000027,Hoover Commercial SteamVac,168,35.308,14,4,0.21016666666666667
OFF-AP-10000039,"Breville Coffee Grinder, Silver",181,35.049,3,2,0.19364088397790055
OFF-AP-10000043,"Cuisinart Toaster, Silver",438,145.6089,9,3,0.33244041095890414
OFF-AP-10000055,Belkin F9S820V06 8 Outlet Surge,266,-120.17599999999999,17,4,-0.45178947368421046
OFF-AP-10000078,"Breville Toaster, Silver",372,-216.912,8,1,-0.5830967741935484
OFF-AP-10000108,"Breville Refrigerator, Black",3320,954.384,8,2,0.28746506024096385
OFF-AP-10000119,"Breville Microwave, White",1200,503.64,6,3,0.41969999999999996
OFF-AP-10000124,Acco 6 Outlet Guardian Basic Surge Suppressor,38,-3.6608,7,2,-0.09633684210526317
OFF-AP-10000136,"Hamilton Beach Refrigerator, White",4136,847.041,10,1,0.20479714700193424
OFF-AP-10000159,Belkin F9M820V08 8 Outlet Surge,558,101.003,15,3,0.1810089605734767
OFF-AP-10000162,"Breville Microwave, Black",1355,-60.27,5,1,-0.04447970479704797
OFF-AP-10000172,"Cuisinart Toaster, Silver",1176,174.11700000000002,24,5,0.14805867346938778
OFF-AP-10000179,"Breville Refrigerator, Red",6786,-69.288,20,5,-0.010210433244916004
OFF-AP-10000179,Honeywell Enviracaire Portable HEPA Air Cleaner for up to 10 x 16 Room,1320,417.0244,12,3,0.3159275757575758
OFF-AP-10000195,"Cuisinart Stove, Black",968,247.296,2,1,0.2554710743801653
OFF-AP-10000200,"KitchenAid Refrigerator, Red",1056,-528.02,5,2,-0.5000189393939394
OFF-AP-10000213,"Cuisinart Refrigerator, Black",2576,-816.088,13,2,-0.31680434782608696
OFF-AP-10000226,"Hoover Coffee Grinder, Black",662,320.634,10,2,0.4843413897280967
OFF-AP-10000228,"Cuisinart Blender, White",1081,272.95799999999997,20,5,0.2525050878815911
OFF-AP-10000240,Belkin F9G930V10-GRY 9 Outlet Surge,770,162.57920000000001,16,5,0.2111418181818182
OFF-AP-10000252,Harmony HEPA Quiet Air Purifiers,129,37.44,12,4,0.29023255813953486
OFF-AP-10000258,"Hamilton Beach Blender, Black",464,-6.264000000000001,7,2,-0.013500000000000002
OFF-AP-10000261,"Cuisinart Toaster, Silver",167,32.444,5,2,0.19427544910179642
OFF-AP-10000263,"KitchenAid Microwave, Silver",1866,-245.76000000000002,7,3,-0.1317041800643087
OFF-AP-10000275,"Sanyo Counter Height Refrigerator with Crisper, 3.6 Cubic Foot, Stainless Steel/Black",5907,1653.8256000000001,18,3,0.2799772473336719
OFF-AP-10000285,"Breville Microwave, Silver",242,-181.512,3,1,-0.7500495867768595
OFF-AP-10000304,"Breville Stove, Red",505,44.916,1,1,0.08894257425742573
OFF-AP-10000304,"Hoover Microwave, White",2945,1288.1879999999999,10,3,0.43741528013582337
OFF-AP-10000326,Belkin 7 Outlet SurgeMaster Surge Protector with Phone Protection,158,17.766,5,1,0.11244303797468354
OFF-AP-10000329,"KitchenAid Refrigerator, White",1052,0.0,3,1,0.0
OFF-AP-10000330,"Hamilton Beach Stove, Red",6616,2738.7780000000002,13,3,0.41396281741233376
OFF-AP-10000335,"Cuisinart Microwave, Red",2255,275.616,9,2,0.12222439024390243
OFF-AP-10000344,"Hoover Toaster, Silver",228,65.763,3,1,0.2884342105263158
OFF-AP-10000358,Fellowes Basic Home/Office Series Surge Protectors,437,58.2802,41,9,0.13336430205949656
OFF-AP-10000381,"Hoover Refrigerator, Red",632,-63.168,2,1,-0.09994936708860759
OFF-AP-10000382,"Breville Coffee Grinder, White",210,48.6,4,3,0.23142857142857143
OFF-AP-10000390,Euro Pro Shark Stick Mini Vacuum,171,-325.6332,11,3,-1.9042877192982455
OFF-AP-10000391,"Hamilton Beach Coffee Grinder, Black",783,297.3558,21,4,0.3797647509578544
OFF-AP-10000407,"KitchenAid Refrigerator, Silver",9304,2357.844,27,6,0.2534226139294927
OFF-AP-10000415,"KitchenAid Toaster, Red",709,300.996,9,2,0.42453596614950634
OFF-AP-10000423,"Breville Refrigerator, Red",3947,581.628,8,2,0.14735951355459845
OFF-AP-10000437,"KitchenAid Refrigerator, Red",1584,126.63,3,1,0.07994318181818182
OFF-AP-10000486,"Cuisinart Stove, Silver",5067,916.236,11,3,0.18082415630550622
OFF-AP-10000487,"Hoover Stove, Silver",6256,-1144.1322,13,3,-0.18288558184143222
OFF-AP-10000490,"Hamilton Beach Coffee Grinder, Silver",443,84.8361,11,4,0.19150361173814898
OFF-AP-10000509,"Hoover Refrigerator, Black",2366,551.955,5,1,0.23328613693998312
OFF-AP-10000510,"Cuisinart Coffee Grinder, Red",262,40.788,7,2,0.1556793893129771
OFF-AP-10000528,"Breville Blender, Black",335,58.548,7,3,0.17477014925373136
OFF-AP-10000534,"KitchenAid Toaster, Silver",465,98.118,6,1,0.2110064516129032
OFF-AP-10000540,"Hamilton Beach Refrigerator, Red",4051,-45.117000000000004,9,2,-0.011137250061713158
OFF-AP-10000545,"Cuisinart Toaster, Black",141,1.36,4,1,0.009645390070921987
OFF-AP-10000569,"KitchenAid Coffee Grinder, Black",140,32.1,3,1,0.2292857142857143
OFF-AP-10000576,"Belkin 325VA UPS Surge Protector, 6'",1379,199.61700000000002,13,4,0.14475489485134158
OFF-AP-10000576,Belkin 7 Outlet SurgeMaster II,631,176.8704,16,3,0.28030174326465923
OFF-AP-10000577,"Cuisinart Stove, Black",1075,290.34,2,1,0.27008372093023253
OFF-AP-10000584,"Breville Refrigerator, Silver",5200,1404.0,10,3,0.27
OFF-AP-10000595,Disposable Triple-Filter Dust Bags,44,11.362,10,4,0.25822727272727275
OFF-AP-10000600,"KitchenAid Coffee Grinder, Silver",95,3.76,2,1,0.039578947368421054
OFF-AP-10000604,"Breville Microwave, Silver",524,-40.376,4,2,-0.07705343511450381
OFF-AP-10000604,"Hamilton Beach Coffee Grinder, Black",84,-53.32,5,1,-0.6347619047619047
OFF-AP-10000615,"KitchenAid Toaster, Silver",287,49.300000000000004,6,3,0.17177700348432057
OFF-AP-10000621,"KitchenAid Microwave, Silver",2074,779.72,12,4,0.3759498553519769
OFF-AP-10000639,"Breville Microwave, Red",2776,331.632,15,5,0.11946397694524497
OFF-AP-10000647,"Hoover Refrigerator, White",6975,367.08,14,3,0.05262795698924731
OFF-AP-10000653,"Cuisinart Blender, White",217,-32.6658,4,2,-0.15053364055299537
OFF-AP-10000653,"Hamilton Beach Blender, Black",19,-18.328,1,1,-0.9646315789473684
OFF-AP-10000663,"Hoover Stove, Red",2729,530.456,10,2,0.1943774276291682
OFF-AP-10000667,"Breville Stove, White",1865,37.3,5,2,0.019999999999999997
OFF-AP-10000672,"KitchenAid Stove, White",1705,409.14,3,1,0.2399648093841642
OFF-AP-10000675,"Hamilton Beach Stove, White",11512,226.944,24,5,0.01971369006254343
OFF-AP-10000691,"Cuisinart Refrigerator, Red",595,-129.024,2,1,-0.21684705882352942
OFF-AP-10000692,Fellowes Mighty 8 Compact Surge Protector,345,67.2964,19,6,0.19506202898550726
OFF-AP-10000696,Holmes Odor Grabber,358,67.774,30,8,0.1893128491620112
OFF-AP-10000717,"Hoover Microwave, Black",1664,-0.162,6,3,-9.735576923076923e-05
OFF-AP-10000729,"KitchenAid Refrigerator, White",8658,551.7768000000001,23,5,0.06373028413028414
OFF-AP-10000751,"Breville Refrigerator, Black",1798,-453.11199999999997,7,2,-0.25200889877641824
OFF-AP-10000775,"Breville Blender, Silver",334,54.138000000000005,5,2,0.16208982035928146
OFF-AP-10000800,"Breville Stove, Red",4492,898.32,12,4,0.19998219056099734
OFF-AP-10000802,"Hoover Microwave, White",6411,1036.902,24,6,0.16173795039775388
OFF-AP-10000804,Hoover Portapower Portable Vacuum,62,1.3439999999999994,18,4,0.0216774193548387
OFF-AP-10000806,"KitchenAid Coffee Grinder, Silver",256,31.272,4,1,0.12215625
OFF-AP-10000818,"Hoover Blender, Black",97,-61.86,2,1,-0.6377319587628866
OFF-AP-10000825,"KitchenAid Coffee Grinder, White",693,202.251,11,2,0.29184848484848486
OFF-AP-10000828,Avanti 4.4 Cu. Ft. Refrigerator,3511,383.6776,24,7,0.10927872401025349
OFF-AP-10000844,"Breville Toaster, Black",102,-149.78,5,1,-1.4684313725490197
OFF-AP-10000864,"Hamilton Beach Refrigerator, Black",2897,439.548,6,2,0.15172523299965482
OFF-AP-10000873,"Hamilton Beach Microwave, Red",2561,421.584,16,3,0.16461694650527137
OFF-AP-10000891,Kensington 7 Outlet MasterPiece HOMEOFFICE Power Control Center,2491,563.816,21,5,0.22634122842232038
OFF-AP-10000900,"Cuisinart Coffee Grinder, White",263,-10.8375,8,2,-0.041207224334600764
OFF-AP-10000904,"Cuisinart Coffee Grinder, Silver",700,116.1408,19,6,0.16591542857142857
OFF-AP-10000916,"KitchenAid Microwave, Black",372,43.32,2,1,0.11645161290322581
OFF-AP-10000934,"Hamilton Beach Stove, Black",1950,-1121.688,9,1,-0.5752246153846154
OFF-AP-10000935,"Cuisinart Toaster, White",537,31.41,11,3,0.05849162011173185
OFF-AP-10000938,Avanti 1.7 Cu. Ft. Refrigerator,2222,476.6256,24,4,0.21450297029702972
OFF-AP-10000975,"KitchenAid Stove, Black",2050,-512.712,6,1,-0.2501034146341463
OFF-AP-10000977,"Breville Blender, White",792,144.423,9,2,0.18235227272727272
OFF-AP-10000977,"Cuisinart Toaster, Red",64,-32.088,2,1,-0.501375
OFF-AP-10000981,"Hoover Coffee Grinder, Red",345,17.79,6,3,0.05156521739130435
OFF-AP-10001005,Honeywell Quietcare HEPA Air Cleaner,1762,549.7635,23,6,0.31201106696935305
OFF-AP-10001018,"Cuisinart Refrigerator, White",2545,884.5530000000001,6,2,0.3475650294695482
OFF-AP-10001018,"Hoover Toaster, Silver",101,-18.612,2,1,-0.18427722772277227
OFF-AP-10001041,"Hoover Stove, White",6422,2817.62,18,4,0.438744939271255
OFF-AP-10001049,"Breville Coffee Grinder, Silver",459,146.74,11,2,0.3196949891067538
OFF-AP-10001058,"Cuisinart Microwave, White",738,228.64,4,1,0.309810298102981
OFF-AP-10001058,Sanyo 2.5 Cubic Foot Mid-Size Office Refrigerators,4477,956.9502,17,4,0.21374809023899932
OFF-AP-10001067,"Hoover Blender, Silver",195,36.900000000000006,3,2,0.18923076923076926
OFF-AP-10001076,"Hamilton Beach Coffee Grinder, Red",683,102.24,16,3,0.14969253294289897
OFF-AP-10001099,"Hoover Stove, Black",8290,-68.33999999999999,16,6,-0.008243667068757538
OFF-AP-10001103,"Breville Microwave, Silver",1815,459.63,7,2,0.2532396694214876
OFF-AP-10001106,"Hamilton Beach Stove, White",5766,576.3199999999999,16,2,0.09995143947277141
OFF-AP-10001124,Belkin 8 Outlet SurgeMaster II Gold Surge Protector with Phone Protection,648,168.4384,8,1,0.2599358024691358
OFF-AP-10001130,"Breville Toaster, Black",358,152.208,5,2,0.42516201117318436
OFF-AP-10001138,"Cuisinart Blender, Silver",664,-51.58800000000001,11,3,-0.07769277108433736
OFF-AP-10001154,Bionaire Personal Warm Mist Humidifier/Vaporizer,516,201.1581,11,3,0.3898412790697674
OFF-AP-10001169,"Cuisinart Microwave, White",3485,284.82,13,3,0.0817274031563845
OFF-AP-10001178,"KitchenAid Stove, Red",7526,957.66,16,3,0.12724687749136326
OFF-AP-10001190,"Hoover Refrigerator, Silver",2530,1212.048,5,2,0.4790703557312253
OFF-AP-10001191,"Hoover Blender, White",705,62.544000000000004,8,2,0.08871489361702128
OFF-AP-10001197,"KitchenAid Stove, Red",1425,-798.225,5,2,-0.5601578947368421
OFF-AP-10001205,Belkin 5 Outlet SurgeMaster Power Centers,1774,207.02400000000003,40,10,0.11669898534385571
OFF-AP-10001233,"Hamilton Beach Toaster, Red",675,247.7472,13,3,0.36703288888888885
OFF-AP-10001242,APC 7 Outlet Network SurgeArrest Surge Protector,1205,80.47999999999998,20,8,0.06678838174273857
OFF-AP-10001254,"KitchenAid Coffee Grinder, Red",1217,444.60630000000003,18,5,0.36532974527526707
OFF-AP-10001266,"Hoover Toaster, Black",1818,722.673,24,7,0.39750990099009903
OFF-AP-10001271,Eureka The Boss Cordless Rechargeable Stick Vac,949,241.1354,19,6,0.2540942044257113
OFF-AP-10001274,"Hoover Microwave, Black",1435,557.5062,5,2,0.38850606271777005
OFF-AP-10001285,"Cuisinart Stove, Red",646,-150.732,3,1,-0.2333312693498452
OFF-AP-10001293,Belkin 8 Outlet Surge Protector,1074,188.50800000000004,30,7,0.17551955307262573
OFF-AP-10001298,"Breville Stove, Black",2244,246.72,4,1,0.10994652406417112
OFF-AP-10001299,"Cuisinart Microwave, Silver",2094,865.5150000000001,8,2,0.4133309455587393
OFF-AP-10001303,"Holmes Cool Mist Humidifier for the Whole House with 8-Gallon Output per Day, Extended Life Filter",148,48.754999999999995,9,4,0.32942567567567566
OFF-AP-10001305,"Breville Microwave, White",4693,1430.1825,17,5,0.3047480289793309
OFF-AP-10001322,"Hamilton Beach Stove, Silver",4507,504.747,11,2,0.11199179054803639
OFF-AP-10001329,"KitchenAid Stove, White",1705,-1023.03,6,1,-0.6000175953079179
OFF-AP-10001335,"Hoover Toaster, Black",470,111.2562,6,3,0.23671531914893618
OFF-AP-10001366,Staples,187,50.398199999999996,17,4,0.26950909090909086
OFF-AP-10001391,Kensington 6 Outlet MasterPiece HOMEOFFICE Power Control Center,812,235.52639999999997,9,2,0.2900571428571428
OFF-AP-10001394,Harmony Air Purifier,1948,374.22,13,5,0.19210472279260782
OFF-AP-10001402,"KitchenAid Coffee Grinder, White",411,193.32,9,3,0.4703649635036496
OFF-AP-10001406,"Breville Stove, Black",2992,1376.1599999999999,8,3,0.4599465240641711
OFF-AP-10001408,"KitchenAid Refrigerator, White",421,-631.296,3,1,-1.4995154394299288
OFF-AP-10001458,"KitchenAid Blender, Black",564,-20.408,11,2,-0.03618439716312057
OFF-AP-10001469,Fellowes 8 Outlet Superior Workstation Surge Protector,758,166.84,20,5,0.22010554089709763
OFF-AP-10001492,"Acco Six-Outlet Power Strip, 4' Cord Length",343,81.5452,41,9,0.2377411078717201
OFF-AP-10001503,"KitchenAid Microwave, Black",3708,1409.0475,14,2,0.3800020226537217
OFF-AP-10001504,"Cuisinart Blender, Black",650,107.42760000000001,12,4,0.16527323076923078
OFF-AP-10001510,"Cuisinart Microwave, Silver",1899,-55.842,7,3,-0.029406003159557662
OFF-AP-10001527,"Hamilton Beach Microwave, Black",2791,-0.264,11,2,-9.458975277678252e-05
OFF-AP-10001529,"Hamilton Beach Toaster, White",722,262.33050000000003,15,3,0.36333864265927984
OFF-AP-10001548,"Hoover Toaster, Silver",1296,533.98,25,6,0.4120216049382716
OFF-AP-10001559,"KitchenAid Blender, Black",1603,434.9268,18,4,0.27132052401746726
OFF-AP-10001563,Belkin Premiere Surge Master II 8-outlet surge protector,951,55.38120000000001,26,7,0.05823470031545742
OFF-AP-10001564,Hoover Commercial Lightweight Upright Vacuum with E-Z Empty Dirt Cup,1023,-9.303200000000004,6,3,-0.009094037145650052
OFF-AP-10001565,"Cuisinart Coffee Grinder, Black",238,-1.6360000000000028,11,5,-0.0068739495798319445
OFF-AP-10001567,"Breville Blender, White",2175,801.861,26,4,0.36867172413793103
OFF-AP-10001568,"Hamilton Beach Toaster, Silver",863,340.008,16,5,0.3939837775202781
OFF-AP-10001587,"Hamilton Beach Coffee Grinder, Silver",43,-25.23,2,1,-0.5867441860465117
OFF-AP-10001593,"Cuisinart Microwave, Red",4010,757.344,16,3,0.1888638403990025
OFF-AP-10001606,"KitchenAid Toaster, Black",85,7.62,1,1,0.08964705882352941
OFF-AP-10001617,"KitchenAid Blender, Silver",1503,251.4,26,6,0.16726546906187625
OFF-AP-10001621,"Cuisinart Blender, Silver",677,155.7,10,3,0.22998522895125553
OFF-AP-10001621,"Hamilton Beach Refrigerator, Black",7698,-1034.1804,19,5,-0.13434403741231488
OFF-AP-10001623,"Hoover Stove, White",11730,-4958.1630000000005,31,6,-0.42269079283887473
OFF-AP-10001626,"Commercial WindTunnel Clean Air Upright Vacuum, Replacement Belts, Filtration Bags",52,1.6338000000000008,17,7,0.03141923076923078
OFF-AP-10001630,"Hamilton Beach Microwave, Black",2443,121.94,13,1,0.04991404011461318
OFF-AP-10001634,Hoover Commercial Lightweight Upright Vacuum,18,-2.5056000000000003,8,2,-0.13920000000000002
OFF-AP-10001635,"KitchenAid Refrigerator, Silver",1057,412.32,2,1,0.390085146641438
OFF-AP-10001664,"Cuisinart Stove, Black",1785,215.0304,4,1,0.1204652100840336
OFF-AP-10001670,"Hoover Coffee Grinder, White",2205,-44.4258,35,6,-0.020147755102040817
OFF-AP-10001682,"Hamilton Beach Blender, Black",1072,106.024,26,6,0.09890298507462687
OFF-AP-10001692,"KitchenAid Stove, Black",1709,563.85,3,1,0.32992978349912233
OFF-AP-10001723,"Hoover Blender, Black",458,116.848,8,4,0.25512663755458515
OFF-AP-10001772,"Hoover Toaster, White",1244,339.336,17,4,0.2727781350482315
OFF-AP-10001776,"Hamilton Beach Microwave, White",3845,-112.395,15,6,-0.02923146944083225
OFF-AP-10001776,"Hoover Refrigerator, Red",4420,1319.044,13,3,0.2984262443438914
OFF-AP-10001797,"Cuisinart Blender, Black",221,2.2,5,2,0.00995475113122172
OFF-AP-10001805,"KitchenAid Toaster, Silver",713,272.661,9,4,0.38241374474053297
OFF-AP-10001815,"Hoover Refrigerator, Black",1419,110.313,3,1,0.0777399577167019
OFF-AP-10001824,"Breville Stove, Silver",5083,22.40159999999998,10,4,0.004407161125319689
OFF-AP-10001824,"Hamilton Beach Blender, Silver",981,139.6224,16,4,0.14232660550458714
OFF-AP-10001847,"Breville Toaster, Red",674,-147.672,16,6,-0.2190979228486647
OFF-AP-10001876,"Hoover Coffee Grinder, Silver",325,155.68,7,1,0.4790153846153846
OFF-AP-10001882,"Breville Coffee Grinder, Silver",1139,312.522,22,6,0.27438279192273923
OFF-AP-10001885,"Hamilton Beach Coffee Grinder, White",566,9.160000000000004,22,5,0.016183745583038877
OFF-AP-10001891,"Cuisinart Coffee Grinder, Black",380,60.599999999999994,10,2,0.1594736842105263
OFF-AP-10001905,"KitchenAid Toaster, White",615,59.8656,8,3,0.09734243902439024
OFF-AP-10001916,"Breville Blender, Black",601,-1.9109999999999996,7,2,-0.0031797004991680525
OFF-AP-10001920,"KitchenAid Microwave, Silver",249,-74.664,3,1,-0.299855421686747
OFF-AP-10001926,"Hamilton Beach Refrigerator, White",4334,607.599,11,4,0.14019358560221507
OFF-AP-10001931,"Cuisinart Stove, Red",9151,3337.29,18,5,0.3646912905693367
OFF-AP-10001931,"Hoover Blender, Black",528,99.14,9,3,0.18776515151515152
OFF-AP-10001941,"KitchenAid Blender, White",465,32.48,7,2,0.06984946236559139
OFF-AP-10001947,Acco 6 Outlet Guardian Premium Plus Surge Suppressor,289,-113.7672,31,6,-0.3936581314878893
OFF-AP-10001955,"Hoover Microwave, White",327,-482.688,4,1,-1.4761100917431191
OFF-AP-10001956,"Breville Refrigerator, Black",2153,674.3040000000001,5,2,0.31319275429633076
OFF-AP-10001962,Black & Decker Filter for Double Action Dustbuster Cordless Vac BLDV7210,230,53.696,28,6,0.2334608695652174
OFF-AP-10001975,"Cuisinart Microwave, Black",445,-466.896,6,1,-1.0492044943820225
OFF-AP-10002008,"Hamilton Beach Microwave, Silver",283,113.28,1,1,0.4002826855123675
OFF-AP-10002017,"Cuisinart Blender, Red",692,86.7768,11,4,0.12539999999999998
OFF-AP-10002041,"Cuisinart Toaster, White",62,-29.94,2,1,-0.4829032258064516
OFF-AP-10002057,"Breville Coffee Grinder, Black",576,146.826,10,2,0.25490625
OFF-AP-10002082,Holmes HEPA Air Purifier,240,41.382000000000005,14,6,0.17242500000000002
OFF-AP-10002090,"Hamilton Beach Refrigerator, Red",8732,2970.4698,18,4,0.34018206596426936
OFF-AP-10002104,"Hoover Microwave, Red",4754,357.696,16,4,0.07524106015986538
OFF-AP-10002118,"1.7 Cubic Foot Compact ""Cube"" Office Refrigerators",2706,578.6848,14,6,0.21385247597930523
OFF-AP-10002128,"Breville Toaster, White",966,403.96500000000003,15,5,0.4181832298136646
OFF-AP-10002128,"Hoover Blender, Black",344,95.196,4,2,0.2767325581395349
OFF-AP-10002134,"KitchenAid Coffee Grinder, White",378,-17.925,6,2,-0.047420634920634926
OFF-AP-10002165,"Hamilton Beach Blender, White",392,17.692,9,3,0.04513265306122449
OFF-AP-10002186,"KitchenAid Toaster, Red",657,28.883999999999997,8,2,0.0439634703196347
OFF-AP-10002191,Belkin 8 Outlet SurgeMaster II Gold Surge Protector,738,89.97,15,5,0.12191056910569105
OFF-AP-10002203,Eureka Disposable Bags for Sanitaire Vibra Groomer I Upright Vac,2,-4.466,2,1,-2.233
OFF-AP-10002222,Staples,108,25.229699999999998,13,4,0.2336083333333333
OFF-AP-10002223,"Cuisinart Coffee Grinder, Red",489,121.98,19,4,0.2494478527607362
OFF-AP-10002226,"Hoover Blender, Black",711,-7.824000000000002,8,3,-0.011004219409282702
OFF-AP-10002229,"KitchenAid Coffee Grinder, Red",542,74.619,8,3,0.13767343173431734
OFF-AP-10002238,"Hoover Coffee Grinder, Red",998,-70.54499999999999,16,4,-0.07068637274549097
OFF-AP-10002239,"Hoover Toaster, White",327,-7.4178,6,2,-0.02268440366972477
OFF-AP-10002244,"Breville Refrigerator, White",9532,2804.5974,20,3,0.29422968946705835
OFF-AP-10002252,"Cuisinart Stove, Black",8602,1462.56,24,5,0.17002557544757033
OFF-AP-10002264,"KitchenAid Blender, White",269,110.52,3,1,0.41085501858736057
OFF-AP-10002283,"Hoover Toaster, Silver",912,192.9759,12,2,0.21159638157894736
OFF-AP-10002287,"Eureka Sanitaire  Multi-Pro Heavy-Duty Upright, Disposable Bags",82,12.7604,22,5,0.15561463414634147
OFF-AP-10002306,"KitchenAid Refrigerator, Silver",1057,454.62,2,1,0.43010406811731317
OFF-AP-10002311,"Holmes Replacement Filter for HEPA Air Cleaner, Very Large Room, HEPA Filter",1384,381.20739999999995,26,10,0.2754388728323699
OFF-AP-10002312,"KitchenAid Refrigerator, Black",8159,-68.78610000000006,20,4,-0.00843070229194755
OFF-AP-10002317,"Hamilton Beach Refrigerator, Silver",4075,1218.7240000000002,15,4,0.29907337423312885
OFF-AP-10002321,"Hoover Microwave, Silver",1856,909.54,6,1,0.49005387931034483
OFF-AP-10002326,"Hamilton Beach Microwave, White",4300,-752.142,18,4,-0.17491674418604652
OFF-AP-10002330,"Hamilton Beach Stove, Silver",18248,5452.464,38,7,0.2987978956597983
OFF-AP-10002344,"Hoover Microwave, Silver",701,-20.716,5,3,-0.029552068473609132
OFF-AP-10002350,Belkin F9H710-06 7 Outlet SurgeMaster Surge Protector,517,122.8368,29,8,0.2375953578336557
OFF-AP-10002351,"Hamilton Beach Refrigerator, Silver",4888,1582.6488,11,3,0.3237824877250409
OFF-AP-10002360,"Cuisinart Blender, White",478,-82.78,15,2,-0.17317991631799162
OFF-AP-10002361,"Hoover Microwave, Red",4445,493.53599999999994,16,4,0.11103172103487063
OFF-AP-10002364,"KitchenAid Toaster, Black",283,101.7,5,2,0.35936395759717316
OFF-AP-10002371,"KitchenAid Blender, Silver",3052,1248.648,32,6,0.4091245085190039
OFF-AP-10002397,"Breville Microwave, White",4588,1373.145,16,2,0.29929054054054055
OFF-AP-10002403,Acco Smartsocket Color-Coded Six-Outlet AC Adapter Model Surge Protectors,448,-7.041599999999995,14,4,-0.015717857142857134
OFF-AP-10002413,"Breville Coffee Grinder, Black",368,9.179999999999993,9,3,0.024945652173913025
OFF-AP-10002421,"Breville Stove, Silver",750,22.48,2,1,0.029973333333333334
OFF-AP-10002425,"Hamilton Beach Refrigerator, Black",2198,286.364,7,3,0.13028389444949953
OFF-AP-10002433,"Cuisinart Microwave, Silver",372,81.88,2,1,0.22010752688172042
OFF-AP-10002439,"Cuisinart Blender, Silver",540,70.32,12,4,0.1302222222222222
OFF-AP-10002439,Tripp Lite Isotel 8 Ultra 8 Outlet Metal Surge,824,-17.032800000000012,16,3,-0.020670873786407782
OFF-AP-10002457,"Eureka The Boss Plus 12-Amp Hard Box Upright Vacuum, Red",1674,146.51000000000002,20,6,0.08752090800477898
OFF-AP-10002472,3M Office Air Cleaner,260,90.93,10,2,0.34973076923076923
OFF-AP-10002476,"Cuisinart Blender, Red",851,302.043,13,3,0.3549271445358402
OFF-AP-10002495,"Acco Smartsocket Table Surge Protector, 6 Color-Coded Adapter Outlets",453,105.485,8,3,0.2328587196467991
OFF-AP-10002497,"Hamilton Beach Coffee Grinder, White",73,2.4,2,1,0.03287671232876712
OFF-AP-10002499,"Cuisinart Microwave, White",1397,-213.09,6,3,-0.15253400143163923
OFF-AP-10002518,Kensington 7 Outlet MasterPiece Power Center,2884,229.59420000000003,21,5,0.07960963938973649
OFF-AP-10002531,"Cuisinart Blender, Red",831,-209.48399999999998,24,3,-0.25208664259927793
OFF-AP-10002531,"Hoover Blender, White",1654,-90.43199999999999,18,4,-0.05467472793228536
OFF-AP-10002534,3.6 Cubic Foot Counter Height Office Refrigerator,2947,-872.0751999999999,18,5,-0.29591964709874446
OFF-AP-10002536,"Hoover Refrigerator, White",1748,262.2,5,2,0.15
OFF-AP-10002537,"Hamilton Beach Microwave, Red",1413,324.75,5,2,0.22983014861995754
OFF-AP-10002552,"Hamilton Beach Stove, White",3405,718.704,7,2,0.21107312775330395
OFF-AP-10002568,"Hamilton Beach Toaster, Black",939,181.98000000000002,19,4,0.19380191693290738
OFF-AP-10002573,"Hamilton Beach Stove, Black",5061,352.0218,11,4,0.06955577949021932
OFF-AP-10002577,"Hamilton Beach Coffee Grinder, Black",126,2.52,3,1,0.02
OFF-AP-10002578,"Fellowes Premier Superior Surge Suppressor, 10-Outlet, With Phone and Remote",931,169.2632,21,7,0.18180794844253492
OFF-AP-10002608,"Breville Toaster, Black",647,160.64999999999998,9,3,0.24829984544049455
OFF-AP-10002625,"Cuisinart Microwave, Black",2224,96.23999999999998,14,5,0.04327338129496402
OFF-AP-10002629,"Cuisinart Stove, White",1287,-536.448,4,1,-0.4168205128205128
OFF-AP-10002651,Hoover Upright Vacuum With Dirt Cup,6833,460.3526999999998,31,6,0.06737197424264596
OFF-AP-10002670,Belkin 8-Outlet Premiere SurgeMaster II Surge Protectors,277,83.376,4,2,0.30099638989169675
OFF-AP-10002675,"Cuisinart Refrigerator, Black",3716,-74.47500000000002,9,2,-0.02004171151776104
OFF-AP-10002681,"Hamilton Beach Stove, Black",6356,310.568,18,5,0.04886217747010698
OFF-AP-10002684,"Acco 7-Outlet Masterpiece Power Center, Wihtout Fax/Phone Line Protection",3040,401.214,31,7,0.1319782894736842
OFF-AP-10002697,"Breville Coffee Grinder, Red",206,53.6,5,1,0.26019417475728157
OFF-AP-10002698,"Cuisinart Microwave, Black",278,13.89,1,1,0.04996402877697842
OFF-AP-10002709,"Breville Coffee Grinder, White",760,88.0,21,5,0.11578947368421053
OFF-AP-10002734,Holmes Harmony HEPA Air Purifier for 17 x 20 Room,675,290.3016,3,1,0.4300764444444445
OFF-AP-10002735,"Cuisinart Toaster, Black",201,65.502,4,2,0.32588059701492533
OFF-AP-10002753,"Cuisinart Toaster, Red",221,-77.47200000000001,9,3,-0.3505520361990951
OFF-AP-10002764,"Hoover Microwave, Black",2711,755.7760000000001,14,5,0.2787812615271118
OFF-AP-10002765,Fellowes Advanced Computer Series Surge Protectors,385,100.662,15,6,0.2614597402597403
OFF-AP-10002793,"KitchenAid Stove, Black",10702,1731.2082,21,5,0.1617649224444029
OFF-AP-10002794,"KitchenAid Microwave, Black",1446,476.98,7,2,0.32986168741355465
OFF-AP-10002822,"KitchenAid Toaster, Red",626,268.84,11,3,0.42945686900958463
OFF-AP-10002867,Fellowes Command Center 5-outlet power strip,666,-78.016,15,4,-0.11714114114114114
OFF-AP-10002872,"Cuisinart Coffee Grinder, White",529,182.15999999999997,16,3,0.34434782608695647
OFF-AP-10002882,"KitchenAid Coffee Grinder, Silver",263,11.334000000000003,6,2,0.04309505703422054
OFF-AP-10002892,Belkin F5C206VTEL 6 Outlet Surge,465,110.304,22,7,0.23721290322580646
OFF-AP-10002899,"Breville Toaster, Silver",387,19.35,5,1,0.05
OFF-AP-10002904,"Hamilton Beach Refrigerator, Silver",4508,49.92,10,2,0.011073646850044366
OFF-AP-10002906,Hoover Replacement Belt for Commercial Guardsman Heavy-Duty Upright Vacuum,10,0.44399999999999995,6,4,0.044399999999999995
OFF-AP-10002932,"Breville Refrigerator, White",1725,413.9,5,2,0.23994202898550723
OFF-AP-10002933,"Hoover Blender, Silver",194,36.9,2,1,0.1902061855670103
OFF-AP-10002938,"KitchenAid Toaster, Black",920,-6.0225,12,4,-0.006546195652173913
OFF-AP-10002941,"Breville Refrigerator, Silver",3121,1310.58,9,2,0.4199231015700096
OFF-AP-10002945,Honeywell Enviracaire Portable HEPA Air Cleaner for 17' x 22' Room,11304,3247.02,40,8,0.2872452229299363
OFF-AP-10002960,"Hamilton Beach Toaster, Black",256,-17.22,5,1,-0.067265625
OFF-AP-10002963,"Hoover Toaster, Red",1856,740.388,23,4,0.3989159482758621
OFF-AP-10002998,Holmes 99% HEPA Air Purifier,334,86.8566,17,4,0.2600497005988024
OFF-AP-10002998,"KitchenAid Microwave, Red",3310,728.0,16,3,0.2199395770392749
OFF-AP-10003007,"Breville Toaster, Red",485,-14.782800000000002,7,2,-0.030480000000000004
OFF-AP-10003021,"Breville Stove, White",465,151.0944,1,1,0.3249341935483871
OFF-AP-10003032,"Hamilton Beach Blender, Silver",981,-156.288,16,3,-0.15931498470948013
OFF-AP-10003032,"Hoover Stove, Red",6083,79.26899999999999,11,3,0.013031234588196612
OFF-AP-10003040,Fellowes 8 Outlet Superior Workstation Surge Protector w/o Phone/Fax/Modem Protection,665,43.706,25,5,0.0657233082706767
OFF-AP-10003043,"Breville Blender, White",982,43.452,18,6,0.044248472505091646
OFF-AP-10003057,Honeywell Enviracaire Portable HEPA Air Cleaner for 16' x 20' Room,3855,1503.5202,14,3,0.3900182101167315
OFF-AP-10003079,"Cuisinart Coffee Grinder, Silver",131,64.2,5,2,0.4900763358778626
OFF-AP-10003099,"Eureka Hand Vacuum, Bagless",198,55.3616,4,1,0.2796040404040404
OFF-AP-10003135,"KitchenAid Toaster, White",668,280.32,12,3,0.4196407185628742
OFF-AP-10003177,"Hamilton Beach Toaster, White",418,68.235,11,3,0.16324162679425838
OFF-AP-10003182,"Breville Toaster, Silver",775,30.9,10,2,0.039870967741935485
OFF-AP-10003184,"KitchenAid Stove, Silver",3711,1153.05,7,3,0.3107113985448666
OFF-AP-10003210,"Cuisinart Toaster, White",83,1.02,2,1,0.012289156626506025
OFF-AP-10003217,Eureka Sanitaire  Commercial Upright,1524,53.0272,12,3,0.03479475065616798
OFF-AP-10003221,"Cuisinart Refrigerator, Red",4613,892.944,10,3,0.19357121179275957
OFF-AP-10003236,"Hoover Blender, Black",25,-17.164,1,1,-0.6865600000000001
OFF-AP-10003240,"Breville Stove, Black",1683,487.98,3,1,0.28994652406417115
OFF-AP-10003259,"Cuisinart Refrigerator, Silver",3428,-283.293,9,3,-0.08264089848308051
OFF-AP-10003266,"Holmes Replacement Filter for HEPA Air Cleaner, Large Room",151,47.9844,12,4,0.3177774834437086
OFF-AP-10003275,"KitchenAid Microwave, Silver",9793,696.1236,34,8,0.0710837945471255
OFF-AP-10003278,Belkin 7-Outlet SurgeMaster Home Series,107,2.7940000000000005,10,5,0.026112149532710283
OFF-AP-10003281,Acco 6 Outlet Guardian Standard Surge Suppressor,149,22.971,15,5,0.15416778523489932
OFF-AP-10003287,"KitchenAid Stove, Silver",4948,148.2,13,2,0.029951495553759092
OFF-AP-10003287,Tripp Lite TLP810NET Broadband Surge for Modem/Fax,938,130.4832,22,6,0.13910788912579958
OFF-AP-10003298,"KitchenAid Coffee Grinder, Black",657,162.06,12,3,0.24666666666666667
OFF-AP-10003304,"Cuisinart Microwave, White",664,-409.44,4,1,-0.6166265060240964
OFF-AP-10003308,"KitchenAid Stove, Black",1367,-922.788,9,2,-0.6750460863204096
OFF-AP-10003318,"Breville Blender, Black",45,-41.265,1,1,-0.917
OFF-AP-10003334,"Cuisinart Coffee Grinder, Silver",373,27.419999999999995,11,3,0.07351206434316353
OFF-AP-10003354,"KitchenAid Microwave, White",370,-74.088,2,1,-0.20023783783783783
OFF-AP-10003363,"Hoover Blender, White",549,65.15200000000002,10,3,0.11867395264116579
OFF-AP-10003380,"KitchenAid Coffee Grinder, Black",210,0.0,3,1,0.0
OFF-AP-10003382,"Breville Stove, White",2126,380.544,4,2,0.17899529633113828
OFF-AP-10003400,"Hamilton Beach Toaster, Black",190,5.6,5,2,0.029473684210526315
OFF-AP-10003431,"Hamilton Beach Toaster, Red",115,8.04,3,1,0.06991304347826086
OFF-AP-10003442,"Hamilton Beach Coffee Grinder, Black",67,-25.296,4,1,-0.37755223880597016
OFF-AP-10003473,"Hoover Coffee Grinder, Black",692,264.423,11,3,0.382114161849711
OFF-AP-10003477,"Hamilton Beach Blender, Silver",47,0.0,1,1,0.0
OFF-AP-10003491,"Hoover Coffee Grinder, Silver",278,133.44,4,1,0.48
OFF-AP-10003497,"Breville Coffee Grinder, Black",204,28.6,5,1,0.14019607843137255
OFF-AP-10003497,"KitchenAid Microwave, Red",2482,868.8,8,2,0.3500402900886382
OFF-AP-10003500,"KitchenAid Microwave, White",7021,1689.6696,24,4,0.24065939324882496
OFF-AP-10003511,"Cuisinart Microwave, Black",2654,-264.3105,14,3,-0.0995894875659382
OFF-AP-10003524,"Breville Blender, Black",884,70.5,10,1,0.07975113122171945
OFF-AP-10003538,"Hamilton Beach Microwave, Silver",2833,651.3,15,4,0.2298976350158842
OFF-AP-10003558,"Hoover Refrigerator, White",4195,839.04,8,1,0.20000953516090583
OFF-AP-10003559,"Hamilton Beach Stove, Red",1085,130.14000000000001,3,2,0.1199447004608295
OFF-AP-10003561,"Breville Microwave, Black",2529,662.376,15,3,0.26191221826809014
OFF-AP-10003562,"Hamilton Beach Toaster, Silver",272,24.36,7,1,0.08955882352941176
OFF-AP-10003568,"Hoover Stove, Black",1885,658.668,4,1,0.3494259946949602
OFF-AP-10003577,"Cuisinart Blender, Black",133,1.32,2,1,0.009924812030075189
OFF-AP-10003577,"Hoover Stove, Silver",1138,364.26,2,1,0.3200878734622144
OFF-AP-10003588,"Hoover Refrigerator, Silver",1054,-316.28,5,1,-0.3000759013282732
OFF-AP-10003590,Hoover WindTunnel Plus Canister Vacuum,3052,697.44,9,3,0.22851900393184799
OFF-AP-10003590,"KitchenAid Refrigerator, Black",9493,2404.53,21,3,0.2532950595175393
OFF-AP-10003598,"Breville Refrigerator, Red",6678,1443.7038,14,3,0.21618805031446542
OFF-AP-10003610,"Hamilton Beach Coffee Grinder, Silver",179,47.428,8,3,0.2649608938547486
OFF-AP-10003615,"Hamilton Beach Blender, Black",634,31.59,9,2,0.04982649842271293
OFF-AP-10003618,"Hoover Refrigerator, Silver",2635,484.77,6,3,0.18397343453510437
OFF-AP-10003621,"KitchenAid Refrigerator, Red",2191,316.701,5,1,0.14454632587859426
OFF-AP-10003622,"Bravo II Megaboss 12-Amp Hard Body Upright, Replacement Belts, 2 Belts per Pack",88,20.8325,29,5,0.23673295454545454
OFF-AP-10003622,"Hamilton Beach Microwave, Silver",510,-39.672,2,1,-0.07778823529411764
OFF-AP-10003625,"Hoover Microwave, White",1432,14.280000000000001,7,2,0.009972067039106147
OFF-AP-10003702,"Cuisinart Refrigerator, White",2669,385.488,6,2,0.14443162233046083
OFF-AP-10003717,"Breville Coffee Grinder, White",2274,-170.39999999999998,42,7,-0.07493403693931397
OFF-AP-10003758,"Hamilton Beach Blender, White",29,-17.244,1,1,-0.5946206896551725
OFF-AP-10003758,"KitchenAid Blender, Silver",1098,326.11499999999995,12,3,0.29700819672131146
OFF-AP-10003774,"Hoover Coffee Grinder, Black",55,-8.224,2,1,-0.14952727272727273
OFF-AP-10003779,Kensington 7 Outlet MasterPiece Power Center with Fax/Phone Line Protection,1473,311.22,8,4,0.21128309572301426
OFF-AP-10003794,"Cuisinart Refrigerator, Red",2050,542.3040000000001,8,2,0.2645385365853659
OFF-AP-10003795,"Hoover Refrigerator, Red",6184,1668.135,13,3,0.2697501617076326
OFF-AP-10003800,"Cuisinart Coffee Grinder, White",49,21.04,2,1,0.4293877551020408
OFF-AP-10003800,"Hoover Microwave, Silver",3087,1113.6522,11,4,0.36075549076773566
OFF-AP-10003834,"KitchenAid Stove, Red",1672,266.03999999999996,5,2,0.15911483253588515
OFF-AP-10003842,Euro-Pro Shark Turbo Vacuum,694,143.7472,24,6,0.20712853025936598
OFF-AP-10003849,Hoover Shoulder Vac Commercial Portable Vacuum,5010,715.6399999999999,16,6,0.14284231536926145
OFF-AP-10003850,"Hoover Blender, White",470,-172.464,8,2,-0.36694468085106385
OFF-AP-10003860,Fellowes Advanced 8 Outlet Surge Suppressor with Phone/Fax Protection,244,41.64,10,3,0.17065573770491804
OFF-AP-10003860,"KitchenAid Blender, Black",423,102.7764,5,2,0.24297021276595743
OFF-AP-10003866,"Breville Microwave, Red",2290,470.4489,9,2,0.20543620087336242
OFF-AP-10003884,"Fellowes Smart Surge Ten-Outlet Protector, Platinum",181,50.5848,3,1,0.2794740331491713
OFF-AP-10003909,"KitchenAid Blender, Black",388,147.36,4,1,0.3797938144329897
OFF-AP-10003912,"Hoover Blender, Silver",175,52.446,2,1,0.29969142857142855
OFF-AP-10003914,"Sanitaire Vibra Groomer IR Commercial Upright Vacuum, Replacement Belts",13,1.3,5,1,0.1
OFF-AP-10003917,"KitchenAid Stove, Silver",9083,3122.499,18,4,0.3437739733568204
OFF-AP-10003945,"Breville Toaster, Silver",517,43.6,15,3,0.08433268858800774
OFF-AP-10003945,"Hamilton Beach Stove, Red",922,216.918,2,1,0.23526898047722344
OFF-AP-10003956,"Hoover Toaster, Red",468,-55.815999999999995,10,3,-0.11926495726495726
OFF-AP-10003963,"Breville Microwave, Silver",7434,-1924.0332,34,4,-0.25881533494753833
OFF-AP-10003965,"Cuisinart Stove, White",572,21.432,2,1,0.03746853146853146
OFF-AP-10003971,Belkin 6 Outlet Metallic Surge Strip,263,28.749599999999997,29,9,0.10931406844106463
OFF-AP-10003971,"Hoover Toaster, Red",476,-215.802,9,3,-0.4533655462184874
OFF-AP-10003972,"Hoover Coffee Grinder, Silver",362,22.247999999999998,8,2,0.061458563535911594
OFF-AP-10003979,"KitchenAid Blender, Black",323,113.1,5,2,0.3501547987616099
OFF-AP-10004031,"Hamilton Beach Microwave, White",1759,70.9,11,3,0.04030699260943718
OFF-AP-10004036,Bionaire 99.97% HEPA Air Cleaner,200,17.52,16,4,0.0876
OFF-AP-10004041,"KitchenAid Microwave, White",1388,354.72,5,2,0.2555619596541787
OFF-AP-10004052,"Hoover Replacement Belts For Soft Guard & Commercial Ltweight Upright Vacs, 2/Pk",56,3.4760000000000004,18,5,0.062071428571428576
OFF-AP-10004063,"Cuisinart Stove, Silver",3378,1085.144,11,4,0.321238602723505
OFF-AP-10004113,"Cuisinart Toaster, White",606,254.24,20,4,0.41953795379537956
OFF-AP-10004136,Kensington 6 Outlet SmartSocket Surge Protector,148,-36.882000000000005,6,2,-0.24920270270270273
OFF-AP-10004140,"Breville Stove, Silver",4329,955.713,8,2,0.22076992376992377
OFF-AP-10004168,"Cuisinart Stove, White",3663,472.0269,7,3,0.12886347256347255
OFF-AP-10004183,"Breville Microwave, Red",5310,368.016,18,4,0.06930621468926554
OFF-AP-10004186,"Breville Refrigerator, Black",2594,1141.2,5,1,0.4399383191981496
OFF-AP-10004191,"Cuisinart Refrigerator, Silver",1921,344.396,7,2,0.1792795419052577
OFF-AP-10004201,"Breville Refrigerator, White",5692,-103.83000000000004,14,4,-0.018241391426563607
OFF-AP-10004220,"Hamilton Beach Coffee Grinder, White",131,16.26,5,2,0.12412213740458017
OFF-AP-10004226,"Cuisinart Coffee Grinder, Black",411,164.232,12,2,0.3995912408759124
OFF-AP-10004226,"Hamilton Beach Stove, Red",289,-347.112,2,1,-1.2010795847750866
OFF-AP-10004227,"Hamilton Beach Refrigerator, White",4118,631.072,14,4,0.1532472073822244
OFF-AP-10004233,Honeywell Enviracaire Portable Air Cleaner for up to 8 x 10 Room,299,-177.22320000000002,9,2,-0.5927197324414717
OFF-AP-10004245,"Hoover Stove, Black",4922,1623.96,13,4,0.3299390491670053
OFF-AP-10004246,"Breville Stove, Red",2527,561.48,5,1,0.22219232291254454
OFF-AP-10004248,"Hoover Toaster, White",164,52.32,2,1,0.31902439024390244
OFF-AP-10004249,Staples,235,42.3738,22,5,0.1803140425531915
OFF-AP-10004274,"Hamilton Beach Blender, Black",175,35.8803,3,1,0.2050302857142857
OFF-AP-10004293,"KitchenAid Refrigerator, Silver",1903,95.004,6,1,0.04992327903310562
OFF-AP-10004295,"Cuisinart Refrigerator, Silver",3776,397.428,8,2,0.1052510593220339
OFF-AP-10004305,"Breville Blender, Silver",758,103.176,17,5,0.13611609498680738
OFF-AP-10004336,"Conquest 14 Commercial Heavy-Duty Upright Vacuum, Collection System, Accessory Kit",547,61.5168,12,4,0.11246215722120659
OFF-AP-10004350,"KitchenAid Refrigerator, Red",1901,-348.516,6,1,-0.18333298264071543
OFF-AP-10004372,"Hoover Coffee Grinder, White",268,7.92,4,1,0.02955223880597015
OFF-AP-10004415,"Hoover Microwave, Red",370,-86.472,3,1,-0.2337081081081081
OFF-AP-10004425,"Hoover Coffee Grinder, White",303,99.896,8,2,0.32968976897689767
OFF-AP-10004453,"Hoover Toaster, White",436,56.64,8,2,0.12990825688073396
OFF-AP-10004464,"Cuisinart Stove, White",5364,911.7,10,4,0.16996644295302013
OFF-AP-10004466,"Cuisinart Toaster, Black",143,-1.647,3,1,-0.011517482517482518
OFF-AP-10004487,Kensington 4 Outlet MasterPiece Compact Power Control Center,2490,380.5776,36,7,0.15284240963855422
OFF-AP-10004494,"Hoover Blender, Black",237,-37.1781,3,1,-0.15686962025316456
OFF-AP-10004499,"Cuisinart Stove, Red",323,-0.006,1,1,-1.8575851393188854e-05
OFF-AP-10004511,"Cuisinart Refrigerator, Black",6939,2626.14,15,4,0.37846087332468653
OFF-AP-10004512,"Hoover Stove, Red",21148,10345.584,38,7,0.48919916777000194
OFF-AP-10004515,"Hamilton Beach Coffee Grinder, Red",853,349.8,30,5,0.4100820633059789
OFF-AP-10004527,"Hamilton Beach Toaster, White",438,90.42,13,2,0.20643835616438355
OFF-AP-10004532,Kensington 6 Outlet Guardian Standard Surge Protector,408,110.592,20,6,0.27105882352941174
OFF-AP-10004540,"Eureka The Boss Lite 10-Amp Upright Vacuum, Blue",1042,291.7824,13,4,0.2800214971209213
OFF-AP-10004569,"Hoover Coffee Grinder, Red",1055,137.28,25,6,0.13012322274881516
OFF-AP-10004571,"Hoover Stove, Silver",759,7.56,2,1,0.009960474308300394
OFF-AP-10004572,"Cuisinart Stove, Red",4522,968.796,12,2,0.2142406015037594
OFF-AP-10004627,"Hamilton Beach Stove, Silver",3620,108.6,10,3,0.03
OFF-AP-10004646,"Hoover Refrigerator, Black",2453,220.78,7,2,0.09000407664084795
OFF-AP-10004655,"Holmes Visible Mist Ultrasonic Humidifier with 2.3-Gallon Output per Day, Replacement Filter",47,10.188,5,2,0.21676595744680852
OFF-AP-10004665,"Hamilton Beach Coffee Grinder, Red",402,25.403999999999996,10,3,0.06319402985074626
OFF-AP-10004698,"Breville Microwave, Red",724,-84.576,4,1,-0.11681767955801103
OFF-AP-10004708,Fellowes Superior 10 Outlet Split Surge Protector,867,57.089999999999996,30,9,0.0658477508650519
OFF-AP-10004711,"Breville Refrigerator, Silver",2080,603.24,4,1,0.29001923076923075
OFF-AP-10004749,"Cuisinart Coffee Grinder, Red",259,85.64699999999999,8,3,0.33068339768339766
OFF-AP-10004755,"KitchenAid Microwave, Black",1239,0.0,4,1,0.0
OFF-AP-10004756,"Hamilton Beach Toaster, Red",374,-12.795000000000002,7,3,-0.03421122994652407
OFF-AP-10004785,"Cuisinart Microwave, Silver",1005,83.736,6,1,0.08331940298507463
OFF-AP-10004785,"Holmes Replacement Filter for HEPA Air Cleaner, Medium Room",205,87.69420000000001,18,4,0.4277765853658537
OFF-AP-10004821,"Hamilton Beach Stove, Black",289,-382.856,2,1,-1.3247612456747404
OFF-AP-10004825,"Cuisinart Toaster, Red",529,129.294,11,3,0.24441209829867677
OFF-AP-10004841,"Hamilton Beach Toaster, Silver",291,-138.1626,8,2,-0.4747855670103093
OFF-AP-10004859,Acco 6 Outlet Guardian Premium Surge Suppressor,433,60.42399999999999,35,8,0.13954734411085448
OFF-AP-10004868,Hoover Commercial Soft Guard Upright Vacuum And Disposable Filtration Bags,92,-10.411800000000001,18,4,-0.1131717391304348
OFF-AP-10004869,"KitchenAid Toaster, White",2929,1125.846,36,8,0.3843789689313759
OFF-AP-10004882,"Hamilton Beach Microwave, Black",254,16.896,1,1,0.06651968503937009
OFF-AP-10004913,"KitchenAid Refrigerator, Black",3164,727.74,9,2,0.23000632111251582
OFF-AP-10004919,"Hamilton Beach Blender, White",144,10.02,2,1,0.06958333333333333
OFF-AP-10004921,"Breville Toaster, Red",746,224.744,17,6,0.30126541554959785
OFF-AP-10004937,"Hoover Microwave, White",614,282.18,2,1,0.4595765472312704
OFF-AP-10004946,"KitchenAid Toaster, Black",1027,254.055,13,5,0.24737585199610518
OFF-AP-10004958,"KitchenAid Stove, Black",3720,922.636,11,3,0.24802043010752686
OFF-AP-10004964,"Hoover Stove, White",9933,1659.8733,20,4,0.16710694654183025
OFF-AP-10004972,"Breville Coffee Grinder, Red",877,243.969,15,5,0.2781858608893957
OFF-AP-10004978,"KitchenAid Coffee Grinder, Red",141,28.14,3,1,0.1995744680851064
OFF-AP-10004980,3M Replacement Filter for Office Air Cleaner for 20' x 33' Room,304,-20.476799999999997,14,4,-0.0673578947368421
OFF-AP-10004994,"Hamilton Beach Refrigerator, Red",1667,333.4,5,2,0.19999999999999998
OFF-AR-10000019,"BIC Highlighters, Blue",303,123.84,24,6,0.40871287128712874
OFF-AR-10000027,"Binney & Smith Pencil Sharpener, Easy-Erase",400,76.75619999999999,19,5,0.1918905
OFF-AR-10000027,"Boston Pencil Sharpener, Easy-Erase",319,99.3597,13,2,0.3114724137931035
OFF-AR-10000034,"BIC Brite Liner Grip Highlighters, Assorted, 5/Pack",119,43.7144,29,6,0.36734789915966387
OFF-AR-10000054,"Sanford Pencil Sharpener, Water Color",303,36.444,16,6,0.12027722772277229
OFF-AR-10000058,"Stanley Canvas, Water Color",1071,305.43449999999996,22,7,0.2851862745098039
OFF-AR-10000066,"Sanford Pens, Blue",361,39.269999999999996,38,10,0.10878116343490303
OFF-AR-10000067,"Boston Pencil Sharpener, Water Color",55,-28.756,7,1,-0.5228363636363637
OFF-AR-10000079,"Stanley Pencil Sharpener, Fluorescent",1115,356.4,45,9,0.31964125560538115
OFF-AR-10000082,"Binney & Smith Pencil Sharpener, Water Color",159,-38.272,12,4,-0.24070440251572325
OFF-AR-10000091,"BIC Highlighters, Water Color",1392,235.752,64,20,0.16936206896551725
OFF-AR-10000091,"BIC Markers, Fluorescent",232,-18.044700000000002,11,3,-0.07777887931034484
OFF-AR-10000097,"BIC Sketch Pad, Blue",739,-157.548,19,6,-0.21319079837618404
OFF-AR-10000110,"Binney & Smith Sketch Pad, Blue",3902,574.014,97,22,0.1471076371091748
OFF-AR-10000120,"BIC Canvas, Fluorescent",577,-12.909600000000005,16,4,-0.022373656845753907
OFF-AR-10000122,Newell 314,119,17.855999999999998,24,7,0.15005042016806722
OFF-AR-10000124,"Binney & Smith Highlighters, Fluorescent",905,30.104999999999997,53,16,0.033265193370165744
OFF-AR-10000125,"Boston Pens, Fluorescent",19,-8.064,2,1,-0.424421052631579
OFF-AR-10000127,Newell 321,65,14.3664,22,4,0.22102153846153846
OFF-AR-10000150,"Boston Pens, Water Color",127,3.74,11,3,0.029448818897637796
OFF-AR-10000156,"Binney & Smith Markers, Blue",13,-3.552,2,1,-0.2732307692307692
OFF-AR-10000176,"Sanford Highlighters, Water Color",605,216.027,32,9,0.3570694214876033
OFF-AR-10000179,"Binney & Smith Canvas, Easy-Erase",697,215.8887,15,4,0.30973988522238166
OFF-AR-10000179,"Sanford Canvas, Fluorescent",166,22.776000000000003,4,2,0.13720481927710845
OFF-AR-10000184,"Boston Pencil Sharpener, Water Color",1494,625.725,54,11,0.4188253012048193
OFF-AR-10000185,"Stanley Pens, Water Color",131,-8.024,16,4,-0.06125190839694656
OFF-AR-10000203,Newell 336,68,13.781600000000001,18,4,0.20267058823529413
OFF-AR-10000205,"BIC Canvas, Easy-Erase",32,-7.038,1,1,-0.2199375
OFF-AR-10000219,"Sanford Highlighters, Blue",496,32.805,33,7,0.0661391129032258
OFF-AR-10000227,"BIC Sketch Pad, Fluorescent",153,49.888000000000005,5,2,0.32606535947712423
OFF-AR-10000242,"BIC Pencil Sharpener, Blue",876,67.24199999999999,34,9,0.07676027397260272
OFF-AR-10000246,Newell 318,62,14.4004,23,5,0.23226451612903226
OFF-AR-10000249,"Sanford Highlighters, Fluorescent",232,72.7566,14,6,0.31360603448275864
OFF-AR-10000251,"Stanley Markers, Fluorescent",312,21.5118,17,4,0.06894807692307693
OFF-AR-10000255,Newell 328,76,19.739199999999997,13,3,0.25972631578947364
OFF-AR-10000266,"BIC Markers, Fluorescent",1591,-65.32500000000002,65,16,-0.041059082338152114
OFF-AR-10000283,"Stanley Highlighters, Blue",18,-2.94,2,1,-0.16333333333333333
OFF-AR-10000293,"BIC Sketch Pad, Water Color",104,47.64,2,1,0.4580769230769231
OFF-AR-10000307,"Binney & Smith Markers, Easy-Erase",682,272.16,28,7,0.39906158357771265
OFF-AR-10000314,"BIC Highlighters, Fluorescent",121,9.540000000000001,9,3,0.07884297520661158
OFF-AR-10000315,"Dixon Ticonderoga Maple Cedar Pencil, #2",23,4.912000000000001,8,3,0.21356521739130438
OFF-AR-10000316,"Stanley Pens, Blue",505,240.765,52,14,0.47676237623762374
OFF-AR-10000319,"Binney & Smith Canvas, Fluorescent",2784,268.428,59,16,0.09641810344827587
OFF-AR-10000340,"Boston Pens, Water Color",139,65.28,8,1,0.46964028776978417
OFF-AR-10000347,"Sanford Highlighters, Easy-Erase",146,14.184,15,4,0.09715068493150684
OFF-AR-10000347,"Sanford Pens, Blue",184,61.84,26,8,0.33608695652173914
OFF-AR-10000356,"Boston Highlighters, Fluorescent",40,4.38,2,1,0.1095
OFF-AR-10000369,Design Ebony Sketching Pencil,14,2.3074,11,3,0.16481428571428572
OFF-AR-10000380,"Hunt PowerHouse Electric Pencil Sharpener, Blue",1619,448.164,44,10,0.2768153180975911
OFF-AR-10000387,"Sanford Highlighters, Water Color",348,128.12550000000002,21,6,0.36817672413793107
OFF-AR-10000390,Newell Chalk Holder,83,36.5918,21,7,0.44086506024096384
OFF-AR-10000390,"Stanley Pencil Sharpener, Water Color",234,105.0,14,3,0.44871794871794873
OFF-AR-10000399,"Binney & Smith Highlighters, Fluorescent",132,24.86,11,3,0.18833333333333332
OFF-AR-10000399,"Stanley Canvas, Water Color",2149,821.07,45,12,0.38207073057235924
OFF-AR-10000401,"Binney & Smith Highlighters, Water Color",26,-33.04,5,1,-1.2707692307692307
OFF-AR-10000404,"Stanley Pencil Sharpener, Easy-Erase",410,142.816,24,5,0.3483317073170732
OFF-AR-10000409,"Sanford Canvas, Easy-Erase",1271,165.0,25,8,0.12981904012588513
OFF-AR-10000411,Boston 16701 Slimline Battery Pencil Sharpener,86,19.128,6,2,0.22241860465116278
OFF-AR-10000422,Pencil and Crayon Sharpener,30,3.7668,16,4,0.12556
OFF-AR-10000422,"Stanley Markers, Blue",205,26.64,15,4,0.12995121951219513
OFF-AR-10000431,"Sanford Pens, Blue",22,3.96,2,1,0.18
OFF-AR-10000444,"BIC Highlighters, Blue",874,270.063,53,17,0.3089965675057208
OFF-AR-10000452,"Boston Pencil Sharpener, Fluorescent",406,56.699999999999996,14,5,0.1396551724137931
OFF-AR-10000461,"Binney & Smith Highlighters, Water Color",148,-18.704,14,5,-0.12637837837837837
OFF-AR-10000462,Sanford Pocket Accent Highlighters,22,9.632,14,3,0.43781818181818183
OFF-AR-10000465,"Sanford Markers, Blue",256,-49.7625,16,5,-0.194384765625
OFF-AR-10000467,"Sanford Markers, Fluorescent",1234,449.712,53,15,0.36443435980551053
OFF-AR-10000468,"BIC Pens, Blue",165,-13.712,19,6,-0.0831030303030303
OFF-AR-10000475,"Hunt BOSTON Vista Battery-Operated Pencil Sharpener, Black",84,15.857600000000001,8,4,0.1887809523809524
OFF-AR-10000475,"Sanford Canvas, Blue",1761,430.536,37,13,0.24448381601362862
OFF-AR-10000481,"BIC Markers, Blue",514,170.184,32,8,0.33109727626459146
OFF-AR-10000491,"Binney & Smith Pens, Water Color",531,184.896,36,13,0.34820338983050847
OFF-AR-10000493,"Boston Pencil Sharpener, Fluorescent",62,-0.7999999999999995,4,3,-0.012903225806451604
OFF-AR-10000502,"BIC Highlighters, Easy-Erase",896,186.72,48,15,0.20839285714285713
OFF-AR-10000503,"Stanley Pens, Blue",137,18.76,22,5,0.13693430656934308
OFF-AR-10000505,"Binney & Smith Pens, Easy-Erase",543,-67.155,50,10,-0.12367403314917128
OFF-AR-10000513,"BIC Pencil Sharpener, Easy-Erase",88,12.839999999999998,4,2,0.14590909090909088
OFF-AR-10000538,"Boston Model 1800 Electric Pencil Sharpener, Gray",406,109.785,15,3,0.27040640394088666
OFF-AR-10000539,"Boston Markers, Easy-Erase",689,-153.876,34,10,-0.2233323657474601
OFF-AR-10000540,"Binney & Smith Markers, Water Color",98,3.132,6,1,0.03195918367346939
OFF-AR-10000543,"BIC Pencil Sharpener, Fluorescent",121,7.2,6,3,0.05950413223140496
OFF-AR-10000578,"BIC Pencil Sharpener, Fluorescent",382,-95.0664,17,5,-0.24886492146596859
OFF-AR-10000584,"Sanford Pencil Sharpener, Water Color",1074,66.0,39,11,0.061452513966480445
OFF-AR-10000588,Newell 345,479,94.4384,26,9,0.19715741127348643
OFF-AR-10000594,"Binney & Smith Highlighters, Water Color",1333,526.221,70,20,0.3947644411102776
OFF-AR-10000603,"Boston Highlighters, Water Color",220,17.4,10,2,0.07909090909090909
OFF-AR-10000614,Barrel Sharpener,68,17.6358,19,4,0.25934999999999997
OFF-AR-10000614,"Sanford Markers, Blue",71,1.5,5,2,0.02112676056338028
OFF-AR-10000634,Newell 320,81,9.4588,23,7,0.11677530864197531
OFF-AR-10000655,"Stanley Sketch Pad, Blue",413,37.24,14,5,0.09016949152542374
OFF-AR-10000657,"Binney & Smith inkTank Desk Highlighter, Chisel Tip, Yellow, 12/Box",45,13.459,22,5,0.2990888888888889
OFF-AR-10000658,Newell 324,264,72.072,23,7,0.273
OFF-AR-10000659,"BIC Pencil Sharpener, Fluorescent",1603,522.3629999999999,54,14,0.325865876481597
OFF-AR-10000660,"Boston Canvas, Water Color",893,-130.1178,18,3,-0.14570862262038073
OFF-AR-10000676,"Sanford Markers, Blue",93,16.68,4,1,0.17935483870967742
OFF-AR-10000681,"Binney & Smith Sketch Pad, Water Color",695,14.354999999999997,16,6,0.0206546762589928
OFF-AR-10000703,"BIC Pens, Water Color",557,228.48,32,8,0.410197486535009
OFF-AR-10000706,"Sanford Highlighters, Fluorescent",34,11.22,2,1,0.33
OFF-AR-10000711,"BIC Pens, Easy-Erase",847,150.33,61,18,0.1774852420306966
OFF-AR-10000715,"Boston Markers, Blue",1464,513.765,61,18,0.35093237704918034
OFF-AR-10000716,DIXON Ticonderoga Erasable Checking Pencils,94,26.784,20,7,0.28493617021276596
OFF-AR-10000719,"Boston Pencil Sharpener, Water Color",313,-51.408,17,4,-0.16424281150159745
OFF-AR-10000720,"Binney & Smith Markers, Fluorescent",437,50.953500000000005,19,8,0.1165983981693364
OFF-AR-10000724,"Boston Pens, Fluorescent",662,86.49,45,14,0.13064954682779456
OFF-AR-10000727,"Stanley Canvas, Easy-Erase",1986,476.4,40,12,0.23987915407854984
OFF-AR-10000729,"Stanley Highlighters, Fluorescent",87,4.701600000000001,6,2,0.05404137931034484
OFF-AR-10000733,"Binney & Smith Canvas, Fluorescent",263,86.7,5,1,0.3296577946768061
OFF-AR-10000740,"Binney & Smith Pens, Easy-Erase",122,56.1,15,2,0.4598360655737705
OFF-AR-10000751,"Binney & Smith Highlighters, Blue",60,-33.876,6,1,-0.5646
OFF-AR-10000751,"Boston Highlighters, Fluorescent",694,112.995,39,11,0.1628170028818444
OFF-AR-10000762,"BIC Pens, Water Color",394,40.102199999999996,27,5,0.10178223350253807
OFF-AR-10000767,"Binney & Smith Sketch Pad, Water Color",330,3.2,10,1,0.009696969696969697
OFF-AR-10000780,"BIC Highlighters, Easy-Erase",219,58.212,13,3,0.26580821917808223
OFF-AR-10000785,"BIC Sketch Pad, Water Color",2646,396.27,51,12,0.14976190476190476
OFF-AR-10000799,Col-Erase Pencils with Erasers,37,7.478400000000001,7,2,0.20211891891891892
OFF-AR-10000799,"Sanford Highlighters, Easy-Erase",914,6.732000000000001,59,18,0.007365426695842452
OFF-AR-10000804,"Binney & Smith Markers, Water Color",444,122.712,28,4,0.27637837837837836
OFF-AR-10000812,"Binney & Smith Pens, Fluorescent",123,14.56,14,3,0.1183739837398374
OFF-AR-10000814,"Binney & Smith Canvas, Fluorescent",189,-22.248,6,1,-0.11771428571428572
OFF-AR-10000817,Manco Dry-Lighter Erasable Highlighter,87,27.968000000000004,30,7,0.32147126436781615
OFF-AR-10000821,"Sanford Highlighters, Fluorescent",152,25.536,21,4,0.168
OFF-AR-10000823,Newell 307,19,3.5672,12,3,0.18774736842105264
OFF-AR-10000823,"Stanley Pens, Water Color",581,141.12,49,10,0.24289156626506025
OFF-AR-10000833,"Binney & Smith Pencil Sharpener, Water Color",928,212.04,31,8,0.22849137931034483
OFF-AR-10000833,"Sanford Canvas, Easy-Erase",1025,-73.028,33,9,-0.07124682926829269
OFF-AR-10000833,"Sanford Sketch Pad, Water Color",260,121.92,8,2,0.46892307692307694
OFF-AR-10000845,"Binney & Smith Pens, Water Color",346,106.512,39,10,0.30783815028901734
OFF-AR-10000851,"Sanford Sketch Pad, Blue",1273,137.3052,32,9,0.10785954438334644
OFF-AR-10000896,Newell 329,24,4.8544,8,2,0.20226666666666668
OFF-AR-10000904,"Sanford Sketch Pad, Blue",801,-64.152,30,5,-0.08008988764044944
OFF-AR-10000914,Boston 16765 Mini Stand Up Battery Pencil Sharpener,102,16.324,10,4,0.16003921568627452
OFF-AR-10000925,"Stanley Canvas, Easy-Erase",53,-43.824,4,1,-0.8268679245283018
OFF-AR-10000937,"Dixon Ticonderoga Core-Lock Colored Pencils, 48-Color Set",431,165.206,13,2,0.3833085846867749
OFF-AR-10000940,Newell 343,66,13.7592,24,7,0.20847272727272728
OFF-AR-10000953,"Stanley Pencil Sharpener, Easy-Erase",572,194.70000000000002,22,6,0.3403846153846154
OFF-AR-10000974,"Stanley Pens, Fluorescent",68,26.459999999999997,9,2,0.3891176470588235
OFF-AR-10000980,"Sanford Pencil Sharpener, Water Color",1288,246.06,54,16,0.19104037267080745
OFF-AR-10000989,"Binney & Smith Canvas, Blue",304,-94.58879999999999,8,3,-0.3111473684210526
OFF-AR-10001002,"BIC Sketch Pad, Fluorescent",1583,411.714,35,9,0.26008464939987364
OFF-AR-10001022,SANFORD Liquid Accent Tank-Style Highlighters,15,4.402,5,3,0.29346666666666665
OFF-AR-10001026,"Sanford Uni-Blazer View Highlighters, Chisel Tip, Yellow",31,13.552,14,3,0.4371612903225806
OFF-AR-10001029,"Stanley Sketch Pad, Water Color",76,-22.944,6,2,-0.30189473684210527
OFF-AR-10001030,"Sanford Markers, Easy-Erase",89,15.275999999999998,5,3,0.17164044943820222
OFF-AR-10001043,"BIC Pens, Blue",379,71.7384,29,9,0.18928337730870712
OFF-AR-10001044,"BOSTON Ranger #55 Pencil Sharpener, Black",619,120.3337,27,9,0.19440016155088852
OFF-AR-10001053,"Boston Pencil Sharpener, Easy-Erase",342,6.8,17,4,0.019883040935672513
OFF-AR-10001061,"Stanley Sketch Pad, Water Color",475,211.78,16,5,0.4458526315789474
OFF-AR-10001068,"BIC Sketch Pad, Easy-Erase",1680,699.0989999999999,40,10,0.4161303571428571
OFF-AR-10001072,"Sanford Pens, Fluorescent",220,22.031999999999996,28,9,0.10014545454545452
OFF-AR-10001073,"Sanford Markers, Easy-Erase",445,103.668,23,5,0.232961797752809
OFF-AR-10001074,"Sanford Highlighters, Blue",189,56.519999999999996,12,2,0.299047619047619
OFF-AR-10001107,"BIC Highlighters, Water Color",27,-17.688,2,1,-0.6551111111111111
OFF-AR-10001110,"BIC Pencil Sharpener, Water Color",1658,558.885,55,12,0.337083835946924
OFF-AR-10001117,"Stanley Pens, Blue",40,18.0,4,1,0.45
OFF-AR-10001118,"Binney & Smith Crayola Metallic Crayons, 16-Color Pack",16,6.739999999999999,5,2,0.42124999999999996
OFF-AR-10001129,"Stanley Pens, Easy-Erase",12,-1.056,2,1,-0.08800000000000001
OFF-AR-10001130,"Quartet Alpha White Chalk, 12/Pack",16,6.0996,8,2,0.381225
OFF-AR-10001132,"BIC Markers, Blue",490,134.3322,24,7,0.2741473469387755
OFF-AR-10001134,"Boston Pens, Easy-Erase",150,-19.6785,13,4,-0.13119
OFF-AR-10001149,"Avery Hi-Liter Comfort Grip Fluorescent Highlighter, Yellow Ink",8,3.042,4,2,0.38025
OFF-AR-10001149,"Sanford Colorific Colored Pencils, 12/Box",74,20.736,26,5,0.28021621621621623
OFF-AR-10001162,"BIC Pencil Sharpener, Blue",244,-89.376,14,1,-0.3662950819672131
OFF-AR-10001166,Staples,61,23.6496,8,3,0.3876983606557377
OFF-AR-10001176,"Sanford Pens, Water Color",236,104.04,17,5,0.4408474576271187
OFF-AR-10001177,Newell 349,43,10.0368,14,3,0.23341395348837207
OFF-AR-10001190,"Boston Canvas, Easy-Erase",1484,153.88500000000002,32,13,0.10369609164420486
OFF-AR-10001192,"Binney & Smith Canvas, Fluorescent",876,315.5,25,6,0.3601598173515982
OFF-AR-10001195,"Stanley Canvas, Water Color",190,-19.08,6,1,-0.10042105263157894
OFF-AR-10001208,"Binney & Smith Canvas, Water Color",761,164.853,21,6,0.21662680683311433
OFF-AR-10001216,"BIC Pencil Sharpener, Easy-Erase",1523,19.199999999999996,54,14,0.012606697307944843
OFF-AR-10001216,Newell 339,26,6.116,10,3,0.23523076923076922
OFF-AR-10001221,"Dixon Ticonderoga Erasable Colored Pencil Set, 12-Color",75,20.0928,14,2,0.26790400000000003
OFF-AR-10001226,"Boston Pencil Sharpener, Fluorescent",314,-26.4525,12,4,-0.08424363057324841
OFF-AR-10001227,Newell 338,24,6.3504000000000005,8,2,0.2646
OFF-AR-10001228,"Binney & Smith Pens, Easy-Erase",97,32.859,8,3,0.33875257731958763
OFF-AR-10001228,"Stanley Markers, Water Color",1853,491.94,80,17,0.2654830005396654
OFF-AR-10001230,"Binney & Smith Markers, Water Color",981,143.67000000000002,37,6,0.14645259938837923
OFF-AR-10001231,"Sanford EarthWrite Recycled Pencils, Medium Soft, #2",30,8.232,14,3,0.2744
OFF-AR-10001232,"Sanford Canvas, Fluorescent",1064,169.2756,25,6,0.1590936090225564
OFF-AR-10001244,"BIC Canvas, Easy-Erase",86,-47.568,4,1,-0.5531162790697675
OFF-AR-10001246,Newell 317,80,13.171199999999999,32,7,0.16463999999999998
OFF-AR-10001266,"Boston Canvas, Blue",1188,290.3724,27,9,0.24442121212121215
OFF-AR-10001269,"BIC Markers, Water Color",1509,527.85,51,14,0.34980119284294237
OFF-AR-10001271,"Sanford Markers, Fluorescent",294,42.56,19,5,0.14476190476190476
OFF-AR-10001278,"Binney & Smith Pens, Water Color",666,238.9572,47,6,0.3587945945945946
OFF-AR-10001291,"Sanford Canvas, Fluorescent",1993,687.9300000000001,40,11,0.34517310587054695
OFF-AR-10001315,Newell 310,39,7.48,25,7,0.1917948717948718
OFF-AR-10001329,"BIC Pens, Fluorescent",382,83.7378,27,8,0.21920890052356018
OFF-AR-10001336,"Binney & Smith Pens, Blue",172,25.5024,15,2,0.14826976744186046
OFF-AR-10001338,"Boston Canvas, Easy-Erase",43,-12.972,3,1,-0.30167441860465116
OFF-AR-10001374,"BIC Brite Liner Highlighters, Chisel Tip",123,30.5856,21,6,0.24866341463414635
OFF-AR-10001386,"Sanford Sketch Pad, Easy-Erase",329,134.7825,8,2,0.40967325227963525
OFF-AR-10001402,"Sanford Highlighters, Water Color",260,-4.5280000000000005,23,6,-0.017415384615384617
OFF-AR-10001405,"Binney & Smith Highlighters, Fluorescent",197,25.41,11,3,0.12898477157360405
OFF-AR-10001418,"BIC Markers, Easy-Erase",2019,460.89,81,20,0.22827637444279344
OFF-AR-10001419,Newell 325,128,29.736,34,6,0.2323125
OFF-AR-10001423,"BIC Canvas, Water Color",228,-36.480000000000004,8,2,-0.16000000000000003
OFF-AR-10001427,Newell 330,60,11.1228,11,4,0.18538
OFF-AR-10001446,Newell 309,197,34.65,20,5,0.17588832487309644
OFF-AR-10001461,"BIC Canvas, Water Color",2059,-25.524,37,9,-0.012396308887809617
OFF-AR-10001462,"Stanley Highlighters, Fluorescent",640,235.2,40,11,0.3675
OFF-AR-10001468,"Sanford Prismacolor Professional Thick Lead Art Pencils, 36-Color Set",210,49.7952,7,3,0.23712
OFF-AR-10001473,Newell 313,28,4.264,10,3,0.1522857142857143
OFF-AR-10001479,"Binney & Smith Pencil Sharpener, Easy-Erase",90,21.216,4,2,0.23573333333333335
OFF-AR-10001482,"Stanley Markers, Easy-Erase",943,-87.633,46,16,-0.09293001060445387
OFF-AR-10001495,"BIC Sketch Pad, Blue",687,57.008,24,6,0.08298107714701601
OFF-AR-10001508,"BIC Canvas, Water Color",691,-101.47680000000001,16,5,-0.14685499276411002
OFF-AR-10001518,"Binney & Smith Pencil Sharpener, Water Color",579,157.7388,27,8,0.27243316062176165
OFF-AR-10001525,"Stanley Highlighters, Blue",172,-12.347999999999999,18,5,-0.0717906976744186
OFF-AR-10001529,"Binney & Smith Pencil Sharpener, Easy-Erase",1475,104.061,55,14,0.07054983050847458
OFF-AR-10001529,"Sanford Pens, Fluorescent",225,24.1416,23,6,0.107296
OFF-AR-10001533,"Sanford Sketch Pad, Easy-Erase",1693,778.11,37,11,0.4596042528056704
OFF-AR-10001535,"Binney & Smith Sketch Pad, Blue",270,-63.0912,8,2,-0.2336711111111111
OFF-AR-10001545,Newell 326,37,7.8671999999999995,23,6,0.21262702702702702
OFF-AR-10001546,"Binney & Smith Sketch Pad, Easy-Erase",1299,31.700999999999993,32,9,0.024404157043879902
OFF-AR-10001547,Newell 311,62,13.039,30,8,0.21030645161290323
OFF-AR-10001570,"Sanford Canvas, Water Color",107,35.4,2,1,0.3308411214953271
OFF-AR-10001571,"Stanley Pens, Blue",11,-10.72,4,1,-0.9745454545454546
OFF-AR-10001573,American Pencil,49,14.189699999999998,21,6,0.2895857142857143
OFF-AR-10001578,"Sanford Pencil Sharpener, Fluorescent",1060,353.42999999999995,42,12,0.33342452830188674
OFF-AR-10001598,"BIC Highlighters, Easy-Erase",51,13.76,4,1,0.2698039215686274
OFF-AR-10001599,"Binney & Smith Canvas, Blue",1576,-129.25799999999998,41,10,-0.08201649746192892
OFF-AR-10001602,"Sanford Canvas, Water Color",232,14.91,6,3,0.06426724137931035
OFF-AR-10001606,"BIC Highlighters, Fluorescent",958,268.995,51,9,0.28078810020876827
OFF-AR-10001607,"Stanley Pencil Sharpener, Water Color",840,-181.5,38,13,-0.21607142857142858
OFF-AR-10001609,"Stanley Highlighters, Water Color",132,35.2,11,3,0.26666666666666666
OFF-AR-10001612,"Boston Pens, Easy-Erase",29,2.88,2,1,0.0993103448275862
OFF-AR-10001615,Newell 34,462,93.248,25,7,0.20183549783549784
OFF-AR-10001622,"BIC Markers, Easy-Erase",124,23.619999999999997,9,3,0.19048387096774191
OFF-AR-10001626,"BIC Pens, Blue",301,32.76,21,8,0.10883720930232557
OFF-AR-10001645,"Boston Pens, Blue",9,-5.688,1,1,-0.632
OFF-AR-10001654,"Stanley Highlighters, Fluorescent",32,4.44,2,1,0.13875
OFF-AR-10001659,"Boston Markers, Blue",299,51.48,19,5,0.17217391304347826
OFF-AR-10001662,Rogers Handheld Barrel Pencil Sharpener,76,15.618,30,7,0.20550000000000002
OFF-AR-10001672,"Boston Sketch Pad, Easy-Erase",2380,470.919,55,12,0.19786512605042017
OFF-AR-10001678,"Binney & Smith Sketch Pad, Easy-Erase",522,148.848,24,7,0.2851494252873564
OFF-AR-10001683,Lumber Crayons,172,55.357,19,6,0.32184302325581393
OFF-AR-10001694,"Sanford Canvas, Blue",538,10.56,16,5,0.01962825278810409
OFF-AR-10001696,"Binney & Smith Pens, Water Color",20,-10.64,5,1,-0.532
OFF-AR-10001708,"Boston Sketch Pad, Blue",469,85.476,10,4,0.18225159914712152
OFF-AR-10001714,"Binney & Smith Markers, Fluorescent",1332,312.825,55,14,0.2348536036036036
OFF-AR-10001720,"Stanley Canvas, Blue",2101,272.955,44,8,0.12991670633031888
OFF-AR-10001725,Boston Home & Office Model 2000 Electric Pencil Sharpeners,298,70.477,13,6,0.23650000000000002
OFF-AR-10001738,"Binney & Smith Canvas, Easy-Erase",365,91.852,13,3,0.25164931506849314
OFF-AR-10001752,"Binney & Smith Pens, Blue",232,13.34,29,7,0.0575
OFF-AR-10001759,"Sanford Sketch Pad, Fluorescent",2126,714.21,57,13,0.33594073377234246
OFF-AR-10001761,Avery Hi-Liter Smear-Safe Highlighters,124,34.1056,24,6,0.2750451612903226
OFF-AR-10001770,"Binney & Smith Markers, Water Color",275,68.4162,13,5,0.24878618181818182
OFF-AR-10001770,Economy #2 Pencils,35,8.9908,13,4,0.25688
OFF-AR-10001773,"Sanford Markers, Water Color",742,81.67439999999999,32,7,0.11007331536388139
OFF-AR-10001777,"Binney & Smith Sketch Pad, Water Color",3351,924.06,73,20,0.27575649059982094
OFF-AR-10001812,"Binney & Smith Markers, Easy-Erase",487,216.48,32,9,0.44451745379876795
OFF-AR-10001813,"Stanley Markers, Fluorescent",298,109.82,19,5,0.36852348993288586
OFF-AR-10001823,"BIC Highlighters, Blue",346,145.446,21,4,0.420364161849711
OFF-AR-10001833,"Boston Highlighters, Easy-Erase",142,30.352,14,5,0.21374647887323944
OFF-AR-10001850,"BIC Highlighters, Fluorescent",485,8.4867,27,8,0.01749835051546392
OFF-AR-10001850,"Boston Sketch Pad, Water Color",573,-173.548,23,4,-0.3028760907504363
OFF-AR-10001860,BIC Liqua Brite Liner,175,53.576800000000006,27,6,0.3061531428571429
OFF-AR-10001862,"Boston Pens, Water Color",125,5.16,13,3,0.041280000000000004
OFF-AR-10001868,Prang Dustless Chalk Sticks,39,18.816,24,8,0.48246153846153844
OFF-AR-10001879,"Stanley Pencil Sharpener, Fluorescent",162,32.936,13,2,0.20330864197530865
OFF-AR-10001897,Model L Table or Wall-Mount Pencil Sharpener,403,92.10879999999999,24,5,0.22855781637717118
OFF-AR-10001898,"Binney & Smith Pencil Sharpener, Fluorescent",1115,-38.093999999999994,45,15,-0.03416502242152466
OFF-AR-10001915,Peel-Off China Markers,289,109.4286,31,7,0.37864567474048444
OFF-AR-10001919,"OIC #2 Pencils, Medium Soft",32,8.1404,17,7,0.2543875
OFF-AR-10001922,"Sanford Pens, Blue",133,-11.831999999999999,16,5,-0.08896240601503759
OFF-AR-10001940,"Sanford Colorific Eraseable Coloring Pencils, 12 Count",45,17.876,15,4,0.39724444444444446
OFF-AR-10001952,"BIC Canvas, Easy-Erase",491,56.967299999999994,11,4,0.11602301425661914
OFF-AR-10001953,Boston 1645 Deluxe Heavier-Duty Electric Pencil Sharpener,1073,206.2662,27,7,0.1922331780055918
OFF-AR-10001954,Newell 331,76,14.6211,17,4,0.1923828947368421
OFF-AR-10001955,Newell 319,512,123.00800000000001,28,8,0.24025000000000002
OFF-AR-10001958,Stanley Bostitch Contemporary Electric Pencil Sharpeners,275,42.7896,19,7,0.15559854545454546
OFF-AR-10001965,"BIC Markers, Easy-Erase",776,151.47,30,7,0.19519329896907217
OFF-AR-10001972,Newell 323,20,3.7632000000000003,14,3,0.18816000000000002
OFF-AR-10001988,Bulldog Table or Wall-Mount Pencil Sharpener,78,22.582299999999996,13,3,0.28951666666666664
OFF-AR-10001991,"Stanley Markers, Easy-Erase",309,105.268,23,6,0.34067313915857605
OFF-AR-10002022,"Stanley Sketch Pad, Water Color",466,71.178,10,4,0.15274248927038625
OFF-AR-10002036,"Binney & Smith Pencil Sharpener, Fluorescent",369,110.2761,17,5,0.2988512195121951
OFF-AR-10002037,"Stanley Sketch Pad, Fluorescent",1644,262.44,36,10,0.15963503649635036
OFF-AR-10002053,"Premium Writing Pencils, Soft, #2 by Central Association for the Blind",82,19.4296,29,7,0.23694634146341464
OFF-AR-10002055,"Binney & Smith Markers, Blue",342,138.684,25,8,0.40550877192982454
OFF-AR-10002060,"Stanley Pens, Fluorescent",29,-8.6988,4,2,-0.2999586206896552
OFF-AR-10002067,Newell 334,531,135.3088,27,6,0.2548188323917137
OFF-AR-10002094,"Boston Pencil Sharpener, Water Color",825,-12.594000000000008,33,11,-0.015265454545454556
OFF-AR-10002096,"Binney & Smith Markers, Fluorescent",119,8.26,7,2,0.06941176470588235
OFF-AR-10002105,"Boston Highlighters, Fluorescent",140,-2.8113,8,4,-0.020080714285714285
OFF-AR-10002109,"Binney & Smith Sketch Pad, Fluorescent",1898,390.0504,44,13,0.2055060063224447
OFF-AR-10002111,"Sanford Highlighters, Easy-Erase",199,-16.4916,14,4,-0.08287236180904521
OFF-AR-10002113,"Boston Highlighters, Easy-Erase",723,97.926,42,15,0.13544398340248964
OFF-AR-10002115,"Boston Canvas, Fluorescent",608,202.96,17,6,0.33381578947368423
OFF-AR-10002116,"BIC Pens, Fluorescent",548,129.408,40,12,0.23614598540145984
OFF-AR-10002135,Boston Heavy-Duty Trimline Electric Pencil Sharpeners,1167,310.89,25,5,0.26640102827763495
OFF-AR-10002144,"Stanley Pens, Blue",245,85.275,29,5,0.34806122448979593
OFF-AR-10002145,"Binney & Smith Sketch Pad, Fluorescent",1026,33.108000000000004,22,6,0.03226900584795322
OFF-AR-10002153,"Sanford Pens, Fluorescent",23,-26.628,7,2,-1.1577391304347826
OFF-AR-10002156,"Stanley Highlighters, Blue",699,98.49,51,12,0.14090128755364806
OFF-AR-10002165,"Boston Sketch Pad, Fluorescent",2694,0.0,54,12,0.0
OFF-AR-10002221,12 Colored Short Pencils,18,3.016,8,3,0.16755555555555557
OFF-AR-10002236,"Stanley Pencil Sharpener, Water Color",343,111.345,14,5,0.3246209912536443
OFF-AR-10002240,Panasonic KP-150 Electric Pencil Sharpener,573,126.8064,16,4,0.22130261780104712
OFF-AR-10002255,"Boston Sketch Pad, Water Color",1811,-97.19999999999999,38,11,-0.05367200441744892
OFF-AR-10002255,Newell 346,32,8.6112,11,5,0.2691
OFF-AR-10002256,"BIC Sketch Pad, Easy-Erase",767,25.903799999999997,18,6,0.0337728813559322
OFF-AR-10002257,"Eldon Spacemaker Box, Quick-Snap Lid, Clear",50,9.285200000000001,18,6,0.18570400000000004
OFF-AR-10002260,"Boston Pens, Blue",179,-19.3392,14,5,-0.10804022346368716
OFF-AR-10002280,Staples,55,22.3215,9,2,0.40584545454545456
OFF-AR-10002331,"Binney & Smith Canvas, Blue",411,12.24,8,1,0.02978102189781022
OFF-AR-10002335,DIXON Oriole Pencils,44,8.617199999999999,19,6,0.19584545454545452
OFF-AR-10002335,"Sanford Canvas, Fluorescent",690,-54.08,22,6,-0.0783768115942029
OFF-AR-10002340,"Stanley Markers, Water Color",773,114.51480000000001,32,7,0.1481433376455369
OFF-AR-10002346,"Binney & Smith Pencil Sharpener, Fluorescent",175,-6.195999999999998,13,5,-0.035405714285714276
OFF-AR-10002364,"BIC Pens, Easy-Erase",114,1.0995,10,5,0.009644736842105263
OFF-AR-10002375,Newell 351,82,22.107200000000002,26,7,0.2696
OFF-AR-10002380,"Boston Highlighters, Blue",331,39.972,27,6,0.12076132930513596
OFF-AR-10002382,"Binney & Smith Pencil Sharpener, Water Color",891,408.87,33,8,0.4588888888888889
OFF-AR-10002389,"Binney & Smith Pens, Fluorescent",180,16.008000000000003,15,5,0.08893333333333335
OFF-AR-10002392,"Binney & Smith Highlighters, Blue",228,-37.0875,17,5,-0.16266447368421053
OFF-AR-10002399,"Dixon Prang Watercolor Pencils, 10-Color Set with Brush",110,42.8982,27,7,0.38998363636363637
OFF-AR-10002400,"Boston Highlighters, Water Color",288,-36.986999999999995,16,4,-0.1284270833333333
OFF-AR-10002415,"Stanley Markers, Easy-Erase",40,-8.784,3,1,-0.21960000000000002
OFF-AR-10002417,"Boston Sketch Pad, Water Color",1192,-191.3244,30,9,-0.16050704697986576
OFF-AR-10002419,"Sanford Markers, Fluorescent",13,-13.408,2,1,-1.0313846153846153
OFF-AR-10002433,"Stanley Pens, Easy-Erase",429,179.31,43,12,0.417972027972028
OFF-AR-10002440,"Stanley Highlighters, Fluorescent",170,81.6,16,3,0.48
OFF-AR-10002445,SANFORD Major Accent Highlighters,208,77.88,30,7,0.3744230769230769
OFF-AR-10002447,"Stanley Sketch Pad, Water Color",1571,259.41,34,7,0.16512412476129856
OFF-AR-10002454,"Binney & Smith Canvas, Water Color",2609,1159.632,51,15,0.4444737447297816
OFF-AR-10002458,"Stanley Canvas, Easy-Erase",356,42.141,10,2,0.11837359550561798
OFF-AR-10002467,Dixon Ticonderoga Pencils,38,9.2678,13,3,0.24388947368421052
OFF-AR-10002485,"Boston Markers, Easy-Erase",1140,72.312,44,12,0.06343157894736842
OFF-AR-10002486,"Sanford Pencil Sharpener, Water Color",387,112.0,20,5,0.28940568475452194
OFF-AR-10002499,"Binney & Smith Pencil Sharpener, Easy-Erase",388,165.97600000000003,22,4,0.4277731958762887
OFF-AR-10002513,"Sanford Sketch Pad, Blue",996,-63.108000000000004,24,6,-0.06336144578313253
OFF-AR-10002517,"BIC Highlighters, Blue",23,3.756,2,1,0.16330434782608694
OFF-AR-10002535,"Stanley Markers, Water Color",384,81.432,24,8,0.21206250000000001
OFF-AR-10002538,"Binney & Smith Sketch Pad, Fluorescent",540,134.64000000000001,17,4,0.24933333333333335
OFF-AR-10002564,"Boston Pens, Easy-Erase",143,-7.112,16,7,-0.04973426573426574
OFF-AR-10002575,"Sanford Canvas, Blue",121,-28.392,4,1,-0.23464462809917355
OFF-AR-10002578,Newell 335,36,10.0224,12,4,0.2784
OFF-AR-10002583,"BIC Markers, Fluorescent",410,-15.188000000000002,25,4,-0.0370439024390244
OFF-AR-10002605,"Sanford Sketch Pad, Fluorescent",505,149.832,17,3,0.2966970297029703
OFF-AR-10002640,"Boston Pens, Blue",779,12.006,55,14,0.01541206675224647
OFF-AR-10002650,"Sanford Markers, Easy-Erase",216,86.784,15,5,0.4017777777777778
OFF-AR-10002656,Sanford Liquid Accent Highlighters,149,48.6304,24,5,0.3263785234899329
OFF-AR-10002665,"Binney & Smith Markers, Easy-Erase",487,-18.258,22,7,-0.03749075975359343
OFF-AR-10002671,"Hunt BOSTON Model 1606 High-Volume Electric Pencil Sharpener, Beige",1113,111.3024,8,1,0.10000215633423182
OFF-AR-10002672,"Boston Highlighters, Blue",538,84.67500000000001,32,10,0.15738847583643126
OFF-AR-10002677,"BIC Pencil Sharpener, Easy-Erase",364,72.012,21,6,0.19783516483516483
OFF-AR-10002677,"BIC Pens, Water Color",348,43.272,33,6,0.1243448275862069
OFF-AR-10002681,"Boston Sketch Pad, Fluorescent",400,-22.0242,11,2,-0.0550605
OFF-AR-10002681,"Stanley Canvas, Fluorescent",2321,736.434,46,11,0.31729168461869883
OFF-AR-10002704,Boston 1900 Electric Pencil Sharpener,15,4.494,1,1,0.2996
OFF-AR-10002706,"Stanley Canvas, Fluorescent",914,367.53999999999996,31,8,0.4021225382932166
OFF-AR-10002710,"Sanford Pens, Easy-Erase",82,4.344,12,4,0.052975609756097566
OFF-AR-10002714,"Stanley Sketch Pad, Easy-Erase",322,67.92,8,1,0.21093167701863355
OFF-AR-10002727,"Stanley Pencil Sharpener, Fluorescent",611,147.966,26,7,0.24217021276595746
OFF-AR-10002745,"BIC Canvas, Blue",222,13.919999999999998,7,2,0.0627027027027027
OFF-AR-10002747,"Boston Canvas, Fluorescent",1065,405.711,20,7,0.3809492957746479
OFF-AR-10002766,Prang Drawing Pencil Set,56,11.5092,22,4,0.20552142857142858
OFF-AR-10002783,"Stanley Pencil Sharpener, Water Color",1376,11.85,58,12,0.008611918604651162
OFF-AR-10002797,"Sanford Highlighters, Blue",463,99.36,33,7,0.21460043196544276
OFF-AR-10002800,"Binney & Smith Pencil Sharpener, Water Color",171,39.285,6,3,0.22973684210526313
OFF-AR-10002802,"Binney & Smith Pencil Sharpener, Water Color",697,104.3,35,7,0.14964131994261118
OFF-AR-10002804,Faber Castell Col-Erase Pencils,38,14.083200000000001,8,5,0.3706105263157895
OFF-AR-10002805,"Boston Sketch Pad, Blue",3463,1413.9,74,20,0.408287611897199
OFF-AR-10002811,"Stanley Pens, Water Color",7,-10.264,2,1,-1.4662857142857142
OFF-AR-10002816,"Boston Canvas, Blue",2225,455.93999999999994,44,11,0.20491685393258424
OFF-AR-10002818,Panasonic KP-310 Heavy-Duty Electric Pencil Sharpener,198,59.346000000000004,9,2,0.29972727272727273
OFF-AR-10002824,"Sanford Markers, Water Color",740,158.36,44,9,0.21400000000000002
OFF-AR-10002833,Newell 322,29,6.6612,18,6,0.22969655172413794
OFF-AR-10002847,"Stanley Pens, Water Color",136,-11.931000000000001,13,3,-0.08772794117647059
OFF-AR-10002852,"Stanley Pens, Fluorescent",396,24.330000000000002,36,11,0.061439393939393946
OFF-AR-10002882,"BIC Sketch Pad, Water Color",940,-55.36800000000001,30,8,-0.05890212765957448
OFF-AR-10002897,"BIC Markers, Water Color",235,25.359,11,4,0.10791063829787234
OFF-AR-10002902,"Sanford Canvas, Water Color",1852,-134.25,37,11,-0.07248920086393089
OFF-AR-10002939,"Stanley Highlighters, Water Color",626,212.1,35,7,0.3388178913738019
OFF-AR-10002952,Stanley Contemporary Battery Pencil Sharpeners,294,63.012,24,4,0.2143265306122449
OFF-AR-10002956,Boston 16801 Nautilus Battery Pencil Sharpener,444,69.9918,23,6,0.15763918918918918
OFF-AR-10002975,"Stanley Sketch Pad, Fluorescent",1048,378.224,36,7,0.36090076335877863
OFF-AR-10002987,Prismacolor Color Pencil Set,437,155.5456,24,7,0.3559395881006865
OFF-AR-10002991,"Binney & Smith Markers, Blue",895,134.478,39,10,0.15025474860335197
OFF-AR-10003005,"Boston Markers, Fluorescent",904,81.351,35,12,0.08999004424778762
OFF-AR-10003012,"Sanford Markers, Easy-Erase",1148,14.994,49,12,0.013060975609756097
OFF-AR-10003021,"BIC Sketch Pad, Water Color",885,351.492,19,4,0.3971661016949153
OFF-AR-10003023,"Stanley Highlighters, Water Color",72,15.0,4,2,0.20833333333333334
OFF-AR-10003028,"Binney & Smith Highlighters, Blue",83,12.3,5,2,0.14819277108433737
OFF-AR-10003031,"Binney & Smith Pens, Fluorescent",207,-0.1200000000000001,16,7,-0.0005797101449275368
OFF-AR-10003031,"Stanley Highlighters, Easy-Erase",232,-19.564,27,5,-0.08432758620689655
OFF-AR-10003045,Prang Colored Pencils,91,38.808,32,7,0.42646153846153845
OFF-AR-10003046,"Sanford Sketch Pad, Fluorescent",1004,252.12,23,7,0.2511155378486056
OFF-AR-10003056,Newell 341,97,26.8356,23,7,0.2766556701030928
OFF-AR-10003066,"Sanford Markers, Water Color",2184,164.721,84,16,0.0754217032967033
OFF-AR-10003077,"Boston Markers, Fluorescent",203,70.84,11,4,0.3489655172413793
OFF-AR-10003085,"Stanley Markers, Easy-Erase",45,12.12,2,1,0.2693333333333333
OFF-AR-10003087,Staples,25,5.696,15,3,0.22784
OFF-AR-10003096,"Binney & Smith Sketch Pad, Blue",569,26.752000000000006,24,5,0.04701581722319861
OFF-AR-10003110,"Sanford Sketch Pad, Water Color",1062,149.7546,24,7,0.14101186440677968
OFF-AR-10003113,"Binney & Smith Pens, Blue",673,213.648,66,15,0.3174561664190193
OFF-AR-10003117,"BIC Pencil Sharpener, Blue",1036,316.197,42,15,0.3052094594594595
OFF-AR-10003123,"Boston Canvas, Easy-Erase",453,172.344,15,4,0.3804503311258278
OFF-AR-10003156,50 Colored Long Pencils,137,32.9184,14,5,0.24028029197080292
OFF-AR-10003157,"Sanford Highlighters, Easy-Erase",19,-11.556,2,1,-0.6082105263157894
OFF-AR-10003158,Fluorescent Highlighters by Dixon,91,22.4472,26,5,0.24667252747252746
OFF-AR-10003179,"BIC Pencil Sharpener, Blue",286,122.072,16,6,0.42682517482517485
OFF-AR-10003179,Dixon Ticonderoga Core-Lock Colored Pencils,230,58.6684,28,7,0.25508
OFF-AR-10003183,Avery Fluorescent Highlighter Four-Color Set,66,9.352,24,8,0.1416969696969697
OFF-AR-10003190,Newell 32,49,11.9808,17,6,0.2445061224489796
OFF-AR-10003217,Newell 316,47,8.2152,11,2,0.1747914893617021
OFF-AR-10003217,"Sanford Highlighters, Fluorescent",553,197.50500000000002,36,11,0.35715189873417724
OFF-AR-10003228,"Stanley Sketch Pad, Blue",306,44.367,10,2,0.14499019607843136
OFF-AR-10003245,"Binney & Smith Canvas, Blue",965,220.84799999999998,29,5,0.2288580310880829
OFF-AR-10003247,"Boston Highlighters, Water Color",1251,185.13,59,14,0.14798561151079137
OFF-AR-10003249,"Sanford Canvas, Easy-Erase",61,-10.212,2,1,-0.16740983606557377
OFF-AR-10003251,Prang Drawing Pencil Set,45,15.568,17,7,0.34595555555555557
OFF-AR-10003253,"Boston Pencil Sharpener, Water Color",70,-8.232,4,1,-0.1176
OFF-AR-10003281,"Stanley Highlighters, Blue",58,22.92,6,2,0.39517241379310347
OFF-AR-10003291,"BIC Canvas, Fluorescent",286,34.992,12,3,0.12234965034965034
OFF-AR-10003321,"BIC Highlighters, Water Color",183,-17.864000000000004,16,3,-0.09761748633879784
OFF-AR-10003336,"Sanford Pencil Sharpener, Easy-Erase",592,193.20800000000003,34,8,0.32636486486486493
OFF-AR-10003338,"Eberhard Faber 3 1/2"" Golf Pencils",140,28.272000000000002,20,7,0.20194285714285715
OFF-AR-10003369,"Stanley Canvas, Blue",205,84.356,7,4,0.4114926829268292
OFF-AR-10003373,"Boston School Pro Electric Pencil Sharpener, 1670",873,149.9432,32,7,0.17175624284077892
OFF-AR-10003377,"Boston Pencil Sharpener, Easy-Erase",1592,145.407,57,13,0.09133605527638192
OFF-AR-10003384,"Boston Pens, Water Color",496,36.54,29,9,0.07366935483870968
OFF-AR-10003394,Newell 332,68,15.5232,24,5,0.22828235294117646
OFF-AR-10003405,"Dixon My First Ticonderoga Pencil, #2",96,17.0235,19,4,0.17732812499999998
OFF-AR-10003446,"BIC Highlighters, Water Color",437,-70.08869999999999,23,6,-0.16038604118993133
OFF-AR-10003448,"Boston Markers, Water Color",361,-53.19,14,3,-0.14734072022160663
OFF-AR-10003450,"BIC Markers, Blue",766,14.79,29,8,0.019308093994778067
OFF-AR-10003457,"Sanford Sketch Pad, Water Color",1680,749.97,36,9,0.4464107142857143
OFF-AR-10003461,"Stanley Pencil Sharpener, Easy-Erase",310,135.1584,13,6,0.4359948387096774
OFF-AR-10003466,"Binney & Smith Highlighters, Easy-Erase",245,60.87,17,7,0.24844897959183673
OFF-AR-10003469,Nontoxic Chalk,44,18.233600000000003,27,8,0.41440000000000005
OFF-AR-10003477,4009 Highlighters,8,2.7336,6,1,0.3417
OFF-AR-10003478,"Avery Hi-Liter EverBold Pen Style Fluorescent Highlighters, 4/Pack",220,68.376,31,6,0.3108
OFF-AR-10003481,Newell 348,66,9.7088,24,6,0.1471030303030303
OFF-AR-10003504,Newell 347,126,30.302400000000002,32,7,0.24049523809523812
OFF-AR-10003514,4009 Highlighters by Sanford,172,53.8096,44,8,0.312846511627907
OFF-AR-10003521,"Stanley Highlighters, Easy-Erase",375,115.05000000000001,27,9,0.3068
OFF-AR-10003532,"BIC Pencil Sharpener, Easy-Erase",18,-1.182,1,1,-0.06566666666666666
OFF-AR-10003536,"Stanley Pencil Sharpener, Water Color",625,72.15599999999999,25,6,0.11544959999999999
OFF-AR-10003551,"Sanford Pens, Water Color",101,29.632,11,5,0.2933861386138614
OFF-AR-10003554,"Stanley Canvas, Blue",962,10.186200000000003,25,6,0.010588565488565491
OFF-AR-10003557,"Boston Highlighters, Easy-Erase",38,7.62,2,1,0.2005263157894737
OFF-AR-10003560,Zebra Zazzle Fluorescent Highlighters,100,20.672,20,6,0.20672000000000001
OFF-AR-10003582,"BIC Pencil Sharpener, Water Color",739,-86.4738,27,7,-0.1170146143437077
OFF-AR-10003582,"Boston Electric Pencil Sharpener, Model 1818, Charcoal Black",523,118.22999999999999,20,8,0.22606118546845122
OFF-AR-10003592,"Sanford Pencil Sharpener, Fluorescent",248,42.6114,12,5,0.1718201612903226
OFF-AR-10003602,"Quartet Omega Colored Chalk, 12/Pack",82,34.164,15,7,0.41663414634146345
OFF-AR-10003613,"Sanford Canvas, Easy-Erase",1291,187.5939,31,5,0.14530898528272657
OFF-AR-10003620,"Boston Pencil Sharpener, Water Color",257,95.04,8,1,0.3698054474708172
OFF-AR-10003629,"Boston Canvas, Water Color",2840,377.7,51,13,0.13299295774647887
OFF-AR-10003630,"Stanley Sketch Pad, Easy-Erase",1252,56.67,33,9,0.04526357827476039
OFF-AR-10003631,Staples,124,26.619999999999997,30,4,0.2146774193548387
OFF-AR-10003633,"Binney & Smith Canvas, Easy-Erase",1808,177.99,38,12,0.098445796460177
OFF-AR-10003651,Newell 350,63,15.744000000000002,20,6,0.24990476190476194
OFF-AR-10003651,"Sanford Pencil Sharpener, Easy-Erase",2290,1028.025,93,19,0.4489192139737992
OFF-AR-10003651,"Sanford Pens, Easy-Erase",529,90.705,50,10,0.17146502835538752
OFF-AR-10003658,"Boston Markers, Water Color",1051,-73.875,38,12,-0.07029019980970504
OFF-AR-10003673,"Sanford Markers, Fluorescent",247,-17.7594,11,4,-0.0719004048582996
OFF-AR-10003674,"BIC Pencil Sharpener, Water Color",236,89.54,11,3,0.379406779661017
OFF-AR-10003680,"BIC Markers, Water Color",349,156.05200000000002,19,9,0.44714040114613185
OFF-AR-10003683,"Boston Sketch Pad, Fluorescent",399,91.68,8,2,0.22977443609022558
OFF-AR-10003684,"BIC Sketch Pad, Fluorescent",467,147.25199999999998,10,6,0.3153147751605995
OFF-AR-10003685,"Stanley Canvas, Water Color",358,52.88,11,3,0.14770949720670393
OFF-AR-10003688,"Sanford Canvas, Blue",67,-97.74,5,1,-1.4588059701492537
OFF-AR-10003691,"Stanley Sketch Pad, Easy-Erase",495,77.48,20,6,0.15652525252525254
OFF-AR-10003696,Panasonic KP-350BK Electric Pencil Sharpener with Auto Stop,125,26.2808,4,3,0.2102464
OFF-AR-10003723,Avery Hi-Liter Fluorescent Desk Style Markers,20,7.5036000000000005,6,2,0.37518
OFF-AR-10003727,Berol Giant Pencil Sharpener,255,49.780699999999996,17,4,0.19521843137254902
OFF-AR-10003732,Newell 333,87,18.848399999999998,33,11,0.21664827586206895
OFF-AR-10003738,"Boston Canvas, Fluorescent",418,87.84,10,3,0.21014354066985647
OFF-AR-10003752,Deluxe Chalkboard Eraser Cleaner,182,76.461,17,5,0.4201153846153846
OFF-AR-10003758,"Binney & Smith Canvas, Water Color",269,-32.076,9,4,-0.11924163568773234
OFF-AR-10003759,"Crayola Anti Dust Chalk, 12/Pack",60,24.661,35,7,0.4110166666666667
OFF-AR-10003766,"BIC Sketch Pad, Easy-Erase",424,144.04,13,5,0.33971698113207544
OFF-AR-10003770,Newell 340,26,7.5168,9,2,0.2891076923076923
OFF-AR-10003772,Boston 16750 Black Compact Battery Pencil Sharpener,44,13.125,5,2,0.29829545454545453
OFF-AR-10003774,"Stanley Sketch Pad, Fluorescent",982,307.62809999999996,25,7,0.3132669042769857
OFF-AR-10003794,"Boston Pencil Sharpener, Water Color",273,10.920000000000002,22,6,0.04000000000000001
OFF-AR-10003806,"Stanley Sketch Pad, Water Color",95,16.14,2,1,0.16989473684210527
OFF-AR-10003811,Newell 327,41,10.7406,18,4,0.2619658536585366
OFF-AR-10003816,"Binney & Smith Highlighters, Easy-Erase",258,53.02,25,7,0.20550387596899225
OFF-AR-10003829,"Boston Highlighters, Water Color",614,152.64000000000001,43,10,0.24859934853420199
OFF-AR-10003829,Newell 35,95,23.288,30,9,0.24513684210526315
OFF-AR-10003829,"Stanley Markers, Fluorescent",1021,338.07,44,12,0.33111655239960824
OFF-AR-10003856,Newell 344,45,8.5624,18,6,0.19027555555555556
OFF-AR-10003875,"Stanley Highlighters, Easy-Erase",479,-45.6594,38,11,-0.09532233820459289
OFF-AR-10003876,"Avery Hi-Liter GlideStik Fluorescent Highlighter, Yellow Ink",26,9.6496,9,2,0.37113846153846153
OFF-AR-10003890,"Binney & Smith Pens, Blue",72,12.78,6,1,0.1775
OFF-AR-10003896,"Stride Job 150 Highlighters, Chisel Tip, Assorted Colors",18,6.4584,3,1,0.3588
OFF-AR-10003897,"Stanley Pencil Sharpener, Water Color",227,-59.492,19,5,-0.262079295154185
OFF-AR-10003903,Sanford 52201 APSCO Electric Pencil Sharpener,566,140.9368,14,4,0.24900494699646644
OFF-AR-10003913,"Binney & Smith Highlighters, Blue",205,33.196000000000005,19,5,0.1619317073170732
OFF-AR-10003914,"Stanley Canvas, Easy-Erase",796,214.56,24,6,0.2695477386934673
OFF-AR-10003957,"Stanley Canvas, Fluorescent",561,35.2338,14,5,0.06280534759358289
OFF-AR-10003958,Newell 337,10,1.1808,4,2,0.11808
OFF-AR-10003962,"Binney & Smith Highlighters, Water Color",416,145.0431,24,4,0.3486612980769231
OFF-AR-10003978,"Binney & Smith Sketch Pad, Easy-Erase",310,82.76939999999999,8,4,0.266998064516129
OFF-AR-10003986,Avery Hi-Liter Pen Style Six-Color Fluorescent Set,8,3.157,2,1,0.394625
OFF-AR-10003989,"Sanford Pencil Sharpener, Fluorescent",259,103.74,16,4,0.4005405405405405
OFF-AR-10004009,"Boston Highlighters, Easy-Erase",453,69.411,25,4,0.1532251655629139
OFF-AR-10004010,Hunt Boston Vacuum Mount KS Pencil Sharpener,672,153.95600000000002,20,5,0.2291011904761905
OFF-AR-10004010,"Sanford Pencil Sharpener, Water Color",675,250.92,42,7,0.3717333333333333
OFF-AR-10004012,"Sanford Highlighters, Blue",224,63.72,24,5,0.2844642857142857
OFF-AR-10004022,Panasonic KP-380BK Classic Electric Pencil Sharpener,705,111.538,22,6,0.15820992907801418
OFF-AR-10004027,"Binney & Smith inkTank Erasable Desk Highlighter, Chisel Tip, Yellow, 12/Box",18,5.7456,8,3,0.3192
OFF-AR-10004042,"BOSTON Model 1800 Electric Pencil Sharpeners, Putty/Woodgrain",496,113.274,30,6,0.228375
OFF-AR-10004049,"Stanley Sketch Pad, Fluorescent",49,-25.664,4,1,-0.5237551020408163
OFF-AR-10004062,Staples,157,39.300000000000004,15,3,0.2503184713375796
OFF-AR-10004068,"Boston Markers, Fluorescent",459,195.498,17,5,0.42592156862745095
OFF-AR-10004077,"Binney & Smith Pencil Sharpener, Water Color",108,-17.279999999999998,8,3,-0.15999999999999998
OFF-AR-10004078,Newell 312,235,34.456,49,11,0.1466212765957447
OFF-AR-10004109,"Boston Sketch Pad, Fluorescent",631,252.32,19,7,0.39987321711568935
OFF-AR-10004115,"Sanford Markers, Blue",586,1.860000000000003,31,8,0.003174061433447104
OFF-AR-10004116,"Sanford Sketch Pad, Water Color",58,-17.568,2,1,-0.30289655172413793
OFF-AR-10004132,"Boston Pens, Blue",83,18.823999999999998,10,3,0.22679518072289154
OFF-AR-10004138,"Stanley Pens, Easy-Erase",271,61.032,31,7,0.22521033210332103
OFF-AR-10004139,"Stanley Sketch Pad, Easy-Erase",412,93.84,10,2,0.22776699029126216
OFF-AR-10004148,"Sanford Pens, Easy-Erase",122,10.570500000000001,12,4,0.08664344262295083
OFF-AR-10004151,"BIC Sketch Pad, Blue",1849,251.88,40,11,0.13622498647917794
OFF-AR-10004153,"Binney & Smith Highlighters, Easy-Erase",123,51.558,8,5,0.41917073170731706
OFF-AR-10004165,"Binney & Smith inkTank Erasable Pocket Highlighter, Chisel Tip, Yellow",26,10.6704,12,3,0.41040000000000004
OFF-AR-10004173,"Stanley Pens, Easy-Erase",49,21.560000000000002,7,4,0.44000000000000006
OFF-AR-10004215,"Binney & Smith Canvas, Fluorescent",84,-50.568,6,1,-0.602
OFF-AR-10004218,"BIC Pens, Fluorescent",58,8.216000000000001,6,4,0.14165517241379313
OFF-AR-10004218,"Sanford Pencil Sharpener, Water Color",627,30.9861,26,7,0.049419617224880384
OFF-AR-10004219,"Sanford Pencil Sharpener, Easy-Erase",328,151.509,13,3,0.4619176829268292
OFF-AR-10004260,Boston 1799 Powerhouse Electric Pencil Sharpener,390,109.116,15,3,0.2797846153846154
OFF-AR-10004269,Newell 31,95,23.6236,24,5,0.24866947368421052
OFF-AR-10004272,Newell 308,8,2.1,5,2,0.2625
OFF-AR-10004303,"Stanley Markers, Blue",469,-37.080000000000005,25,6,-0.07906183368869937
OFF-AR-10004344,Bulldog Vacuum Base Pencil Sharpener,331,59.5903,31,6,0.1800311178247734
OFF-AR-10004348,"Boston Sketch Pad, Easy-Erase",463,27.636000000000003,15,7,0.05968898488120951
OFF-AR-10004360,"Boston Pens, Fluorescent",219,65.184,24,8,0.29764383561643837
OFF-AR-10004362,"Sanford Canvas, Water Color",29,-31.52,2,1,-1.086896551724138
OFF-AR-10004373,"Boston Markers, Water Color",272,53.92,17,6,0.19823529411764707
OFF-AR-10004422,"Boston Sketch Pad, Blue",422,64.0,19,4,0.15165876777251186
OFF-AR-10004424,"Boston Markers, Blue",405,-45.8694,18,6,-0.11325777777777778
OFF-AR-10004441,BIC Brite Liner Highlighters,85,30.8844,23,7,0.3633458823529412
OFF-AR-10004454,"BIC Pens, Easy-Erase",132,0.040000000000000036,14,5,0.0003030303030303033
OFF-AR-10004456,"Binney & Smith Markers, Blue",306,33.333,13,4,0.1089313725490196
OFF-AR-10004456,Panasonic KP-4ABK Battery-Operated Pencil Sharpener,234,67.92960000000001,16,4,0.29029743589743595
OFF-AR-10004485,"Sanford Pens, Water Color",36,6.997199999999999,4,2,0.19436666666666666
OFF-AR-10004486,"Sanford Canvas, Blue",1602,254.724,36,9,0.15900374531835204
OFF-AR-10004492,"BIC Canvas, Blue",3652,242.31,69,17,0.0663499452354874
OFF-AR-10004511,"Sanford Colorific Scented Colored Pencils, 12/Pack",48,14.5948,11,2,0.3040583333333333
OFF-AR-10004519,"Boston Canvas, Fluorescent",4313,437.07000000000005,86,20,0.10133781590540228
OFF-AR-10004552,"Boston Markers, Blue",26,1.29,1,1,0.04961538461538462
OFF-AR-10004559,"Stanley Pencil Sharpener, Easy-Erase",7,-4.176,1,1,-0.5965714285714286
OFF-AR-10004582,BIC Brite Liner Grip Highlighters,24,8.937999999999999,17,5,0.3724166666666666
OFF-AR-10004587,"Boston 1827 Commercial Additional Cutter, Drive Gear & Gear Rack for 1606",60,17.847,3,2,0.29745000000000005
OFF-AR-10004594,"Sanford Canvas, Water Color",487,-54.56,18,4,-0.11203285420944559
OFF-AR-10004602,Boston KS Multi-Size Manual Pencil Sharpener,534,119.548,25,7,0.22387265917602997
OFF-AR-10004614,"Boston Pencil Sharpener, Water Color",201,64.48800000000001,7,3,0.3208358208955225
OFF-AR-10004648,Boston 19500 Mighty Mite Electric Pencil Sharpener,341,92.4885,17,4,0.2712272727272727
OFF-AR-10004651,"Boston Pens, Fluorescent",362,42.552,24,5,0.11754696132596686
OFF-AR-10004652,"Sanford Highlighters, Water Color",15,-19.356,3,1,-1.2904000000000002
OFF-AR-10004656,"Boston Sketch Pad, Easy-Erase",619,84.8742,14,4,0.13711502423263328
OFF-AR-10004685,"Binney & Smith Crayola Metallic Colored Pencils, 8-Color Set",88,26.854,20,7,0.3051590909090909
OFF-AR-10004691,Boston 1730 StandUp Electric Pencil Sharpener,171,44.4704,8,3,0.26006081871345027
OFF-AR-10004707,Staples,9,3.472,4,2,0.3857777777777778
OFF-AR-10004739,"BIC Canvas, Easy-Erase",2187,617.625,44,10,0.2824074074074074
OFF-AR-10004744,"Binney & Smith Sketch Pad, Easy-Erase",93,36.3,2,1,0.39032258064516123
OFF-AR-10004746,"Binney & Smith Highlighters, Easy-Erase",40,4.704,4,1,0.1176
OFF-AR-10004748,"Boston Pencil Sharpener, Easy-Erase",242,38.64,12,3,0.1596694214876033
OFF-AR-10004749,"BIC Canvas, Blue",1569,-379.473,37,5,-0.2418565965583174
OFF-AR-10004752,Blackstonian Pencils,49,12.6024,19,4,0.25719183673469387
OFF-AR-10004757,Crayola Colored Pencils,122,32.8,40,11,0.26885245901639343
OFF-AR-10004772,"Boston Highlighters, Fluorescent",314,24.048,27,6,0.07658598726114649
OFF-AR-10004780,"Stanley Markers, Blue",339,130.428,18,5,0.3847433628318584
OFF-AR-10004790,Staples,48,2.9925,5,2,0.06234375
OFF-AR-10004817,Colorific Watercolor Pencils,51,11.3004,11,3,0.2215764705882353
OFF-AR-10004818,"Boston Markers, Easy-Erase",374,-9.04,25,10,-0.024171122994652405
OFF-AR-10004825,"BIC Canvas, Fluorescent",3947,1194.9180000000001,77,22,0.3027408158094756
OFF-AR-10004881,"Stanley Sketch Pad, Blue",1768,576.714,40,10,0.3261957013574661
OFF-AR-10004884,"Sanford Pens, Fluorescent",325,48.858,31,9,0.15033230769230768
OFF-AR-10004900,"Boston Canvas, Easy-Erase",1324,56.2314,29,9,0.04247084592145015
OFF-AR-10004918,"Binney & Smith Pens, Fluorescent",26,4.44,2,1,0.17076923076923078
OFF-AR-10004920,"Boston Canvas, Water Color",698,175.992,25,6,0.2521375358166189
OFF-AR-10004930,Turquoise Lead Holder with Pocket Clip,38,10.586,6,3,0.27857894736842104
OFF-AR-10004956,Newell 33,48,8.37,10,3,0.17437499999999997
OFF-AR-10004961,"Sanford Sketch Pad, Easy-Erase",220,7.279999999999999,8,2,0.03309090909090909
OFF-AR-10004974,Newell 342,10,2.8536,3,1,0.28536
OFF-AR-10004986,"Boston Pens, Easy-Erase",535,176.49,37,10,0.32988785046728974
OFF-AR-10004990,"Boston Highlighters, Blue",328,116.9745,21,4,0.35662957317073174
OFF-AR-10004999,Newell 315,146,33.787,25,6,0.23141780821917807
OFF-AVE-10000065,"Avery Removable Labels, Alphabetical",98,-5.808,12,5,-0.05926530612244898
OFF-AVE-10000110,"Avery Round Labels, Laser Printer Compatible",34,2.0520000000000005,6,4,0.0603529411764706
OFF-AVE-10000357,"Avery Binder Covers, Clear",196,15.945,22,7,0.08135204081632653
OFF-AVE-10000418,"Avery Color Coded Labels, 5000 Label Set",18,-0.036000000000000476,2,2,-0.0020000000000000265
OFF-AVE-10000432,"Avery Index Tab, Clear",145,16.692,30,11,0.11511724137931034
OFF-AVE-10000543,"Avery Hole Reinforcements, Clear",47,-26.109,21,11,-0.5555106382978724
OFF-AVE-10000585,"Avery Legal Exhibit Labels, Adjustable",27,8.55,3,2,0.3166666666666667
OFF-AVE-10000608,"Avery Index Tab, Economy",239,70.929,36,13,0.29677405857740585
OFF-AVE-10000802,"Avery Removable Labels, Adjustable",26,11.879999999999999,3,2,0.4569230769230769
OFF-AVE-10000894,"Avery Color Coded Labels, Adjustable",81,-18.131999999999998,10,4,-0.22385185185185183
OFF-AVE-10000909,"Avery Shipping Labels, Laser Printer Compatible",249,34.65,21,7,0.1391566265060241
OFF-AVE-10001079,"Avery File Folder Labels, Laser Printer Compatible",27,11.97,3,2,0.44333333333333336
OFF-AVE-10001367,"Avery Legal Exhibit Labels, Alphabetical",11,2.43,1,1,0.22090909090909092
OFF-AVE-10001473,"Avery Legal Exhibit Labels, Laser Printer Compatible",215,31.919999999999998,19,4,0.14846511627906975
OFF-AVE-10001750,"Avery 3-Hole Punch, Clear",640,-0.07499999999999929,27,12,-0.00011718749999999888
OFF-AVE-10001847,"Avery Binder, Clear",110,-66.84,16,11,-0.6076363636363636
OFF-AVE-10002014,"Avery Shipping Labels, Adjustable",58,5.205,8,4,0.08974137931034483
OFF-AVE-10002024,"Avery Index Tab, Durable",168,19.188000000000002,30,10,0.11421428571428573
OFF-AVE-10002079,"Avery Binding Machine, Durable",749,-338.754,23,9,-0.45227503337783714
OFF-AVE-10002102,"Avery 3-Hole Punch, Economy",348,139.125,15,9,0.39978448275862066
OFF-AVE-10002102,"Avery File Folder Labels, Adjustable",20,1.6560000000000001,4,3,0.08280000000000001
OFF-AVE-10002311,"Avery Binder Covers, Durable",158,-5.8679999999999986,15,4,-0.03713924050632911
OFF-AVE-10002892,"Avery 3-Hole Punch, Recycled",538,-135.504,24,14,-0.25186617100371744
OFF-AVE-10003279,"Avery Hole Reinforcements, Durable",140,40.416000000000004,26,14,0.2886857142857143
OFF-AVE-10003465,"Avery Binder, Economy",200,72.42,16,11,0.36210000000000003
OFF-AVE-10003504,"Avery Legal Exhibit Labels, 5000 Label Set",95,32.586,10,6,0.34301052631578943
OFF-AVE-10003549,"Avery Binding Machine, Recycled",1358,544.47,29,9,0.4009351988217968
OFF-AVE-10003558,"Avery Round Labels, Alphabetical",126,27.54,18,4,0.21857142857142856
OFF-AVE-10003740,"Avery Binding Machine, Clear",1483,-47.55000000000001,36,15,-0.03206338503034391
OFF-AVE-10004148,"Avery Color Coded Labels, Laser Printer Compatible",71,6.246,6,3,0.0879718309859155
OFF-AVE-10004159,"Avery File Folder Labels, 5000 Label Set",124,4.68,13,4,0.03774193548387097
OFF-AVE-10004251,"Avery Binding Machine, Economy",1013,65.20799999999998,22,9,0.0643711747285291
OFF-AVE-10004308,"Avery Binder, Durable",282,-35.28,23,11,-0.1251063829787234
OFF-AVE-10004310,"Avery File Folder Labels, Alphabetical",147,44.616,17,4,0.30351020408163265
OFF-AVE-10004312,"Avery Index Tab, Clear",135,-10.065,24,10,-0.07455555555555556
OFF-AVE-10004404,"Avery Shipping Labels, Alphabetical",84,3.3240000000000016,10,5,0.03957142857142859
OFF-AVE-10004412,"Avery Color Coded Labels, Alphabetical",34,3.1260000000000003,4,2,0.09194117647058825
OFF-AVE-10004508,"Avery Round Labels, Adjustable",42,4.536,9,6,0.10799999999999998
OFF-AVE-10004512,"Avery Hole Reinforcements, Economy",242,-8.379,57,17,-0.03462396694214876
OFF-AVE-10004536,"Avery Shipping Labels, 5000 Label Set",19,-3.186,3,2,-0.1676842105263158
OFF-AVE-10004556,"Avery Hole Reinforcements, Recycled",235,69.93,60,13,0.2975744680851064
OFF-AVE-10004570,"Avery Binder Covers, Economy",97,-0.9269999999999996,13,9,-0.00955670103092783
OFF-AVE-10004708,"Avery Binder, Recycled",213,85.752,18,13,0.4025915492957746
OFF-AVE-10004732,"Avery Round Labels, 5000 Label Set",14,-23.346000000000004,5,3,-1.667571428571429
OFF-AVE-10004827,"Avery Binder Covers, Recycled",171,20.016000000000005,21,14,0.1170526315789474
OFF-AVE-10004828,"Avery Removable Labels, Laser Printer Compatible",138,16.932,14,5,0.12269565217391304
OFF-AVE-10004909,"Avery 3-Hole Punch, Durable",544,122.925,22,12,0.22596507352941175
OFF-BI-10000006,"Ibico Binder, Durable",716,110.2278,45,10,0.15394944134078212
OFF-BI-10000014,Heavy-Duty E-Z-D Binders,175,9.055299999999999,29,8,0.051744571428571424
OFF-BI-10000029,"Ibico Binding Machine, Recycled",947,297.928,28,8,0.3146019007391763
OFF-BI-10000042,"Cardinal Index Tab, Clear",189,60.78,27,9,0.3215873015873016
OFF-BI-10000042,"Pressboard Data Binder, Crimson, 12"" X 8 1/2""",33,7.1556,9,3,0.21683636363636363
OFF-BI-10000050,"Angle-D Binders with Locking Rings, Label Holders",199,35.332,42,10,0.17754773869346735
OFF-BI-10000051,"Ibico Binding Machine, Economy",69,-37.74,5,1,-0.5469565217391305
OFF-BI-10000069,"GBC Prepunched Paper, 19-Hole, for Binding Systems, 24-lb",434,125.7838,38,7,0.2898244239631336
OFF-BI-10000070,"Wilson Jones 3-Hole Punch, Clear",187,57.74,11,4,0.30877005347593584
OFF-BI-10000081,"Ibico Index Tab, Clear",285,99.78,35,8,0.35010526315789475
OFF-BI-10000088,GBC Imprintable Covers,242,39.967200000000005,36,8,0.16515371900826448
OFF-BI-10000089,"Wilson Jones 3-Hole Punch, Recycled",1348,537.432,56,12,0.3986884272997033
OFF-BI-10000106,"Cardinal Hole Reinforcements, Clear",115,26.928,28,8,0.23415652173913043
OFF-BI-10000115,"Acco Hole Reinforcements, Clear",236,-14.159999999999998,43,12,-0.05999999999999999
OFF-BI-10000121,"Cardinal Index Tab, Clear",228,90.636,35,9,0.39752631578947367
OFF-BI-10000124,"Acco Binder Covers, Clear",446,148.644,63,11,0.33328251121076236
OFF-BI-10000126,"Ibico Hole Reinforcements, Durable",66,10.628,13,4,0.16103030303030302
OFF-BI-10000136,Avery Non-Stick Heavy Duty View Round Locking Ring Binders,68,30.8568,12,3,0.4537764705882353
OFF-BI-10000136,"Ibico Index Tab, Durable",213,2.7720000000000002,39,10,0.013014084507042254
OFF-BI-10000138,Acco Translucent Poly Ring Binders,92,16.2864,31,8,0.17702608695652175
OFF-BI-10000145,Zipper Ring Binder Pockets,81,11.7312,44,13,0.1448296296296296
OFF-BI-10000168,"Cardinal Hole Reinforcements, Recycled",205,39.03,39,11,0.19039024390243903
OFF-BI-10000171,"Wilson Jones Index Tab, Recycled",266,54.03,43,11,0.2031203007518797
OFF-BI-10000172,"Ibico Index Tab, Clear",30,-18.108,6,1,-0.6036
OFF-BI-10000174,"Wilson Jones Clip & Carry Folder Binder Tool for Ring Binders, Clear",192,50.228,47,9,0.2616041666666667
OFF-BI-10000179,"Wilson Jones 3-Hole Punch, Economy",1434,381.408,56,19,0.26597489539748953
OFF-BI-10000185,"Cardinal Binder Covers, Recycled",329,45.6,40,10,0.1386018237082067
OFF-BI-10000188,"Cardinal Hole Reinforcements, Economy",147,-11.064,46,14,-0.07526530612244899
OFF-BI-10000201,"Avery Triangle Shaped Sheet Lifters, Black, 2/Pack",25,-4.92,25,6,-0.1968
OFF-BI-10000206,"Wilson Jones Binder Covers, Economy",276,100.4421,26,7,0.363920652173913
OFF-BI-10000216,"Mead 1st Gear 2"" Zipper Binder, Asst. Colors",55,-3.891,9,3,-0.07074545454545454
OFF-BI-10000232,"Ibico 3-Hole Punch, Durable",158,48.5,8,3,0.3069620253164557
OFF-BI-10000267,"Ibico Hole Reinforcements, Clear",152,44.655,27,7,0.2937828947368421
OFF-BI-10000279,"Acco Recycled 2"" Capacity Laser Printer Hanging Data Binders",85,8.670000000000002,10,4,0.10200000000000002
OFF-BI-10000280,"Ibico Hole Reinforcements, Economy",231,-11.184,52,10,-0.04841558441558441
OFF-BI-10000282,"Ibico Binder, Durable",450,-61.53,31,8,-0.13673333333333335
OFF-BI-10000285,XtraLife ClearVue Slant-D Ring Binders by Cardinal,73,-13.328,22,5,-0.1825753424657534
OFF-BI-10000287,"Wilson Jones Index Tab, Recycled",27,12.48,4,1,0.46222222222222226
OFF-BI-10000289,"Wilson Jones Binder Covers, Recycled",649,145.77,57,13,0.22460708782742683
OFF-BI-10000301,GBC Instant Report Kit,166,3.2349999999999994,50,13,0.019487951807228912
OFF-BI-10000305,"Cardinal 3-Hole Punch, Durable",109,0.0,6,1,0.0
OFF-BI-10000305,"Wilson Jones Index Tab, Durable",117,11.8275,16,6,0.1010897435897436
OFF-BI-10000308,"Cardinal Binder Covers, Durable",460,146.88,34,6,0.31930434782608696
OFF-BI-10000309,"GBC Twin Loop Wire Binding Elements, 9/16"" Spine, Black",268,-2.283000000000003,35,9,-0.008518656716417921
OFF-BI-10000312,"Cardinal Binder Covers, Economy",569,4.32,49,14,0.007592267135325132
OFF-BI-10000315,Poly Designer Cover & Back,452,106.344,35,7,0.23527433628318584
OFF-BI-10000320,GBC Plastic Binding Combs,173,59.778000000000006,30,10,0.3455375722543353
OFF-BI-10000323,"Wilson Jones 3-Hole Punch, Clear",822,230.39999999999998,30,9,0.2802919708029197
OFF-BI-10000325,"Wilson Jones Binder Covers, Recycled",294,-30.89,45,13,-0.10506802721088436
OFF-BI-10000328,"Acco Binding Machine, Clear",1552,434.4705,34,10,0.27994233247422684
OFF-BI-10000329,"Acco Binder, Durable",699,147.3,46,13,0.21072961373390559
OFF-BI-10000335,"Cardinal 3-Hole Punch, Durable",670,79.36,38,11,0.11844776119402985
OFF-BI-10000340,"Avery Binding Machine, Clear",1579,13.524000000000001,36,8,0.008564914502849906
OFF-BI-10000341,"Ibico Binding Machine, Recycled",3549,360.93,75,19,0.10169907016060863
OFF-BI-10000343,"Pressboard Covers with Storage Hooks, 9 1/2"" x 11"", Light Blue",103,-11.882200000000001,44,12,-0.1153611650485437
OFF-BI-10000346,"Ibico 3-Hole Punch, Clear",1720,623.655,61,15,0.36259011627906973
OFF-BI-10000348,"Cardinal Index Tab, Durable",140,10.815,25,5,0.07725
OFF-BI-10000359,"Ibico Binder Covers, Durable",30,10.56,2,1,0.35200000000000004
OFF-BI-10000368,"Avery Binder Covers, Durable",706,82.28399999999999,57,15,0.11654957507082152
OFF-BI-10000373,"Ibico Hole Reinforcements, Economy",98,-0.6705,16,5,-0.006841836734693877
OFF-BI-10000389,"Ibico Binding Machine, Clear",2592,-208.0992,55,12,-0.08028518518518518
OFF-BI-10000390,"Cardinal Index Tab, Clear",4,-1.456,2,1,-0.364
OFF-BI-10000397,"Wilson Jones Hole Reinforcements, Durable",5,-3.756,3,1,-0.7512
OFF-BI-10000404,"Avery Binder Covers, Clear",111,-1.662,24,7,-0.014972972972972972
OFF-BI-10000404,Avery Printable Repositionable Plastic Tabs,116,42.312000000000005,16,6,0.3647586206896552
OFF-BI-10000419,"Wilson Jones 3-Hole Punch, Recycled",341,68.03999999999999,18,4,0.19953079178885627
OFF-BI-10000423,"Acco 3-Hole Punch, Recycled",556,27.804000000000006,29,10,0.05000719424460433
OFF-BI-10000439,"Acco Hole Reinforcements, Economy",71,21.2616,12,4,0.2994591549295775
OFF-BI-10000440,"Acco Index Tab, Economy",427,177.24,46,10,0.4150819672131148
OFF-BI-10000474,Avery Recycled Flexi-View Covers for Binding Systems,197,-69.5702,32,7,-0.3531482233502538
OFF-BI-10000482,"Acco 3-Hole Punch, Recycled",746,-85.74,30,6,-0.11493297587131367
OFF-BI-10000490,"Cardinal Binder, Recycled",260,25.17,31,6,0.09680769230769232
OFF-BI-10000494,Acco Economy Flexible Poly Round Ring Binder,11,-5.742,6,4,-0.522
OFF-BI-10000501,"Cardinal Binder, Durable",127,0.7279999999999998,14,4,0.005732283464566927
OFF-BI-10000506,"Ibico Binder, Economy",380,112.456,41,11,0.29593684210526316
OFF-BI-10000517,"Acco Binder, Durable",476,208.20000000000002,48,11,0.43739495798319333
OFF-BI-10000518,"Wilson Jones Index Tab, Clear",141,3.267,24,6,0.023170212765957446
OFF-BI-10000538,"Acco Binding Machine, Clear",2127,103.15499999999999,45,13,0.04849788434414668
OFF-BI-10000542,"Ibico Binder Covers, Recycled",166,-29.108,22,7,-0.17534939759036144
OFF-BI-10000542,"Wilson Jones 3-Hole Punch, Durable",1465,186.552,55,16,0.12733924914675768
OFF-BI-10000545,GBC Ibimaster 500 Manual ProClick Binding System,19026,760.9799999999998,48,9,0.03999684642068747
OFF-BI-10000546,Avery Durable Binders,88,13.823999999999998,50,12,0.15709090909090906
OFF-BI-10000561,"Acco Binding Machine, Durable",557,221.844,11,4,0.39828366247755836
OFF-BI-10000563,"Acco Hole Reinforcements, Durable",441,164.688,64,13,0.37344217687074827
OFF-BI-10000583,"Wilson Jones Hole Reinforcements, Clear",102,11.2281,31,6,0.11007941176470588
OFF-BI-10000590,"Wilson Jones Binding Machine, Clear",814,29.1402,20,6,0.035798771498771496
OFF-BI-10000591,Avery Binder Labels,26,9.880600000000001,8,4,0.38002307692307696
OFF-BI-10000605,"Acco Pressboard Covers with Storage Hooks, 9 1/2"" x 11"", Executive Red",90,34.8996,28,9,0.3877733333333333
OFF-BI-10000620,"Wilson Jones Index Tab, Economy",393,100.65,61,13,0.25610687022900763
OFF-BI-10000621,"Ibico 3-Hole Punch, Economy",344,158.214,12,3,0.45992441860465116
OFF-BI-10000631,"Wilson Jones 3-Hole Punch, Economy",7,-11.196,1,1,-1.5994285714285714
OFF-BI-10000632,Satellite Sectional Post Binders,1219,329.0478,38,11,0.26993256767842494
OFF-BI-10000636,"Ibico Hole Reinforcements, Recycled",39,-2.6999999999999997,9,2,-0.06923076923076922
OFF-BI-10000666,Surelock Post Binders,655,210.864,29,8,0.3219297709923664
OFF-BI-10000698,"Wilson Jones Hole Reinforcements, Recycled",96,16.8819,25,7,0.17585312500000003
OFF-BI-10000707,"Wilson Jones 3-Hole Punch, Economy",17,-7.296,1,1,-0.4291764705882353
OFF-BI-10000719,"Wilson Jones Hole Reinforcements, Clear",47,11.616,20,6,0.24714893617021275
OFF-BI-10000721,"Ibico Binder Covers, Recycled",731,17.271900000000002,53,12,0.02362777017783858
OFF-BI-10000724,"Avery Hole Reinforcements, Recycled",10,4.44,2,1,0.44400000000000006
OFF-BI-10000725,"Wilson Jones Binding Machine, Durable",101,45.36,2,1,0.4491089108910891
OFF-BI-10000734,"Avery Binding Machine, Recycled",1253,497.25,27,8,0.3968475658419793
OFF-BI-10000756,Storex DuraTech Recycled Plastic Frosted Binders,94,11.447999999999997,39,8,0.12178723404255316
OFF-BI-10000765,"Avery Hole Reinforcements, Durable",69,4.556,20,7,0.06602898550724638
OFF-BI-10000769,"Ibico Binder Covers, Clear",262,60.6,32,8,0.23129770992366414
OFF-BI-10000773,Insertable Tab Post Binder Dividers,66,-39.699,25,8,-0.6014999999999999
OFF-BI-10000777,"Ibico Binder Covers, Clear",356,61.281,28,8,0.1721376404494382
OFF-BI-10000778,GBC VeloBinder Electric Binding Machine,497,-411.332,15,4,-0.8276297786720321
OFF-BI-10000787,"Acco Hole Reinforcements, Economy",48,-2.448,12,2,-0.051
OFF-BI-10000806,"Acco Index Tab, Economy",255,45.6,38,9,0.17882352941176471
OFF-BI-10000813,"Cardinal Binding Machine, Economy",1175,35.772,39,9,0.030444255319148936
OFF-BI-10000814,"Wilson Jones Binder, Recycled",290,7.048000000000002,38,11,0.024303448275862075
OFF-BI-10000815,"Ibico 3-Hole Punch, Durable",790,285.915,25,8,0.3619177215189874
OFF-BI-10000816,"Ibico 3-Hole Punch, Recycled",341,96.88400000000001,18,7,0.28411730205278596
OFF-BI-10000821,"Acco Hole Reinforcements, Durable",130,29.572,27,10,0.22747692307692308
OFF-BI-10000822,"Acco PRESSTEX Data Binder with Storage Hooks, Light Blue, 9 1/2"" X 11""",68,19.690799999999996,17,5,0.2895705882352941
OFF-BI-10000827,"Acco Binder, Recycled",385,82.24799999999999,40,10,0.2136311688311688
OFF-BI-10000829,Avery Non-Stick Binders,142,57.022999999999996,35,7,0.40157042253521125
OFF-BI-10000831,Storex Flexible Poly Binders with Double Pockets,10,-2.0064,9,3,-0.20064
OFF-BI-10000844,"Wilson Jones Hole Reinforcements, Economy",91,38.16,23,6,0.4193406593406593
OFF-BI-10000848,Angle-D Ring Binders,39,-1.969199999999999,14,6,-0.05049230769230766
OFF-BI-10000854,"Acco Binder Covers, Economy",425,17.200800000000005,36,9,0.040472470588235304
OFF-BI-10000871,"Wilson Jones Binder Covers, Recycled",468,123.3645,43,10,0.263599358974359
OFF-BI-10000880,"Wilson Jones Binder, Recycled",314,73.44,29,4,0.23388535031847132
OFF-BI-10000894,"Avery Binder Covers, Clear",561,94.67999999999999,57,16,0.16877005347593582
OFF-BI-10000925,"Avery Hole Reinforcements, Economy",98,11.678,41,10,0.11916326530612245
OFF-BI-10000928,"Ibico Binder, Clear",152,56.7504,12,6,0.3733578947368421
OFF-BI-10000930,"Avery Hole Reinforcements, Clear",81,-20.726000000000003,43,8,-0.2558765432098766
OFF-BI-10000948,"GBC Laser Imprintable Binding System Covers, Desert Sand",146,18.408299999999997,17,6,0.12608424657534245
OFF-BI-10000960,"Wilson Jones Hole Reinforcements, Clear",5,-0.972,2,1,-0.1944
OFF-BI-10000962,"Acco Flexible ACCOHIDE Square Ring Data Binder, Dark Blue, 11 1/2"" X 14"" 7/8""",411,111.2868,36,10,0.270770802919708
OFF-BI-10000963,"Acco Index Tab, Clear",168,39.732,31,10,0.2365
OFF-BI-10000968,"Acco Hole Reinforcements, Recycled",14,0.24,2,1,0.017142857142857144
OFF-BI-10000972,"Acco 3-Hole Punch, Economy",1872,335.004,63,15,0.1789551282051282
OFF-BI-10000977,Ibico Plastic Spiral Binding Combs,1100,328.928,47,13,0.29902545454545454
OFF-BI-10001002,"Avery Binder Covers, Recycled",410,189.28,55,9,0.4616585365853659
OFF-BI-10001028,"Ibico 3-Hole Punch, Clear",536,82.2063,22,8,0.15336996268656716
OFF-BI-10001031,Pressboard Data Binders by Wilson Jones,99,22.9086,27,8,0.2314
OFF-BI-10001032,"Avery Binding Machine, Recycled",823,63.82200000000001,23,5,0.07754799513973269
OFF-BI-10001036,Cardinal EasyOpen D-Ring Binders,209,26.506000000000007,40,8,0.12682296650717706
OFF-BI-10001049,"Ibico Index Tab, Clear",21,-13.296,4,1,-0.6331428571428571
OFF-BI-10001055,"Wilson Jones Hole Reinforcements, Durable",162,37.71,30,9,0.23277777777777778
OFF-BI-10001058,"Ibico Binding Machine, Clear",1960,859.6800000000001,40,10,0.4386122448979592
OFF-BI-10001067,"Avery Binder, Recycled",221,-4.546200000000002,22,5,-0.020571040723981908
OFF-BI-10001071,GBC ProClick Punch Binding System,1574,562.3842,31,7,0.3572961880559085
OFF-BI-10001072,"GBC Clear Cover, 8-1/2 x 11, unpunched, 25 covers per pack",136,13.644000000000002,15,4,0.10032352941176471
OFF-BI-10001078,"Acco PRESSTEX Data Binder with Storage Hooks, Dark Blue, 14 7/8"" X 11""",176,73.8674,37,7,0.4197011363636364
OFF-BI-10001089,"Acco Binding Machine, Clear",40,-40.44,3,1,-1.011
OFF-BI-10001096,"Ibico Binder Covers, Durable",389,112.995,28,7,0.29047557840616967
OFF-BI-10001097,Avery Hole Reinforcements,117,14.827399999999999,32,9,0.12672991452991453
OFF-BI-10001097,"Ibico 3-Hole Punch, Durable",77,-20.52,4,1,-0.2664935064935065
OFF-BI-10001098,Acco D-Ring Binder w/DublLock,234,-102.8378,31,9,-0.4394777777777778
OFF-BI-10001107,"GBC White Gloss Covers, Plain Front",269,31.421600000000005,31,7,0.11680892193308552
OFF-BI-10001116,"Wilson Jones 1"" Hanging DublLock Ring Binders",116,-8.5536,46,10,-0.07373793103448276
OFF-BI-10001119,"Wilson Jones Index Tab, Clear",287,8.280000000000001,51,15,0.02885017421602788
OFF-BI-10001120,Ibico EPK-21 Electric Binding System,15876,3345.2823,13,3,0.2107131708238851
OFF-BI-10001124,"Ibico Binder Covers, Clear",697,-33.837,60,17,-0.04854662840746055
OFF-BI-10001132,"Acco PRESSTEX Data Binder with Storage Hooks, Dark Blue, 9 1/2"" X 11""",63,-0.16139999999999866,23,4,-0.0025619047619047405
OFF-BI-10001135,"Avery Hole Reinforcements, Durable",7,-2.748,2,1,-0.3925714285714286
OFF-BI-10001138,"Acco 3-Hole Punch, Clear",918,32.459999999999994,36,11,0.035359477124183
OFF-BI-10001150,"Avery Index Tab, Economy",44,13.086,9,4,0.2974090909090909
OFF-BI-10001153,Ibico Recycled Grain-Textured Covers,142,3.4540000000000006,8,4,0.024323943661971836
OFF-BI-10001167,"Wilson Jones Binder, Clear",29,-2.98,5,3,-0.10275862068965518
OFF-BI-10001183,"Avery 3-Hole Punch, Clear",346,23.939999999999998,19,5,0.0691907514450867
OFF-BI-10001191,Canvas Sectional Post Binders,423,59.0672,28,6,0.1396387706855792
OFF-BI-10001191,"Wilson Jones Hole Reinforcements, Recycled",144,31.580000000000002,47,11,0.21930555555555556
OFF-BI-10001192,"Cardinal Binder, Clear",531,15.6,40,7,0.02937853107344633
OFF-BI-10001196,"Avery Flip-Chart Easel Binder, Black",240,37.8222,17,4,0.1575925
OFF-BI-10001199,"Acco Index Tab, Durable",182,31.468,32,10,0.1729010989010989
OFF-BI-10001200,"Avery Binder, Durable",364,-79.794,33,8,-0.2192142857142857
OFF-BI-10001248,"Avery Binder, Economy",311,-32.67999999999999,43,9,-0.10508038585209001
OFF-BI-10001249,"Acco Hole Reinforcements, Recycled",241,104.598,39,12,0.4340165975103734
OFF-BI-10001249,Avery Heavy-Duty EZD View Binder with Locking Rings,170,29.7308,41,10,0.1748870588235294
OFF-BI-10001253,"Acco Binder Covers, Recycled",785,210.6,60,13,0.26828025477707007
OFF-BI-10001254,"Avery Binding Machine, Recycled",1004,158.88,33,11,0.15824701195219124
OFF-BI-10001266,"Acco 3-Hole Punch, Economy",610,21.5736,23,6,0.035366557377049176
OFF-BI-10001267,"Universal Recycled Hanging Pressboard Report Binders, Letter Size",73,8.638000000000003,20,5,0.11832876712328771
OFF-BI-10001275,"Avery Index Tab, Durable",167,28.701999999999998,42,9,0.1718682634730539
OFF-BI-10001279,"Wilson Jones 3-Hole Punch, Durable",24,-10.068,3,1,-0.4195
OFF-BI-10001284,"Ibico Hole Reinforcements, Clear",3,-1.56,2,1,-0.52
OFF-BI-10001286,"Ibico Hole Reinforcements, Durable",200,16.069499999999998,27,7,0.08034749999999999
OFF-BI-10001293,"Acco 3-Hole Punch, Clear",480,-76.215,19,6,-0.15878125
OFF-BI-10001294,Fellowes Binding Cases,271,71.955,31,5,0.26551660516605163
OFF-BI-10001304,"Cardinal 3-Hole Punch, Recycled",466,0.0,24,6,0.0
OFF-BI-10001305,"Cardinal Binder, Clear",53,26.52,4,1,0.5003773584905661
OFF-BI-10001308,GBC Standard Plastic Binding Systems' Combs,110,5.023999999999999,30,8,0.04567272727272727
OFF-BI-10001312,"Cardinal 3-Hole Punch, Clear",510,213.3,18,5,0.4182352941176471
OFF-BI-10001324,"Acco 3-Hole Punch, Economy",993,-1.9519999999999982,54,13,-0.001965760322255789
OFF-BI-10001324,"Ibico Hole Reinforcements, Clear",81,0.43650000000000033,14,4,0.005388888888888893
OFF-BI-10001326,"Cardinal Binder, Recycled",356,45.33239999999999,29,8,0.127338202247191
OFF-BI-10001347,"Cardinal Binder Covers, Economy",19,-2.4000000000000004,2,2,-0.12631578947368424
OFF-BI-10001359,GBC DocuBind TL300 Electric Binding System,19824,2233.5051,37,11,0.11266672215496368
OFF-BI-10001362,"Avery Binder, Clear",239,45.007999999999996,30,9,0.18831799163179913
OFF-BI-10001384,"Cardinal Binder, Economy",675,194.754,55,13,0.2885244444444444
OFF-BI-10001397,"Ibico Binder, Economy",68,-1.548,6,2,-0.02276470588235294
OFF-BI-10001399,"Avery Binder Covers, Clear",239,18.977999999999998,25,8,0.07940585774058577
OFF-BI-10001400,"Cardinal 3-Hole Punch, Economy",858,74.016,32,10,0.08626573426573428
OFF-BI-10001407,"Acco Binder Covers, Recycled",27,8.7,2,1,0.3222222222222222
OFF-BI-10001422,"Cardinal 3-Hole Punch, Clear",256,63.263999999999996,16,4,0.24712499999999998
OFF-BI-10001430,"Cardinal Index Tab, Clear",216,74.984,57,13,0.34714814814814815
OFF-BI-10001456,"Avery Binder, Economy",31,0.48,4,1,0.015483870967741935
OFF-BI-10001460,Plastic Binding Combs,269,84.9915,23,5,0.315953531598513
OFF-BI-10001504,"Avery Binding Machine, Durable",1546,215.27999999999997,46,12,0.13924967658473478
OFF-BI-10001507,"Ibico Binder, Durable",186,38.768,18,8,0.20843010752688174
OFF-BI-10001507,"Wilson Jones Binder Covers, Economy",325,17.040000000000003,37,11,0.05243076923076924
OFF-BI-10001510,Deluxe Heavy-Duty Vinyl Round Ring Binder,505,88.242,33,7,0.17473663366336634
OFF-BI-10001524,GBC Premium Transparent Covers with Diagonal Lined Pattern,780,49.512800000000006,67,14,0.06347794871794872
OFF-BI-10001525,"Acco Pressboard Covers with Storage Hooks, 14 7/8"" x 11"", Executive Red",65,-13.906500000000001,37,8,-0.21394615384615387
OFF-BI-10001533,"Wilson Jones Binding Machine, Recycled",1252,26.240000000000002,40,10,0.020958466453674125
OFF-BI-10001543,GBC VeloBinder Manual Binding System,843,280.722,30,8,0.33300355871886117
OFF-BI-10001544,"Wilson Jones Hole Reinforcements, Clear",234,23.183999999999997,59,13,0.09907692307692306
OFF-BI-10001546,"Acco Index Tab, Clear",5,-3.784,2,1,-0.7567999999999999
OFF-BI-10001553,SpineVue Locking Slant-D Ring Binders by Cardinal,111,6.0324,22,8,0.054345945945945946
OFF-BI-10001568,"Ibico Binder Covers, Economy",587,81.27,43,10,0.13844974446337308
OFF-BI-10001575,GBC Linen Binding Covers,209,-82.4068,18,6,-0.39429090909090914
OFF-BI-10001597,"Wilson Jones Ledger-Size, Piano-Hinge Binder, 2"", Blue",1218,215.5548,47,12,0.1769743842364532
OFF-BI-10001598,"Avery Hole Reinforcements, Recycled",119,50.292,39,8,0.4226218487394958
OFF-BI-10001613,"Ibico Hole Reinforcements, Clear",107,41.56,25,9,0.388411214953271
OFF-BI-10001617,GBC Wire Binding Combs,184,41.5668,26,7,0.22590652173913045
OFF-BI-10001621,"Cardinal Binding Machine, Economy",3217,669.7919999999999,71,17,0.20820391669257068
OFF-BI-10001622,"Acco 3-Hole Punch, Durable",1352,457.656,48,9,0.33850295857988166
OFF-BI-10001628,"Acco Data Flex Cable Posts For Top & Bottom Load Binders, 6"" Capacity",287,64.1445,39,10,0.22349999999999998
OFF-BI-10001634,Wilson Jones Active Use Binders,115,37.0552,21,6,0.3222191304347826
OFF-BI-10001636,Ibico Plastic and Wire Spiral Binding Combs,208,21.5808,41,9,0.10375384615384615
OFF-BI-10001639,"Acco Binder, Economy",711,98.7,47,12,0.1388185654008439
OFF-BI-10001643,"Acco Binder, Recycled",373,10.8,24,6,0.0289544235924933
OFF-BI-10001645,"Ibico Binding Machine, Recycled",1509,64.6848,31,8,0.04286600397614314
OFF-BI-10001650,"Avery 3-Hole Punch, Economy",512,122.208,20,4,0.2386875
OFF-BI-10001658,GBC Standard Therm-A-Bind Covers,466,8.472800000000005,34,12,0.01818197424892705
OFF-BI-10001659,"Cardinal Index Tab, Clear",404,45.6738,60,12,0.1130539603960396
OFF-BI-10001662,"Avery Binder, Recycled",131,1.8719999999999999,16,5,0.014290076335877862
OFF-BI-10001662,"Wilson Jones Binder Covers, Durable",157,48.576,14,2,0.3094012738853503
OFF-BI-10001670,Vinyl Sectional Post Binders,900,147.03,40,11,0.16336666666666666
OFF-BI-10001679,GBC Instant Index System for Binding Systems,72,-12.432,19,5,-0.17266666666666666
OFF-BI-10001685,"Avery Index Tab, Durable",226,48.849000000000004,36,11,0.21614601769911507
OFF-BI-10001717,"Avery Hole Reinforcements, Durable",208,71.727,35,11,0.34484134615384615
OFF-BI-10001718,GBC DocuBind P50 Personal Binding Machine,2267,569.422,50,10,0.2511786501985002
OFF-BI-10001721,Trimflex Flexible Post Binders,346,112.8864,21,4,0.3262612716763006
OFF-BI-10001723,"Avery Binder, Clear",872,25.5,76,17,0.029243119266055047
OFF-BI-10001744,"Acco Binding Machine, Economy",882,18.2043,19,6,0.020639795918367346
OFF-BI-10001754,"Ibico Binder Covers, Recycled",490,180.6,35,13,0.36857142857142855
OFF-BI-10001757,Pressboard Hanging Data Binders for Unburst Sheets,114,-10.135200000000001,48,10,-0.08890526315789475
OFF-BI-10001758,Wilson Jones 14 Line Acrylic Coated Pressboard Data Binders,101,35.297399999999996,23,4,0.34947920792079207
OFF-BI-10001759,"Acco Pressboard Covers with Storage Hooks, 14 7/8"" x 11"", Dark Blue",59,13.1826,24,5,0.22343389830508475
OFF-BI-10001765,Wilson Jones Heavy-Duty Casebound Ring Binders with Metal Hinges,554,157.9584,22,6,0.2851234657039711
OFF-BI-10001787,Wilson Jones Four-Pocket Poly Binders,62,5.4282,17,4,0.08755161290322581
OFF-BI-10001804,"Avery Binder, Recycled",601,268.206,46,10,0.44626622296173046
OFF-BI-10001808,"Cardinal Binding Machine, Clear",4111,1628.505,84,17,0.3961335441498419
OFF-BI-10001808,"Ibico Index Tab, Clear",236,-7.0905000000000005,28,7,-0.030044491525423732
OFF-BI-10001815,"Acco Index Tab, Economy",12,-1.224,2,1,-0.102
OFF-BI-10001819,"Cardinal Binder, Clear",14,-16.304,4,1,-1.1645714285714284
OFF-BI-10001820,"Wilson Jones Binding Machine, Durable",1638,-140.97,36,11,-0.08606227106227106
OFF-BI-10001833,"Ibico Hole Reinforcements, Recycled",381,117.0,52,11,0.30708661417322836
OFF-BI-10001843,"Wilson Jones Index Tab, Durable",48,-14.700000000000001,8,3,-0.30625
OFF-BI-10001858,"Ibico Binding Machine, Durable",806,304.704,16,4,0.37804466501240697
OFF-BI-10001867,"Acco Binder Covers, Recycled",275,70.392,22,7,0.2559709090909091
OFF-BI-10001885,"Avery Binder Covers, Economy",44,18.12,4,2,0.41181818181818186
OFF-BI-10001890,Avery Poly Binder Pockets,79,14.7496,34,8,0.18670379746835442
OFF-BI-10001892,"Ibico Hole Reinforcements, Recycled",153,35.96,31,6,0.2350326797385621
OFF-BI-10001895,"Ibico Binding Machine, Economy",1279,385.724,42,9,0.3015824863174355
OFF-BI-10001900,"DXL Angle-View Binders with Locking Rings, Black",124,42.0498,26,4,0.33911129032258064
OFF-BI-10001900,"Wilson Jones Binder Covers, Clear",283,57.94500000000001,28,11,0.20475265017667846
OFF-BI-10001904,"Cardinal Binder Covers, Durable",309,142.73999999999998,24,8,0.4619417475728155
OFF-BI-10001922,Storex Dura Pro Binders,153,49.361399999999996,33,5,0.3226235294117647
OFF-BI-10001927,"Ibico Binding Machine, Durable",85,-124.968,6,1,-1.4702117647058823
OFF-BI-10001967,"Acco Binder, Recycled",440,-38.187000000000005,32,8,-0.08678863636363637
OFF-BI-10001973,"Wilson Jones 3-Hole Punch, Clear",110,17.52,4,1,0.15927272727272726
OFF-BI-10001982,Wilson Jones Custom Binder Spines & Labels,42,-19.692800000000002,22,7,-0.4688761904761905
OFF-BI-10001984,"Ibico Binding Machine, Economy",1737,-87.20400000000001,39,10,-0.05020379965457686
OFF-BI-10001987,"Acco Binding Machine, Economy",660,-114.796,23,8,-0.17393333333333336
OFF-BI-10001989,Premium Transparent Presentation Covers by GBC,754,284.0692,43,10,0.37674960212201597
OFF-BI-10002003,Ibico Presentation Index for Binding Systems,72,15.0842,27,7,0.20950277777777776
OFF-BI-10002005,"Acco Index Tab, Clear",17,2.04,2,1,0.12
OFF-BI-10002012,Wilson Jones Easy Flow II Sheet Lifters,50,5.616,49,12,0.11231999999999999
OFF-BI-10002026,Avery Arch Ring Binders,1318,87.15000000000002,40,10,0.06612291350531109
OFF-BI-10002026,Ibico Recycled Linen-Style Covers,749,262.4832,24,4,0.35044485981308415
OFF-BI-10002040,"Ibico 3-Hole Punch, Recycled",1316,297.46799999999996,46,10,0.22603951367781153
OFF-BI-10002047,"Acco Index Tab, Durable",342,67.11,39,13,0.19622807017543858
OFF-BI-10002049,UniKeep View Case Binders,29,-5.4768,13,5,-0.1888551724137931
OFF-BI-10002061,"Ibico Binder, Recycled",32,12.3,2,1,0.384375
OFF-BI-10002062,"Acco Hole Reinforcements, Economy",106,6.66,27,7,0.06283018867924528
OFF-BI-10002071,Fellowes Black Plastic Comb Bindings,100,-4.415600000000001,34,9,-0.044156000000000015
OFF-BI-10002072,Cardinal Slant-D Ring Binders,119,46.057,17,5,0.3870336134453782
OFF-BI-10002075,"Wilson Jones Hole Reinforcements, Durable",70,9.486,21,6,0.13551428571428573
OFF-BI-10002080,"Acco Binder, Clear",240,83.604,25,10,0.34835
OFF-BI-10002082,GBC Twin Loop Wire Binding Elements,1042,259.584,47,10,0.24912092130518235
OFF-BI-10002083,"Acco Hole Reinforcements, Economy",248,21.09,37,10,0.08504032258064516
OFF-BI-10002103,"Cardinal Slant-D Ring Binder, Heavy Gauge Vinyl",180,5.387800000000001,37,10,0.029932222222222228
OFF-BI-10002126,"Wilson Jones Index Tab, Clear",202,30.3,54,13,0.15
OFF-BI-10002128,"Acco Binder Covers, Durable",401,122.7,34,9,0.3059850374064838
OFF-BI-10002133,"Wilson Jones Elliptical Ring 3 1/2"" Capacity Binders, 800 sheets",835,-82.17599999999999,42,8,-0.09841437125748502
OFF-BI-10002160,Acco Hanging Data Binders,41,8.2296,17,7,0.2007219512195122
OFF-BI-10002172,"Acco Binding Machine, Recycled",2032,178.99500000000006,48,10,0.08808809055118114
OFF-BI-10002190,"Wilson Jones Binder, Durable",538,134.76,39,8,0.25048327137546467
OFF-BI-10002193,"Wilson Jones Hole Reinforcements, Recycled",117,21.915,25,11,0.18730769230769231
OFF-BI-10002194,Cardinal Hold-It CD Pocket,38,-12.4488,12,4,-0.3276
OFF-BI-10002215,"Wilson Jones Hanging View Binder, White, 1""",143,55.238,23,7,0.3862797202797203
OFF-BI-10002222,"Cardinal Binder Covers, Clear",189,-3.6679999999999993,29,8,-0.019407407407407404
OFF-BI-10002225,"Cardinal Binding Machine, Durable",1743,543.3,36,11,0.3117039586919105
OFF-BI-10002225,"Square Ring Data Binders, Rigid 75 Pt. Covers, 11"" x 14-7/8""",335,98.2464,22,7,0.2932728358208955
OFF-BI-10002243,"Wilson Jones 3-Hole Punch, Durable",749,297.585,27,9,0.3973097463284379
OFF-BI-10002277,"Wilson Jones 3-Hole Punch, Recycled",57,27.78,2,1,0.4873684210526316
OFF-BI-10002278,"Ibico Binder Covers, Economy",250,38.64,21,6,0.15456
OFF-BI-10002281,"Ibico Binder Covers, Clear",26,5.22,2,1,0.20076923076923076
OFF-BI-10002287,"Acco Index Tab, Clear",67,20.7744,9,4,0.31006567164179105
OFF-BI-10002289,"Ibico Binder, Economy",485,74.7,37,10,0.15402061855670104
OFF-BI-10002296,"Acco Binder Covers, Economy",238,11.184,28,6,0.04699159663865546
OFF-BI-10002301,"Cardinal Hole Reinforcements, Economy",59,14.568000000000001,13,4,0.24691525423728816
OFF-BI-10002309,Avery Heavy-Duty EZD  Binder With Locking Rings,110,29.239199999999997,28,6,0.26581090909090904
OFF-BI-10002329,"Avery 3-Hole Punch, Durable",989,401.769,40,10,0.4062376137512639
OFF-BI-10002335,"Avery Binder Covers, Durable",268,-40.383300000000006,25,8,-0.15068395522388062
OFF-BI-10002353,GBC VeloBind Cover Sets,343,18.52799999999999,42,11,0.05401749271137024
OFF-BI-10002354,"Acco Binder, Clear",594,192.417,41,13,0.32393434343434346
OFF-BI-10002364,"Acco Binder, Durable",217,45.93,14,4,0.2116589861751152
OFF-BI-10002386,"Acco Index Tab, Clear",191,9.465,24,6,0.04955497382198953
OFF-BI-10002393,Binder Posts,56,7.8064,16,6,0.1394
OFF-BI-10002412,"Avery Hole Reinforcements, Economy",35,0.0,8,3,0.0
OFF-BI-10002412,Wilson Jones “Snap” Scratch Pad Binder Tool for Ring Binders,101,30.739999999999995,22,5,0.3043564356435643
OFF-BI-10002414,GBC ProClick Spines for 32-Hole Punch,67,-13.281799999999999,12,5,-0.19823582089552236
OFF-BI-10002414,"Ibico Index Tab, Economy",274,0.982,43,10,0.003583941605839416
OFF-BI-10002424,"Avery Binder, Economy",518,190.017,43,10,0.36682818532818534
OFF-BI-10002429,"Premier Elliptical Ring Binder, Black",527,-201.51279999999997,46,9,-0.382377229601518
OFF-BI-10002432,"Ibico Binder, Recycled",185,68.4144,12,3,0.36980756756756755
OFF-BI-10002432,Wilson Jones Standard D-Ring Binders,96,26.9192,26,8,0.2804083333333333
OFF-BI-10002437,Recycled Premium Regency Composition Covers,109,39.880799999999994,9,3,0.36587889908256876
OFF-BI-10002446,"Wilson Jones Binder, Economy",315,51.083999999999996,25,6,0.16217142857142855
OFF-BI-10002455,"Acco 3-Hole Punch, Durable",658,32.604,35,12,0.04955015197568389
OFF-BI-10002459,"Cardinal Binding Machine, Recycled",1277,-69.10499999999999,34,9,-0.05411511354737666
OFF-BI-10002465,"Avery Binding Machine, Clear",709,-120.48,26,9,-0.16992947813822284
OFF-BI-10002483,"Cardinal Hole Reinforcements, Clear",110,0.9599999999999991,44,12,0.008727272727272719
OFF-BI-10002498,Clear Mylar Reinforcing Strips,379,90.27269999999999,29,7,0.23818654353562002
OFF-BI-10002510,"Acco Index Tab, Clear",4,-1.952,2,1,-0.488
OFF-BI-10002511,"Avery 3-Hole Punch, Clear",888,79.365,34,7,0.089375
OFF-BI-10002517,"Ibico Binder, Recycled",490,160.524,51,11,0.3276
OFF-BI-10002520,"Cardinal Hole Reinforcements, Recycled",61,1.5000000000000009,14,2,0.024590163934426243
OFF-BI-10002523,"Wilson Jones Index Tab, Economy",104,0.8600000000000003,30,7,0.008269230769230772
OFF-BI-10002524,"Cardinal Index Tab, Durable",15,4.98,2,1,0.332
OFF-BI-10002533,"Wilson Jones Binding Machine, Economy",216,-72.576,6,2,-0.33599999999999997
OFF-BI-10002557,Presstex Flexible Ring Binders,92,24.57,30,8,0.26706521739130434
OFF-BI-10002558,"Cardinal Binder Covers, Economy",184,-21.6,19,6,-0.11739130434782609
OFF-BI-10002562,"Ibico Binding Machine, Durable",1582,549.072,33,10,0.34707458912768646
OFF-BI-10002570,"Acco Binder Covers, Clear",608,242.54999999999998,50,13,0.39893092105263156
OFF-BI-10002570,"Cardinal 3-Hole Punch, Clear",1362,197.106,52,14,0.1447180616740088
OFF-BI-10002571,"Avery Framed View Binder, EZD Ring (Locking), Navy, 1 1/2""",100,-0.6985999999999981,19,6,-0.006985999999999981
OFF-BI-10002594,"Cardinal Binder Covers, Recycled",204,77.2872,18,6,0.37885882352941175
OFF-BI-10002594,"Wilson Jones Binding Machine, Durable",134,-171.64,10,2,-1.2808955223880596
OFF-BI-10002607,"Ibico Binder Covers, Clear",17,-14.02,5,1,-0.8247058823529412
OFF-BI-10002609,Avery Hidden Tab Dividers for Binding Systems,32,-7.032800000000001,24,7,-0.21977500000000003
OFF-BI-10002627,"Avery Binder Covers, Economy",140,55.568999999999996,13,3,0.39692142857142854
OFF-BI-10002628,"Avery 3-Hole Punch, Economy",33,-5.616,2,1,-0.17018181818181818
OFF-BI-10002632,"Acco Binding Machine, Recycled",1415,288.075,30,8,0.20358657243816253
OFF-BI-10002674,"Cardinal Binder Covers, Recycled",377,138.63,35,8,0.3677188328912467
OFF-BI-10002681,"Ibico Binder, Clear",170,60.85999999999999,17,4,0.35799999999999993
OFF-BI-10002682,"Cardinal Binding Machine, Economy",567,105.98490000000001,14,5,0.18692222222222224
OFF-BI-10002684,"Avery Hole Reinforcements, Clear",138,52.2855,42,10,0.3788804347826087
OFF-BI-10002706,Avery Premier Heavy-Duty Binder with Round Locking Rings,191,29.416800000000002,21,7,0.1540146596858639
OFF-BI-10002708,"Acco Binder, Clear",345,40.6077,27,9,0.11770347826086956
OFF-BI-10002711,"Acco Binding Machine, Clear",61,-5.1,2,1,-0.08360655737704917
OFF-BI-10002712,"Acco Hole Reinforcements, Durable",44,6.4776,6,4,0.1472181818181818
OFF-BI-10002715,"Avery Index Tab, Clear",84,4.8,20,5,0.05714285714285714
OFF-BI-10002718,"Avery Binder, Durable",647,18.72,46,11,0.02893353941267388
OFF-BI-10002727,"Wilson Jones Binding Machine, Clear",698,143.288,22,6,0.20528366762177652
OFF-BI-10002734,"Wilson Jones Binder Covers, Clear",64,15.84,6,1,0.2475
OFF-BI-10002735,GBC Prestige Therm-A-Bind Covers,1074,364.7153,39,10,0.33958594040968343
OFF-BI-10002738,"Acco Index Tab, Clear",307,112.176,42,13,0.36539413680781757
OFF-BI-10002764,Recycled Pressboard Report Cover with Reinforced Top Hinge,70,13.7598,34,8,0.19656857142857143
OFF-BI-10002775,"Ibico Hole Reinforcements, Clear",32,3.4499999999999997,5,2,0.10781249999999999
OFF-BI-10002792,"Ibico Index Tab, Durable",94,-9.846,15,5,-0.10474468085106384
OFF-BI-10002794,"Avery Trapezoid Ring Binder, 3"" Capacity, Black, 1040 sheets",545,85.2384,22,7,0.15640073394495413
OFF-BI-10002796,"Wilson Jones Binder Covers, Durable",164,66.264,21,8,0.40404878048780485
OFF-BI-10002799,"Acco Binder Covers, Recycled",338,-25.936,44,11,-0.07673372781065088
OFF-BI-10002799,"Cardinal Binder Covers, Clear",525,136.62,46,11,0.2602285714285714
OFF-BI-10002799,"SlimView Poly Binder, 3/8""",117,5.697999999999997,40,7,0.048700854700854675
OFF-BI-10002813,Avery Reinforcements for Hole-Punch Pages,28,-16.137,41,8,-0.5763214285714285
OFF-BI-10002824,Recycled Easel Ring Binders,309,21.634,35,9,0.07001294498381877
OFF-BI-10002827,Avery Durable Poly Binders,82,-15.5946,33,6,-0.1901780487804878
OFF-BI-10002841,"Cardinal Binding Machine, Durable",507,0.284000000000006,17,5,0.0005601577909270335
OFF-BI-10002852,Ibico Standard Transparent Covers,390,104.81280000000001,34,10,0.26875076923076924
OFF-BI-10002853,"Avery Binder Covers, Recycled",292,116.29650000000001,29,11,0.3982756849315069
OFF-BI-10002854,"Performers Binder/Pad Holder, Black",610,106.51400000000001,36,8,0.17461311475409838
OFF-BI-10002859,"Acco Binder, Clear",19,-11.72,5,1,-0.616842105263158
OFF-BI-10002867,GBC Recycled Regency Composition Covers,1292,451.9368,26,6,0.34979628482972136
OFF-BI-10002881,"Wilson Jones Binding Machine, Economy",1323,-117.5904,30,8,-0.08888163265306123
OFF-BI-10002885,"Avery Hole Reinforcements, Recycled",39,12.564599999999999,10,4,0.3221692307692307
OFF-BI-10002894,"Avery Binding Machine, Durable",2995,-34.530000000000015,64,16,-0.011529215358931557
OFF-BI-10002897,"Black Avery Memo-Size 3-Ring Binder, 5 1/2"" x 8 1/2""",45,15.5608,16,4,0.3457955555555556
OFF-BI-10002907,"Wilson Jones 3-Hole Punch, Economy",188,18.903,7,4,0.10054787234042553
OFF-BI-10002919,"Acco Binder Covers, Durable",644,91.94999999999999,49,8,0.14277950310559004
OFF-BI-10002931,"Avery Trapezoid Extra Heavy Duty 4"" Binders",315,0.0,15,4,0.0
OFF-BI-10002935,"Wilson Jones Binder, Clear",323,14.25,27,7,0.04411764705882353
OFF-BI-10002937,"Wilson Jones Binder Covers, Clear",99,40.6,14,4,0.41010101010101013
OFF-BI-10002949,Prestige Round Ring Binders,87,18.0576,21,8,0.2075586206896552
OFF-BI-10002954,Newell 3-Hole Punched Plastic Slotted Magazine Holders for Binders,51,3.656,20,6,0.07168627450980393
OFF-BI-10002975,"Wilson Jones Index Tab, Clear",7,-4.308,2,1,-0.6154285714285714
OFF-BI-10002976,ACCOHIDE Binder by Acco,65,19.287100000000002,21,4,0.2967246153846154
OFF-BI-10002977,"Wilson Jones Binder, Economy",95,37.76,13,5,0.3974736842105263
OFF-BI-10002982,Avery Self-Adhesive Photo Pockets for Polaroid Photos,142,-2.179199999999998,41,11,-0.015346478873239422
OFF-BI-10002986,"Avery Binder Covers, Recycled",598,175.51500000000001,58,18,0.29350334448160537
OFF-BI-10002990,"Acco Index Tab, Clear",114,12.894,14,3,0.11310526315789474
OFF-BI-10003007,"Premium Transparent Presentation Covers, No Pattern/Clear, 8 1/2"" x 11""",698,90.7452,29,7,0.13000744985673351
OFF-BI-10003009,"Ibico 3-Hole Punch, Clear",24,-39.912,4,1,-1.663
OFF-BI-10003012,"Wilson Jones Hole Reinforcements, Economy",149,51.1986,37,11,0.3436147651006711
OFF-BI-10003018,"Avery Binder, Clear",425,154.4076,42,10,0.363312
OFF-BI-10003022,"Cardinal 3-Hole Punch, Economy",522,132.48,29,9,0.2537931034482758
OFF-BI-10003025,"Cardinal Binding Machine, Durable",868,151.443,17,7,0.1744735023041475
OFF-BI-10003031,"Acco Index Tab, Economy",87,20.4912,10,3,0.2355310344827586
OFF-BI-10003058,"Acco Binder Covers, Economy",718,260.736,58,17,0.363142061281337
OFF-BI-10003064,"Cardinal 3-Hole Punch, Clear",45,-27.144,6,1,-0.6032
OFF-BI-10003068,"Ibico Binding Machine, Durable",2303,1015.47,45,12,0.44093356491532787
OFF-BI-10003090,"Avery Binder Covers, Clear",26,-9.768,4,2,-0.3756923076923077
OFF-BI-10003091,GBC DocuBind TL200 Manual Binding Machine,4323,1592.4978,23,6,0.36837793199167246
OFF-BI-10003094,Self-Adhesive Ring Binder Labels,22,2.3584000000000005,11,4,0.10720000000000002
OFF-BI-10003098,"Ibico Binding Machine, Economy",696,256.3926,14,5,0.3683801724137931
OFF-BI-10003112,"Ibico Binder Covers, Economy",178,67.48,21,6,0.37910112359550563
OFF-BI-10003114,"Ibico Hole Reinforcements, Economy",458,204.375,71,17,0.4462336244541485
OFF-BI-10003124,"Cardinal Hole Reinforcements, Durable",220,39.69,33,9,0.1804090909090909
OFF-BI-10003132,"Cardinal Binding Machine, Clear",98,45.24,2,1,0.46163265306122453
OFF-BI-10003142,"Acco Binder Covers, Clear",539,-36.6786,45,11,-0.06804935064935065
OFF-BI-10003152,"Avery Hole Reinforcements, Recycled",134,57.12,28,9,0.4262686567164179
OFF-BI-10003159,"Avery Binding Machine, Durable",1201,166.329,26,5,0.13849208992506246
OFF-BI-10003162,"Avery Binding Machine, Economy",403,149.724,13,4,0.37152357320099255
OFF-BI-10003166,"Cardinal Hole Reinforcements, Durable",77,24.75,11,4,0.32142857142857145
OFF-BI-10003166,GBC Plasticlear Binding Covers,68,-68.4208,23,7,-1.0061882352941176
OFF-BI-10003181,"Ibico Binder Covers, Recycled",34,-20.256,4,2,-0.595764705882353
OFF-BI-10003184,"Avery Index Tab, Clear",63,13.732,20,8,0.21796825396825395
OFF-BI-10003188,"Wilson Jones Binder Covers, Economy",45,17.88,4,1,0.3973333333333333
OFF-BI-10003196,Accohide Poly Flexible Ring Binders,43,-19.822000000000003,34,8,-0.46097674418604656
OFF-BI-10003240,"Ibico Binding Machine, Economy",62,-1.056,2,1,-0.01703225806451613
OFF-BI-10003253,"Ibico Index Tab, Economy",3,-3.544,1,1,-1.1813333333333333
OFF-BI-10003265,"Wilson Jones Binder, Clear",333,-42.493199999999995,33,7,-0.1276072072072072
OFF-BI-10003274,"Avery Durable Slant Ring Binders, No Labels",90,13.611600000000001,36,9,0.15124
OFF-BI-10003277,"Ibico Binder Covers, Durable",459,-18.525,36,9,-0.040359477124183
OFF-BI-10003281,"Ibico Binder, Recycled",295,-56.88,24,7,-0.1928135593220339
OFF-BI-10003291,Wilson Jones Leather-Like Binders with DublLock Round Rings,237,25.491600000000005,46,12,0.1075594936708861
OFF-BI-10003305,Avery Hanging File Binders,105,21.8868,26,6,0.2084457142857143
OFF-BI-10003309,"Wilson Jones Binder Covers, Clear",216,39.123,22,6,0.18112499999999998
OFF-BI-10003314,Tuff Stuff Recycled Round Ring Binders,81,23.955399999999997,23,9,0.29574567901234566
OFF-BI-10003320,"Cardinal Hole Reinforcements, Recycled",249,97.62,46,12,0.3920481927710844
OFF-BI-10003323,"Cardinal Hole Reinforcements, Clear",3,-0.3,1,1,-0.09999999999999999
OFF-BI-10003324,"Acco Hole Reinforcements, Recycled",98,45.78,21,4,0.46714285714285714
OFF-BI-10003340,"Acco Index Tab, Durable",201,20.856,26,7,0.10376119402985075
OFF-BI-10003342,"Cardinal Binder, Economy",72,8.735999999999999,6,2,0.12133333333333332
OFF-BI-10003350,Acco Expandable Hanging Binders,40,1.0208000000000004,11,4,0.025520000000000008
OFF-BI-10003355,Cardinal Holdit Business Card Pockets,88,22.908,25,8,0.26031818181818184
OFF-BI-10003364,Binding Machine Supplies,668,182.6042,32,9,0.27335958083832335
OFF-BI-10003364,"Cardinal 3-Hole Punch, Clear",57,23.7,2,1,0.4157894736842105
OFF-BI-10003367,"Wilson Jones Binder, Recycled",347,131.049,29,8,0.3776628242074928
OFF-BI-10003372,"Ibico Binding Machine, Durable",890,-159.144,30,8,-0.17881348314606743
OFF-BI-10003373,"Wilson Jones Binding Machine, Economy",1129,259.104,37,9,0.22949867139061114
OFF-BI-10003392,"Acco Binder Covers, Durable",133,11.992,14,5,0.09016541353383459
OFF-BI-10003397,"Acco Hole Reinforcements, Clear",55,15.809999999999999,11,3,0.2874545454545454
OFF-BI-10003397,"Avery 3-Hole Punch, Economy",391,153.03,17,4,0.39138107416879797
OFF-BI-10003400,"Cardinal Binder Covers, Economy",147,12.8,20,7,0.0870748299319728
OFF-BI-10003417,"Ibico Hole Reinforcements, Economy",17,-25.164,9,1,-1.480235294117647
OFF-BI-10003429,"Cardinal HOLDit! Binder Insert Strips,Extra Strips",135,4.367699999999998,41,9,0.032353333333333324
OFF-BI-10003440,"Avery Binder Covers, Economy",584,150.66,57,15,0.2579794520547945
OFF-BI-10003452,"Acco Binding Machine, Economy",307,-148.26,10,2,-0.4829315960912052
OFF-BI-10003460,Acco 3-Hole Punch,140,55.5384,36,9,0.3967028571428572
OFF-BI-10003468,"Wilson Jones Binder Covers, Durable",325,107.1771,28,9,0.32977569230769227
OFF-BI-10003472,"Cardinal Index Tab, Clear",155,71.03999999999999,32,6,0.45832258064516124
OFF-BI-10003475,"Wilson Jones Index Tab, Recycled",316,135.3783,49,10,0.4284123417721519
OFF-BI-10003476,Avery Metallic Poly Binders,136,43.4334,31,6,0.31936323529411764
OFF-BI-10003503,"Cardinal Index Tab, Economy",255,74.35600000000001,45,12,0.29159215686274514
OFF-BI-10003519,"Acco 3-Hole Punch, Economy",145,-60.384,8,1,-0.4164413793103448
OFF-BI-10003527,Fellowes PB500 Electric Punch Plastic Comb Binding Machine with Manual Bind,27454,7753.039,31,10,0.28240107088220295
OFF-BI-10003529,Avery Round Ring Poly Binders,38,12.2972,17,6,0.32361052631578946
OFF-BI-10003579,"Avery 3-Hole Punch, Economy",316,110.5,17,4,0.34968354430379744
OFF-BI-10003582,"Cardinal Index Tab, Economy",274,87.744,33,8,0.32023357664233576
OFF-BI-10003585,"Acco 3-Hole Punch, Clear",524,16.772,31,9,0.03200763358778626
OFF-BI-10003588,"Ibico Binder, Economy",126,22.445999999999998,9,5,0.17814285714285713
OFF-BI-10003616,"Avery Binding Machine, Clear",2653,16.049999999999997,62,12,0.006049754994346022
OFF-BI-10003633,"Avery Binding Machine, Economy",98,13.62,2,1,0.1389795918367347
OFF-BI-10003638,GBC Durable Plastic Covers,370,14.318999999999999,34,8,0.0387
OFF-BI-10003642,"Wilson Jones Binder, Economy",404,97.62,34,11,0.24163366336633665
OFF-BI-10003646,"Avery Index Tab, Economy",193,3.2894999999999985,31,8,0.017044041450777196
OFF-BI-10003650,GBC DocuBind 300 Electric Binding Machine,6786,494.4212000000001,23,8,0.07285900383141763
OFF-BI-10003650,"Ibico Index Tab, Clear",442,45.765,54,16,0.10354072398190045
OFF-BI-10003653,"Avery 3-Hole Punch, Durable",677,141.668,38,12,0.20925849335302807
OFF-BI-10003655,Durable Pressboard Binders,37,15.085999999999999,11,2,0.4077297297297297
OFF-BI-10003656,Fellowes PB200 Plastic Comb Binding Machine,4182,693.5592,38,9,0.1658439024390244
OFF-BI-10003669,3M Organizer Strips,83,10.151999999999997,26,7,0.12231325301204816
OFF-BI-10003676,"GBC Standard Recycled Report Covers, Clear Plastic Sheets",258,-27.1656,51,12,-0.10529302325581395
OFF-BI-10003684,Wilson Jones Legal Size Ring Binders,532,48.37800000000001,44,9,0.09093609022556393
OFF-BI-10003694,"Avery 3 1/2"" Diskette Storage Pages, 10/Pack",137,-14.407200000000003,27,6,-0.10516204379562046
OFF-BI-10003702,"Wilson Jones Binder Covers, Durable",398,178.626,32,8,0.4488090452261307
OFF-BI-10003705,"Wilson Jones Binding Machine, Recycled",2392,108.17999999999999,52,13,0.0452257525083612
OFF-BI-10003707,Aluminum Screw Posts,354,41.202,41,11,0.11638983050847457
OFF-BI-10003708,"Acco Four Pocket Poly Ring Binder with Label Holder, Smoke, 1""",122,7.450000000000001,28,6,0.061065573770491814
OFF-BI-10003708,"Avery Binder, Economy",455,162.14999999999998,37,11,0.35637362637362635
OFF-BI-10003708,"Cardinal Binder, Recycled",609,94.05000000000001,46,13,0.15443349753694582
OFF-BI-10003709,"Wilson Jones Binding Machine, Durable",1137,-87.768,40,8,-0.07719261213720317
OFF-BI-10003712,"Acco Pressboard Covers with Storage Hooks, 14 7/8"" x 11"", Light Blue",131,18.4125,45,11,0.14055343511450383
OFF-BI-10003713,"Wilson Jones Index Tab, Economy",194,51.5385,35,9,0.26566237113402064
OFF-BI-10003718,"Avery Index Tab, Clear",11,-6.272,7,2,-0.5701818181818182
OFF-BI-10003718,GBC Therma-A-Bind 250T Electric Binding System,1180,413.2464,12,2,0.35020881355932204
OFF-BI-10003719,Large Capacity Hanging Post Binders,277,-19.461000000000002,22,5,-0.0702563176895307
OFF-BI-10003724,"Cardinal Index Tab, Economy",457,194.82,55,12,0.4263019693654267
OFF-BI-10003725,"Cardinal 3-Hole Punch, Economy",116,17.28,4,2,0.14896551724137932
OFF-BI-10003727,Avery Durable Slant Ring Binders With Label Holder,91,12.456400000000002,36,9,0.13688351648351652
OFF-BI-10003763,"Ibico Index Tab, Economy",337,87.84299999999999,36,10,0.26066172106824925
OFF-BI-10003768,"Acco Index Tab, Clear",32,11.52,4,1,0.36
OFF-BI-10003774,"Cardinal 3-Hole Punch, Durable",1699,779.52,56,14,0.45881106533254856
OFF-BI-10003779,"Cardinal 3-Hole Punch, Durable",1015,342.087,37,9,0.3370315270935961
OFF-BI-10003784,Computer Printout Index Tabs,11,-2.016,15,4,-0.18327272727272728
OFF-BI-10003784,"Ibico Index Tab, Economy",257,88.968,30,6,0.34617898832684824
OFF-BI-10003806,"Avery Index Tab, Clear",283,131.2143,46,9,0.4636547703180212
OFF-BI-10003856,"Ibico Index Tab, Clear",146,-6.903999999999999,26,7,-0.04728767123287671
OFF-BI-10003870,"Wilson Jones Binder Covers, Economy",83,-15.848,14,4,-0.19093975903614457
OFF-BI-10003874,"Avery Index Tab, Clear",59,6.2985,11,4,0.10675423728813559
OFF-BI-10003876,"Green Canvas Binder for 8-1/2"" x 14"" Sheets",568,162.64000000000001,19,5,0.2863380281690141
OFF-BI-10003879,"Ibico Binder Covers, Economy",82,21.96,6,1,0.2678048780487805
OFF-BI-10003883,"Acco Binder, Economy",570,130.68,62,12,0.22926315789473686
OFF-BI-10003899,"Avery 3-Hole Punch, Recycled",1256,-70.575,47,14,-0.056190286624203827
OFF-BI-10003903,"Cardinal Binder, Economy",251,113.904,29,9,0.453800796812749
OFF-BI-10003910,DXL Angle-View Binders with Locking Rings by Samsill,216,66.69149999999999,35,10,0.3087569444444444
OFF-BI-10003917,"Avery Hole Reinforcements, Economy",90,21.5871,22,7,0.23985666666666666
OFF-BI-10003917,"Wilson Jones 3-Hole Punch, Recycled",1219,365.07,43,11,0.29948318293683346
OFF-BI-10003919,"Ibico 3-Hole Punch, Recycled",74,8.544,4,2,0.11545945945945947
OFF-BI-10003925,Fellowes PB300 Plastic Comb Binding Machine,8070,2518.0551,27,6,0.31202665427509296
OFF-BI-10003934,"Acco Binding Machine, Clear",996,53.92,35,7,0.05413654618473896
OFF-BI-10003951,"Ibico 3-Hole Punch, Economy",563,258.525,20,6,0.4591918294849023
OFF-BI-10003952,"Acco Binding Machine, Recycled",825,278.76,26,7,0.3378909090909091
OFF-BI-10003963,Cardinal Holdit Data Disk Pockets,100,38.7296,16,3,0.387296
OFF-BI-10003975,"Cardinal Index Tab, Durable",76,19.076,19,8,0.251
OFF-BI-10003981,"Avery Durable Plastic 1"" Binders",117,37.5004,34,7,0.3205162393162393
OFF-BI-10003982,Wilson Jones Century Plastic Molded Ring Binders,585,55.2482,48,10,0.09444136752136752
OFF-BI-10003984,Lock-Up Easel 'Spel-Binder',705,39.371399999999994,44,7,0.0558459574468085
OFF-BI-10003985,"Cardinal Index Tab, Economy",18,6.3,2,1,0.35
OFF-BI-10003999,"Avery Hole Reinforcements, Clear",141,-0.30599999999999916,40,9,-0.002170212765957441
OFF-BI-10004001,GBC Recycled VeloBinder Covers,488,100.8768,42,8,0.20671475409836065
OFF-BI-10004002,Wilson Jones International Size A4 Ring Binders,175,12.802000000000003,18,7,0.07315428571428573
OFF-BI-10004007,"Avery 3-Hole Punch, Durable",397,71.625,17,5,0.18041561712846346
OFF-BI-10004022,Acco Suede Grain Vinyl Round Ring Binder,40,-4.8928,29,8,-0.12232000000000001
OFF-BI-10004028,"Ibico Index Tab, Durable",238,95.445,27,9,0.40102941176470586
OFF-BI-10004040,Wilson Jones Impact Binders,134,23.724400000000003,42,9,0.17704776119402987
OFF-BI-10004042,"Cardinal Binding Machine, Recycled",861,338.436,27,6,0.3930731707317073
OFF-BI-10004053,"Cardinal Binder Covers, Durable",153,27.540000000000003,17,4,0.18000000000000002
OFF-BI-10004054,"Cardinal Hole Reinforcements, Economy",85,25.020000000000003,19,6,0.29435294117647065
OFF-BI-10004078,"Wilson Jones 3-Hole Punch, Clear",588,11.778,25,6,0.02003061224489796
OFF-BI-10004080,"Wilson Jones 3-Hole Punch, Economy",369,-24.258,21,5,-0.06573983739837398
OFF-BI-10004094,GBC Standard Plastic Binding Systems Combs,57,-2.9205000000000014,13,5,-0.051236842105263185
OFF-BI-10004098,"Acco 3-Hole Punch, Durable",940,-92.5488,33,8,-0.09845617021276595
OFF-BI-10004099,GBC VeloBinder Strips,53,-23.808,20,4,-0.4492075471698113
OFF-BI-10004105,"Acco 3-Hole Punch, Recycled",983,236.9496,34,7,0.24104740590030518
OFF-BI-10004120,"Ibico 3-Hole Punch, Durable",661,100.8675,23,8,0.1525983358547655
OFF-BI-10004121,"Avery Index Tab, Durable",40,7.5600000000000005,6,2,0.189
OFF-BI-10004139,Fellowes Presentation Covers for Comb Binding Machines,133,21.825000000000003,14,2,0.16409774436090227
OFF-BI-10004140,Avery Non-Stick Binders,76,-13.469999999999999,36,13,-0.17723684210526314
OFF-BI-10004140,"Cardinal Index Tab, Clear",290,116.6064,47,12,0.4020910344827586
OFF-BI-10004141,Insertable Tab Indexes For Data Binders,18,-4.8336,13,5,-0.2685333333333333
OFF-BI-10004142,"Acco Index Tab, Clear",210,67.568,45,10,0.32175238095238096
OFF-BI-10004145,"Wilson Jones Hole Reinforcements, Economy",119,36.792,46,12,0.30917647058823533
OFF-BI-10004146,"Acco Binding Machine, Recycled",27,-14.44,2,1,-0.5348148148148147
OFF-BI-10004148,"Avery Binder, Durable",68,7.28,7,3,0.10705882352941176
OFF-BI-10004177,"Wilson Jones 3-Hole Punch, Durable",549,225.1,29,10,0.41001821493624774
OFF-BI-10004179,"Avery 3-Hole Punch, Clear",153,-41.592,8,2,-0.27184313725490195
OFF-BI-10004181,"Avery 3-Hole Punch, Clear",976,28.450799999999997,39,10,0.02915040983606557
OFF-BI-10004182,Economy Binders,29,9.796800000000001,19,4,0.3378206896551724
OFF-BI-10004185,"Cardinal Binder, Durable",92,26.64,6,2,0.28956521739130436
OFF-BI-10004187,Staples,44,16.6944,26,6,0.3794181818181819
OFF-BI-10004193,"Avery Index Tab, Clear",14,-5.184,4,1,-0.3702857142857143
OFF-BI-10004195,"Ibico Binder Covers, Durable",343,7.0200000000000005,36,12,0.020466472303206997
OFF-BI-10004195,"Wilson Jones Binding Machine, Clear",2494,595.23,56,12,0.23866479550922215
OFF-BI-10004200,"Ibico Binding Machine, Clear",604,-129.924,23,7,-0.21510596026490067
OFF-BI-10004209,"Fellowes Twister Kit, Gray/Clear, 3/pkg",181,-3.216,42,10,-0.017767955801104972
OFF-BI-10004220,"Cardinal 3-Hole Punch, Recycled",1645,424.46999999999997,59,13,0.2580364741641337
OFF-BI-10004224,"Avery Index Tab, Durable",93,-4.080000000000001,18,4,-0.043870967741935496
OFF-BI-10004224,Catalog Binders with Expanding Posts,1090,-242.20800000000003,36,8,-0.22220917431192663
OFF-BI-10004227,"Avery Binding Machine, Economy",1622,30.85799999999998,37,8,0.019024660912453747
OFF-BI-10004230,GBC Recycled Grain Textured Covers,467,107.07400000000001,20,5,0.22928051391862958
OFF-BI-10004233,"Avery Index Tab, Economy",123,49.011,16,5,0.39846341463414636
OFF-BI-10004233,"GBC Pre-Punched Binding Paper, Plastic, White, 8-1/2"" x 11""",311,52.447199999999995,31,8,0.16864051446945336
OFF-BI-10004236,"XtraLife ClearVue Slant-D Ring Binder, White, 3""",386,76.92320000000001,39,10,0.19928290155440417
OFF-BI-10004240,"Cardinal Binding Machine, Recycled",509,184.7421,12,4,0.3629510805500982
OFF-BI-10004250,"Cardinal 3-Hole Punch, Recycled",248,61.29,9,2,0.24713709677419354
OFF-BI-10004251,"Wilson Jones Index Tab, Recycled",5,-1.692,3,1,-0.3384
OFF-BI-10004275,"Wilson Jones Index Tab, Recycled",82,38.88,18,5,0.47414634146341467
OFF-BI-10004305,"Cardinal Hole Reinforcements, Durable",63,-3.9519999999999995,19,6,-0.06273015873015872
OFF-BI-10004308,Avery Legal 4-Ring Binder,258,90.214,16,4,0.3496666666666667
OFF-BI-10004318,Ibico EB-19 Dual Function Manual Binding System,3236,1086.3772,23,8,0.3357160692212608
OFF-BI-10004328,"Wilson Jones Binding Machine, Economy",1714,396.9,42,10,0.23156359393232204
OFF-BI-10004330,"GBC Velobind Prepunched Cover Sets, Regency Series",662,-9.244999999999997,33,7,-0.013965256797583078
OFF-BI-10004334,"Avery Hole Reinforcements, Durable",71,7.3145999999999995,13,6,0.1030225352112676
OFF-BI-10004352,Wilson Jones DublLock D-Ring Binders,36,15.525,6,2,0.43125
OFF-BI-10004361,"Avery 3-Hole Punch, Recycled",316,139.776,12,2,0.44232911392405067
OFF-BI-10004364,Storex Dura Pro Binders,128,1.1879999999999993,38,12,0.009281249999999994
OFF-BI-10004369,"Ibico Hole Reinforcements, Recycled",228,72.42,33,10,0.31763157894736843
OFF-BI-10004376,"Ibico Index Tab, Economy",50,-6.432,10,2,-0.12864
OFF-BI-10004388,"Acco Hole Reinforcements, Clear",96,39.419999999999995,25,6,0.41062499999999996
OFF-BI-10004390,GBC DocuBind 200 Manual Binding Machine,4210,1052.45,15,4,0.24998812351543945
OFF-BI-10004410,"C-Line Peel & Stick Add-On Filing Pockets, 8-3/4 x 5-1/8, 10/Pack",87,15.0969,21,4,0.17352758620689654
OFF-BI-10004428,"Cardinal Binder, Clear",193,10.268,24,7,0.053202072538860105
OFF-BI-10004436,"Acco Hole Reinforcements, Recycled",135,-9.9756,21,8,-0.07389333333333334
OFF-BI-10004440,"Cardinal Binder, Economy",153,26.3232,12,6,0.17204705882352941
OFF-BI-10004442,"Wilson Jones Binder, Durable",12,-15.444,3,1,-1.2870000000000001
OFF-BI-10004446,"Acco Binding Machine, Economy",1889,438.33,40,10,0.23204340921122285
OFF-BI-10004448,"Ibico Binder, Clear",510,-9.600000000000001,38,10,-0.018823529411764708
OFF-BI-10004454,"Cardinal Binder Covers, Clear",222,68.81700000000001,24,7,0.3099864864864865
OFF-BI-10004465,Avery Durable Slant Ring Binders,52,-23.76,19,5,-0.45692307692307693
OFF-BI-10004470,"Wilson Jones Index Tab, Durable",207,-7.52,52,10,-0.03632850241545894
OFF-BI-10004483,"Ibico Index Tab, Clear",197,-3.6354,25,8,-0.018453807106598986
OFF-BI-10004486,"Wilson Jones 3-Hole Punch, Durable",59,25.32,2,1,0.42915254237288136
OFF-BI-10004491,"Avery Binder Covers, Durable",415,135.808,53,9,0.3272481927710843
OFF-BI-10004492,Tuf-Vin Binders,670,234.3236,26,7,0.34973671641791043
OFF-BI-10004506,Wilson Jones data.warehouse D-Ring Binders with DublLock,66,15.307799999999999,12,5,0.2319363636363636
OFF-BI-10004510,"Avery 3-Hole Punch, Durable",70,11.688,4,1,0.16697142857142858
OFF-BI-10004519,GBC DocuBind P100 Manual Binding Machine,2954,489.641,27,8,0.16575524712254572
OFF-BI-10004528,Cardinal Poly Pocket Divider Pockets for Ring Binders,41,12.6,15,4,0.3073170731707317
OFF-BI-10004534,"Wilson Jones Binding Machine, Recycled",724,85.77120000000002,19,5,0.11846850828729284
OFF-BI-10004541,"Wilson Jones Binder, Durable",597,-4.530000000000001,43,10,-0.0075879396984924645
OFF-BI-10004553,"Cardinal Binder, Clear",485,226.1424,39,8,0.4662729896907217
OFF-BI-10004554,"Avery Index Tab, Clear",223,-2.514000000000001,37,11,-0.011273542600896866
OFF-BI-10004562,"Acco Binder, Clear",58,13.44,4,2,0.23172413793103447
OFF-BI-10004581,"Cardinal Binding Machine, Economy",66,-79.64,5,1,-1.2066666666666668
OFF-BI-10004584,GBC ProClick 150 Presentation Binding System,3223,-461.33079999999995,22,5,-0.14313707725721375
OFF-BI-10004589,"Avery Binding Machine, Economy",2403,47.7828,56,14,0.019884644194756555
OFF-BI-10004593,Ibico Laser Imprintable Binding System Covers,1103,138.336,34,8,0.12541795104261108
OFF-BI-10004597,"Avery Binding Machine, Durable",322,3.936,8,2,0.01222360248447205
OFF-BI-10004600,Ibico Ibimaster 300 Manual Binding System,7986,2318.337,28,8,0.2903001502629602
OFF-BI-10004624,"Wilson Jones Binder, Durable",280,1.1000000000000014,31,6,0.003928571428571434
OFF-BI-10004628,"Cardinal Binder, Durable",522,25.5,34,10,0.04885057471264368
OFF-BI-10004632,"Avery 3-Hole Punch, Recycled",554,-16.369999999999997,33,10,-0.02954873646209386
OFF-BI-10004632,GBC Binding covers,138,58.9225,11,3,0.4269746376811594
OFF-BI-10004632,Ibico Hi-Tech Manual Binding System,5398,-304.99000000000007,34,11,-0.05650055576139312
OFF-BI-10004644,"Cardinal Index Tab, Durable",282,126.53999999999999,37,12,0.44872340425531915
OFF-BI-10004651,"Cardinal Binding Machine, Clear",1383,557.9607,31,10,0.40344229934924075
OFF-BI-10004654,Avery Binding System Hidden Tab Executive Style Index Sets,92,16.733,26,8,0.1818804347826087
OFF-BI-10004654,"Ibico 3-Hole Punch, Economy",513,17.27,33,11,0.033664717348927876
OFF-BI-10004654,VariCap6 Expandable Binder,123,31.14,10,3,0.2531707317073171
OFF-BI-10004656,Peel & Stick Add-On Corner Pockets,39,4.32,30,7,0.11076923076923077
OFF-BI-10004666,"Wilson Jones Binding Machine, Durable",1003,420.26939999999996,21,8,0.41901236291126615
OFF-BI-10004685,"Acco Binder, Economy",421,97.509,31,9,0.2316128266033254
OFF-BI-10004700,"Cardinal Binder, Durable",406,90.435,29,7,0.2227463054187192
OFF-BI-10004712,"Cardinal Hole Reinforcements, Clear",140,60.9,30,10,0.435
OFF-BI-10004716,Wilson Jones Hanging Recycled Pressboard Data Binders,33,1.7807999999999993,4,2,0.05396363636363634
OFF-BI-10004722,"Avery Index Tab, Clear",297,72.837,53,13,0.24524242424242426
OFF-BI-10004728,Wilson Jones Turn Tabs Binder Tool for Ring Binders,213,58.5148,59,13,0.2747173708920188
OFF-BI-10004738,Flexible Leather- Look Classic Collection Ring Binder,142,18.94,13,6,0.13338028169014085
OFF-BI-10004741,"Acco Binder, Durable",100,26.82,6,2,0.2682
OFF-BI-10004769,"Wilson Jones Index Tab, Economy",6,2.37,1,1,0.395
OFF-BI-10004781,GBC Wire Binding Strips,213,-18.409200000000002,14,5,-0.08642816901408451
OFF-BI-10004795,"Avery Binding Machine, Clear",58,-28.98,2,1,-0.4996551724137931
OFF-BI-10004801,"Acco Binding Machine, Durable",2441,560.646,47,12,0.2296788201556739
OFF-BI-10004809,"Acco Binder Covers, Economy",43,-2.7359999999999998,4,2,-0.06362790697674418
OFF-BI-10004817,GBC Personal VeloBind Strips,159,-11.2612,27,7,-0.07082515723270441
OFF-BI-10004826,JM Magazine Binder,206,50.190400000000004,18,6,0.24364271844660196
OFF-BI-10004828,GBC Poly Designer Binding Covers,256,102.4488,18,6,0.400190625
OFF-BI-10004830,"Ibico Index Tab, Clear",101,-26.784,23,6,-0.2651881188118812
OFF-BI-10004861,"Cardinal Binding Machine, Clear",912,179.55599999999998,31,8,0.1968815789473684
OFF-BI-10004868,"Wilson Jones Hole Reinforcements, Durable",260,-13.850999999999999,47,12,-0.05327307692307692
OFF-BI-10004869,"Avery 3-Hole Punch, Recycled",892,379.5441,35,9,0.425497869955157
OFF-BI-10004876,Wilson Jones Suede Grain Vinyl Binders,17,5.0596000000000005,8,3,0.29762352941176473
OFF-BI-10004903,"Ibico Hole Reinforcements, Durable",367,87.795,46,10,0.2392234332425068
OFF-BI-10004908,"Avery Binder Covers, Economy",169,0.7400000000000021,26,7,0.0043786982248520834
OFF-BI-10004924,"Cardinal 3-Hole Punch, Economy",1463,639.36,52,12,0.4370198222829802
OFF-BI-10004965,Ibico Covers for Plastic or Wire Binding Elements,186,57.5,20,7,0.30913978494623656
OFF-BI-10004967,Round Ring Binders,29,-0.9152000000000005,28,6,-0.03155862068965519
OFF-BI-10004969,"Acco Binding Machine, Durable",784,338.944,24,8,0.4323265306122449
OFF-BI-10004970,"ACCOHIDE 3-Ring Binder, Blue, 1""",145,50.7164,44,13,0.349768275862069
OFF-BI-10004980,"Cardinal Hole Reinforcements, Recycled",88,-16.279999999999998,32,7,-0.18499999999999997
OFF-BI-10004986,"Ibico 3-Hole Punch, Recycled",1035,413.916,38,9,0.39991884057971017
OFF-BI-10004995,GBC DocuBind P400 Electric Binding System,17965,-1878.1662000000001,27,6,-0.10454585026440301
OFF-BIC-10000041,"BIC Markers, Blue",222,-11.268,9,5,-0.05075675675675676
OFF-BIC-10000582,"BIC Sketch Pad, Water Color",701,-5.280000000000005,16,10,-0.007532097004279608
OFF-BIC-10000718,"BIC Pencil Sharpener, Fluorescent",467,146.47799999999998,16,7,0.31365738758029976
OFF-BIC-10001211,"BIC Highlighters, Water Color",375,-96.03,26,9,-0.25608000000000003
OFF-BIC-10001458,"BIC Highlighters, Fluorescent",76,9.072000000000001,5,4,0.1193684210526316
OFF-BIC-10001510,"BIC Pencil Sharpener, Easy-Erase",668,-0.5760000000000005,24,9,-0.0008622754491017972
OFF-BIC-10001632,"BIC Pens, Easy-Erase",322,13.110000000000003,27,13,0.040714285714285724
OFF-BIC-10001682,"BIC Pens, Fluorescent",122,27.251999999999995,9,6,0.22337704918032783
OFF-BIC-10001739,"BIC Sketch Pad, Fluorescent",100,32.94,2,1,0.32939999999999997
OFF-BIC-10001823,"BIC Canvas, Fluorescent",1726,582.384,32,7,0.3374183082271147
OFF-BIC-10002270,"BIC Pencil Sharpener, Water Color",848,170.496,34,15,0.20105660377358492
OFF-BIC-10002403,"BIC Sketch Pad, Easy-Erase",833,342.21,20,8,0.41081632653061223
OFF-BIC-10002440,"BIC Sketch Pad, Blue",818,-140.83200000000002,24,15,-0.17216625916870418
OFF-BIC-10002722,"BIC Pens, Water Color",595,192.906,39,13,0.32421176470588237
OFF-BIC-10002942,"BIC Highlighters, Easy-Erase",484,101.22,26,11,0.20913223140495868
OFF-BIC-10003473,"BIC Markers, Fluorescent",202,-154.863,14,7,-0.7666485148514851
OFF-BIC-10003575,"BIC Markers, Easy-Erase",225,-44.94000000000001,14,10,-0.19973333333333337
OFF-BIC-10003654,"BIC Pens, Blue",137,-53.712,15,8,-0.39205839416058397
OFF-BIC-10003680,"BIC Highlighters, Blue",540,130.185,36,12,0.24108333333333334
OFF-BIC-10003800,"BIC Pencil Sharpener, Blue",509,113.68500000000002,23,13,0.2233497053045187
OFF-BIC-10003841,"BIC Canvas, Water Color",1641,-52.056,30,14,-0.03172212065813528
OFF-BIC-10004557,"BIC Canvas, Blue",731,-109.65,17,9,-0.15
OFF-BIC-10004826,"BIC Canvas, Easy-Erase",541,76.38,13,10,0.1411829944547135
OFF-BIC-10004976,"BIC Markers, Water Color",388,96.03,15,10,0.2475
OFF-BIN-10000170,"Binney & Smith Pencil Sharpener, Fluorescent",321,12.6,12,6,0.03925233644859813
OFF-BIN-10000308,"Binney & Smith Canvas, Water Color",753,241.812,18,7,0.32113147410358567
OFF-BIN-10000327,"Binney & Smith Markers, Water Color",1107,155.862,42,16,0.14079674796747968
OFF-BIN-10000561,"Binney & Smith Highlighters, Fluorescent",454,-56.25000000000001,31,9,-0.12389867841409694
OFF-BIN-10000711,"Binney & Smith Markers, Fluorescent",777,93.37500000000001,37,15,0.1201737451737452
OFF-BIN-10000712,"Binney & Smith Canvas, Blue",2101,186.564,46,15,0.0887977153736316
OFF-BIN-10000772,"Binney & Smith Pencil Sharpener, Water Color",529,91.15500000000002,19,6,0.17231568998109645
OFF-BIN-10000837,"Binney & Smith Markers, Easy-Erase",558,135.72,29,14,0.2432258064516129
OFF-BIN-10000901,"Binney & Smith Pens, Water Color",343,112.17599999999999,24,9,0.3270437317784256
OFF-BIN-10001257,"Binney & Smith Sketch Pad, Easy-Erase",448,-67.92599999999999,13,7,-0.1516205357142857
OFF-BIN-10001274,"Binney & Smith Pens, Blue",179,46.236,19,12,0.25830167597765363
OFF-BIN-10001385,"Binney & Smith Pens, Fluorescent",273,-22.2,23,14,-0.08131868131868132
OFF-BIN-10001621,"Binney & Smith Canvas, Fluorescent",906,9.833999999999989,21,9,0.010854304635761577
OFF-BIN-10001715,"Binney & Smith Canvas, Easy-Erase",1230,157.04399999999998,25,10,0.1276780487804878
OFF-BIN-10002061,"Binney & Smith Sketch Pad, Blue",2001,80.784,56,23,0.040371814092953526
OFF-BIN-10002236,"Binney & Smith Pencil Sharpener, Water Color",781,257.46000000000004,36,8,0.3296542893725993
OFF-BIN-10002407,"Binney & Smith Highlighters, Water Color",311,90.102,19,10,0.2897170418006431
OFF-BIN-10003023,"Binney & Smith Sketch Pad, Fluorescent",1085,-1130.4660000000001,49,15,-1.0419041474654378
OFF-BIN-10003089,"Binney & Smith Highlighters, Easy-Erase",374,93.49199999999999,26,12,0.24997860962566842
OFF-BIN-10003327,"Binney & Smith Markers, Blue",622,-42.49800000000001,34,14,-0.06832475884244375
OFF-BIN-10004512,"Binney & Smith Pens, Easy-Erase",197,-131.868,27,13,-0.6693807106598985
OFF-BIN-10004563,"Binney & Smith Pencil Sharpener, Easy-Erase",431,-17.537999999999997,18,10,-0.04069141531322505
OFF-BIN-10004569,"Binney & Smith Highlighters, Blue",193,-33.635999999999996,16,8,-0.17427979274611397
OFF-BIN-10004729,"Binney & Smith Sketch Pad, Water Color",610,177.51,13,6,0.291
OFF-BOS-10000350,"Boston Pens, Blue",404,-67.608,34,13,-0.16734653465346536
OFF-BOS-10000363,"Boston Pencil Sharpener, Water Color",835,72.49199999999999,30,9,0.08681676646706586
OFF-BOS-10000477,"Boston Canvas, Blue",772,88.506,17,9,0.11464507772020725
OFF-BOS-10000557,"Boston Pens, Easy-Erase",326,-14.174999999999997,35,8,-0.04348159509202453
OFF-BOS-10000577,"Boston Highlighters, Blue",182,-2.9280000000000044,13,6,-0.01608791208791211
OFF-BOS-10001348,"Boston Pencil Sharpener, Water Color",769,205.107,35,12,0.2667191157347204
OFF-BOS-10001375,"Boston Canvas, Easy-Erase",874,125.98200000000001,18,10,0.1441441647597254
OFF-BOS-10001386,"Boston Sketch Pad, Water Color",592,-364.458,19,11,-0.6156385135135135
OFF-BOS-10001511,"Boston Canvas, Fluorescent",1400,-221.13,36,13,-0.15795
OFF-BOS-10001576,"Boston Pencil Sharpener, Fluorescent",268,-7.559999999999999,11,5,-0.028208955223880592
OFF-BOS-10001711,"Boston Sketch Pad, Easy-Erase",652,94.611,16,12,0.1451088957055215
OFF-BOS-10001753,"Boston Highlighters, Water Color",4,-2.36,1,1,-0.59
OFF-BOS-10001772,"Boston Markers, Easy-Erase",427,37.92,16,5,0.08880562060889931
OFF-BOS-10002041,"Boston Highlighters, Water Color",62,-10.62,4,3,-0.17129032258064514
OFF-BOS-10002073,"Boston Canvas, Water Color",950,-113.70600000000002,22,13,-0.1196905263157895
OFF-BOS-10002340,"Boston Markers, Blue",722,130.878,38,13,0.1812714681440443
OFF-BOS-10002472,"Boston Sketch Pad, Blue",1681,572.76,40,14,0.34072575847709696
OFF-BOS-10002558,"Boston Pencil Sharpener, Easy-Erase",855,-4.956000000000003,34,15,-0.005796491228070179
OFF-BOS-10002705,"Boston Highlighters, Fluorescent",428,100.749,22,10,0.2353948598130841
OFF-BOS-10003113,"Boston Pens, Water Color",312,-19.440000000000005,21,10,-0.06230769230769232
OFF-BOS-10003160,"Boston Markers, Water Color",586,-183.21,26,7,-0.3126450511945393
OFF-BOS-10003478,"Boston Markers, Fluorescent",606,-193.563,34,13,-0.3194108910891089
OFF-BOS-10003699,"Boston Sketch Pad, Fluorescent",724,-174.51,18,9,-0.24103591160220994
OFF-BOS-10004262,"Boston Highlighters, Easy-Erase",352,23.496000000000002,22,14,0.06675
OFF-BOS-10004950,"Boston Pens, Fluorescent",349,5.453999999999998,27,15,0.015627507163323777
OFF-BRE-10000157,"Breville Toaster, Red",613,202.32,8,2,0.33004893964110926
OFF-BRE-10000391,"Breville Toaster, Black",792,197.19599999999997,11,3,0.24898484848484845
OFF-BRE-10000448,"Breville Coffee Grinder, Silver",125,-100.32,6,2,-0.8025599999999999
OFF-BRE-10000493,"Breville Coffee Grinder, Red",186,79.74,3,2,0.4287096774193548
OFF-BRE-10001107,"Breville Stove, Red",5617,1010.6999999999998,10,5,0.17993590884813954
OFF-BRE-10001197,"Breville Refrigerator, Black",1194,321.588,3,2,0.26933668341708544
OFF-BRE-10001343,"Breville Blender, Silver",1028,129.816,12,4,0.12628015564202336
OFF-BRE-10001378,"Breville Toaster, White",97,16.424999999999997,2,2,0.16932989690721648
OFF-BRE-10002255,"Breville Stove, White",1344,-839.568,5,3,-0.6246785714285714
OFF-BRE-10002706,"Breville Microwave, White",3119,-497.93999999999994,18,4,-0.15964732285989097
OFF-BRE-10002738,"Breville Microwave, Silver",302,108.87,1,1,0.36049668874172186
OFF-BRE-10003081,"Breville Coffee Grinder, Black",1289,450.45,21,7,0.3494569433669511
OFF-BRE-10003295,"Breville Microwave, Red",3439,-1228.026,17,4,-0.35708810700785115
OFF-BRE-10003382,"Breville Stove, Silver",1350,84.27600000000001,3,2,0.06242666666666667
OFF-BRE-10003443,"Breville Refrigerator, Silver",884,-254.904,3,3,-0.2883529411764706
OFF-BRE-10003558,"Breville Refrigerator, White",724,-103.542,2,2,-0.14301381215469613
OFF-BRE-10004073,"Breville Refrigerator, Red",1038,197.34,2,2,0.1901156069364162
OFF-BRE-10004211,"Breville Blender, White",118,-25.533,2,2,-0.2163813559322034
OFF-BRE-10004310,"Breville Blender, Black",123,14.112000000000002,2,2,0.11473170731707319
OFF-BRE-10004359,"Breville Coffee Grinder, White",120,3.6,2,2,0.030000000000000002
OFF-BRE-10004436,"Breville Stove, Black",2805,308.4,5,2,0.10994652406417112
OFF-BRE-10004872,"Breville Blender, Black",54,-118.398,2,1,-2.1925555555555554
OFF-BRE-10004933,"Breville Toaster, Silver",231,9.27,3,3,0.04012987012987013
OFF-CAM-10000192,"Cameo Interoffice Envelope, with clear poly window",20,-28.062,1,1,-1.4031
OFF-CAM-10000497,"Cameo Manila Envelope, Set of 50",605,39.690000000000005,23,7,0.06560330578512398
OFF-CAM-10000726,"Cameo Interoffice Envelope, Security-Tint",175,-94.695,6,5,-0.5411142857142857
OFF-CAM-10001141,"Cameo Manila Envelope, Security-Tint",59,28.8,2,1,0.488135593220339
OFF-CAM-10001177,"Cameo Manila Envelope, Recycled",114,39.870000000000005,5,4,0.3497368421052632
OFF-CAM-10001191,"Cameo Peel and Seal, Recycled",140,31.71,7,4,0.2265
OFF-CAM-10001249,"Cameo Mailers, with clear poly window",367,-153.69,13,5,-0.41877384196185286
OFF-CAM-10001341,"Cameo Business Envelopes, Recycled",48,21.240000000000002,3,3,0.44250000000000006
OFF-CAM-10001690,"Cameo Clasp Envelope, Recycled",36,-1.6859999999999995,5,4,-0.04683333333333332
OFF-CAM-10001761,"Cameo Clasp Envelope, Security-Tint",66,-8.166,8,6,-0.12372727272727273
OFF-CAM-10002159,"Cameo Manila Envelope, with clear poly window",180,55.385999999999996,8,5,0.3077
OFF-CAM-10002611,"Cameo Interoffice Envelope, Recycled",203,15.672,7,5,0.07720197044334975
OFF-CAM-10002625,"Cameo Peel and Seal, with clear poly window",172,75.39,7,2,0.4383139534883721
OFF-CAM-10002734,"Cameo Clasp Envelope, with clear poly window",78,28.08,6,1,0.36
OFF-CAM-10003488,"Cameo Mailers, Set of 50",266,125.37,7,5,0.47131578947368424
OFF-CAM-10003511,"Cameo Clasp Envelope, Set of 50",31,-22.128,6,3,-0.7138064516129032
OFF-CAM-10003605,"Cameo Peel and Seal, Security-Tint",93,5.52,4,3,0.059354838709677414
OFF-CAM-10003933,"Cameo Business Envelopes, Recycled",309,33.6,16,8,0.1087378640776699
OFF-CAM-10004002,"Cameo Business Envelopes, Set of 50",105,8.148,8,4,0.0776
OFF-CAM-10004269,"Cameo Business Envelopes, Security-Tint",269,83.19,17,6,0.30925650557620815
OFF-CAM-10004271,"Cameo Mailers, Recycled",196,25.067999999999998,6,3,0.12789795918367347
OFF-CAM-10004338,"Cameo Interoffice Envelope, Set of 50",255,-17.118000000000002,9,4,-0.0671294117647059
OFF-CAM-10004790,"Cameo Peel and Seal, Set of 50",273,43.68,13,3,0.16
OFF-CAR-10000150,"Cardinal Binder, Clear",180,-128.856,24,10,-0.7158666666666667
OFF-CAR-10000202,"Cardinal Binding Machine, Clear",1069,393.56399999999996,23,13,0.3681608980355472
OFF-CAR-10000319,"Cardinal Binder Covers, Recycled",219,63.378,23,12,0.2893972602739726
OFF-CAR-10000687,"Cardinal Binder Covers, Economy",390,-83.52,41,14,-0.21415384615384614
OFF-CAR-10001358,"Cardinal Hole Reinforcements, Clear",79,28.169999999999998,19,11,0.35658227848101265
OFF-CAR-10001428,"Cardinal Index Tab, Durable",182,59.556,29,15,0.3272307692307692
OFF-CAR-10001471,"Cardinal 3-Hole Punch, Clear",1006,179.106,37,9,0.17803777335984095
OFF-CAR-10001577,"Cardinal Binding Machine, Economy",1995,377.55,45,20,0.1892481203007519
OFF-CAR-10001746,"Cardinal Index Tab, Clear",159,25.32,34,14,0.15924528301886792
OFF-CAR-10001911,"Cardinal Binder Covers, Clear",133,-33.426,20,11,-0.2513233082706767
OFF-CAR-10002031,"Cardinal 3-Hole Punch, Durable",342,145.83,12,7,0.42640350877192984
OFF-CAR-10002054,"Cardinal Hole Reinforcements, Economy",153,45.672,34,11,0.2985098039215686
OFF-CAR-10002375,"Cardinal Binder Covers, Durable",403,88.83000000000001,34,13,0.22042183622828787
OFF-CAR-10002931,"Cardinal Hole Reinforcements, Recycled",187,62.040000000000006,37,12,0.33176470588235296
OFF-CAR-10002942,"Cardinal 3-Hole Punch, Recycled",1183,43.745999999999995,55,14,0.03697886728655959
OFF-CAR-10003030,"Cardinal Index Tab, Economy",177,13.163999999999993,34,12,0.07437288135593216
OFF-CAR-10003259,"Cardinal Binder, Recycled",390,-23.495999999999995,37,16,-0.06024615384615383
OFF-CAR-10003373,"Cardinal Hole Reinforcements, Durable",175,18.317999999999998,29,13,0.1046742857142857
OFF-CAR-10003703,"Cardinal Binder, Durable",151,-36.24,13,10,-0.24000000000000002
OFF-CAR-10004229,"Cardinal Index Tab, Clear",277,72.786,43,16,0.2627653429602888
OFF-CAR-10004293,"Cardinal Binding Machine, Durable",872,304.98,17,10,0.34974770642201836
OFF-CAR-10004408,"Cardinal 3-Hole Punch, Economy",605,158.4,28,13,0.26181818181818184
OFF-CAR-10004661,"Cardinal Binding Machine, Recycled",1619,73.62899999999999,39,15,0.045478072884496595
OFF-CAR-10004886,"Cardinal Binder, Economy",293,12.452999999999996,32,15,0.042501706484641626
OFF-CUI-10000105,"Cuisinart Microwave, Black",1390,69.45,5,2,0.04996402877697842
OFF-CUI-10000140,"Cuisinart Microwave, Silver",1954,0.0,7,3,0.0
OFF-CUI-10000203,"Cuisinart Toaster, Black",74,6.305999999999999,2,2,0.08521621621621621
OFF-CUI-10000682,"Cuisinart Stove, Silver",6037,-0.19200000000000728,16,3,-3.180387609740057e-05
OFF-CUI-10001032,"Cuisinart Stove, Red",1723,-53.891999999999996,6,2,-0.03127800348229831
OFF-CUI-10001060,"Cuisinart Toaster, Red",234,53.42400000000001,5,4,0.22830769230769232
OFF-CUI-10001302,"Cuisinart Blender, Silver",271,10.8,4,1,0.03985239852398524
OFF-CUI-10001670,"Cuisinart Stove, White",1019,-761.8230000000001,4,3,-0.7476182531894014
OFF-CUI-10001965,"Cuisinart Microwave, White",1384,152.10000000000002,5,4,0.10989884393063586
OFF-CUI-10001990,"Cuisinart Refrigerator, White",988,227.34,2,2,0.2301012145748988
OFF-CUI-10002022,"Cuisinart Refrigerator, Black",991,416.22,2,1,0.42000000000000004
OFF-CUI-10002269,"Cuisinart Refrigerator, Red",1488,372.06,3,2,0.2500403225806452
OFF-CUI-10002314,"Cuisinart Coffee Grinder, Silver",125,-63.048,6,3,-0.504384
OFF-CUI-10002413,"Cuisinart Coffee Grinder, Black",334,129.25199999999998,10,4,0.3869820359281437
OFF-CUI-10002506,"Cuisinart Blender, White",65,24.72,1,1,0.3803076923076923
OFF-CUI-10003409,"Cuisinart Refrigerator, Silver",1690,39.702,4,3,0.02349230769230769
OFF-CUI-10003665,"Cuisinart Blender, Red",67,24.78,1,1,0.3698507462686567
OFF-CUI-10003670,"Cuisinart Toaster, White",166,-79.5,6,3,-0.4789156626506024
OFF-CUI-10003923,"Cuisinart Coffee Grinder, Red",217,43.176,8,4,0.1989677419354839
OFF-CUI-10003993,"Cuisinart Microwave, Red",1503,284.004,6,4,0.18895808383233534
OFF-CUI-10004428,"Cuisinart Coffee Grinder, White",122,-30.555,7,4,-0.2504508196721311
OFF-CUI-10004536,"Cuisinart Blender, Black",1236,-211.30800000000002,22,7,-0.1709611650485437
OFF-EAT-10000522,"Eaton Computer Printout Paper, Multicolor",207,16.584,8,4,0.0801159420289855
OFF-EAT-10000652,"Eaton Computer Printout Paper, 8.5 x 11",437,170.35799999999998,16,7,0.3898352402745995
OFF-EAT-10000820,"Eaton Message Books, Multicolor",378,116.868,22,5,0.30917460317460316
OFF-EAT-10000854,"Eaton Parchment Paper, Recycled",16,-21.984,4,1,-1.374
OFF-EAT-10001025,"Eaton Note Cards, Multicolor",184,73.62,6,1,0.40010869565217394
OFF-EAT-10001137,"Eaton Parchment Paper, 8.5 x 11",29,-14.124,3,2,-0.4870344827586207
OFF-EAT-10001303,"Eaton Message Books, Premium",61,7.139999999999999,5,3,0.11704918032786883
OFF-EAT-10001933,"Eaton Cards & Envelopes, Recycled",568,252.294,14,7,0.44417957746478876
OFF-EAT-10002068,"Eaton Note Cards, Premium",271,-74.424,13,4,-0.27462730627306275
OFF-EAT-10002122,"Eaton Cards & Envelopes, 8.5 x 11",542,130.02,11,4,0.23988929889298896
OFF-EAT-10002122,"Eaton Cards & Envelopes, Premium",135,40.589999999999996,3,2,0.30066666666666664
OFF-EAT-10002463,"Eaton Computer Printout Paper, Premium",273,98.23499999999999,11,3,0.35983516483516476
OFF-EAT-10002674,"Eaton Memo Slips, Multicolor",130,-58.71,15,4,-0.45161538461538464
OFF-EAT-10002789,"Eaton Computer Printout Paper, Recycled",37,6.863999999999999,2,2,0.18551351351351347
OFF-EAT-10003094,"Eaton Memo Slips, Premium",22,-5.286,3,3,-0.24027272727272725
OFF-EAT-10003338,"Eaton Message Books, 8.5 x 11",396,173.76,16,7,0.4387878787878788
OFF-EAT-10003405,"Eaton Parchment Paper, Multicolor",106,1.1579999999999995,9,7,0.010924528301886787
OFF-EAT-10003702,"Eaton Note Cards, Premium",252,75.33,9,2,0.29892857142857143
OFF-EAT-10004036,"Eaton Parchment Paper, Premium",54,9.12,4,1,0.16888888888888887
OFF-EAT-10004051,"Eaton Memo Slips, Recycled",60,-15.54,7,5,-0.259
OFF-EAT-10004307,"Eaton Memo Slips, 8.5 x 11",79,13.272,5,4,0.168
OFF-EAT-10004696,"Eaton Note Cards, 8.5 x 11",87,-43.083,6,5,-0.4952068965517241
OFF-EAT-10004908,"Eaton Message Books, Recycled",314,-54.894,21,8,-0.1748216560509554
OFF-EAT-10004979,"Eaton Cards & Envelopes, Multicolor",140,67.05000000000001,3,2,0.47892857142857154
OFF-ELD-10000024,"Eldon Folders, Blue",741,49.428,49,14,0.06670445344129554
OFF-ELD-10000124,"Eldon Trays, Single Width",1084,23.519999999999996,33,13,0.02169741697416974
OFF-ELD-10000151,"Eldon File Cart, Industrial",2123,-240.786,21,14,-0.11341780499293452
OFF-ELD-10000819,"Eldon Trays, Industrial",836,375.945,18,7,0.449694976076555
OFF-ELD-10000845,"Eldon Lockers, Wire Frame",2916,-78.90599999999995,19,8,-0.027059670781892985
OFF-ELD-10000967,"Eldon Folders, Industrial",369,-2.7479999999999998,22,10,-0.007447154471544715
OFF-ELD-10001037,"Eldon Trays, Wire Frame",687,-2.2560000000000002,24,10,-0.0032838427947598256
OFF-ELD-10001293,"Eldon Box, Wire Frame",118,29.451,14,9,0.24958474576271186
OFF-ELD-10001318,"Eldon Lockers, Industrial",1131,422.493,7,5,0.3735570291777188
OFF-ELD-10001477,"Eldon Lockers, Single Width",1386,678.93,7,6,0.4898484848484848
OFF-ELD-10001694,"Eldon File Cart, Single Width",5119,290.94000000000005,46,13,0.05683531939832
OFF-ELD-10001832,"Eldon Shelving, Single Width",1249,-300.39,32,14,-0.24050440352281824
OFF-ELD-10001882,"Eldon Box, Blue",94,-3.6419999999999995,13,10,-0.03874468085106383
OFF-ELD-10002199,"Eldon File Cart, Single Width",3078,1324.08,24,14,0.4301754385964912
OFF-ELD-10002207,"Eldon Folders, Single Width",211,75.474,15,6,0.357696682464455
OFF-ELD-10002240,"Eldon Shelving, Wire Frame",443,9.306000000000001,10,9,0.021006772009029347
OFF-ELD-10002279,"Eldon Shelving, Industrial",1434,-275.78999999999996,36,15,-0.19232217573221755
OFF-ELD-10002297,"Eldon Lockers, Blue",1900,-59.604,11,7,-0.031370526315789474
OFF-ELD-10002578,"Eldon Box, Single Width",280,45.648,32,9,0.16302857142857144
OFF-ELD-10003038,"Eldon Shelving, Blue",865,-123.642,28,14,-0.14293872832369942
OFF-ELD-10003181,"Eldon Box, Industrial",252,69.33,27,13,0.2751190476190476
OFF-ELD-10003918,"Eldon Folders, Wire Frame",512,20.355000000000004,34,14,0.03975585937500001
OFF-ELD-10004324,"Eldon File Cart, Blue",762,-233.76000000000002,8,5,-0.3067716535433071
OFF-ELD-10004625,"Eldon Trays, Blue",474,2.582999999999995,12,9,0.005449367088607584
OFF-ELI-10000044,"Elite Ruler, Serrated",96,-24.99,14,4,-0.2603125
OFF-ELI-10000443,"Elite Shears, Steel",138,65.42999999999999,3,3,0.47413043478260863
OFF-ELI-10000541,"Elite Trimmer, High Speed",13,-27.099,1,1,-2.0845384615384615
OFF-ELI-10000711,"Elite Scissors, Serrated",95,5.699999999999999,5,4,0.05999999999999999
OFF-ELI-10000797,"Elite Ruler, High Speed",14,1.08,1,1,0.07714285714285715
OFF-ELI-10001057,"Elite Trimmer, Serrated",384,180.3,10,3,0.46953125
OFF-ELI-10001176,"Elite Box Cutter, Easy Grip",220,32.760000000000005,6,4,0.14890909090909094
OFF-ELI-10001351,"Elite Trimmer, Easy Grip",459,160.524,13,4,0.34972549019607846
OFF-ELI-10001507,"Elite Scissors, Steel",22,4.8,1,1,0.21818181818181817
OFF-ELI-10001685,"Elite Ruler, Steel",189,16.2,18,8,0.08571428571428572
OFF-ELI-10001705,"Elite Trimmer, Steel",1101,450.60600000000005,31,6,0.4092697547683924
OFF-ELI-10001812,"Elite Shears, Easy Grip",136,-46.716,4,4,-0.3435
OFF-ELI-10001904,"Elite Letter Opener, Steel",168,23.52,7,3,0.13999999999999999
OFF-ELI-10002160,"Elite Scissors, Easy Grip",72,33.3,3,2,0.46249999999999997
OFF-ELI-10002337,"Elite Box Cutter, High Speed",164,38.342999999999996,6,3,0.23379878048780486
OFF-ELI-10002935,"Elite Shears, High Speed",188,35.64,4,3,0.1895744680851064
OFF-ELI-10003004,"Elite Ruler, Easy Grip",83,-46.062000000000005,9,3,-0.5549638554216868
OFF-ELI-10003179,"Elite Scissors, High Speed",127,44.05800000000001,7,4,0.3469133858267717
OFF-ELI-10003277,"Elite Letter Opener, High Speed",155,-0.240000000000002,10,5,-0.0015483870967742063
OFF-ELI-10003732,"Elite Letter Opener, Easy Grip",55,2.16,2,1,0.03927272727272728
OFF-ELI-10003911,"Elite Shears, Serrated",140,-181.968,8,2,-1.2997714285714286
OFF-ELI-10004427,"Elite Box Cutter, Serrated",82,-19.026000000000003,4,2,-0.23202439024390248
OFF-ELI-10004597,"Elite Box Cutter, Steel",68,26.7,2,2,0.3926470588235294
OFF-EN-10000025,"Cameo Interoffice Envelope, Recycled",284,11.664000000000001,14,4,0.04107042253521127
OFF-EN-10000031,"Ames Peel and Seal, Security-Tint",222,28.348000000000003,17,4,0.1276936936936937
OFF-EN-10000051,"GlobeWeis Manila Envelope, with clear poly window",124,33.36,4,2,0.26903225806451614
OFF-EN-10000053,"Ames Business Envelopes, Recycled",188,29.7,19,4,0.1579787234042553
OFF-EN-10000056,"Ames Manila Envelope, Security-Tint",486,194.94,18,5,0.4011111111111111
OFF-EN-10000056,Cameo Buff Policy Envelopes,1555,632.2568,28,8,0.40659601286173636
OFF-EN-10000061,"Cameo Business Envelopes, Set of 50",297,128.048,23,9,0.43113804713804715
OFF-EN-10000061,"Jiffy Clasp Envelope, Security-Tint",64,10.776,6,3,0.168375
OFF-EN-10000069,"Ames Mailers, Security-Tint",345,30.78,9,2,0.08921739130434783
OFF-EN-10000075,"GlobeWeis Interoffice Envelope, Security-Tint",641,180.416,20,8,0.28146021840873636
OFF-EN-10000084,"Jiffy Manila Envelope, with clear poly window",675,308.92,37,10,0.45765925925925927
OFF-EN-10000094,"Jiffy Interoffice Envelope, Security-Tint",29,-5.886,1,1,-0.20296551724137932
OFF-EN-10000096,"Jiffy Clasp Envelope, with clear poly window",14,-1.488,2,1,-0.10628571428571429
OFF-EN-10000114,"Kraft Clasp Envelope, Security-Tint",228,4.2,20,5,0.01842105263157895
OFF-EN-10000122,"Ames Business Envelopes, Recycled",49,11.076,3,2,0.2260408163265306
OFF-EN-10000127,"Ames Clasp Envelope, with clear poly window",49,18.768,8,2,0.3830204081632653
OFF-EN-10000128,"GlobeWeis Interoffice Envelope, Set of 50",478,-90.9,14,3,-0.19016736401673642
OFF-EN-10000139,"Ames Manila Envelope, Recycled",368,5.576000000000002,28,7,0.015152173913043484
OFF-EN-10000139,"Kraft Interoffice Envelope, Set of 50",495,-68.394,15,4,-0.13816969696969697
OFF-EN-10000142,"Ames Business Envelopes, Security-Tint",274,89.658,19,5,0.3272189781021898
OFF-EN-10000182,"Jiffy Peel and Seal, Security-Tint",54,-0.936,4,1,-0.017333333333333336
OFF-EN-10000215,"Jiffy Interoffice Envelope, Security-Tint",326,52.0,12,4,0.15950920245398773
OFF-EN-10000219,"Jiffy Clasp Envelope, Recycled",113,11.675999999999998,19,5,0.10332743362831857
OFF-EN-10000224,"Cameo Clasp Envelope, Recycled",267,14.086500000000001,38,10,0.05275842696629214
OFF-EN-10000232,"Kraft Peel and Seal, Recycled",79,-19.756800000000002,6,2,-0.2500860759493671
OFF-EN-10000251,"Jiffy Clasp Envelope, Security-Tint",57,1.424,8,2,0.024982456140350877
OFF-EN-10000258,"GlobeWeis Peel and Seal, with clear poly window",242,13.492000000000003,17,5,0.05575206611570249
OFF-EN-10000271,"Kraft Peel and Seal, with clear poly window",312,84.24000000000001,13,3,0.27
OFF-EN-10000274,"Kraft Business Envelopes, Recycled",369,101.80799999999999,25,5,0.2759024390243902
OFF-EN-10000296,"Cameo Business Envelopes, Security-Tint",325,11.745,20,6,0.036138461538461536
OFF-EN-10000315,"Jiffy Business Envelopes, Security-Tint",395,58.5108,26,6,0.1481286075949367
OFF-EN-10000315,"Kraft Manila Envelope, Recycled",304,127.16,19,9,0.4182894736842105
OFF-EN-10000328,"Kraft Business Envelopes, Set of 50",531,121.599,33,7,0.229
OFF-EN-10000338,"Kraft Mailers, Recycled",409,165.04000000000002,20,7,0.4035207823960881
OFF-EN-10000352,"GlobeWeis Peel and Seal, Recycled",364,174.42000000000002,18,5,0.4791758241758242
OFF-EN-10000353,"Jiffy Mailers, with clear poly window",203,101.7,5,2,0.5009852216748769
OFF-EN-10000358,"Cameo Business Envelopes, Recycled",85,40.32,8,3,0.4743529411764706
OFF-EN-10000359,"Ames Clasp Envelope, Recycled",36,-1.4000000000000004,11,3,-0.038888888888888896
OFF-EN-10000378,"Jiffy Mailers, Set of 50",149,5.88,4,1,0.03946308724832215
OFF-EN-10000383,"Ames Clasp Envelope, Recycled",72,15.12,12,3,0.21
OFF-EN-10000383,"Kraft Business Envelopes, Recycled",132,46.58,15,4,0.35287878787878785
OFF-EN-10000387,"Kraft Clasp Envelope, Recycled",54,8.13,10,3,0.15055555555555558
OFF-EN-10000428,"Cameo Clasp Envelope, with clear poly window",65,5.1,5,1,0.07846153846153846
OFF-EN-10000454,"GlobeWeis Business Envelopes, Set of 50",202,-92.5956,17,6,-0.45839405940594063
OFF-EN-10000461,"#10- 4 1/8"" x 9 1/2"" Recycled Envelopes",210,86.43860000000001,27,8,0.411612380952381
OFF-EN-10000476,"Kraft Clasp Envelope, Recycled",51,-1.8599999999999994,8,3,-0.03647058823529411
OFF-EN-10000483,"White Envelopes, White Envelopes with Clear Poly Window",320,139.07999999999998,22,5,0.43462499999999993
OFF-EN-10000507,"GlobeWeis Peel and Seal, Set of 50",86,23.04,4,1,0.267906976744186
OFF-EN-10000532,"Cameo Clasp Envelope, Set of 50",109,43.047999999999995,20,5,0.39493577981651373
OFF-EN-10000539,"Ames Clasp Envelope, with clear poly window",80,-56.876999999999995,13,4,-0.7109624999999999
OFF-EN-10000543,"Ames Clasp Envelope, Security-Tint",112,-20.52,14,4,-0.18321428571428572
OFF-EN-10000556,"Kraft Interoffice Envelope, Security-Tint",972,83.604,20,8,0.08601234567901235
OFF-EN-10000561,"Ames Business Envelopes, Recycled",61,3.024,6,1,0.04957377049180328
OFF-EN-10000606,"Jiffy Peel and Seal, Set of 50",144,16.951999999999998,14,3,0.11772222222222221
OFF-EN-10000615,"Jiffy Mailers, Security-Tint",585,-6.474000000000002,17,4,-0.01106666666666667
OFF-EN-10000623,"Ames Manila Envelope, with clear poly window",263,21.0,14,3,0.07984790874524715
OFF-EN-10000645,"Ames Mailers, Recycled",576,37.233000000000004,21,6,0.06464062500000001
OFF-EN-10000648,"Jiffy Peel and Seal, with clear poly window",283,53.64,12,5,0.18954063604240282
OFF-EN-10000657,"Jiffy Peel and Seal, with clear poly window",539,96.7485,28,7,0.17949628942486087
OFF-EN-10000673,"Cameo Business Envelopes, Recycled",363,162.84,23,5,0.44859504132231404
OFF-EN-10000694,"GlobeWeis Business Envelopes, Security-Tint",92,4.878,5,2,0.053021739130434786
OFF-EN-10000699,"Cameo Interoffice Envelope, Set of 50",737,301.99649999999997,17,4,0.4097645861601085
OFF-EN-10000714,"Ames Mailers, Set of 50",417,2.58,18,5,0.00618705035971223
OFF-EN-10000726,"Jiffy Clasp Envelope, Set of 50",42,-9.3096,9,4,-0.22165714285714286
OFF-EN-10000755,"Ames Mailers, Recycled",481,197.28,24,6,0.4101455301455301
OFF-EN-10000761,"Jiffy Peel and Seal, with clear poly window",223,-31.46,20,7,-0.1410762331838565
OFF-EN-10000776,"Jiffy Peel and Seal, Set of 50",143,39.1716,10,4,0.2739272727272727
OFF-EN-10000781,"#10- 4 1/8"" x 9 1/2"" Recycled Envelopes",75,28.842,10,2,0.38455999999999996
OFF-EN-10000788,"Cameo Peel and Seal, Set of 50",95,-28.980000000000004,7,2,-0.3050526315789474
OFF-EN-10000788,"Jiffy Manila Envelope, Security-Tint",370,151.98,15,6,0.4107567567567567
OFF-EN-10000812,"GlobeWeis Clasp Envelope, Set of 50",144,37.2,24,5,0.25833333333333336
OFF-EN-10000824,"GlobeWeis Manila Envelope, Security-Tint",143,-95.328,8,1,-0.6666293706293707
OFF-EN-10000826,"GlobeWeis Manila Envelope, Set of 50",383,114.66,14,1,0.29937336814621407
OFF-EN-10000835,"GlobeWeis Clasp Envelope, with clear poly window",48,-5.796,6,1,-0.12075000000000001
OFF-EN-10000857,"Ames Mailers, Security-Tint",757,232.56,32,7,0.30721268163804494
OFF-EN-10000857,"Jiffy Interoffice Envelope, Set of 50",638,-90.864,24,4,-0.14242006269592478
OFF-EN-10000863,"Ames Business Envelopes, Set of 50",44,1.392,4,2,0.031636363636363636
OFF-EN-10000871,"Ames Interoffice Envelope, Set of 50",226,58.65,5,1,0.2595132743362832
OFF-EN-10000872,"Ames Business Envelopes, Set of 50",68,-83.328,14,1,-1.2254117647058824
OFF-EN-10000890,"Ames Peel and Seal, Recycled",226,79.56,13,3,0.3520353982300885
OFF-EN-10000897,"Kraft Mailers, Set of 50",452,121.68,12,3,0.2692035398230089
OFF-EN-10000898,"Ames Interoffice Envelope, Security-Tint",456,-198.048,16,2,-0.4343157894736842
OFF-EN-10000904,"Ames Mailers, with clear poly window",816,108.123,23,5,0.13250367647058825
OFF-EN-10000927,"Ames Business Envelopes, Set of 50",127,36.75,7,2,0.28937007874015747
OFF-EN-10000927,Jet-Pak Recycled Peel 'N' Seal Padded Mailers,553,177.6555,19,4,0.32125768535262206
OFF-EN-10000938,"Jiffy Business Envelopes, Security-Tint",64,12.12,4,2,0.189375
OFF-EN-10000940,"Ames Interoffice Envelope, Recycled",410,12.04,14,3,0.029365853658536584
OFF-EN-10000947,"GlobeWeis Mailers, Security-Tint",212,18.680999999999997,8,2,0.08811792452830187
OFF-EN-10000968,"Kraft Mailers, Recycled",550,-52.665000000000006,19,4,-0.09575454545454547
OFF-EN-10000975,"Ames Manila Envelope, Set of 50",148,20.7,6,1,0.13986486486486485
OFF-EN-10001028,Staples,101,42.4092,9,2,0.41989306930693066
OFF-EN-10001029,"Cameo Business Envelopes, Recycled",329,-110.6055,23,5,-0.33618693009118544
OFF-EN-10001038,"Jiffy Mailers, Set of 50",224,48.96,6,2,0.21857142857142858
OFF-EN-10001044,"Kraft Manila Envelope, Set of 50",32,-14.892,2,1,-0.465375
OFF-EN-10001047,"Jiffy Manila Envelope, Security-Tint",114,46.56,6,2,0.40842105263157896
OFF-EN-10001099,Staples,159,65.3304,18,5,0.4108830188679245
OFF-EN-10001109,"Ames Interoffice Envelope, Recycled",446,-125.172,13,3,-0.2806547085201794
OFF-EN-10001109,"Jiffy Manila Envelope, Set of 50",390,122.176,26,5,0.31327179487179485
OFF-EN-10001136,"Kraft Interoffice Envelope, Recycled",276,17.7132,7,3,0.06417826086956521
OFF-EN-10001137,"#10 Gummed Flap White Envelopes, 100/Box",42,16.7678,11,4,0.3992333333333334
OFF-EN-10001141,"Manila Recycled Extra-Heavyweight Clasp Envelopes, 6"" x 9""",126,52.3746,13,4,0.4156714285714286
OFF-EN-10001147,"Jiffy Clasp Envelope, Recycled",88,42.84,12,4,0.48681818181818187
OFF-EN-10001154,"Kraft Clasp Envelope, Set of 50",96,-54.18,17,6,-0.564375
OFF-EN-10001157,"Ames Business Envelopes, Security-Tint",390,-53.7684,33,6,-0.1378676923076923
OFF-EN-10001162,"GlobeWeis Mailers, Set of 50",378,47.94,15,6,0.1268253968253968
OFF-EN-10001202,"Kraft Clasp Envelope, with clear poly window",213,88.92,19,6,0.4174647887323944
OFF-EN-10001219,"#10- 4 1/8"" x 9 1/2"" Security-Tint Envelopes",146,64.86359999999999,21,8,0.4442712328767123
OFF-EN-10001311,"GlobeWeis Business Envelopes, with clear poly window",42,-27.24,5,1,-0.6485714285714286
OFF-EN-10001315,"Jiffy Manila Envelope, Security-Tint",392,73.698,14,3,0.1880051020408163
OFF-EN-10001327,"Cameo Interoffice Envelope, Security-Tint",432,129.46,14,4,0.29967592592592596
OFF-EN-10001335,"White Business Envelopes with Contemporary Seam, Recycled White Business Envelopes",338,150.97199999999998,34,6,0.44666272189349104
OFF-EN-10001346,"GlobeWeis Interoffice Envelope, Security-Tint",50,21.09,1,1,0.4218
OFF-EN-10001375,"GlobeWeis Mailers, with clear poly window",616,199.72,24,8,0.32422077922077924
OFF-EN-10001415,Staples,54,23.994,11,5,0.4443333333333333
OFF-EN-10001434,"Strathmore #10 Envelopes, Ultimate White",632,309.9348,12,4,0.49040316455696203
OFF-EN-10001443,"Jiffy Business Envelopes, Recycled",192,60.656,22,6,0.3159166666666667
OFF-EN-10001449,"Kraft Manila Envelope, with clear poly window",210,102.9,7,2,0.49000000000000005
OFF-EN-10001453,"Tyvek Interoffice Envelopes, 9 1/2"" x 12 1/2"", 100/Box",939,421.9816,16,5,0.4493946751863685
OFF-EN-10001454,"Cameo Manila Envelope, with clear poly window",147,7.152,8,1,0.0486530612244898
OFF-EN-10001476,"Ames Interoffice Envelope, Set of 50",132,-89.408,11,1,-0.6773333333333333
OFF-EN-10001480,"Kraft Interoffice Envelope, Security-Tint",266,11.808,6,1,0.04439097744360902
OFF-EN-10001491,"Jiffy Interoffice Envelope, Set of 50",841,59.994,21,4,0.07133650416171225
OFF-EN-10001509,Poly String Tie Envelopes,67,30.293999999999997,35,11,0.45214925373134324
OFF-EN-10001528,"Kraft Business Envelopes, Recycled",237,-38.480399999999996,21,6,-0.16236455696202529
OFF-EN-10001532,Brown Kraft Recycled Envelopes,245,117.16199999999999,15,5,0.47821224489795916
OFF-EN-10001533,"Kraft Mailers, with clear poly window",247,14.76,9,1,0.05975708502024291
OFF-EN-10001535,Grip Seal Envelopes,7,2.3868,2,1,0.3409714285714286
OFF-EN-10001538,"Jiffy Peel and Seal, Recycled",252,27.28,22,5,0.10825396825396826
OFF-EN-10001539,Staples,196,88.8476,26,7,0.45330408163265307
OFF-EN-10001616,"GlobeWeis Business Envelopes, Recycled",171,-1.7719999999999985,21,6,-0.010362573099415196
OFF-EN-10001621,"GlobeWeis Business Envelopes, Security-Tint",39,4.32,2,1,0.11076923076923077
OFF-EN-10001627,"Cameo Interoffice Envelope, with clear poly window",793,-15.256499999999992,18,6,-0.019238965952080696
OFF-EN-10001647,"GlobeWeis Interoffice Envelope, Security-Tint",27,-19.456,2,1,-0.7205925925925926
OFF-EN-10001669,"Ames Interoffice Envelope, with clear poly window",52,-35.056,4,1,-0.6741538461538461
OFF-EN-10001680,"Jiffy Clasp Envelope, with clear poly window",97,-7.260000000000002,13,3,-0.07484536082474229
OFF-EN-10001711,"Ames Clasp Envelope, with clear poly window",118,13.86,11,2,0.11745762711864406
OFF-EN-10001712,"Kraft Interoffice Envelope, Set of 50",56,-18.816,2,1,-0.33599999999999997
OFF-EN-10001715,"Ames Clasp Envelope, with clear poly window",39,-24.516,6,1,-0.6286153846153846
OFF-EN-10001727,"Jiffy Business Envelopes, Recycled",18,-7.728,2,1,-0.42933333333333334
OFF-EN-10001728,"Jiffy Interoffice Envelope, Recycled",949,256.41,21,5,0.2701896733403583
OFF-EN-10001733,"Cameo Interoffice Envelope, with clear poly window",51,6.09,1,1,0.11941176470588236
OFF-EN-10001749,Jiffy Padded Mailers with Self-Seal Closure,30,10.8054,2,1,0.36018
OFF-EN-10001751,"GlobeWeis Mailers, Set of 50",693,180.35999999999999,27,8,0.26025974025974025
OFF-EN-10001755,"Ames Interoffice Envelope, Set of 50",469,-54.912000000000006,26,5,-0.11708315565031985
OFF-EN-10001768,"Kraft Clasp Envelope, with clear poly window",17,-21.38,5,1,-1.2576470588235293
OFF-EN-10001771,"Kraft Mailers, Set of 50",452,112.84,19,4,0.24964601769911504
OFF-EN-10001789,"Kraft Peel and Seal, Set of 50",338,-39.5199,20,7,-0.11692278106508876
OFF-EN-10001823,"Cameo Mailers, Recycled",44,-0.048,2,1,-0.001090909090909091
OFF-EN-10001832,"Ames Mailers, with clear poly window",258,-4.251999999999999,12,5,-0.016480620155038754
OFF-EN-10001832,"Kraft Clasp Envelope, Set of 50",161,68.39999999999999,28,4,0.42484472049689437
OFF-EN-10001852,"Cameo Manila Envelope, with clear poly window",428,209.16,14,4,0.4886915887850467
OFF-EN-10001854,"Jiffy Business Envelopes, Recycled",211,0.3000000000000007,14,3,0.001421800947867302
OFF-EN-10001861,"Kraft Peel and Seal, Set of 50",298,72.608,27,7,0.2436510067114094
OFF-EN-10001870,"Kraft Peel and Seal, Security-Tint",92,21.0,7,2,0.22826086956521738
OFF-EN-10001882,"Jiffy Manila Envelope, with clear poly window",480,118.61850000000001,24,5,0.24712187500000002
OFF-EN-10001939,"Kraft Manila Envelope, Security-Tint",554,-222.312,42,7,-0.4012851985559567
OFF-EN-10001940,"Cameo Peel and Seal, Security-Tint",137,-10.92,10,4,-0.0797080291970803
OFF-EN-10001946,"Kraft Mailers, Security-Tint",556,259.335,14,4,0.4664298561151079
OFF-EN-10001958,"GlobeWeis Clasp Envelope, Security-Tint",101,-42.597,13,4,-0.42175247524752474
OFF-EN-10001975,"Kraft Business Envelopes, Security-Tint",463,49.1112,29,9,0.10607170626349892
OFF-EN-10001976,"Jiffy Interoffice Envelope, Security-Tint",819,114.27000000000001,20,5,0.13952380952380955
OFF-EN-10001977,"Cameo Business Envelopes, Recycled",190,41.400000000000006,12,4,0.21789473684210528
OFF-EN-10001979,"Cameo Clasp Envelope, Security-Tint",308,71.718,26,9,0.23285064935064936
OFF-EN-10001990,Staples,129,61.400800000000004,23,6,0.47597519379844966
OFF-EN-10001991,"Kraft Clasp Envelope, Set of 50",113,-13.5,14,5,-0.11946902654867257
OFF-EN-10001993,"GlobeWeis Manila Envelope, Set of 50",684,170.67,28,9,0.2495175438596491
OFF-EN-10001997,"GlobeWeis Business Envelopes, with clear poly window",206,58.224,10,4,0.2826407766990291
OFF-EN-10002002,"Cameo Peel and Seal, Security-Tint",28,-9.84,2,1,-0.3514285714285714
OFF-EN-10002003,"Ames Clasp Envelope, Set of 50",56,19.602,9,5,0.3500357142857143
OFF-EN-10002007,"Kraft Clasp Envelope, with clear poly window",436,-29.251199999999997,44,10,-0.06708990825688073
OFF-EN-10002008,"Cameo Mailers, Recycled",1073,246.21,29,5,0.22945945945945947
OFF-EN-10002013,"Cameo Business Envelopes, Security-Tint",238,74.4,15,4,0.3126050420168067
OFF-EN-10002013,"Kraft Business Envelopes, Security-Tint",59,26.304,4,1,0.4458305084745762
OFF-EN-10002015,"GlobeWeis Peel and Seal, with clear poly window",507,-39.021,23,6,-0.07696449704142012
OFF-EN-10002034,"Ames Peel and Seal, with clear poly window",27,-6.264,2,1,-0.232
OFF-EN-10002035,"Kraft Mailers, Set of 50",788,-3.9884999999999975,25,5,-0.0050615482233502505
OFF-EN-10002046,"Kraft Manila Envelope, Set of 50",63,-79.524,9,2,-1.2622857142857142
OFF-EN-10002048,"Ames Manila Envelope, Set of 50",292,15.222,13,3,0.05213013698630137
OFF-EN-10002061,"Cameo Mailers, Set of 50",321,-5.376,14,1,-0.01674766355140187
OFF-EN-10002065,"Ames Clasp Envelope, Set of 50",190,75.24000000000001,29,7,0.3960000000000001
OFF-EN-10002066,"Kraft Interoffice Envelope, with clear poly window",61,-5.088,2,1,-0.08340983606557377
OFF-EN-10002081,"Jiffy Mailers, Set of 50",37,-34.23,2,1,-0.925135135135135
OFF-EN-10002090,"Kraft Peel and Seal, with clear poly window",106,16.003500000000003,7,3,0.15097641509433965
OFF-EN-10002096,"GlobeWeis Mailers, Recycled",80,-55.84,8,1,-0.6980000000000001
OFF-EN-10002104,"Cameo Mailers, with clear poly window",875,34.65,21,5,0.039599999999999996
OFF-EN-10002119,"Ames Manila Envelope, Security-Tint",402,117.91290000000001,19,4,0.29331567164179106
OFF-EN-10002122,"Jiffy Mailers, with clear poly window",625,143.52,23,5,0.229632
OFF-EN-10002140,"Jiffy Business Envelopes, Recycled",448,35.3376,33,5,0.07887857142857144
OFF-EN-10002166,"Cameo Manila Envelope, with clear poly window",184,78.66,6,3,0.4275
OFF-EN-10002186,"Kraft Manila Envelope, Set of 50",371,36.96,21,4,0.09962264150943397
OFF-EN-10002226,"Jiffy Clasp Envelope, Recycled",45,-15.100000000000001,13,5,-0.3355555555555556
OFF-EN-10002230,Airmail Envelopes,1360,514.4909,19,6,0.3783021323529412
OFF-EN-10002240,"GlobeWeis Clasp Envelope, with clear poly window",46,4.590000000000001,5,3,0.09978260869565218
OFF-EN-10002258,"Jiffy Mailers, with clear poly window",863,217.6191,26,6,0.2521658169177289
OFF-EN-10002263,"GlobeWeis Interoffice Envelope, with clear poly window",62,-26.748,2,1,-0.4314193548387097
OFF-EN-10002312,#10 Self-Seal White Envelopes,109,52.123,10,4,0.47819266055045867
OFF-EN-10002313,"GlobeWeis Mailers, Recycled",447,20.759999999999998,13,5,0.04644295302013422
OFF-EN-10002348,"Cameo Peel and Seal, Set of 50",322,19.32,23,6,0.06
OFF-EN-10002372,"GlobeWeis Manila Envelope, Security-Tint",318,91.32000000000001,17,5,0.28716981132075475
OFF-EN-10002396,"Jiffy Mailers, Set of 50",417,77.184,18,6,0.1850935251798561
OFF-EN-10002406,"Kraft Business Envelopes, Recycled",198,82.26,12,3,0.41545454545454547
OFF-EN-10002410,"GlobeWeis Manila Envelope, Recycled",448,198.75900000000001,19,5,0.4436584821428572
OFF-EN-10002425,"Ames Peel and Seal, Set of 50",422,-140.6298,31,11,-0.333245971563981
OFF-EN-10002427,"Ames Manila Envelope, Recycled",23,1.62,1,1,0.07043478260869565
OFF-EN-10002434,"Kraft Manila Envelope, Recycled",274,-5.975100000000005,16,5,-0.02180693430656936
OFF-EN-10002449,"Ames Interoffice Envelope, Security-Tint",1284,628.5600000000001,27,6,0.4895327102803739
OFF-EN-10002464,"Cameo Peel and Seal, Security-Tint",331,8.790000000000003,17,6,0.026555891238670703
OFF-EN-10002465,"Cameo Business Envelopes, Set of 50",450,180.18,22,6,0.40040000000000003
OFF-EN-10002472,"Cameo Interoffice Envelope, Security-Tint",752,148.6947,22,4,0.19773231382978726
OFF-EN-10002490,"Kraft Peel and Seal, with clear poly window",416,141.44,26,7,0.33999999999999997
OFF-EN-10002491,"Cameo Peel and Seal, Set of 50",42,12.18,2,1,0.29
OFF-EN-10002491,"GlobeWeis Mailers, Recycled",45,3.72,2,1,0.08266666666666667
OFF-EN-10002500,Globe Weis Peel & Seel First Class Envelopes,376,164.862,30,7,0.4384627659574468
OFF-EN-10002504,"Tyvek  Top-Opening Peel & Seel Envelopes, Plain White",571,225.0504,24,7,0.3941338003502627
OFF-EN-10002522,"Ames Mailers, Security-Tint",153,73.44,4,1,0.48
OFF-EN-10002524,"Cameo Peel and Seal, with clear poly window",15,-2.706,1,1,-0.1804
OFF-EN-10002540,"GlobeWeis Clasp Envelope, with clear poly window",234,45.3012,21,6,0.1935948717948718
OFF-EN-10002556,"Ames Business Envelopes, Recycled",215,89.3664,13,4,0.41565767441860463
OFF-EN-10002559,"Kraft Clasp Envelope, Recycled",120,45.08,23,7,0.37566666666666665
OFF-EN-10002581,"GlobeWeis Peel and Seal, Set of 50",583,112.69409999999999,30,6,0.19330034305317323
OFF-EN-10002592,"Cameo Interoffice Envelope, Recycled",92,34.2,2,1,0.3717391304347826
OFF-EN-10002592,"Peel & Seel Recycled Catalog Envelopes, Brown",177,77.586,17,4,0.43833898305084745
OFF-EN-10002600,"Redi-Strip #10 Envelopes, 4 1/8 x 9 1/2",94,39.53,35,7,0.420531914893617
OFF-EN-10002613,"Ames Clasp Envelope, Security-Tint",68,-16.248,10,3,-0.23894117647058824
OFF-EN-10002621,Staples,78,34.230000000000004,9,5,0.4388461538461539
OFF-EN-10002624,"Jiffy Clasp Envelope, Set of 50",90,31.604,17,5,0.35115555555555555
OFF-EN-10002630,"Ames Business Envelopes, Recycled",167,57.63,13,3,0.34508982035928143
OFF-EN-10002634,"Jiffy Clasp Envelope, Set of 50",34,16.32,4,2,0.48
OFF-EN-10002671,"GlobeWeis Interoffice Envelope, with clear poly window",259,-5.258400000000002,6,2,-0.02030270270270271
OFF-EN-10002674,"Cameo Interoffice Envelope, Set of 50",1107,302.28,41,10,0.2730623306233062
OFF-EN-10002679,"Kraft Mailers, with clear poly window",634,248.76600000000002,18,5,0.3923753943217666
OFF-EN-10002700,"Ames Business Envelopes, Recycled",168,20.576,22,7,0.12247619047619047
OFF-EN-10002700,"Kraft Interoffice Envelope, with clear poly window",523,64.79939999999999,14,6,0.12389942638623325
OFF-EN-10002710,"GlobeWeis Interoffice Envelope, with clear poly window",232,12.192,7,4,0.052551724137931036
OFF-EN-10002723,"Cameo Interoffice Envelope, with clear poly window",357,17.64,7,2,0.049411764705882356
OFF-EN-10002725,"Ames Manila Envelope, Set of 50",197,45.36,12,4,0.23025380710659898
OFF-EN-10002728,"GlobeWeis Interoffice Envelope, Set of 50",813,186.66,17,3,0.2295940959409594
OFF-EN-10002736,"Cameo Clasp Envelope, with clear poly window",247,80.55,20,6,0.3261133603238866
OFF-EN-10002749,"Kraft Mailers, with clear poly window",41,19.77,1,1,0.4821951219512195
OFF-EN-10002752,"Jiffy Peel and Seal, Set of 50",200,96.0,10,1,0.48
OFF-EN-10002757,"Ames Interoffice Envelope, Security-Tint",389,-19.236,10,4,-0.049449871465295635
OFF-EN-10002778,"Ames Clasp Envelope, Set of 50",51,11.58,11,4,0.22705882352941176
OFF-EN-10002784,"Cameo Manila Envelope, Recycled",525,169.248,25,6,0.32237714285714286
OFF-EN-10002789,"Kraft Peel and Seal, Recycled",483,28.5,25,4,0.059006211180124224
OFF-EN-10002806,"GlobeWeis Peel and Seal, Recycled",282,88.0629,18,5,0.31227978723404254
OFF-EN-10002808,"Cameo Business Envelopes, Set of 50",98,-21.408,8,1,-0.21844897959183673
OFF-EN-10002816,"Kraft Peel and Seal, Recycled",193,38.4,15,4,0.19896373056994818
OFF-EN-10002831,"Tyvek  Top-Opening Peel & Seel  Envelopes, Gray",612,274.94100000000003,17,3,0.44925000000000004
OFF-EN-10002849,"Kraft Interoffice Envelope, with clear poly window",116,23.628,3,2,0.2036896551724138
OFF-EN-10002850,"Ames Manila Envelope, Recycled",234,59.94,12,4,0.2561538461538461
OFF-EN-10002855,"Kraft Interoffice Envelope, Security-Tint",1157,505.776,36,7,0.43714433880726017
OFF-EN-10002873,"Ames Interoffice Envelope, Recycled",396,177.66,9,3,0.4486363636363636
OFF-EN-10002891,"GlobeWeis Mailers, with clear poly window",379,37.71000000000001,10,2,0.0994986807387863
OFF-EN-10002896,"Jiffy Business Envelopes, Set of 50",270,53.04,22,6,0.19644444444444445
OFF-EN-10002911,"Ames Manila Envelope, with clear poly window",68,1.032,4,1,0.015176470588235295
OFF-EN-10002924,"GlobeWeis Interoffice Envelope, Security-Tint",872,-73.083,20,5,-0.08381077981651376
OFF-EN-10002926,"Cameo Mailers, Set of 50",61,-56.544,6,1,-0.9269508196721311
OFF-EN-10002936,"GlobeWeis Business Envelopes, with clear poly window",25,-3.804,2,1,-0.15216
OFF-EN-10002955,"Jiffy Interoffice Envelope, with clear poly window",375,136.44,9,3,0.36384
OFF-EN-10002959,"GlobeWeis Mailers, with clear poly window",44,-24.704,4,2,-0.5614545454545454
OFF-EN-10002961,"Kraft Clasp Envelope, Security-Tint",23,5.22,2,1,0.22695652173913042
OFF-EN-10002973,Ampad #10 Peel & Seel Holiday Envelopes,54,25.8048,12,3,0.47786666666666666
OFF-EN-10002985,"Cameo Peel and Seal, Recycled",723,-24.810000000000002,43,7,-0.03431535269709544
OFF-EN-10002986,"#10-4 1/8"" x 9 1/2"" Premium Diagonal Seam Envelopes",176,63.747,13,2,0.3621988636363636
OFF-EN-10003000,"Cameo Mailers, Recycled",881,346.84799999999996,24,6,0.39369807037457427
OFF-EN-10003001,Ames Color-File Green Diamond Border X-ray Mailers,1361,559.3068000000001,18,4,0.4109528288023513
OFF-EN-10003018,"GlobeWeis Clasp Envelope, Set of 50",20,0.0,2,1,0.0
OFF-EN-10003040,Quality Park Security Envelopes,241,88.19290000000001,11,4,0.365945643153527
OFF-EN-10003049,"GlobeWeis Clasp Envelope, Security-Tint",86,32.55,7,2,0.3784883720930232
OFF-EN-10003055,"Blue String-Tie & Button Interoffice Envelopes, 10 x 13",784,299.85,22,7,0.38246173469387756
OFF-EN-10003068,#6 3/4 Gummed Flap White Envelopes,72,24.948,9,4,0.34650000000000003
OFF-EN-10003069,"Ames Mailers, Set of 50",592,36.405,18,5,0.06149493243243243
OFF-EN-10003071,"Kraft Clasp Envelope, Security-Tint",46,-7.359999999999999,8,4,-0.15999999999999998
OFF-EN-10003072,Peel & Seel Envelopes,63,26.5392,18,4,0.4212571428571429
OFF-EN-10003073,"Jiffy Business Envelopes, Set of 50",137,20.37,7,2,0.14868613138686132
OFF-EN-10003080,"Kraft Peel and Seal, Security-Tint",666,106.14,29,8,0.15936936936936938
OFF-EN-10003087,"Jiffy Peel and Seal, Security-Tint",336,36.9,15,4,0.10982142857142857
OFF-EN-10003094,"Ames Peel and Seal, with clear poly window",151,-39.675999999999995,13,4,-0.2627549668874172
OFF-EN-10003103,"GlobeWeis Manila Envelope, with clear poly window",248,76.56,8,4,0.30870967741935484
OFF-EN-10003111,"GlobeWeis Clasp Envelope, Recycled",102,21.56,22,3,0.21137254901960784
OFF-EN-10003134,Staples,247,107.456,24,7,0.4350445344129555
OFF-EN-10003160,Pastel Pink Envelopes,65,31.4496,9,3,0.48384
OFF-EN-10003175,"Ames Manila Envelope, Security-Tint",462,32.256,28,8,0.06981818181818182
OFF-EN-10003176,"Cameo Manila Envelope, Set of 50",130,-12.96,8,2,-0.0996923076923077
OFF-EN-10003177,"Kraft Interoffice Envelope, Recycled",937,232.08,23,4,0.24768409818569906
OFF-EN-10003231,"Jiffy Business Envelopes, Set of 50",389,56.04,21,5,0.14406169665809768
OFF-EN-10003271,"Ames Peel and Seal, Security-Tint",267,34.56299999999999,16,4,0.12944943820224714
OFF-EN-10003272,"Jiffy Clasp Envelope, Recycled",6,-7.764,3,1,-1.294
OFF-EN-10003286,Staples,286,131.238,35,7,0.45887412587412585
OFF-EN-10003296,Tyvek Side-Opening Peel & Seel Expanding Envelopes,1266,570.024,14,5,0.4502559241706161
OFF-EN-10003299,"Cameo Mailers, Security-Tint",284,17.01,7,1,0.0598943661971831
OFF-EN-10003316,"Jiffy Business Envelopes, Recycled",236,6.6095999999999995,18,4,0.02800677966101695
OFF-EN-10003332,"Jiffy Interoffice Envelope, Recycled",874,296.96000000000004,29,6,0.33977116704805493
OFF-EN-10003352,"Kraft Manila Envelope, with clear poly window",200,54.32,14,8,0.2716
OFF-EN-10003360,"Kraft Mailers, with clear poly window",601,131.57399999999998,15,3,0.2189251247920133
OFF-EN-10003361,"GlobeWeis Manila Envelope, Security-Tint",596,5.4,20,4,0.009060402684563758
OFF-EN-10003373,"GlobeWeis Interoffice Envelope, Recycled",420,88.38,10,3,0.2104285714285714
OFF-EN-10003381,"Cameo Manila Envelope, Security-Tint",1060,518.4,36,7,0.4890566037735849
OFF-EN-10003391,"Jiffy Manila Envelope, Set of 50",293,24.7923,18,5,0.08461535836177475
OFF-EN-10003392,"Kraft Peel and Seal, Set of 50",272,-13.592999999999998,17,5,-0.04997426470588234
OFF-EN-10003398,"Jiffy Peel and Seal, Security-Tint",40,12.978,2,1,0.32445
OFF-EN-10003413,"Jiffy Interoffice Envelope, with clear poly window",778,139.36860000000001,18,4,0.17913701799485862
OFF-EN-10003413,"Kraft Manila Envelope, Security-Tint",266,8.0991,10,3,0.030447744360902255
OFF-EN-10003416,"Jiffy Peel and Seal, with clear poly window",19,-19.32,3,2,-1.016842105263158
OFF-EN-10003422,"Kraft Peel and Seal, Recycled",77,11.52,4,1,0.1496103896103896
OFF-EN-10003425,"Cameo Mailers, Recycled",197,92.64,8,3,0.470253807106599
OFF-EN-10003431,"Cameo Interoffice Envelope, Security-Tint",648,64.74,13,4,0.0999074074074074
OFF-EN-10003435,"GlobeWeis Business Envelopes, with clear poly window",260,42.2532,15,6,0.16251230769230768
OFF-EN-10003444,"Jiffy Clasp Envelope, with clear poly window",60,16.8,5,2,0.28
OFF-EN-10003448,"Cameo Clasp Envelope, Set of 50",172,13.5,18,3,0.07848837209302326
OFF-EN-10003448,"Peel & Seel Recycled Catalog Envelopes, Brown",88,35.898,9,2,0.40793181818181823
OFF-EN-10003455,"Cameo Manila Envelope, Set of 50",200,39.42,9,3,0.1971
OFF-EN-10003463,"Jiffy Peel and Seal, Recycled",261,54.07469999999999,18,3,0.20718275862068963
OFF-EN-10003465,"Cameo Peel and Seal, Security-Tint",280,16.56,12,3,0.059142857142857136
OFF-EN-10003472,"Cameo Clasp Envelope, Security-Tint",220,11.543999999999999,30,6,0.05247272727272727
OFF-EN-10003484,"Ames Clasp Envelope, Recycled",30,6.3,5,3,0.21
OFF-EN-10003498,"Cameo Interoffice Envelope, Recycled",1491,471.3675,35,8,0.31614185110663984
OFF-EN-10003507,"Kraft Business Envelopes, Recycled",352,-11.02,31,7,-0.03130681818181818
OFF-EN-10003508,"GlobeWeis Peel and Seal, with clear poly window",407,155.2383,19,7,0.3814208845208845
OFF-EN-10003511,"Jiffy Interoffice Envelope, Security-Tint",49,6.81,1,1,0.1389795918367347
OFF-EN-10003512,"Jiffy Peel and Seal, Recycled",75,29.28,4,1,0.3904
OFF-EN-10003520,"Cameo Clasp Envelope, Set of 50",94,21.878999999999998,11,2,0.23275531914893616
OFF-EN-10003520,"Kraft Mailers, Recycled",87,-39.48,4,1,-0.45379310344827584
OFF-EN-10003529,"Ames Peel and Seal, Recycled",419,108.72,36,9,0.2594749403341289
OFF-EN-10003529,"GlobeWeis Manila Envelope, Recycled",457,-50.748000000000005,30,7,-0.11104595185995625
OFF-EN-10003533,"Cameo Peel and Seal, Recycled",30,-16.11,3,1,-0.537
OFF-EN-10003537,"GlobeWeis Manila Envelope, Set of 50",747,151.4514,31,8,0.20274618473895584
OFF-EN-10003540,"Cameo Mailers, Set of 50",139,46.5456,4,2,0.33486043165467627
OFF-EN-10003544,"Ames Peel and Seal, Recycled",23,-19.88,5,1,-0.8643478260869565
OFF-EN-10003547,"Jiffy Interoffice Envelope, Set of 50",882,87.78,19,4,0.09952380952380953
OFF-EN-10003550,"Ames Mailers, Set of 50",503,240.66000000000003,14,3,0.47844930417495035
OFF-EN-10003559,"Jiffy Clasp Envelope, with clear poly window",240,87.52000000000001,34,9,0.3646666666666667
OFF-EN-10003560,"Kraft Clasp Envelope, with clear poly window",263,3.4239999999999995,34,8,0.013019011406844104
OFF-EN-10003567,"Inter-Office Recycled Envelopes, Brown Kraft, Button-String,10"" x 13"" , 100/Box",198,81.326,10,3,0.4107373737373737
OFF-EN-10003577,"GlobeWeis Manila Envelope, with clear poly window",359,-77.75200000000001,23,5,-0.21657938718662956
OFF-EN-10003601,"GlobeWeis Clasp Envelope, Set of 50",164,-5.94,17,6,-0.036219512195121956
OFF-EN-10003604,"Jiffy Clasp Envelope, Set of 50",2,-1.148,1,1,-0.574
OFF-EN-10003607,"Cameo Business Envelopes, Recycled",235,-32.480000000000004,23,3,-0.13821276595744683
OFF-EN-10003615,"GlobeWeis Interoffice Envelope, with clear poly window",390,-53.544000000000004,12,2,-0.1372923076923077
OFF-EN-10003619,"Kraft Manila Envelope, with clear poly window",230,15.5001,11,3,0.06739173913043478
OFF-EN-10003623,"GlobeWeis Interoffice Envelope, Set of 50",383,76.32000000000001,12,5,0.19926892950391648
OFF-EN-10003628,"GlobeWeis Manila Envelope, Set of 50",307,-0.03200000000000003,20,4,-0.0001042345276872965
OFF-EN-10003630,"GlobeWeis Business Envelopes, Set of 50",347,30.299999999999997,25,6,0.08731988472622478
OFF-EN-10003632,"Jiffy Mailers, Recycled",343,-85.6059,14,5,-0.24957988338192422
OFF-EN-10003636,"Jiffy Peel and Seal, Security-Tint",422,84.708,30,7,0.2007298578199052
OFF-EN-10003661,"Cameo Clasp Envelope, Recycled",57,14.648,13,5,0.25698245614035087
OFF-EN-10003668,"Ames Business Envelopes, Recycled",34,10.56,3,1,0.31058823529411766
OFF-EN-10003669,"Jiffy Mailers, Security-Tint",792,300.6,20,4,0.3795454545454546
OFF-EN-10003673,"GlobeWeis Business Envelopes, Set of 50",21,2.028,3,1,0.09657142857142857
OFF-EN-10003675,"GlobeWeis Interoffice Envelope, Recycled",689,317.836,23,5,0.46130043541364296
OFF-EN-10003685,"Jiffy Mailers, with clear poly window",54,-50.22,5,1,-0.9299999999999999
OFF-EN-10003689,"Kraft Business Envelopes, Security-Tint",110,-5.02,11,3,-0.045636363636363635
OFF-EN-10003715,"Kraft Manila Envelope, Set of 50",580,-25.6494,26,9,-0.04422310344827586
OFF-EN-10003721,"Jiffy Business Envelopes, Security-Tint",92,23.304000000000002,10,4,0.25330434782608696
OFF-EN-10003728,"Cameo Mailers, with clear poly window",708,-55.52,33,8,-0.0784180790960452
OFF-EN-10003729,"Kraft Manila Envelope, Recycled",121,-18.288,8,3,-0.1511404958677686
OFF-EN-10003731,"GlobeWeis Mailers, Set of 50",31,-26.22,3,1,-0.8458064516129032
OFF-EN-10003733,"Cameo Interoffice Envelope, Security-Tint",100,44.82,2,1,0.4482
OFF-EN-10003737,"Cameo Interoffice Envelope, Set of 50",664,238.98,14,4,0.35990963855421687
OFF-EN-10003737,"Jiffy Mailers, Security-Tint",74,-77.616,7,1,-1.0488648648648649
OFF-EN-10003737,"Kraft Business Envelopes, Set of 50",60,28.71,3,1,0.47850000000000004
OFF-EN-10003748,"Ames Mailers, with clear poly window",177,56.654999999999994,6,2,0.32008474576271184
OFF-EN-10003770,"Kraft Manila Envelope, with clear poly window",420,147.0,14,1,0.35
OFF-EN-10003780,"Jiffy Peel and Seal, Recycled",432,73.14,23,5,0.16930555555555557
OFF-EN-10003785,"GlobeWeis Mailers, Set of 50",385,3.5999999999999996,10,3,0.009350649350649349
OFF-EN-10003798,"Recycled Interoffice Envelopes with Re-Use-A-Seal Closure, 10 x 13",68,23.0445,5,2,0.33888970588235295
OFF-EN-10003817,"Jiffy Business Envelopes, Security-Tint",192,11.16,12,5,0.058125
OFF-EN-10003832,"Ames Business Envelopes, Set of 50",260,-32.232,27,4,-0.12396923076923076
OFF-EN-10003834,"Cameo Business Envelopes, Recycled",87,0.8250000000000002,5,2,0.009482758620689657
OFF-EN-10003838,"Cameo Business Envelopes, Security-Tint",34,2.7,2,1,0.07941176470588236
OFF-EN-10003838,"Cameo Peel and Seal, with clear poly window",74,21.330000000000002,3,2,0.28824324324324324
OFF-EN-10003845,Colored Envelopes,51,19.0404,16,5,0.3733411764705883
OFF-EN-10003850,"GlobeWeis Clasp Envelope, Security-Tint",384,182.16,48,10,0.474375
OFF-EN-10003853,"Cameo Peel and Seal, Recycled",40,4.74,2,1,0.11850000000000001
OFF-EN-10003854,"Jiffy Clasp Envelope, Security-Tint",33,-13.14,5,2,-0.3981818181818182
OFF-EN-10003858,"Jiffy Manila Envelope, Recycled",25,7.68,1,1,0.3072
OFF-EN-10003859,"Jiffy Interoffice Envelope, with clear poly window",320,-96.128,16,3,-0.3004
OFF-EN-10003862,Laser & Ink Jet Business Envelopes,199,83.226,20,5,0.4182211055276382
OFF-EN-10003885,"Ames Interoffice Envelope, Set of 50",23,-4.98,1,1,-0.2165217391304348
OFF-EN-10003887,"Cameo Interoffice Envelope, with clear poly window",68,-86.74,5,1,-1.2755882352941175
OFF-EN-10003898,"Ames Peel and Seal, Set of 50",382,-35.792,34,9,-0.09369633507853403
OFF-EN-10003904,"Jiffy Business Envelopes, Recycled",148,23.4,10,5,0.1581081081081081
OFF-EN-10003920,"Jiffy Business Envelopes, Set of 50",31,-32.04,4,1,-1.033548387096774
OFF-EN-10003933,"Kraft Manila Envelope, Security-Tint",606,48.510000000000005,21,4,0.08004950495049505
OFF-EN-10003936,"Cameo Peel and Seal, with clear poly window",565,247.71,23,7,0.43842477876106195
OFF-EN-10003939,"Kraft Interoffice Envelope, Set of 50",651,125.024,24,6,0.19204915514592935
OFF-EN-10003962,"GlobeWeis Clasp Envelope, Set of 50",248,99.0,25,7,0.39919354838709675
OFF-EN-10003977,"Cameo Clasp Envelope, Recycled",179,-28.716,27,6,-0.1604245810055866
OFF-EN-10003979,"Kraft Clasp Envelope, with clear poly window",25,3.96,2,1,0.15839999999999999
OFF-EN-10003999,"Cameo Peel and Seal, with clear poly window",278,69.36,17,5,0.24949640287769784
OFF-EN-10004007,Park Ridge Embossed Executive Business Envelopes,62,29.2716,4,1,0.47212258064516127
OFF-EN-10004012,"GlobeWeis Peel and Seal, Set of 50",204,64.172,19,7,0.31456862745098035
OFF-EN-10004030,Convenience Packs of Business Envelopes,59,24.109199999999998,18,6,0.4086305084745762
OFF-EN-10004030,"Kraft Mailers, Security-Tint",32,-10.44,3,1,-0.32625
OFF-EN-10004051,"Ames Manila Envelope, Set of 50",321,25.349999999999998,13,5,0.07897196261682242
OFF-EN-10004053,"GlobeWeis Manila Envelope, with clear poly window",390,73.14869999999999,14,4,0.1875607692307692
OFF-EN-10004057,"Jiffy Manila Envelope, Recycled",183,-61.36,15,3,-0.33530054644808743
OFF-EN-10004074,"GlobeWeis Clasp Envelope, Recycled",74,3.0,11,3,0.04054054054054054
OFF-EN-10004100,"Kraft Mailers, Security-Tint",287,132.6,11,5,0.46202090592334494
OFF-EN-10004120,"Jiffy Peel and Seal, Set of 50",250,54.735,13,5,0.21894
OFF-EN-10004144,"Cameo Clasp Envelope, Security-Tint",277,46.692899999999995,30,7,0.16856642599277977
OFF-EN-10004147,Wausau Papers Astrobrights Colored Envelopes,50,22.7838,9,3,0.45567599999999997
OFF-EN-10004150,"GlobeWeis Business Envelopes, Recycled",284,120.984,18,5,0.426
OFF-EN-10004173,"Ames Peel and Seal, Recycled",370,70.8378,22,5,0.19145351351351353
OFF-EN-10004173,"Jiffy Manila Envelope, Set of 50",35,-16.52,5,1,-0.472
OFF-EN-10004181,"GlobeWeis Business Envelopes, Recycled",44,11.088,3,1,0.252
OFF-EN-10004183,"Jiffy Business Envelopes, Recycled",357,17.856,30,9,0.05001680672268908
OFF-EN-10004186,"Cameo Mailers, Set of 50",229,107.46,6,2,0.46925764192139735
OFF-EN-10004186,"Kraft Interoffice Envelope, with clear poly window",773,340.4,23,6,0.44036222509702455
OFF-EN-10004190,"Cameo Mailers, Security-Tint",539,105.92,24,7,0.19651205936920224
OFF-EN-10004206,Multimedia Mailers,326,149.8956,2,1,0.45980245398773006
OFF-EN-10004211,"GlobeWeis Business Envelopes, Security-Tint",237,101.52,18,4,0.4283544303797468
OFF-EN-10004212,"Kraft Manila Envelope, Recycled",76,13.59,3,1,0.1788157894736842
OFF-EN-10004254,"Ames Interoffice Envelope, Recycled",53,-35.136,2,1,-0.6629433962264152
OFF-EN-10004296,"GlobeWeis Mailers, Security-Tint",779,253.26000000000002,21,5,0.32510911424903727
OFF-EN-10004303,"Jiffy Mailers, Recycled",126,-75.705,7,1,-0.6008333333333333
OFF-EN-10004305,"Jiffy Manila Envelope, Security-Tint",34,-11.388,2,1,-0.33494117647058824
OFF-EN-10004309,"GlobeWeis Business Envelopes, Recycled",19,-2.292,2,1,-0.12063157894736841
OFF-EN-10004386,"Recycled Interoffice Envelopes with String and Button Closure, 10 x 13",260,115.152,12,5,0.4428923076923077
OFF-EN-10004404,"Jiffy Manila Envelope, with clear poly window",296,2.7,10,3,0.009121621621621622
OFF-EN-10004410,"GlobeWeis Mailers, Security-Tint",1131,294.84,51,11,0.26068965517241377
OFF-EN-10004418,"GlobeWeis Clasp Envelope, Recycled",131,18.0,15,3,0.13740458015267176
OFF-EN-10004422,"Cameo Peel and Seal, Set of 50",343,-0.21000000000000085,23,7,-0.0006122448979591861
OFF-EN-10004424,"GlobeWeis Interoffice Envelope, Set of 50",622,93.21000000000001,13,4,0.14985530546623796
OFF-EN-10004443,"Ames Mailers, Security-Tint",102,-61.2,10,1,-0.6
OFF-EN-10004453,"Kraft Interoffice Envelope, Security-Tint",99,13.8,2,1,0.1393939393939394
OFF-EN-10004459,Security-Tint Envelopes,162,73.8788,23,9,0.456041975308642
OFF-EN-10004462,"Ames Peel and Seal, Security-Tint",271,-2.593499999999999,16,3,-0.009570110701107007
OFF-EN-10004469,"Jiffy Manila Envelope, Recycled",99,0.96,4,1,0.009696969696969697
OFF-EN-10004470,"Ames Clasp Envelope, Security-Tint",159,45.04,29,10,0.28327044025157233
OFF-EN-10004473,"Ames Interoffice Envelope, with clear poly window",1320,-21.983999999999988,29,9,-0.016654545454545446
OFF-EN-10004479,"Ames Clasp Envelope, Security-Tint",5,-2.72,2,1,-0.544
OFF-EN-10004483,"#10 White Business Envelopes,4 1/8 x 9 1/2",489,223.1408,32,7,0.45632065439672803
OFF-EN-10004486,"GlobeWeis Business Envelopes, Security-Tint",278,-73.8582,20,5,-0.2656769784172662
OFF-EN-10004491,"Cameo Manila Envelope, Recycled",309,132.84,12,3,0.4299029126213592
OFF-EN-10004493,"GlobeWeis Manila Envelope, Security-Tint",384,-62.559,15,4,-0.16291406249999998
OFF-EN-10004495,"Kraft Peel and Seal, Security-Tint",428,-61.099199999999996,24,5,-0.14275514018691587
OFF-EN-10004503,"GlobeWeis Peel and Seal, Security-Tint",297,105.495,13,4,0.35520202020202024
OFF-EN-10004507,"GlobeWeis Mailers, Set of 50",154,66.24,4,1,0.4301298701298701
OFF-EN-10004518,"GlobeWeis Mailers, Recycled",623,199.0,25,5,0.31942215088282505
OFF-EN-10004521,"Ames Manila Envelope, Security-Tint",54,24.36,2,1,0.4511111111111111
OFF-EN-10004525,"GlobeWeis Peel and Seal, Security-Tint",226,41.611999999999995,17,7,0.18412389380530972
OFF-EN-10004526,"GlobeWeis Mailers, Recycled",999,423.71250000000003,28,7,0.42413663663663664
OFF-EN-10004537,"GlobeWeis Clasp Envelope, with clear poly window",162,77.4,18,4,0.4777777777777778
OFF-EN-10004547,"Ames Business Envelopes, Security-Tint",117,-44.04,17,4,-0.3764102564102564
OFF-EN-10004550,"GlobeWeis Interoffice Envelope, Recycled",392,-51.39960000000001,14,4,-0.13112142857142858
OFF-EN-10004560,"Ames Mailers, Security-Tint",323,84.5325,12,4,0.26171052631578945
OFF-EN-10004560,"Cameo Business Envelopes, Security-Tint",385,118.89999999999999,35,10,0.3088311688311688
OFF-EN-10004564,"Jiffy Mailers, Set of 50",30,-26.784,3,1,-0.8927999999999999
OFF-EN-10004568,"Kraft Business Envelopes, Set of 50",211,70.996,19,5,0.33647393364928907
OFF-EN-10004571,"Ames Peel and Seal, with clear poly window",378,173.39999999999998,17,4,0.45873015873015865
OFF-EN-10004580,"Cameo Interoffice Envelope, with clear poly window",836,0.5279999999999987,27,7,0.0006315789473684195
OFF-EN-10004590,"Ames Peel and Seal, with clear poly window",213,32.238,11,5,0.15135211267605633
OFF-EN-10004597,"GlobeWeis Peel and Seal, Set of 50",299,0.0,14,4,0.0
OFF-EN-10004604,"Ames Peel and Seal, Set of 50",47,-3.825,5,1,-0.08138297872340426
OFF-EN-10004649,"Ames Mailers, Recycled",503,-176.775,20,5,-0.351441351888668
OFF-EN-10004649,"Cameo Mailers, with clear poly window",461,125.682,12,4,0.2726290672451193
OFF-EN-10004667,"Kraft Interoffice Envelope, Set of 50",799,175.44,17,5,0.2195744680851064
OFF-EN-10004677,"Jiffy Manila Envelope, Set of 50",208,83.04,8,2,0.3992307692307693
OFF-EN-10004684,"GlobeWeis Mailers, with clear poly window",354,16.656,10,2,0.04705084745762712
OFF-EN-10004742,"Kraft Interoffice Envelope, Recycled",195,46.272000000000006,8,2,0.23729230769230772
OFF-EN-10004744,"GlobeWeis Mailers, with clear poly window",488,17.425799999999995,14,4,0.03570860655737704
OFF-EN-10004755,"Cameo Business Envelopes, Set of 50",225,60.72,11,2,0.26986666666666664
OFF-EN-10004759,"Cameo Interoffice Envelope, Recycled",739,256.91999999999996,18,5,0.34765899864682
OFF-EN-10004773,Staples,434,196.72299999999998,15,4,0.4532788018433179
OFF-EN-10004775,"Kraft Manila Envelope, Set of 50",247,-13.023,11,5,-0.0527246963562753
OFF-EN-10004784,"Kraft Business Envelopes, Recycled",164,-23.813999999999997,11,3,-0.14520731707317072
OFF-EN-10004788,"Ames Mailers, Recycled",55,-15.36,6,2,-0.2792727272727273
OFF-EN-10004788,"Cameo Manila Envelope, Recycled",516,92.4,30,7,0.17906976744186048
OFF-EN-10004793,"Ames Interoffice Envelope, Security-Tint",602,208.72000000000003,20,4,0.34671096345514957
OFF-EN-10004801,"Ames Clasp Envelope, Security-Tint",19,2.28,2,1,0.12
OFF-EN-10004820,"Cameo Manila Envelope, Security-Tint",196,10.0,12,3,0.05102040816326531
OFF-EN-10004840,"Jiffy Clasp Envelope, Security-Tint",52,-17.664,8,2,-0.33969230769230774
OFF-EN-10004846,Letter or Legal Size Expandable Poly String Tie Envelopes,37,15.002400000000002,16,4,0.4054702702702703
OFF-EN-10004849,"Cameo Mailers, Security-Tint",1145,139.7544,37,5,0.12205624454148473
OFF-EN-10004870,"Jiffy Mailers, Security-Tint",677,4.488000000000001,31,6,0.006629246676514034
OFF-EN-10004885,"Jiffy Interoffice Envelope, Recycled",918,353.17199999999997,24,5,0.384718954248366
OFF-EN-10004892,"Ames Manila Envelope, with clear poly window",244,60.7095,11,4,0.2488094262295082
OFF-EN-10004895,"Kraft Mailers, Security-Tint",540,-68.445,16,5,-0.12674999999999997
OFF-EN-10004899,"Jiffy Mailers, Recycled",465,89.85199999999999,23,7,0.1932301075268817
OFF-EN-10004903,"Cameo Manila Envelope, with clear poly window",440,-0.3840000000000039,24,5,-0.0008727272727272816
OFF-EN-10004904,"Cameo Manila Envelope, Set of 50",216,19.44,8,2,0.09000000000000001
OFF-EN-10004909,"GlobeWeis Peel and Seal, Recycled",185,59.608000000000004,17,5,0.32220540540540543
OFF-EN-10004935,"Cameo Clasp Envelope, with clear poly window",175,43.2,20,6,0.24685714285714289
OFF-EN-10004938,"Ames Business Envelopes, Set of 50",123,7.464,11,3,0.0606829268292683
OFF-EN-10004941,"GlobeWeis Manila Envelope, Recycled",479,0.2532000000000014,25,8,0.0005286012526096063
OFF-EN-10004955,Fashion Color Clasp Envelopes,78,36.5175,15,3,0.4681730769230769
OFF-EN-10004956,"Jiffy Interoffice Envelope, Set of 50",74,-107.856,6,1,-1.4575135135135135
OFF-EN-10004956,"Kraft Manila Envelope, with clear poly window",16,-4.824,2,1,-0.3015
OFF-EN-10004958,"Cameo Manila Envelope, Security-Tint",295,55.644000000000005,12,5,0.18862372881355935
OFF-EN-10004970,"GlobeWeis Peel and Seal, Security-Tint",310,37.050000000000004,13,4,0.11951612903225808
OFF-EN-10004977,"Jiffy Manila Envelope, Recycled",265,-226.4292,20,3,-0.8544498113207547
OFF-EN-10004981,"Ames Interoffice Envelope, with clear poly window",292,93.42,6,2,0.3199315068493151
OFF-EN-10004988,"Cameo Mailers, Set of 50",342,46.896,15,4,0.13712280701754387
OFF-EN-10004989,"Cameo Manila Envelope, Set of 50",497,-5.399999999999999,30,6,-0.010865191146881285
OFF-EN-10004995,"Ames Interoffice Envelope, with clear poly window",422,139.1,13,4,0.3296208530805687
OFF-ENE-10000012,"Enermax Computer Printout Paper, Recycled",65,-96.546,6,3,-1.485323076923077
OFF-ENE-10000199,"Enermax Computer Printout Paper, Multicolor",39,-19.176,2,2,-0.49169230769230765
OFF-ENE-10000516,"Enermax Note Cards, Multicolor",59,-18.648,3,3,-0.3160677966101695
OFF-ENE-10000935,"Enermax Memo Slips, Premium",110,2.1,7,2,0.019090909090909092
OFF-ENE-10001117,"Enermax Message Books, 8.5 x 11",43,-39.456,4,1,-0.9175813953488373
OFF-ENE-10001291,"Enermax Computer Printout Paper, Premium",94,34.671,4,3,0.3688404255319149
OFF-ENE-10001356,"Enermax Cards & Envelopes, Multicolor",253,-39.858000000000004,7,5,-0.1575415019762846
OFF-ENE-10001906,"Enermax Message Books, Recycled",177,78.72,8,7,0.4447457627118644
OFF-ENE-10002038,"Enermax Message Books, Premium",9,-12.6,1,1,-1.4
OFF-ENE-10002093,"Enermax Message Books, Multicolor",91,-68.322,7,5,-0.7507912087912089
OFF-ENE-10002104,"Enermax Note Cards, Premium",353,45.617999999999995,13,4,0.12922946175637393
OFF-ENE-10002470,"Enermax Cards & Envelopes, 8.5 x 11",102,9.18,2,1,0.09
OFF-ENE-10002784,"Enermax Parchment Paper, Multicolor",129,21.84,9,6,0.16930232558139535
OFF-ENE-10002833,"Enermax Cards & Envelopes, Premium",636,100.65,16,7,0.15825471698113208
OFF-ENE-10002922,"Enermax Note Cards, Premium",543,54.15,19,8,0.09972375690607735
OFF-ENE-10003066,"Enermax Memo Slips, Multicolor",17,8.01,1,1,0.4711764705882353
OFF-ENE-10003274,"Enermax Memo Slips, 8.5 x 11",120,0.0,6,4,0.0
OFF-ENE-10003314,"Enermax Parchment Paper, Recycled",78,-96.83999999999999,12,5,-1.2415384615384615
OFF-ENE-10003409,"Enermax Memo Slips, Recycled",94,17.64,6,3,0.18765957446808512
OFF-ENE-10003549,"Enermax Cards & Envelopes, Recycled",66,-116.586,4,3,-1.7664545454545455
OFF-ENE-10004132,"Enermax Computer Printout Paper, 8.5 x 11",326,84.6,10,2,0.25950920245398773
OFF-ENE-10004377,"Enermax Note Cards, 8.5 x 11",170,71.46,6,1,0.42035294117647054
OFF-ENE-10004401,"Enermax Parchment Paper, Premium",108,0.0,7,3,0.0
OFF-ENE-10004866,"Enermax Parchment Paper, 8.5 x 11",6,-8.211,1,1,-1.3685
OFF-FA-10000010,"OIC Staples, Metal",148,47.28,15,5,0.31945945945945947
OFF-FA-10000027,"Stockwell Rubber Bands, Bulk Pack",336,117.312,26,7,0.34914285714285714
OFF-FA-10000038,"Advantus Clamps, Metal",101,-6.348,9,4,-0.06285148514851485
OFF-FA-10000038,"Stockwell Clamps, Assorted Sizes",170,50.796,13,5,0.2988
OFF-FA-10000046,"Advantus Staples, Bulk Pack",82,16.05,10,3,0.19573170731707318
OFF-FA-10000053,Revere Boxed Rubber Bands by Revere,49,-5.707800000000001,29,6,-0.1164857142857143
OFF-FA-10000059,"Stockwell Clamps, Bulk Pack",83,8.196,6,2,0.09874698795180722
OFF-FA-10000067,"Stockwell Staples, 12 Pack",51,15.3,5,2,0.3
OFF-FA-10000074,"Stockwell Push Pins, Bulk Pack",17,-3.216,2,1,-0.1891764705882353
OFF-FA-10000087,"Accos Clamps, Assorted Sizes",150,27.348,15,4,0.18231999999999998
OFF-FA-10000089,Acco Glide Clips,20,9.604,5,1,0.48019999999999996
OFF-FA-10000089,"OIC Rubber Bands, Assorted Sizes",29,4.62,2,1,0.15931034482758621
OFF-FA-10000091,"Stockwell Push Pins, Metal",126,-13.84,15,4,-0.10984126984126984
OFF-FA-10000099,"Stockwell Paper Clips, Metal",122,-9.456,15,3,-0.07750819672131147
OFF-FA-10000122,"Advantus Paper Clips, Assorted Sizes",27,-17.88,4,1,-0.6622222222222222
OFF-FA-10000131,"Accos Clamps, 12 Pack",176,-3.3200000000000003,16,3,-0.018863636363636364
OFF-FA-10000134,"Advantus Push Pins, Aluminum Head",140,43.2264,24,5,0.30876
OFF-FA-10000134,"Stockwell Push Pins, Assorted Sizes",16,-18.54,5,1,-1.15875
OFF-FA-10000136,"Accos Paper Clips, Assorted Sizes",66,-18.642000000000003,7,2,-0.2824545454545455
OFF-FA-10000146,"Stockwell Rubber Bands, Assorted Sizes",84,15.84,6,2,0.18857142857142856
OFF-FA-10000154,"OIC Paper Clips, Bulk Pack",183,72.561,15,5,0.3965081967213115
OFF-FA-10000179,"Advantus Paper Clips, Metal",228,54.57000000000001,17,4,0.23934210526315794
OFF-FA-10000189,"OIC Paper Clips, 12 Pack",216,45.870000000000005,16,6,0.21236111111111114
OFF-FA-10000191,"Stockwell Rubber Bands, 12 Pack",62,18.6,4,1,0.30000000000000004
OFF-FA-10000194,"OIC Push Pins, Metal",194,35.547999999999995,22,6,0.18323711340206184
OFF-FA-10000196,"OIC Paper Clips, Bulk Pack",31,-36.256,8,1,-1.1695483870967742
OFF-FA-10000197,"Stockwell Push Pins, Metal",269,39.7026,28,6,0.14759330855018588
OFF-FA-10000197,"Stockwell Rubber Bands, Assorted Sizes",35,1.8540000000000005,3,2,0.052971428571428586
OFF-FA-10000207,"OIC Clamps, Assorted Sizes",52,3.6,3,1,0.06923076923076923
OFF-FA-10000227,"OIC Clamps, Metal",179,80.46,9,3,0.4494972067039106
OFF-FA-10000248,"Stockwell Rubber Bands, Assorted Sizes",254,107.9256,21,7,0.42490393700787404
OFF-FA-10000254,Sterling Rubber Bands by Alliance,20,-3.768,5,2,-0.18839999999999998
OFF-FA-10000256,"Advantus Clamps, Bulk Pack",170,65.532,9,3,0.38548235294117644
OFF-FA-10000260,"Stockwell Push Pins, Metal",184,-15.6,15,3,-0.08478260869565217
OFF-FA-10000263,"Stockwell Thumb Tacks, Bulk Pack",336,114.984,30,7,0.3422142857142857
OFF-FA-10000294,"Advantus Clamps, Metal",399,54.7719,24,7,0.13727293233082707
OFF-FA-10000300,"Stockwell Push Pins, Assorted Sizes",218,27.216,36,10,0.12484403669724771
OFF-FA-10000304,Advantus Push Pins,55,20.2086,27,7,0.3674290909090909
OFF-FA-10000349,"OIC Push Pins, 12 Pack",43,17.55,3,1,0.40813953488372096
OFF-FA-10000353,"Accos Staples, Metal",260,-67.5945,30,9,-0.25997884615384614
OFF-FA-10000353,"Stockwell Clamps, Assorted Sizes",224,46.152,15,3,0.2060357142857143
OFF-FA-10000401,"Advantus Paper Clips, Metal",104,-14.128,14,3,-0.13584615384615384
OFF-FA-10000406,"Advantus Thumb Tacks, Metal",111,3.3479999999999994,13,6,0.030162162162162158
OFF-FA-10000411,"Accos Clamps, Assorted Sizes",85,13.41,6,3,0.15776470588235295
OFF-FA-10000429,"Stockwell Push Pins, Bulk Pack",86,18.0,6,2,0.20930232558139536
OFF-FA-10000439,"Stockwell Thumb Tacks, Assorted Sizes",129,12.552,18,6,0.09730232558139534
OFF-FA-10000447,"Accos Paper Clips, Assorted Sizes",121,8.32,13,4,0.0687603305785124
OFF-FA-10000455,"Stockwell Thumb Tacks, 12 Pack",233,78.672,28,9,0.3376480686695279
OFF-FA-10000459,"OIC Paper Clips, 12 Pack",28,4.68,2,1,0.16714285714285712
OFF-FA-10000467,"Stockwell Push Pins, 12 Pack",444,136.7,49,10,0.30788288288288285
OFF-FA-10000470,"Stockwell Paper Clips, Assorted Sizes",81,31.24,11,4,0.385679012345679
OFF-FA-10000471,"Accos Paper Clips, Assorted Sizes",106,24.108,10,2,0.22743396226415094
OFF-FA-10000474,"OIC Staples, 12 Pack",22,1.02,2,1,0.046363636363636364
OFF-FA-10000475,"OIC Paper Clips, Metal",231,15.819999999999997,28,6,0.06848484848484847
OFF-FA-10000487,"Stockwell Paper Clips, Bulk Pack",42,12.15,3,1,0.2892857142857143
OFF-FA-10000490,"OIC Binder Clips, Mini, 1/4"" Capacity, Black",15,7.0804,13,5,0.47202666666666665
OFF-FA-10000509,"Advantus Clamps, Bulk Pack",304,77.896,24,5,0.25623684210526315
OFF-FA-10000520,"Stockwell Paper Clips, Bulk Pack",328,149.13,25,7,0.45466463414634145
OFF-FA-10000522,"Stockwell Thumb Tacks, 12 Pack",242,3.344000000000001,35,7,0.013818181818181823
OFF-FA-10000540,"Stockwell Staples, Assorted Sizes",66,26.400000000000002,12,3,0.4
OFF-FA-10000549,"Advantus Staples, Metal",168,-16.774800000000003,19,4,-0.09985000000000002
OFF-FA-10000563,"Accos Push Pins, Assorted Sizes",136,44.46,20,6,0.32691176470588235
OFF-FA-10000571,"Accos Rubber Bands, Assorted Sizes",127,29.16,9,3,0.22960629921259842
OFF-FA-10000577,"Stockwell Push Pins, 12 Pack",220,72.8886,22,7,0.33131181818181815
OFF-FA-10000581,"Stockwell Thumb Tacks, Metal",253,23.365499999999997,25,7,0.09235375494071145
OFF-FA-10000585,OIC Bulk Pack Metal Binder Clips,91,35.598,30,8,0.3911868131868132
OFF-FA-10000611,Binder Clips by OIC,36,15.3328,27,7,0.42591111111111113
OFF-FA-10000621,"OIC Colored Binder Clips, Assorted Sizes",139,59.284800000000004,44,7,0.42650935251798566
OFF-FA-10000624,OIC Binder Clips,128,60.144,38,7,0.469875
OFF-FA-10000631,"Accos Rubber Bands, Assorted Sizes",248,62.088,30,6,0.2503548387096774
OFF-FA-10000644,"Accos Push Pins, Metal",154,71.248,17,5,0.4626493506493507
OFF-FA-10000659,"Stockwell Clamps, 12 Pack",110,21.78,6,1,0.198
OFF-FA-10000670,"Advantus Clamps, Assorted Sizes",702,17.820000000000004,47,8,0.02538461538461539
OFF-FA-10000697,"Advantus Rubber Bands, 12 Pack",266,-8.6262,20,6,-0.03242932330827068
OFF-FA-10000700,"OIC Thumb Tacks, 12 Pack",133,-30.96,19,5,-0.23278195488721806
OFF-FA-10000713,"Stockwell Clamps, 12 Pack",333,-35.16799999999999,34,9,-0.10560960960960959
OFF-FA-10000720,"Advantus Rubber Bands, Bulk Pack",86,6.588000000000001,8,2,0.07660465116279071
OFF-FA-10000735,Staples,55,23.798000000000002,19,5,0.4326909090909091
OFF-FA-10000740,"Accos Staples, Bulk Pack",11,-6.57,2,1,-0.5972727272727273
OFF-FA-10000746,"Advantus Thumb Tacks, 12 Pack",192,-26.635800000000003,18,5,-0.138728125
OFF-FA-10000757,"Stockwell Paper Clips, Assorted Sizes",249,67.6725,28,6,0.2717771084337349
OFF-FA-10000790,"Stockwell Rubber Bands, Bulk Pack",33,14.52,2,1,0.44
OFF-FA-10000799,"OIC Push Pins, Bulk Pack",75,15.6,5,3,0.208
OFF-FA-10000801,"Advantus Paper Clips, Assorted Sizes",260,77.58,29,9,0.29838461538461536
OFF-FA-10000805,"Accos Staples, 12 Pack",12,-6.684,2,1,-0.557
OFF-FA-10000834,"Advantus Staples, Assorted Sizes",59,19.53,8,4,0.3310169491525424
OFF-FA-10000838,"Stockwell Push Pins, Assorted Sizes",201,-21.5754,19,5,-0.10734029850746268
OFF-FA-10000840,OIC Thumb-Tacks,13,5.1414,13,3,0.3954923076923077
OFF-FA-10000856,"Stockwell Thumb Tacks, Bulk Pack",196,37.065,17,3,0.18910714285714283
OFF-FA-10000899,"Stockwell Clamps, 12 Pack",419,172.06380000000001,27,5,0.4106534606205251
OFF-FA-10000907,"OIC Rubber Bands, Bulk Pack",68,23.16,4,1,0.34058823529411764
OFF-FA-10000936,Acco Hot Clips Clips to Go,68,25.4975,23,6,0.3749632352941176
OFF-FA-10000974,"Stockwell Paper Clips, Bulk Pack",188,52.854,16,6,0.2811382978723404
OFF-FA-10000992,"Acco Clips to Go Binder Clips, 24 Clips in Two Sizes",67,30.2815,19,5,0.4519626865671642
OFF-FA-10000999,"OIC Thumb Tacks, 12 Pack",55,13.5,5,2,0.24545454545454545
OFF-FA-10001010,"Stockwell Clamps, Metal",252,-77.496,23,5,-0.3075238095238095
OFF-FA-10001026,"Stockwell Paper Clips, Assorted Sizes",534,-74.925,50,9,-0.14030898876404493
OFF-FA-10001026,"Stockwell Staples, Metal",180,63.827999999999996,17,4,0.35459999999999997
OFF-FA-10001029,"OIC Push Pins, Assorted Sizes",222,10.8,27,6,0.04864864864864865
OFF-FA-10001030,"Stockwell Paper Clips, Assorted Sizes",84,11.52,6,2,0.13714285714285715
OFF-FA-10001039,"Stockwell Clamps, 12 Pack",11,1.812,1,1,0.16472727272727272
OFF-FA-10001045,"Stockwell Staples, 12 Pack",210,-17.9904,25,7,-0.08566857142857143
OFF-FA-10001051,"OIC Rubber Bands, Metal",223,84.63,13,3,0.3795067264573991
OFF-FA-10001052,"Stockwell Paper Clips, Assorted Sizes",114,-40.05,15,3,-0.3513157894736842
OFF-FA-10001054,"Advantus Thumb Tacks, Metal",117,16.365000000000002,9,3,0.13987179487179488
OFF-FA-10001057,"Accos Clamps, Assorted Sizes",212,30.318,13,3,0.14300943396226415
OFF-FA-10001072,"Advantus Clamps, 12 Pack",185,-8.8992,14,4,-0.048103783783783785
OFF-FA-10001082,"OIC Staples, Assorted Sizes",307,-57.2517,42,10,-0.18648762214983713
OFF-FA-10001086,"Accos Rubber Bands, Assorted Sizes",74,-42.411,10,2,-0.5731216216216216
OFF-FA-10001097,"Accos Paper Clips, Assorted Sizes",440,-2.2350000000000003,39,10,-0.0050795454545454555
OFF-FA-10001104,"Stockwell Paper Clips, Assorted Sizes",99,33.66,11,3,0.33999999999999997
OFF-FA-10001111,"Advantus Rubber Bands, 12 Pack",13,-14.784,2,1,-1.1372307692307693
OFF-FA-10001113,"OIC Push Pins, Assorted Sizes",292,44.196,25,9,0.15135616438356164
OFF-FA-10001115,"Accos Push Pins, Assorted Sizes",120,-39.9,14,2,-0.33249999999999996
OFF-FA-10001126,"Accos Paper Clips, Metal",117,-4.164,10,4,-0.03558974358974359
OFF-FA-10001128,"Stockwell Clamps, Bulk Pack",61,7.656,6,2,0.12550819672131147
OFF-FA-10001135,"Brites Rubber Bands, 1 1/2 oz. Box",13,-0.5147999999999999,7,3,-0.039599999999999996
OFF-FA-10001152,"Stockwell Clamps, Metal",152,8.88,8,1,0.05842105263157895
OFF-FA-10001175,"OIC Staples, Bulk Pack",76,-13.439999999999998,14,3,-0.17684210526315786
OFF-FA-10001184,"Stockwell Staples, Assorted Sizes",58,2.73,7,2,0.04706896551724138
OFF-FA-10001187,"Stockwell Paper Clips, Bulk Pack",158,41.673,13,3,0.263753164556962
OFF-FA-10001199,"Advantus Thumb Tacks, 12 Pack",165,10.36,24,5,0.06278787878787878
OFF-FA-10001213,"Advantus Push Pins, 12 Pack",28,13.86,2,1,0.495
OFF-FA-10001228,"Accos Clamps, Bulk Pack",179,85.896,14,6,0.4798659217877095
OFF-FA-10001229,Staples,30,10.7682,9,3,0.35894
OFF-FA-10001237,"Stockwell Push Pins, Bulk Pack",139,43.976,18,4,0.31637410071942446
OFF-FA-10001246,"OIC Staples, Metal",171,82.35,15,5,0.481578947368421
OFF-FA-10001272,"OIC Thumb Tacks, Assorted Sizes",24,7.56,2,2,0.315
OFF-FA-10001297,"OIC Staples, 12 Pack",195,20.337,20,5,0.10429230769230768
OFF-FA-10001304,"Stockwell Push Pins, Assorted Sizes",273,30.4914,28,7,0.11169010989010988
OFF-FA-10001309,"Stockwell Thumb Tacks, 12 Pack",274,-32.0997,30,7,-0.11715218978102189
OFF-FA-10001330,"OIC Rubber Bands, Bulk Pack",202,21.693000000000005,18,5,0.10739108910891092
OFF-FA-10001332,"Acco Banker's Clasps, 5 3/4""-Long",41,18.0,15,5,0.43902439024390244
OFF-FA-10001337,"Stockwell Staples, Assorted Sizes",133,56.416,27,7,0.42418045112781955
OFF-FA-10001339,"Accos Thumb Tacks, Bulk Pack",174,-21.4176,16,4,-0.1230896551724138
OFF-FA-10001348,"Accos Thumb Tacks, Metal",62,-5.039999999999999,6,2,-0.08129032258064514
OFF-FA-10001359,"Stockwell Rubber Bands, Assorted Sizes",55,27.12,4,2,0.49309090909090914
OFF-FA-10001375,"Accos Clamps, 12 Pack",424,-147.4407,33,8,-0.3477375
OFF-FA-10001401,"OIC Staples, 12 Pack",127,2.1080000000000005,19,5,0.016598425196850397
OFF-FA-10001419,"Stockwell Rubber Bands, 12 Pack",19,-2.568,2,1,-0.13515789473684212
OFF-FA-10001427,"Stockwell Paper Clips, Bulk Pack",230,7.763999999999999,25,6,0.033756521739130435
OFF-FA-10001435,"Advantus Rubber Bands, Metal",264,-5.948,27,5,-0.022530303030303032
OFF-FA-10001476,"OIC Paper Clips, Assorted Sizes",101,42.616,13,4,0.4219405940594059
OFF-FA-10001520,"Stockwell Thumb Tacks, 12 Pack",182,81.48,14,3,0.4476923076923077
OFF-FA-10001521,"Stockwell Thumb Tacks, Assorted Sizes",83,-14.671800000000001,11,4,-0.1767686746987952
OFF-FA-10001526,"Stockwell Rubber Bands, 12 Pack",114,26.7552,8,3,0.23469473684210526
OFF-FA-10001530,"Accos Paper Clips, Assorted Sizes",266,15.959999999999999,19,6,0.06
OFF-FA-10001551,"Stockwell Thumb Tacks, 12 Pack",197,58.149,16,5,0.2951725888324873
OFF-FA-10001561,Stockwell Push Pins,69,20.0996,34,8,0.2912985507246377
OFF-FA-10001563,"Stockwell Staples, Bulk Pack",58,2.4873,6,3,0.04288448275862069
OFF-FA-10001567,"Advantus Paper Clips, Bulk Pack",122,27.244,17,7,0.22331147540983606
OFF-FA-10001574,"Accos Clamps, Bulk Pack",349,163.62,18,3,0.46882521489971346
OFF-FA-10001577,"Stockwell Staples, Bulk Pack",119,17.82,11,4,0.14974789915966386
OFF-FA-10001596,"Stockwell Clamps, 12 Pack",479,-87.708,33,6,-0.18310647181628392
OFF-FA-10001613,"OIC Thumb Tacks, Bulk Pack",112,32.64,9,4,0.2914285714285714
OFF-FA-10001621,"Accos Rubber Bands, 12 Pack",85,-25.2636,8,3,-0.29721882352941176
OFF-FA-10001621,"OIC Rubber Bands, Bulk Pack",323,-15.264899999999997,30,6,-0.047259752321981416
OFF-FA-10001631,"Advantus Staples, Bulk Pack",26,-2.616,4,1,-0.10061538461538462
OFF-FA-10001650,"OIC Push Pins, Metal",169,24.695999999999998,18,5,0.14613017751479287
OFF-FA-10001651,"Stockwell Thumb Tacks, Bulk Pack",81,-8.3235,9,3,-0.10275925925925924
OFF-FA-10001670,"Stockwell Thumb Tacks, Metal",26,-18.48,7,2,-0.7107692307692308
OFF-FA-10001680,"OIC Push Pins, Metal",194,76.497,13,6,0.3943144329896907
OFF-FA-10001684,"Accos Staples, Bulk Pack",97,31.96,14,5,0.32948453608247424
OFF-FA-10001698,"Stockwell Clamps, Assorted Sizes",317,120.27,19,4,0.3794006309148265
OFF-FA-10001700,"Accos Rubber Bands, Bulk Pack",148,47.008,15,6,0.31762162162162166
OFF-FA-10001702,"Advantus Push Pins, 12 Pack",229,90.2286,20,8,0.3940113537117904
OFF-FA-10001710,"Advantus Rubber Bands, Metal",33,10.98,2,1,0.33272727272727276
OFF-FA-10001711,"Accos Rubber Bands, 12 Pack",123,37.647,8,3,0.3060731707317073
OFF-FA-10001718,"Accos Staples, Assorted Sizes",158,-19.638,27,6,-0.12429113924050635
OFF-FA-10001724,"Advantus Paper Clips, Assorted Sizes",216,22.8,20,4,0.10555555555555556
OFF-FA-10001727,"Advantus Thumb Tacks, Assorted Sizes",232,-4.416,32,6,-0.019034482758620692
OFF-FA-10001754,Stockwell Gold Paper Clips,8,3.404,5,2,0.4255
OFF-FA-10001761,"OIC Thumb Tacks, Metal",266,18.272,35,9,0.06869172932330826
OFF-FA-10001764,"OIC Staples, Bulk Pack",68,3.24,6,1,0.04764705882352942
OFF-FA-10001776,"Stockwell Rubber Bands, Metal",123,23.040000000000003,12,5,0.18731707317073173
OFF-FA-10001783,"Stockwell Rubber Bands, Metal",283,135.66,17,4,0.47936395759717315
OFF-FA-10001800,"Accos Paper Clips, Metal",182,-48.735,18,2,-0.2677747252747253
OFF-FA-10001815,"Advantus Push Pins, Bulk Pack",92,34.552,10,3,0.37556521739130433
OFF-FA-10001832,"Accos Rubber Bands, Metal",13,-10.44,3,1,-0.803076923076923
OFF-FA-10001838,"Stockwell Paper Clips, Metal",192,6.323999999999998,17,4,0.03293749999999999
OFF-FA-10001843,Staples,50,21.5878,22,4,0.43175600000000003
OFF-FA-10001871,"Stockwell Rubber Bands, Bulk Pack",97,13.5,9,3,0.13917525773195877
OFF-FA-10001877,"Accos Thumb Tacks, Bulk Pack",248,29.064,30,8,0.11719354838709678
OFF-FA-10001883,"Alliance Super-Size Bands, Assorted Sizes",197,-10.3474,27,4,-0.052524873096446704
OFF-FA-10001892,"Advantus Clamps, Metal",145,51.075,9,5,0.3522413793103448
OFF-FA-10001925,"Advantus Staples, 12 Pack",167,12.309600000000001,20,5,0.07371017964071858
OFF-FA-10001953,"Advantus Clamps, Bulk Pack",77,30.84,4,1,0.4005194805194805
OFF-FA-10001957,"OIC Push Pins, Bulk Pack",54,-18.864,6,1,-0.34933333333333333
OFF-FA-10001963,"Advantus Thumb Tacks, Assorted Sizes",10,1.206,1,1,0.1206
OFF-FA-10002011,"OIC Push Pins, Bulk Pack",266,-23.4201,24,4,-0.08804548872180451
OFF-FA-10002015,"Stockwell Push Pins, 12 Pack",215,-38.868,21,7,-0.18078139534883722
OFF-FA-10002017,"Stockwell Paper Clips, Assorted Sizes",318,123.53999999999999,29,4,0.38849056603773585
OFF-FA-10002025,"Stockwell Clamps, Bulk Pack",23,-11.964,2,1,-0.5201739130434783
OFF-FA-10002045,"Accos Rubber Bands, Metal",49,16.95,3,2,0.34591836734693876
OFF-FA-10002047,"Stockwell Push Pins, Bulk Pack",119,20.159999999999997,11,4,0.16941176470588232
OFF-FA-10002058,"Stockwell Thumb Tacks, Assorted Sizes",111,1.855500000000001,13,4,0.016716216216216224
OFF-FA-10002061,"Accos Paper Clips, Bulk Pack",28,4.2,2,1,0.15
OFF-FA-10002066,"OIC Clamps, Bulk Pack",455,227.01,23,6,0.4989230769230769
OFF-FA-10002071,"Accos Thumb Tacks, Assorted Sizes",200,13.5,18,4,0.0675
OFF-FA-10002084,"Accos Thumb Tacks, 12 Pack",199,-19.228,25,6,-0.09662311557788945
OFF-FA-10002085,"Stockwell Clamps, Assorted Sizes",259,38.467999999999996,25,5,0.14852509652509652
OFF-FA-10002100,"OIC Paper Clips, 12 Pack",202,41.04,24,8,0.20316831683168315
OFF-FA-10002101,"OIC Thumb Tacks, 12 Pack",70,-2.6999999999999993,6,2,-0.03857142857142856
OFF-FA-10002120,"Advantus Paper Clips, Assorted Sizes",68,-6.2,10,4,-0.0911764705882353
OFF-FA-10002156,"Advantus Push Pins, Metal",302,5.827499999999997,23,4,0.01929635761589403
OFF-FA-10002163,"Stockwell Rubber Bands, Assorted Sizes",222,7.436,27,6,0.03349549549549549
OFF-FA-10002175,"OIC Push Pins, Assorted Sizes",67,0.42600000000000016,10,2,0.006358208955223883
OFF-FA-10002177,"OIC Clamps, Metal",284,7.938000000000001,15,6,0.027950704225352115
OFF-FA-10002226,"Stockwell Thumb Tacks, Metal",93,31.5,7,3,0.3387096774193548
OFF-FA-10002241,"Stockwell Clamps, Bulk Pack",533,159.4836,30,6,0.2992187617260788
OFF-FA-10002247,"OIC Paper Clips, Bulk Pack",156,13.384,17,5,0.0857948717948718
OFF-FA-10002247,"Stockwell Rubber Bands, Metal",304,52.195499999999996,21,4,0.17169572368421052
OFF-FA-10002248,"Stockwell Staples, Assorted Sizes",211,83.205,27,7,0.39433649289099526
OFF-FA-10002264,"Advantus Rubber Bands, Assorted Sizes",182,39.78,13,3,0.21857142857142858
OFF-FA-10002268,"OIC Clamps, 12 Pack",72,7.12,6,3,0.09888888888888889
OFF-FA-10002280,Advantus Plastic Paper Clips,225,102.8,47,10,0.4568888888888889
OFF-FA-10002286,"OIC Push Pins, Bulk Pack",313,124.15599999999999,37,8,0.39666453674121405
OFF-FA-10002308,"Accos Push Pins, Assorted Sizes",114,-15.645,11,3,-0.13723684210526316
OFF-FA-10002350,"OIC Staples, Assorted Sizes",150,56.61,17,5,0.3774
OFF-FA-10002353,"Accos Paper Clips, Metal",189,35.7,21,3,0.1888888888888889
OFF-FA-10002358,"Accos Push Pins, 12 Pack",139,58.5,15,3,0.420863309352518
OFF-FA-10002360,"Advantus Staples, Bulk Pack",180,29.163,21,5,0.16201666666666667
OFF-FA-10002388,"Accos Push Pins, Assorted Sizes",285,-34.673100000000005,28,6,-0.12166000000000002
OFF-FA-10002393,"Accos Push Pins, Bulk Pack",59,6.4799999999999995,5,2,0.10983050847457626
OFF-FA-10002427,"Stockwell Push Pins, 12 Pack",127,-23.671999999999997,17,6,-0.18639370078740156
OFF-FA-10002444,"Stockwell Clamps, 12 Pack",11,-5.994,1,1,-0.5449090909090909
OFF-FA-10002453,"Stockwell Thumb Tacks, Bulk Pack",115,35.656000000000006,14,3,0.3100521739130435
OFF-FA-10002459,"Advantus Clamps, Bulk Pack",318,98.07209999999999,19,5,0.3084028301886792
OFF-FA-10002481,"OIC Rubber Bands, 12 Pack",397,-21.509999999999998,26,9,-0.05418136020151133
OFF-FA-10002491,"Stockwell Rubber Bands, Bulk Pack",266,61.944,29,8,0.23287218045112784
OFF-FA-10002506,"OIC Rubber Bands, 12 Pack",41,-1.65,5,1,-0.04024390243902439
OFF-FA-10002526,"Accos Staples, 12 Pack",182,80.324,27,6,0.4413406593406593
OFF-FA-10002531,"Advantus Paper Clips, Bulk Pack",14,-9.87,2,1,-0.705
OFF-FA-10002539,"Stockwell Rubber Bands, Metal",149,-4.6806,11,4,-0.03141342281879195
OFF-FA-10002552,"Advantus Push Pins, Assorted Sizes",115,-15.968,20,4,-0.13885217391304347
OFF-FA-10002569,"Stockwell Staples, Metal",123,46.41,14,4,0.37731707317073165
OFF-FA-10002577,"Stockwell Push Pins, 12 Pack",161,0.23999999999999844,13,4,0.001490683229813655
OFF-FA-10002597,"OIC Clamps, 12 Pack",295,-157.056,24,3,-0.5323932203389831
OFF-FA-10002600,"Accos Thumb Tacks, 12 Pack",117,5.280000000000001,13,4,0.04512820512820514
OFF-FA-10002617,"Advantus Clamps, Assorted Sizes",289,-50.8824,23,5,-0.1760636678200692
OFF-FA-10002619,"Stockwell Rubber Bands, Metal",408,178.86,28,7,0.4383823529411765
OFF-FA-10002632,"Accos Staples, Metal",28,-0.45599999999999996,5,2,-0.016285714285714285
OFF-FA-10002635,"Accos Thumb Tacks, Metal",130,23.22,10,4,0.17861538461538462
OFF-FA-10002636,"Accos Staples, 12 Pack",93,7.290000000000001,9,3,0.07838709677419356
OFF-FA-10002637,"OIC Clamps, Bulk Pack",24,-5.976,2,1,-0.249
OFF-FA-10002639,"Advantus Staples, Metal",66,7.74,6,1,0.11727272727272728
OFF-FA-10002652,"Stockwell Staples, Bulk Pack",140,42.135,16,6,0.3009642857142857
OFF-FA-10002676,Colored Push Pins,25,7.602,15,5,0.30408
OFF-FA-10002683,"Stockwell Staples, Assorted Sizes",39,14.1,5,1,0.36153846153846153
OFF-FA-10002701,Alliance Rubber Bands,13,0.5376000000000001,8,2,0.04135384615384616
OFF-FA-10002708,"Stockwell Staples, 12 Pack",5,-4.784,2,1,-0.9568
OFF-FA-10002715,"Stockwell Clamps, 12 Pack",318,122.82000000000001,20,7,0.38622641509433964
OFF-FA-10002717,"OIC Rubber Bands, Metal",41,-26.904,4,1,-0.6561951219512195
OFF-FA-10002719,"OIC Rubber Bands, Bulk Pack",522,-65.356,52,14,-0.1252030651340996
OFF-FA-10002728,"Advantus Paper Clips, Assorted Sizes",178,80.28,13,2,0.4510112359550562
OFF-FA-10002752,"Advantus Push Pins, Bulk Pack",129,-27.81,12,4,-0.2155813953488372
OFF-FA-10002759,"Stockwell Clamps, Bulk Pack",134,29.61,7,2,0.22097014925373135
OFF-FA-10002763,Advantus Map Pennant Flags and Round Head Tacks,88,20.54,25,6,0.2334090909090909
OFF-FA-10002780,Staples,93,33.4356,37,5,0.3595225806451613
OFF-FA-10002782,"Accos Thumb Tacks, Assorted Sizes",76,19.364,11,3,0.2547894736842105
OFF-FA-10002790,"Stockwell Push Pins, 12 Pack",134,66.9,10,2,0.4992537313432836
OFF-FA-10002791,"OIC Push Pins, Assorted Sizes",56,24.006,5,2,0.4286785714285714
OFF-FA-10002803,"Accos Staples, Metal",254,50.370000000000005,23,3,0.19830708661417323
OFF-FA-10002815,Staples,50,20.0244,13,3,0.400488
OFF-FA-10002815,"Stockwell Thumb Tacks, 12 Pack",26,8.28,2,1,0.31846153846153846
OFF-FA-10002831,"OIC Staples, Assorted Sizes",5,-1.912,2,1,-0.38239999999999996
OFF-FA-10002835,"OIC Staples, Assorted Sizes",67,23.904,13,4,0.3567761194029851
OFF-FA-10002890,"Accos Staples, Bulk Pack",149,26.919000000000004,21,4,0.18066442953020137
OFF-FA-10002895,"Accos Staples, 12 Pack",276,45.94800000000001,28,7,0.16647826086956524
OFF-FA-10002895,"Advantus Rubber Bands, Bulk Pack",209,7.699999999999999,21,7,0.03684210526315789
OFF-FA-10002900,"Stockwell Thumb Tacks, 12 Pack",15,-5.316,2,1,-0.3544
OFF-FA-10002964,"Accos Clamps, 12 Pack",103,-23.025,8,2,-0.22354368932038834
OFF-FA-10002965,"Accos Clamps, Bulk Pack",117,31.32,6,2,0.2676923076923077
OFF-FA-10002975,Staples,76,28.1232,24,4,0.3700421052631579
OFF-FA-10002983,Advantus SlideClip Paper Clips,46,19.778,15,3,0.4299565217391304
OFF-FA-10002988,Ideal Clamps,59,24.8637,33,8,0.4214186440677966
OFF-FA-10002991,"Stockwell Thumb Tacks, Bulk Pack",272,32.16,35,9,0.11823529411764705
OFF-FA-10002992,"Advantus Clamps, Assorted Sizes",9,-11.632,2,1,-1.2924444444444445
OFF-FA-10003004,"Advantus Push Pins, Metal",189,27.38,24,5,0.14486772486772487
OFF-FA-10003007,"OIC Rubber Bands, Assorted Sizes",157,31.695999999999998,17,3,0.20188535031847132
OFF-FA-10003015,"Accos Staples, Metal",20,-13.014,3,2,-0.6507
OFF-FA-10003020,"Accos Paper Clips, Bulk Pack",130,-62.4048,16,4,-0.4800369230769231
OFF-FA-10003021,Staples,36,7.707999999999999,22,6,0.21411111111111109
OFF-FA-10003022,"Stockwell Clamps, Assorted Sizes",222,67.96,22,8,0.3061261261261261
OFF-FA-10003034,"OIC Rubber Bands, 12 Pack",48,-27.28,8,2,-0.5683333333333334
OFF-FA-10003050,"Stockwell Paper Clips, Metal",140,-7.9559999999999995,12,3,-0.05682857142857142
OFF-FA-10003054,"Stockwell Rubber Bands, Metal",20,-4.02,2,1,-0.20099999999999998
OFF-FA-10003058,"Stockwell Rubber Bands, Assorted Sizes",178,-1.6319999999999997,21,7,-0.009168539325842695
OFF-FA-10003059,Assorted Color Push Pins,34,8.923300000000001,21,8,0.26245
OFF-FA-10003112,Staples,148,51.285000000000004,22,7,0.34652027027027027
OFF-FA-10003123,"Stockwell Staples, Bulk Pack",142,14.856,24,6,0.10461971830985915
OFF-FA-10003139,"Advantus Push Pins, Assorted Sizes",228,45.03,19,7,0.1975
OFF-FA-10003144,"Stockwell Clamps, Metal",63,14.5,5,2,0.23015873015873015
OFF-FA-10003161,"OIC Paper Clips, Assorted Sizes",235,87.804,21,5,0.3736340425531915
OFF-FA-10003186,"Accos Push Pins, Bulk Pack",359,94.2324,27,6,0.26248579387186627
OFF-FA-10003213,"Stockwell Paper Clips, Assorted Sizes",54,5.4,4,1,0.1
OFF-FA-10003218,"Advantus Push Pins, Assorted Sizes",303,120.42000000000002,26,4,0.3974257425742575
OFF-FA-10003257,"Accos Thumb Tacks, 12 Pack",136,-26.667,14,3,-0.1960808823529412
OFF-FA-10003266,"Stockwell Clamps, Assorted Sizes",39,-8.544,4,1,-0.21907692307692309
OFF-FA-10003318,"Stockwell Clamps, Bulk Pack",181,-46.8057,13,3,-0.2585950276243094
OFF-FA-10003332,"Accos Push Pins, 12 Pack",23,-0.22050000000000003,3,2,-0.009586956521739132
OFF-FA-10003378,"Accos Push Pins, Metal",154,46.44,12,3,0.3015584415584415
OFF-FA-10003399,"Accos Paper Clips, Metal",18,-18.44,5,1,-1.0244444444444445
OFF-FA-10003411,"OIC Staples, Bulk Pack",102,48.87,9,2,0.4791176470588235
OFF-FA-10003415,"Stockwell Push Pins, Bulk Pack",28,6.12,2,1,0.21857142857142858
OFF-FA-10003429,"Accos Paper Clips, Metal",13,1.2,1,1,0.0923076923076923
OFF-FA-10003437,"Accos Clamps, Bulk Pack",334,64.296,19,5,0.19250299401197607
OFF-FA-10003450,"Advantus Paper Clips, Metal",27,10.38,2,1,0.3844444444444445
OFF-FA-10003462,"Stockwell Thumb Tacks, Assorted Sizes",116,32.34,11,4,0.2787931034482759
OFF-FA-10003463,"OIC Thumb Tacks, Assorted Sizes",340,97.28999999999999,35,7,0.28614705882352937
OFF-FA-10003464,"Stockwell Rubber Bands, 12 Pack",95,38.296,10,3,0.4031157894736842
OFF-FA-10003467,"Alliance Big Bands Rubber Bands, 12/Pack",30,0.0,15,4,0.0
OFF-FA-10003472,Bagged Rubber Bands,27,0.3024,21,5,0.0112
OFF-FA-10003485,Staples,27,9.7464,12,2,0.3609777777777778
OFF-FA-10003495,Staples,190,85.728,35,7,0.4512
OFF-FA-10003496,"Stockwell Push Pins, Assorted Sizes",184,18.176,24,8,0.09878260869565217
OFF-FA-10003499,"Stockwell Paper Clips, Bulk Pack",162,30.96,18,5,0.19111111111111112
OFF-FA-10003505,"OIC Thumb Tacks, Metal",142,28.2,10,3,0.19859154929577463
OFF-FA-10003529,"Stockwell Thumb Tacks, Metal",86,10.180000000000001,12,4,0.11837209302325583
OFF-FA-10003530,"OIC Clamps, Bulk Pack",605,85.212,35,9,0.14084628099173555
OFF-FA-10003531,"Accos Thumb Tacks, Bulk Pack",41,8.55,3,1,0.20853658536585368
OFF-FA-10003542,"Stockwell Staples, Bulk Pack",14,-12.52,5,1,-0.8942857142857142
OFF-FA-10003546,"Stockwell Thumb Tacks, Metal",27,6.06,2,1,0.22444444444444442
OFF-FA-10003587,"Advantus Push Pins, Assorted Sizes",72,1.08,10,3,0.015000000000000001
OFF-FA-10003595,"OIC Thumb Tacks, Assorted Sizes",93,25.576,13,4,0.27501075268817204
OFF-FA-10003596,"Stockwell Push Pins, Bulk Pack",224,19.715700000000002,20,5,0.08801651785714286
OFF-FA-10003604,"Stockwell Paper Clips, Assorted Sizes",146,-20.7678,17,5,-0.14224520547945207
OFF-FA-10003605,"Accos Push Pins, Bulk Pack",231,32.16,24,5,0.13922077922077922
OFF-FA-10003615,"Stockwell Staples, Assorted Sizes",99,-16.7328,19,6,-0.16901818181818182
OFF-FA-10003626,"Advantus Rubber Bands, Assorted Sizes",233,78.3048,19,5,0.33607210300429186
OFF-FA-10003631,"Advantus Paper Clips, Metal",61,12.274200000000002,6,3,0.201216393442623
OFF-FA-10003638,"Stockwell Clamps, 12 Pack",332,85.776,31,8,0.2583614457831325
OFF-FA-10003659,"Accos Paper Clips, Assorted Sizes",100,-6.128,14,5,-0.06128
OFF-FA-10003668,"Accos Rubber Bands, 12 Pack",58,-24.264,6,1,-0.4183448275862069
OFF-FA-10003685,"Stockwell Rubber Bands, Bulk Pack",33,8.22,2,1,0.2490909090909091
OFF-FA-10003703,"Accos Clamps, Assorted Sizes",34,5.7,2,1,0.16764705882352943
OFF-FA-10003716,"OIC Rubber Bands, Metal",108,-10.983,7,3,-0.10169444444444445
OFF-FA-10003717,"Stockwell Clamps, Metal",97,43.5,5,1,0.4484536082474227
OFF-FA-10003727,"OIC Rubber Bands, Assorted Sizes",197,2.112000000000002,16,2,0.010720812182741126
OFF-FA-10003730,"Stockwell Thumb Tacks, Bulk Pack",408,101.37,31,7,0.2484558823529412
OFF-FA-10003734,"OIC Rubber Bands, Metal",176,81.124,16,7,0.46093181818181816
OFF-FA-10003744,"Stockwell Thumb Tacks, Assorted Sizes",121,20.82,14,4,0.17206611570247934
OFF-FA-10003745,"Accos Rubber Bands, Metal",669,165.888,44,10,0.24796412556053812
OFF-FA-10003749,"Advantus Rubber Bands, 12 Pack",17,-25.232,4,1,-1.484235294117647
OFF-FA-10003779,"Stockwell Paper Clips, Assorted Sizes",170,54.2391,14,5,0.31905352941176474
OFF-FA-10003782,"Advantus Paper Clips, Bulk Pack",256,25.7775,20,6,0.100693359375
OFF-FA-10003789,"Accos Push Pins, Metal",184,12.48,14,5,0.06782608695652174
OFF-FA-10003797,"Advantus Push Pins, 12 Pack",87,23.856,10,3,0.27420689655172414
OFF-FA-10003799,"Accos Clamps, Metal",140,45.76,14,3,0.32685714285714285
OFF-FA-10003815,"Stockwell Clamps, Metal",116,-25.8,11,2,-0.22241379310344828
OFF-FA-10003816,"Stockwell Staples, Metal",6,-3.912,1,1,-0.652
OFF-FA-10003817,"Stockwell Clamps, Metal",328,-28.991999999999994,20,5,-0.088390243902439
OFF-FA-10003818,"Stockwell Staples, 12 Pack",285,68.00999999999999,35,6,0.2386315789473684
OFF-FA-10003819,"Advantus Paper Clips, Assorted Sizes",185,37.338,16,6,0.20182702702702704
OFF-FA-10003833,"OIC Thumb Tacks, Metal",195,-55.8294,19,5,-0.2863046153846154
OFF-FA-10003836,"Stockwell Rubber Bands, 12 Pack",160,15.899999999999999,10,6,0.09937499999999999
OFF-FA-10003838,"Stockwell Rubber Bands, Assorted Sizes",275,41.517,21,5,0.1509709090909091
OFF-FA-10003850,"Stockwell Push Pins, 12 Pack",11,-15.852,3,1,-1.4410909090909092
OFF-FA-10003879,"Stockwell Thumb Tacks, Assorted Sizes",320,20.668,47,12,0.06458749999999999
OFF-FA-10003885,"Stockwell Rubber Bands, Metal",208,10.46,25,7,0.050288461538461546
OFF-FA-10003891,"Stockwell Push Pins, Metal",148,-2.9160000000000004,16,6,-0.019702702702702704
OFF-FA-10003892,"OIC Push Pins, 12 Pack",233,41.384,26,7,0.1776137339055794
OFF-FA-10003893,"OIC Paper Clips, 12 Pack",182,8.488799999999998,15,5,0.04664175824175823
OFF-FA-10003897,"Stockwell Push Pins, Metal",113,46.08,8,1,0.407787610619469
OFF-FA-10003911,"Advantus Clamps, Assorted Sizes",312,-16.48,32,9,-0.052820512820512824
OFF-FA-10003929,"Accos Rubber Bands, 12 Pack",228,49.056,23,6,0.2151578947368421
OFF-FA-10003930,"Stockwell Push Pins, Assorted Sizes",158,48.69,14,4,0.3081645569620253
OFF-FA-10003931,"Stockwell Clamps, Bulk Pack",53,-15.847999999999999,7,2,-0.2990188679245283
OFF-FA-10003931,"Stockwell Push Pins, 12 Pack",97,-52.44,12,3,-0.5406185567010309
OFF-FA-10003954,"Stockwell Rubber Bands, Assorted Sizes",8,1.398,1,1,0.17475
OFF-FA-10003961,"Advantus Rubber Bands, Assorted Sizes",138,24.128,20,5,0.17484057971014494
OFF-FA-10003962,"Accos Thumb Tacks, Assorted Sizes",227,-32.0028,25,9,-0.14098149779735683
OFF-FA-10003977,"Stockwell Rubber Bands, 12 Pack",132,58.616,13,3,0.44406060606060604
OFF-FA-10003980,"OIC Paper Clips, Metal",226,-55.212,21,5,-0.24430088495575222
OFF-FA-10003985,"Accos Staples, Assorted Sizes",185,72.8,35,8,0.3935135135135135
OFF-FA-10003990,"Stockwell Clamps, Metal",304,5.76,16,3,0.01894736842105263
OFF-FA-10003991,"Stockwell Staples, Bulk Pack",17,-1.74,3,1,-0.10235294117647059
OFF-FA-10003994,"Stockwell Paper Clips, Metal",137,-7.6240000000000006,17,4,-0.05564963503649636
OFF-FA-10004027,"OIC Staples, Bulk Pack",330,-47.212199999999996,35,8,-0.1430672727272727
OFF-FA-10004067,"Stockwell Rubber Bands, 12 Pack",221,30.972599999999996,19,5,0.14014751131221717
OFF-FA-10004076,Translucent Push Pins by OIC,25,5.841,15,3,0.23364000000000001
OFF-FA-10004108,"Accos Rubber Bands, 12 Pack",21,-17.82,5,1,-0.8485714285714285
OFF-FA-10004112,"Stockwell Staples, 12 Pack",8,-4.368,3,1,-0.546
OFF-FA-10004139,"Advantus Thumb Tacks, 12 Pack",104,4.08,8,2,0.03923076923076923
OFF-FA-10004140,"Accos Push Pins, 12 Pack",112,26.01,9,3,0.23223214285714286
OFF-FA-10004156,"Stockwell Push Pins, 12 Pack",14,1.77,1,1,0.12642857142857142
OFF-FA-10004171,"Accos Paper Clips, Assorted Sizes",64,7.798500000000001,7,3,0.12185156250000001
OFF-FA-10004175,"Stockwell Push Pins, Assorted Sizes",177,59.445,18,5,0.33584745762711865
OFF-FA-10004186,"Advantus Thumb Tacks, Bulk Pack",249,79.116,33,8,0.31773493975903616
OFF-FA-10004206,"Advantus Staples, 12 Pack",40,4.228,7,3,0.10569999999999999
OFF-FA-10004233,"Stockwell Paper Clips, Metal",71,15.576,7,3,0.21938028169014084
OFF-FA-10004239,"Advantus Staples, Metal",93,22.05,11,4,0.23709677419354838
OFF-FA-10004243,"OIC Staples, Assorted Sizes",32,-20.196,6,1,-0.631125
OFF-FA-10004248,Advantus T-Pin Paper Clips,64,20.0244,16,5,0.31288125
OFF-FA-10004257,"Accos Clamps, Metal",375,128.7,21,5,0.34319999999999995
OFF-FA-10004258,"OIC Thumb Tacks, Bulk Pack",167,65.124,19,5,0.3899640718562874
OFF-FA-10004265,"Stockwell Paper Clips, Assorted Sizes",200,40.544,28,6,0.20271999999999998
OFF-FA-10004269,"Accos Staples, Assorted Sizes",17,3.66,2,1,0.21529411764705883
OFF-FA-10004298,"Stockwell Staples, Bulk Pack",157,54.774,15,6,0.34887898089171976
OFF-FA-10004310,"Advantus Staples, 12 Pack",62,4.32,6,2,0.06967741935483872
OFF-FA-10004339,"Stockwell Staples, Metal",295,63.54,30,5,0.21538983050847457
OFF-FA-10004344,"Advantus Thumb Tacks, Assorted Sizes",215,-0.6900000000000013,23,6,-0.0032093023255814015
OFF-FA-10004359,"OIC Paper Clips, Assorted Sizes",48,2.9699999999999998,5,2,0.06187499999999999
OFF-FA-10004362,"Stockwell Thumb Tacks, Metal",118,-24.9408,14,2,-0.21136271186440678
OFF-FA-10004374,"Accos Paper Clips, Bulk Pack",28,14.16,3,1,0.5057142857142857
OFF-FA-10004377,"Stockwell Thumb Tacks, Metal",14,-16.656,4,2,-1.1897142857142857
OFF-FA-10004395,Plymouth Boxed Rubber Bands by Plymouth,77,-3.297,18,5,-0.04281818181818182
OFF-FA-10004398,"OIC Push Pins, 12 Pack",363,156.306,29,5,0.4305950413223141
OFF-FA-10004401,"OIC Staples, Metal",52,5.152,9,2,0.09907692307692308
OFF-FA-10004410,"Stockwell Staples, Metal",189,28.080000000000002,27,6,0.14857142857142858
OFF-FA-10004424,"Advantus Clamps, 12 Pack",395,32.742000000000004,23,5,0.08289113924050634
OFF-FA-10004447,"Advantus Rubber Bands, Metal",361,46.274699999999996,28,9,0.12818476454293629
OFF-FA-10004449,"OIC Clamps, Assorted Sizes",103,3.96,9,2,0.03844660194174757
OFF-FA-10004474,"Advantus Rubber Bands, Metal",117,29.189999999999998,7,2,0.24948717948717947
OFF-FA-10004494,"Stockwell Push Pins, Metal",44,-42.75,6,2,-0.9715909090909091
OFF-FA-10004503,"Accos Staples, Assorted Sizes",46,5.16,8,2,0.11217391304347826
OFF-FA-10004516,"Stockwell Push Pins, Bulk Pack",55,-10.936,7,3,-0.19883636363636364
OFF-FA-10004523,"OIC Thumb Tacks, Bulk Pack",308,40.592999999999996,26,8,0.13179545454545452
OFF-FA-10004527,"Advantus Thumb Tacks, Bulk Pack",227,4.8402,20,7,0.021322466960352424
OFF-FA-10004533,"Stockwell Staples, Metal",163,57.396,27,7,0.3521226993865031
OFF-FA-10004545,"Stockwell Push Pins, Metal",136,19.163999999999998,14,6,0.14091176470588235
OFF-FA-10004563,"Stockwell Clamps, Assorted Sizes",33,15.0,2,1,0.45454545454545453
OFF-FA-10004586,"Stockwell Staples, 12 Pack",30,-0.7120000000000002,6,3,-0.02373333333333334
OFF-FA-10004587,"Advantus Rubber Bands, 12 Pack",64,0.6000000000000001,6,2,0.009375000000000001
OFF-FA-10004605,"OIC Clamps, Assorted Sizes",138,5.279999999999998,12,3,0.038260869565217376
OFF-FA-10004606,"Stockwell Staples, 12 Pack",142,-22.429199999999998,17,7,-0.15795211267605633
OFF-FA-10004626,"Advantus Staples, Assorted Sizes",82,33.032,16,7,0.4028292682926829
OFF-FA-10004637,"Accos Thumb Tacks, Metal",102,3.96,11,3,0.03882352941176471
OFF-FA-10004649,"Advantus Clamps, 12 Pack",97,29.844,9,4,0.30767010309278353
OFF-FA-10004657,"Stockwell Thumb Tacks, Metal",126,13.979999999999999,12,3,0.11095238095238094
OFF-FA-10004659,"Stockwell Thumb Tacks, 12 Pack",218,24.0768,22,7,0.1104440366972477
OFF-FA-10004664,"Advantus Push Pins, Bulk Pack",186,59.5569,14,4,0.3201983870967742
OFF-FA-10004665,"Stockwell Paper Clips, Metal",84,-29.084999999999997,9,2,-0.34624999999999995
OFF-FA-10004684,"Advantus Thumb Tacks, Metal",143,12.615,11,4,0.08821678321678322
OFF-FA-10004687,"Advantus Thumb Tacks, Bulk Pack",27,4.86,2,1,0.18000000000000002
OFF-FA-10004698,"Stockwell Staples, Metal",175,-50.262,22,5,-0.28721142857142856
OFF-FA-10004705,"OIC Thumb Tacks, 12 Pack",211,-56.699999999999996,22,6,-0.26872037914691943
OFF-FA-10004709,"Stockwell Clamps, Assorted Sizes",419,144.942,26,6,0.3459236276849642
OFF-FA-10004734,"Advantus Rubber Bands, Bulk Pack",352,84.588,24,7,0.24030681818181818
OFF-FA-10004739,"Accos Rubber Bands, Bulk Pack",93,25.578000000000003,7,3,0.27503225806451614
OFF-FA-10004754,"Advantus Rubber Bands, 12 Pack",176,47.52,11,4,0.27
OFF-FA-10004775,"Accos Staples, 12 Pack",8,-2.916,3,1,-0.3645
OFF-FA-10004781,"Stockwell Thumb Tacks, Metal",131,-7.768,18,6,-0.05929770992366412
OFF-FA-10004792,"Advantus Staples, Bulk Pack",67,1.4079999999999995,10,3,0.02101492537313432
OFF-FA-10004795,"Advantus Paper Clips, Assorted Sizes",302,-59.934,32,10,-0.1984569536423841
OFF-FA-10004799,"Advantus Thumb Tacks, Bulk Pack",142,-20.385,12,3,-0.14355633802816903
OFF-FA-10004813,"Advantus Clamps, Metal",5,-6.744,1,1,-1.3488
OFF-FA-10004813,"Stockwell Rubber Bands, Bulk Pack",302,27.2754,22,5,0.0903158940397351
OFF-FA-10004824,"Stockwell Rubber Bands, Bulk Pack",324,54.6,20,4,0.1685185185185185
OFF-FA-10004838,"Super Bands, 12/Pack",33,-2.604,20,4,-0.07890909090909091
OFF-FA-10004839,"Accos Clamps, Metal",277,61.38,16,5,0.2215884476534296
OFF-FA-10004854,"Vinyl Coated Wire Paper Clips in Organizer Box, 800/Box",296,119.7364,29,8,0.4045148648648649
OFF-FA-10004878,"Stockwell Clamps, Bulk Pack",467,-20.172000000000004,28,6,-0.04319486081370451
OFF-FA-10004880,"Accos Rubber Bands, Bulk Pack",197,94.584,12,3,0.48012182741116755
OFF-FA-10004899,"OIC Clamps, 12 Pack",288,144.0,15,5,0.5
OFF-FA-10004910,"Advantus Staples, Assorted Sizes",203,8.8485,25,7,0.043588669950738915
OFF-FA-10004920,"Accos Rubber Bands, Metal",142,21.720000000000002,15,5,0.15295774647887325
OFF-FA-10004924,"Stockwell Paper Clips, Assorted Sizes",112,9.72,15,5,0.08678571428571429
OFF-FA-10004931,"OIC Clamps, Bulk Pack",220,-19.472,19,5,-0.08850909090909091
OFF-FA-10004942,"OIC Clamps, Metal",162,75.452,13,3,0.46575308641975305
OFF-FA-10004946,"Advantus Staples, Metal",118,15.04,16,5,0.12745762711864406
OFF-FA-10004968,Rubber Band Ball,58,-0.29920000000000013,16,4,-0.005158620689655175
OFF-FA-10004993,"OIC Paper Clips, Metal",59,15.12,4,2,0.256271186440678
OFF-FA-10004997,"Accos Paper Clips, Bulk Pack",354,130.5,25,6,0.3686440677966102
OFF-FEL-10000070,"Fellowes Box, Industrial",310,-226.296,28,8,-0.7299870967741935
OFF-FEL-10000998,"Fellowes Box, Single Width",202,-58.518,14,8,-0.2896930693069307
OFF-FEL-10001261,"Fellowes File Cart, Blue",1070,329.328,9,7,0.30778317757009344
OFF-FEL-10001343,"Fellowes Box, Wire Frame",599,261.63,33,12,0.4367779632721202
OFF-FEL-10001405,"Fellowes File Cart, Industrial",1999,-639.405,22,10,-0.3198624312156078
OFF-FEL-10001541,"Fellowes Lockers, Wire Frame",3939,1444.8,22,15,0.3667936024371668
OFF-FEL-10001630,"Fellowes Lockers, Industrial",5675,2414.013,28,14,0.4253767400881057
OFF-FEL-10001776,"Fellowes File Cart, Single Width",3803,-315.882,30,11,-0.08306126742045754
OFF-FEL-10001792,"Fellowes Folders, Wire Frame",515,7.551000000000002,27,13,0.014662135922330101
OFF-FEL-10001796,"Fellowes Trays, Single Width",401,200.97,7,5,0.5011720698254364
OFF-FEL-10001865,"Fellowes File Cart, Wire Frame",7582,1009.368,61,20,0.13312687945133211
OFF-FEL-10002158,"Fellowes Folders, Blue",623,266.64,27,11,0.4279935794542536
OFF-FEL-10002399,"Fellowes Box, Blue",504,23.567999999999998,29,8,0.046761904761904755
OFF-FEL-10002658,"Fellowes Shelving, Wire Frame",411,-60.64800000000001,14,5,-0.14756204379562046
OFF-FEL-10002837,"Fellowes Folders, Single Width",910,269.592,41,18,0.29625494505494504
OFF-FEL-10002867,"Fellowes Lockers, Single Width",8190,273.66,46,15,0.03341391941391942
OFF-FEL-10002897,"Fellowes Shelving, Single Width",886,199.971,16,9,0.22570090293453726
OFF-FEL-10003785,"Fellowes Shelving, Industrial",524,230.85,9,7,0.4405534351145038
OFF-FEL-10003848,"Fellowes Trays, Industrial",1671,264.123,32,12,0.15806283662477558
OFF-FEL-10004016,"Fellowes Shelving, Blue",723,176.25,15,5,0.2437759336099585
OFF-FEL-10004117,"Fellowes Trays, Blue",1549,-52.47,30,11,-0.033873466752743706
OFF-FEL-10004224,"Fellowes Trays, Wire Frame",1234,219.834,24,14,0.17814748784440843
OFF-FEL-10004665,"Fellowes Lockers, Blue",8065,1006.437,46,16,0.12479070055796652
OFF-FEL-10004974,"Fellowes Folders, Industrial",539,20.09999999999999,25,11,0.037291280148422985
OFF-FIS-10000063,"Fiskars Box Cutter, Easy Grip",201,-65.034,13,5,-0.32355223880597017
OFF-FIS-10000063,"Fiskars Shears, High Speed",229,82.872,6,5,0.3618864628820961
OFF-FIS-10000628,"Fiskars Ruler, Easy Grip",176,58.08,11,3,0.33
OFF-FIS-10000670,"Fiskars Scissors, Steel",180,88.32,8,2,0.49066666666666664
OFF-FIS-10001399,"Fiskars Ruler, Serrated",68,12.846,8,5,0.18891176470588236
OFF-FIS-10001549,"Fiskars Shears, Serrated",88,25.68,2,2,0.2918181818181818
OFF-FIS-10001591,"Fiskars Trimmer, High Speed",372,12.54,10,5,0.033709677419354836
OFF-FIS-10001797,"Fiskars Trimmer, Steel",477,-148.85999999999999,17,8,-0.31207547169811317
OFF-FIS-10002661,"Fiskars Shears, Steel",108,7.931999999999999,3,3,0.07344444444444444
OFF-FIS-10002703,"Fiskars Letter Opener, Easy Grip",291,108.972,11,3,0.3744742268041237
OFF-FIS-10002759,"Fiskars Letter Opener, High Speed",98,-32.861999999999995,5,3,-0.3353265306122448
OFF-FIS-10002784,"Fiskars Box Cutter, High Speed",180,-49.848,10,7,-0.2769333333333333
OFF-FIS-10002924,"Fiskars Scissors, High Speed",306,-56.087999999999994,30,5,-0.1832941176470588
OFF-FIS-10002949,"Fiskars Ruler, High Speed",137,-18.881999999999998,11,7,-0.13782481751824815
OFF-FIS-10003234,"Fiskars Trimmer, Serrated",585,70.19999999999999,15,4,0.11999999999999998
OFF-FIS-10003463,"Fiskars Letter Opener, Easy Grip",119,14.16,4,3,0.11899159663865547
OFF-FIS-10004067,"Fiskars Ruler, Steel",86,-7.374,8,4,-0.08574418604651163
OFF-FIS-10004155,"Fiskars Letter Opener, Steel",74,13.950000000000001,3,2,0.18851351351351353
OFF-FIS-10004183,"Fiskars Scissors, Serrated",119,53.459999999999994,6,3,0.44924369747899157
OFF-FIS-10004721,"Fiskars Box Cutter, Serrated",364,-140.304,23,5,-0.38545054945054946
OFF-FIS-10004787,"Fiskars Box Cutter, Steel",350,64.08,12,7,0.18308571428571427
OFF-FIS-10004882,"Fiskars Shears, Easy Grip",197,-113.34,7,4,-0.5753299492385787
OFF-FIS-10004915,"Fiskars Trimmer, Easy Grip",572,210.99,13,6,0.3688636363636364
OFF-GLO-10000014,"GlobeWeis Manila Envelope, with clear poly window",309,95.69999999999999,10,3,0.30970873786407765
OFF-GLO-10000016,"GlobeWeis Interoffice Envelope, Recycled",513,148.5,11,4,0.2894736842105263
OFF-GLO-10000201,"GlobeWeis Clasp Envelope, Recycled",38,6.029999999999999,5,2,0.15868421052631576
OFF-GLO-10000485,"GlobeWeis Mailers, Security-Tint",340,114.97500000000001,9,3,0.3381617647058824
OFF-GLO-10000491,"GlobeWeis Interoffice Envelope, with clear poly window",431,98.514,9,4,0.2285707656612529
OFF-GLO-10000617,"GlobeWeis Peel and Seal, Recycled",129,55.716,7,2,0.43190697674418604
OFF-GLO-10000813,"GlobeWeis Mailers, Recycled",15,-17.94,1,1,-1.1960000000000002
OFF-GLO-10001127,"GlobeWeis Business Envelopes, Set of 50",193,16.967999999999996,14,7,0.08791709844559584
OFF-GLO-10001233,"GlobeWeis Clasp Envelope, Set of 50",40,15.84,4,2,0.396
OFF-GLO-10001348,"GlobeWeis Manila Envelope, Security-Tint",290,-94.797,13,7,-0.32688620689655173
OFF-GLO-10001567,"GlobeWeis Clasp Envelope, with clear poly window",67,24.75,5,3,0.3694029850746269
OFF-GLO-10001688,"GlobeWeis Manila Envelope, Recycled",57,-7.932,5,2,-0.13915789473684212
OFF-GLO-10002315,"GlobeWeis Interoffice Envelope, Set of 50",144,32.94,3,3,0.22874999999999998
OFF-GLO-10002982,"GlobeWeis Mailers, Set of 50",282,-24.105,8,4,-0.08547872340425532
OFF-GLO-10003429,"GlobeWeis Peel and Seal, Set of 50",192,0.0,9,3,0.0
OFF-GLO-10003463,"GlobeWeis Peel and Seal, Security-Tint",258,-57.16799999999999,15,5,-0.22158139534883717
OFF-GLO-10003496,"GlobeWeis Manila Envelope, Set of 50",81,27.089999999999996,3,3,0.3344444444444444
OFF-GLO-10003639,"GlobeWeis Interoffice Envelope, Security-Tint",435,29.09400000000001,14,8,0.06688275862068968
OFF-GLO-10003650,"GlobeWeis Mailers, with clear poly window",114,-91.017,6,5,-0.7983947368421053
OFF-GLO-10004123,"GlobeWeis Business Envelopes, Security-Tint",99,10.8,5,2,0.1090909090909091
OFF-GLO-10004160,"GlobeWeis Business Envelopes, with clear poly window",29,-0.04800000000000004,2,2,-0.001655172413793105
OFF-GLO-10004223,"GlobeWeis Clasp Envelope, Security-Tint",59,13.14,6,4,0.22271186440677967
OFF-GLO-10004430,"GlobeWeis Business Envelopes, Recycled",146,-7.146000000000001,17,5,-0.04894520547945206
OFF-GLO-10004610,"GlobeWeis Peel and Seal, with clear poly window",249,12.3,10,3,0.04939759036144579
OFF-GRE-10000216,"Green Bar Note Cards, Premium",398,-72.9,17,7,-0.18316582914572865
OFF-GRE-10000320,"Green Bar Computer Printout Paper, Premium",135,-1.9200000000000017,8,4,-0.014222222222222235
OFF-GRE-10000328,"Green Bar Parchment Paper, Premium",83,-111.0,12,4,-1.3373493975903614
OFF-GRE-10000492,"Green Bar Memo Slips, Recycled",101,18.18,6,2,0.18
OFF-GRE-10001059,"Green Bar Note Cards, 8.5 x 11",534,224.1,18,5,0.4196629213483146
OFF-GRE-10001084,"Green Bar Cards & Envelopes, Multicolor",419,23.849999999999998,9,3,0.05692124105011933
OFF-GRE-10001521,"Green Bar Message Books, Recycled",114,22.68,6,4,0.19894736842105262
OFF-GRE-10001774,"Green Bar Note Cards, Premium",280,31.986000000000004,13,5,0.1142357142857143
OFF-GRE-10001814,"Green Bar Computer Printout Paper, 8.5 x 11",62,-25.47,3,3,-0.4108064516129032
OFF-GRE-10002109,"Green Bar Note Cards, Multicolor",230,-69.876,15,5,-0.30380869565217394
OFF-GRE-10002510,"Green Bar Computer Printout Paper, Recycled",90,8.01,3,3,0.089
OFF-GRE-10002555,"Green Bar Memo Slips, 8.5 x 11",88,13.188000000000002,7,3,0.1498636363636364
OFF-GRE-10002561,"Green Bar Message Books, Premium",500,49.77,21,6,0.09954
OFF-GRE-10002738,"Green Bar Cards & Envelopes, Premium",1180,345.966,25,7,0.29319152542372884
OFF-GRE-10003213,"Green Bar Memo Slips, Premium",17,1.86,1,1,0.10941176470588236
OFF-GRE-10003316,"Green Bar Parchment Paper, Recycled",133,60.96,8,2,0.45834586466165417
OFF-GRE-10003334,"Green Bar Parchment Paper, 8.5 x 11",187,76.67999999999999,9,3,0.41005347593582886
OFF-GRE-10003899,"Green Bar Cards & Envelopes, Recycled",14,-28.5,1,1,-2.0357142857142856
OFF-GRE-10003943,"Green Bar Message Books, Multicolor",274,91.14,14,5,0.33262773722627736
OFF-GRE-10004054,"Green Bar Memo Slips, Multicolor",260,60.792,17,4,0.23381538461538462
OFF-GRE-10004359,"Green Bar Message Books, 8.5 x 11",279,100.5,10,1,0.3602150537634409
OFF-GRE-10004604,"Green Bar Cards & Envelopes, 8.5 x 11",547,72.43199999999999,11,6,0.13241681901279706
OFF-GRE-10004796,"Green Bar Computer Printout Paper, Multicolor",305,41.136,11,5,0.13487213114754099
OFF-HAM-10000312,"Hamilton Beach Refrigerator, Red",2800,-840.312,8,4,-0.3001114285714286
OFF-HAM-10000430,"Hamilton Beach Blender, Black",70,3.51,1,1,0.05014285714285714
OFF-HAM-10000822,"Hamilton Beach Toaster, Black",114,34.14,2,1,0.29947368421052634
OFF-HAM-10000983,"Hamilton Beach Refrigerator, White",997,318.84,2,1,0.31979939819458375
OFF-HAM-10001107,"Hamilton Beach Refrigerator, Silver",1503,165.24,3,2,0.10994011976047904
OFF-HAM-10001302,"Hamilton Beach Microwave, White",1684,100.97999999999999,6,2,0.059964370546318285
OFF-HAM-10001387,"Hamilton Beach Coffee Grinder, Black",17,-24.414,1,1,-1.4361176470588237
OFF-HAM-10001621,"Hamilton Beach Refrigerator, Black",1900,-149.92200000000003,5,4,-0.0789063157894737
OFF-HAM-10001712,"Hamilton Beach Blender, Silver",170,-42.624,3,2,-0.2507294117647059
OFF-HAM-10002455,"Hamilton Beach Toaster, Red",311,-20.826,6,3,-0.06696463022508038
OFF-HAM-10002778,"Hamilton Beach Microwave, Black",1410,140.85000000000002,5,2,0.09989361702127661
OFF-HAM-10003040,"Hamilton Beach Stove, White",649,-886.464,4,1,-1.3658921417565486
OFF-HAM-10003368,"Hamilton Beach Blender, Black",622,18.63,9,2,0.029951768488745978
OFF-HAM-10003628,"Hamilton Beach Coffee Grinder, Red",257,30.6,6,3,0.11906614785992219
OFF-HAM-10003663,"Hamilton Beach Stove, Black",2493,444.10200000000003,6,4,0.17813959085439232
OFF-HAM-10003872,"Hamilton Beach Blender, White",259,-17.316000000000003,6,2,-0.06685714285714286
OFF-HAM-10003992,"Hamilton Beach Toaster, Silver",385,123.39600000000002,8,3,0.32050909090909097
OFF-HAM-10004122,"Hamilton Beach Microwave, Silver",1162,-487.254,6,4,-0.41932358003442344
OFF-HAM-10004471,"Hamilton Beach Coffee Grinder, Silver",174,36.36,4,1,0.2089655172413793
OFF-HAM-10004674,"Hamilton Beach Stove, Silver",2281,-76.06200000000001,7,3,-0.03334590092064885
OFF-HAM-10004805,"Hamilton Beach Coffee Grinder, White",106,14.640000000000004,4,2,0.13811320754716985
OFF-HAM-10004896,"Hamilton Beach Microwave, Red",4351,1412.094,16,3,0.3245447023672719
OFF-HAM-10004917,"Hamilton Beach Stove, Red",2603,813.4920000000001,6,4,0.31252093737994624
OFF-HAR-10000187,"Harbour Creations Color Coded Labels, Alphabetical",119,54.696000000000005,10,4,0.45963025210084035
OFF-HAR-10000242,"Harbour Creations Round Labels, Laser Printer Compatible",21,2.9699999999999998,3,3,0.1414285714285714
OFF-HAR-10000414,"Harbour Creations Round Labels, Adjustable",7,-0.20999999999999996,2,2,-0.029999999999999995
OFF-HAR-10000495,"Harbour Creations Shipping Labels, Adjustable",90,-11.232,11,4,-0.1248
OFF-HAR-10000501,"Harbour Creations File Folder Labels, Laser Printer Compatible",107,16.056000000000004,15,6,0.15005607476635519
OFF-HAR-10000681,"Harbour Creations Legal Exhibit Labels, 5000 Label Set",34,5.4,3,2,0.15882352941176472
OFF-HAR-10001262,"Harbour Creations Removable Labels, Adjustable",191,56.796,21,8,0.29736125654450263
OFF-HAR-10001310,"Harbour Creations File Folder Labels, 5000 Label Set",46,-3.468,7,5,-0.07539130434782608
OFF-HAR-10001531,"Harbour Creations Removable Labels, Adjustable",60,3.3449999999999998,8,3,0.055749999999999994
OFF-HAR-10001714,"Harbour Creations Legal Exhibit Labels, Adjustable",112,44.309999999999995,14,5,0.39562499999999995
OFF-HAR-10001855,"Harbour Creations Round Labels, Alphabetical",20,7.83,3,2,0.3915
OFF-HAR-10001913,"Harbour Creations Legal Exhibit Labels, Laser Printer Compatible",141,-13.739999999999998,18,6,-0.09744680851063829
OFF-HAR-10001948,"Harbour Creations File Folder Labels, Adjustable",37,-13.935,8,4,-0.37662162162162166
OFF-HAR-10002083,"Harbour Creations Round Labels, 5000 Label Set",122,46.919999999999995,17,7,0.3845901639344262
OFF-HAR-10002479,"Harbour Creations Color Coded Labels, 5000 Label Set",93,44.52,7,5,0.4787096774193549
OFF-HAR-10002914,"Harbour Creations Shipping Labels, Laser Printer Compatible",34,-9.719999999999999,6,3,-0.2858823529411764
OFF-HAR-10003043,"Harbour Creations Shipping Labels, 5000 Label Set",61,-12.54,8,2,-0.20557377049180325
OFF-HAR-10003514,"Harbour Creations Removable Labels, Laser Printer Compatible",87,31.361999999999995,10,5,0.36048275862068957
OFF-HAR-10003580,"Harbour Creations Legal Exhibit Labels, Alphabetical",130,55.440000000000005,12,3,0.4264615384615385
OFF-HAR-10003659,"Harbour Creations Color Coded Labels, Adjustable",254,2.700000000000003,27,6,0.010629921259842532
OFF-HAR-10004011,"Harbour Creations File Folder Labels, Alphabetical",90,-15.24,14,5,-0.16933333333333334
OFF-HAR-10004099,"Harbour Creations Removable Labels, 5000 Label Set",90,11.520000000000003,12,6,0.12800000000000003
OFF-HAR-10004816,"Harbour Creations Shipping Labels, Alphabetical",67,12.059999999999999,6,3,0.18
OFF-HAR-10004896,"Harbour Creations Color Coded Labels, Laser Printer Compatible",234,48.6,18,5,0.2076923076923077
OFF-HON-10000137,"Hon Round Labels, Laser Printer Compatible",67,27.299999999999997,10,4,0.4074626865671641
OFF-HON-10000172,"Hon File Folder Labels, Alphabetical",129,46.284000000000006,16,6,0.3587906976744186
OFF-HON-10000278,"Hon Shipping Labels, Laser Printer Compatible",59,-22.776,10,2,-0.3860338983050847
OFF-HON-10000934,"Hon Legal Exhibit Labels, Laser Printer Compatible",407,41.94,41,9,0.10304668304668305
OFF-HON-10000966,"Hon Round Labels, Alphabetical",103,0.96,16,5,0.009320388349514562
OFF-HON-10001102,"Hon Legal Exhibit Labels, Adjustable",71,11.04,8,4,0.15549295774647887
OFF-HON-10001132,"Hon Round Labels, Adjustable",60,21.060000000000002,13,6,0.35100000000000003
OFF-HON-10001204,"Hon Color Coded Labels, Alphabetical",79,-81.501,13,5,-1.0316582278481012
OFF-HON-10001508,"Hon Removable Labels, 5000 Label Set",102,1.8,10,5,0.01764705882352941
OFF-HON-10001706,"Hon Legal Exhibit Labels, Alphabetical",128,5.04,12,2,0.039375
OFF-HON-10001723,"Hon Color Coded Labels, 5000 Label Set",26,0.0,2,2,0.0
OFF-HON-10001783,"Hon Shipping Labels, 5000 Label Set",84,39.48,7,5,0.47
OFF-HON-10002389,"Hon Legal Exhibit Labels, 5000 Label Set",178,20.67,17,3,0.11612359550561799
OFF-HON-10002456,"Hon Color Coded Labels, Laser Printer Compatible",192,67.05,15,5,0.34921874999999997
OFF-HON-10002610,"Hon Removable Labels, Adjustable",138,-33.93,17,6,-0.2458695652173913
OFF-HON-10003010,"Hon Round Labels, 5000 Label Set",38,-5.13,9,4,-0.135
OFF-HON-10003230,"Hon Removable Labels, Adjustable",23,-5.231999999999999,4,2,-0.22747826086956519
OFF-HON-10003538,"Hon File Folder Labels, 5000 Label Set",34,11.664,5,3,0.34305882352941175
OFF-HON-10003921,"Hon Removable Labels, Laser Printer Compatible",83,21.834,9,4,0.26306024096385544
OFF-HON-10004014,"Hon Shipping Labels, Adjustable",146,43.029,17,8,0.2947191780821918
OFF-HON-10004621,"Hon Color Coded Labels, Adjustable",81,0.3960000000000008,9,4,0.004888888888888898
OFF-HON-10004698,"Hon File Folder Labels, Laser Printer Compatible",82,5.016,10,4,0.06117073170731707
OFF-HON-10004800,"Hon Shipping Labels, Alphabetical",40,9.384,5,3,0.2346
OFF-HON-10004825,"Hon File Folder Labels, Adjustable",75,6.359999999999999,15,3,0.08479999999999999
OFF-HOO-10000318,"Hoover Microwave, Silver",1733,627.984,7,4,0.3623681477207155
OFF-HOO-10000335,"Hoover Microwave, White",2946,481.63800000000003,11,4,0.16348879837067212
OFF-HOO-10000445,"Hoover Refrigerator, Black",1578,488.88,3,3,0.30980988593155895
OFF-HOO-10000638,"Hoover Toaster, Black",83,37.38,1,1,0.4503614457831326
OFF-HOO-10001105,"Hoover Refrigerator, Silver",1581,505.89,3,2,0.31998102466793166
OFF-HOO-10001248,"Hoover Coffee Grinder, Silver",348,135.60000000000002,5,3,0.38965517241379316
OFF-HOO-10001448,"Hoover Blender, White",686,6.72,7,3,0.009795918367346938
OFF-HOO-10001783,"Hoover Microwave, Red",2470,493.68,8,4,0.19987044534412957
OFF-HOO-10001881,"Hoover Stove, White",4760,-1699.956,12,4,-0.35713361344537814
OFF-HOO-10001987,"Hoover Coffee Grinder, Red",138,4.08,2,1,0.029565217391304348
OFF-HOO-10002386,"Hoover Toaster, Silver",210,-113.20500000000001,6,3,-0.5390714285714286
OFF-HOO-10002715,"Hoover Coffee Grinder, White",174,-85.78200000000001,4,3,-0.49300000000000005
OFF-HOO-10002752,"Hoover Refrigerator, Red",526,131.55,1,1,0.2500950570342206
OFF-HOO-10002920,"Hoover Stove, Black",795,-249.89999999999998,2,2,-0.3143396226415094
OFF-HOO-10002946,"Hoover Stove, Red",1704,852.6600000000001,3,3,0.500387323943662
OFF-HOO-10003246,"Hoover Blender, Black",68,-90.84,2,2,-1.3358823529411765
OFF-HOO-10003269,"Hoover Toaster, Red",452,-240.894,9,3,-0.5329513274336284
OFF-HOO-10003338,"Hoover Blender, Silver",1651,610.98,17,6,0.37006662628709874
OFF-HOO-10003653,"Hoover Stove, Silver",2163,-1320.774,9,3,-0.610621359223301
OFF-HOO-10003820,"Hoover Toaster, White",680,200.334,9,5,0.29460882352941176
OFF-HOO-10004188,"Hoover Blender, Black",496,-0.22800000000000864,8,3,-0.00045967741935485615
OFF-HOO-10004243,"Hoover Microwave, Black",2156,215.46,7,3,0.09993506493506493
OFF-HOO-10004910,"Hoover Refrigerator, White",5244,209.76,12,5,0.04
OFF-IBI-10000080,"Ibico Binder, Recycled",357,-82.584,30,16,-0.23132773109243698
OFF-IBI-10000099,"Ibico Binder, Clear",445,21.498,31,13,0.048310112359550565
OFF-IBI-10000440,"Ibico Binder Covers, Clear",360,7.746000000000002,29,15,0.021516666666666674
OFF-IBI-10000684,"Ibico Binding Machine, Clear",714,327.59999999999997,14,7,0.4588235294117647
OFF-IBI-10000779,"Ibico Index Tab, Economy",118,24.156,14,10,0.20471186440677966
OFF-IBI-10000951,"Ibico Binder Covers, Economy",490,31.395,39,12,0.06407142857142857
OFF-IBI-10000959,"Ibico Binding Machine, Recycled",949,140.454,19,8,0.14800210748155954
OFF-IBI-10001123,"Ibico 3-Hole Punch, Recycled",838,194.23199999999997,29,9,0.23178042959427203
OFF-IBI-10001494,"Ibico Index Tab, Durable",150,40.554,21,9,0.27036
OFF-IBI-10001640,"Ibico Hole Reinforcements, Economy",125,49.452,21,10,0.39561599999999997
OFF-IBI-10001772,"Ibico Index Tab, Clear",227,44.538,35,16,0.19620264317180616
OFF-IBI-10001951,"Ibico Hole Reinforcements, Clear",121,20.970000000000006,25,12,0.173305785123967
OFF-IBI-10002486,"Ibico Index Tab, Clear",123,11.376000000000001,15,13,0.0924878048780488
OFF-IBI-10002637,"Ibico Binding Machine, Durable",752,236.844,18,14,0.3149521276595745
OFF-IBI-10002805,"Ibico 3-Hole Punch, Economy",338,81.96000000000001,17,12,0.24248520710059174
OFF-IBI-10003191,"Ibico 3-Hole Punch, Durable",1025,297.72,36,18,0.29045853658536586
OFF-IBI-10003422,"Ibico Binder, Durable",260,-4.206000000000001,16,7,-0.016176923076923082
OFF-IBI-10003541,"Ibico Binding Machine, Economy",1697,152.46,33,9,0.08984089569829111
OFF-IBI-10003732,"Ibico Hole Reinforcements, Durable",123,26.883000000000003,16,9,0.21856097560975613
OFF-IBI-10004074,"Ibico 3-Hole Punch, Clear",336,83.41199999999999,14,12,0.24824999999999997
OFF-IBI-10004323,"Ibico Binder Covers, Durable",136,16.2,9,5,0.11911764705882352
OFF-IBI-10004855,"Ibico Hole Reinforcements, Recycled",228,49.35,35,11,0.21644736842105264
OFF-IBI-10004916,"Ibico Binder Covers, Recycled",218,68.106,17,10,0.3124128440366972
OFF-IBI-10004959,"Ibico Binder, Economy",172,4.428000000000003,15,9,0.025744186046511644
OFF-JIF-10000165,"Jiffy Business Envelopes, Recycled",142,5.075999999999999,11,5,0.03574647887323943
OFF-JIF-10000375,"Jiffy Mailers, Set of 50",245,-15.768,9,3,-0.06435918367346939
OFF-JIF-10000556,"Jiffy Interoffice Envelope, Security-Tint",78,-89.976,4,2,-1.1535384615384616
OFF-JIF-10000704,"Jiffy Clasp Envelope, Set of 50",12,2.196,2,2,0.18300000000000002
OFF-JIF-10000843,"Jiffy Manila Envelope, Set of 50",34,2.553000000000001,2,2,0.07508823529411768
OFF-JIF-10000890,"Jiffy Peel and Seal, Security-Tint",85,-14.592000000000002,5,3,-0.17167058823529416
OFF-JIF-10000981,"Jiffy Peel and Seal, with clear poly window",106,-46.665000000000006,8,4,-0.44023584905660385
OFF-JIF-10002184,"Jiffy Business Envelopes, Recycled",183,33.0,10,7,0.18032786885245902
OFF-JIF-10002228,"Jiffy Interoffice Envelope, with clear poly window",300,140.94,6,3,0.4698
OFF-JIF-10002275,"Jiffy Clasp Envelope, with clear poly window",131,18.354,13,7,0.14010687022900764
OFF-JIF-10002454,"Jiffy Manila Envelope, Recycled",110,23.514,5,3,0.21376363636363635
OFF-JIF-10002621,"Jiffy Business Envelopes, Security-Tint",187,-8.658000000000001,13,5,-0.04629946524064172
OFF-JIF-10002836,"Jiffy Interoffice Envelope, Set of 50",186,18.48,4,1,0.09935483870967741
OFF-JIF-10003115,"Jiffy Interoffice Envelope, Recycled",14,-19.458,1,1,-1.3898571428571427
OFF-JIF-10003677,"Jiffy Peel and Seal, Set of 50",56,-49.182,7,2,-0.8782500000000001
OFF-JIF-10003842,"Jiffy Clasp Envelope, Security-Tint",75,0.815999999999999,8,6,0.010879999999999985
OFF-JIF-10003890,"Jiffy Peel and Seal, Recycled",44,-3.627,3,3,-0.08243181818181818
OFF-JIF-10003976,"Jiffy Mailers, with clear poly window",260,117.95400000000001,7,2,0.4536692307692308
OFF-JIF-10004213,"Jiffy Business Envelopes, Set of 50",40,5.82,2,2,0.14550000000000002
OFF-JIF-10004450,"Jiffy Mailers, Recycled",137,-93.714,8,4,-0.6840437956204379
OFF-JIF-10004616,"Jiffy Manila Envelope, Security-Tint",226,111.36,8,3,0.4927433628318584
OFF-JIF-10004747,"Jiffy Manila Envelope, with clear poly window",367,-102.06,16,4,-0.2780926430517711
OFF-JIF-10004777,"Jiffy Clasp Envelope, Recycled",13,-5.574,5,3,-0.42876923076923074
OFF-JIF-10004822,"Jiffy Mailers, Security-Tint",328,107.571,9,3,0.3279603658536585
OFF-KIT-10000099,"KitchenAid Refrigerator, Silver",4441,1538.226,9,4,0.3463692861968026
OFF-KIT-10000624,"KitchenAid Blender, Black",138,-133.728,4,2,-0.9690434782608697
OFF-KIT-10000717,"KitchenAid Toaster, White",500,200.16,6,4,0.40032
OFF-KIT-10000964,"KitchenAid Coffee Grinder, White",480,168.0,7,3,0.35
OFF-KIT-10001040,"KitchenAid Coffee Grinder, Black",140,57.3,2,1,0.40928571428571425
OFF-KIT-10001213,"KitchenAid Refrigerator, Black",1055,379.68,2,1,0.3598862559241706
OFF-KIT-10001245,"KitchenAid Blender, Black",155,-25.266,3,2,-0.16300645161290322
OFF-KIT-10001380,"KitchenAid Microwave, Black",1859,0.0,6,3,0.0
OFF-KIT-10001609,"KitchenAid Coffee Grinder, Red",169,-6.372,3,2,-0.03770414201183432
OFF-KIT-10001791,"KitchenAid Refrigerator, White",1894,578.688,5,3,0.30553748680042236
OFF-KIT-10001899,"KitchenAid Toaster, Black",628,152.43,8,5,0.24272292993630573
OFF-KIT-10002357,"KitchenAid Blender, White",339,127.44,4,3,0.375929203539823
OFF-KIT-10002678,"KitchenAid Coffee Grinder, Silver",491,-71.382,10,4,-0.14538085539714868
OFF-KIT-10002828,"KitchenAid Microwave, White",2468,814.32,8,3,0.3299513776337115
OFF-KIT-10003337,"KitchenAid Microwave, Silver",746,-158.65200000000002,3,2,-0.2126702412868633
OFF-KIT-10003611,"KitchenAid Stove, Red",2850,798.15,5,4,0.2800526315789474
OFF-KIT-10003683,"KitchenAid Stove, Silver",4224,1301.46,8,3,0.30811079545454545
OFF-KIT-10003757,"KitchenAid Refrigerator, Red",317,-654.696,2,1,-2.0652870662460567
OFF-KIT-10003938,"KitchenAid Toaster, Red",145,9.324,3,3,0.06430344827586207
OFF-KIT-10003990,"KitchenAid Toaster, Silver",258,110.97,3,2,0.43011627906976746
OFF-KIT-10004058,"KitchenAid Stove, White",4148,693.237,8,3,0.16712560270009644
OFF-KIT-10004515,"KitchenAid Microwave, Red",2172,152.04,7,5,0.06999999999999999
OFF-KIT-10004732,"KitchenAid Blender, Silver",158,-34.61999999999999,3,2,-0.21911392405063285
OFF-KLE-10000050,"Kleencut Trimmer, High Speed",247,66.96000000000001,6,5,0.2710931174089069
OFF-KLE-10000228,"Kleencut Shears, High Speed",253,-40.81199999999999,11,6,-0.16131225296442683
OFF-KLE-10000296,"Kleencut Letter Opener, Steel",291,22.572000000000003,15,6,0.07756701030927836
OFF-KLE-10000466,"Kleencut Letter Opener, Easy Grip",130,-45.612,9,3,-0.3508615384615385
OFF-KLE-10000527,"Kleencut Scissors, High Speed",147,23.994000000000003,8,5,0.1632244897959184
OFF-KLE-10000552,"Kleencut Shears, Steel",244,39.681,6,4,0.16262704918032786
OFF-KLE-10001317,"Kleencut Ruler, Easy Grip",116,-17.034,9,7,-0.1468448275862069
OFF-KLE-10001381,"Kleencut Scissors, Easy Grip",10,-9.096,1,1,-0.9096
OFF-KLE-10001644,"Kleencut Trimmer, Steel",507,60.132000000000005,13,7,0.11860355029585799
OFF-KLE-10001699,"Kleencut Letter Opener, Easy Grip",258,30.78,9,4,0.11930232558139535
OFF-KLE-10001794,"Kleencut Box Cutter, High Speed",300,-256.40999999999997,16,7,-0.8546999999999999
OFF-KLE-10002118,"Kleencut Ruler, Serrated",112,28.049999999999997,11,5,0.25044642857142857
OFF-KLE-10002292,"Kleencut Scissors, Steel",109,6.45,5,2,0.05917431192660551
OFF-KLE-10002340,"Kleencut Shears, Easy Grip",319,-116.136,9,4,-0.36406269592476487
OFF-KLE-10002550,"Kleencut Scissors, Serrated",114,9.0,6,3,0.07894736842105263
OFF-KLE-10002869,"Kleencut Letter Opener, High Speed",555,194.04000000000002,21,7,0.34962162162162164
OFF-KLE-10003227,"Kleencut Ruler, Steel",64,4.4940000000000015,7,3,0.07021875000000002
OFF-KLE-10003497,"Kleencut Box Cutter, Steel",642,42.52499999999999,21,5,0.06623831775700934
OFF-KLE-10004112,"Kleencut Trimmer, Serrated",167,28.571999999999996,5,3,0.1710898203592814
OFF-KLE-10004543,"Kleencut Ruler, High Speed",136,29.700000000000003,10,5,0.2183823529411765
OFF-KLE-10004581,"Kleencut Trimmer, Easy Grip",774,185.76,18,5,0.24
OFF-KLE-10004673,"Kleencut Box Cutter, Serrated",247,2.865000000000002,10,4,0.011599190283400817
OFF-KLE-10004771,"Kleencut Shears, Serrated",372,-39.257999999999996,10,6,-0.10553225806451612
OFF-KRA-10000113,"Kraft Peel and Seal, Recycled",102,-6.663,6,5,-0.06532352941176471
OFF-KRA-10000117,"Kraft Mailers, Security-Tint",312,-144.45000000000002,12,4,-0.4629807692307693
OFF-KRA-10000492,"Kraft Manila Envelope, Recycled",35,-6.114,2,2,-0.17468571428571428
OFF-KRA-10000534,"Kraft Interoffice Envelope, Security-Tint",212,-9.924,5,4,-0.04681132075471698
OFF-KRA-10000695,"Kraft Mailers, Set of 50",98,-67.17,6,3,-0.6854081632653062
OFF-KRA-10000916,"Kraft Interoffice Envelope, Recycled",486,116.712,12,8,0.24014814814814817
OFF-KRA-10001807,"Kraft Manila Envelope, Security-Tint",521,41.58,18,6,0.07980806142034548
OFF-KRA-10001967,"Kraft Business Envelopes, Set of 50",260,124.41,13,6,0.4785
OFF-KRA-10002085,"Kraft Clasp Envelope, with clear poly window",43,-3.144,7,2,-0.07311627906976745
OFF-KRA-10002094,"Kraft Clasp Envelope, Security-Tint",45,10.44,4,3,0.23199999999999998
OFF-KRA-10002126,"Kraft Business Envelopes, Recycled",122,36.48,8,1,0.29901639344262293
OFF-KRA-10002170,"Kraft Business Envelopes, Security-Tint",147,73.98,9,5,0.503265306122449
OFF-KRA-10002406,"Kraft Interoffice Envelope, with clear poly window",236,52.30199999999999,6,5,0.22161864406779658
OFF-KRA-10002441,"Kraft Business Envelopes, Recycled",19,9.21,1,1,0.4847368421052632
OFF-KRA-10002752,"Kraft Clasp Envelope, Recycled",40,6.15,5,4,0.15375
OFF-KRA-10002789,"Kraft Peel and Seal, with clear poly window",280,0.3510000000000062,16,7,0.0012535714285714507
OFF-KRA-10002828,"Kraft Peel and Seal, Security-Tint",87,-9.168,5,3,-0.10537931034482757
OFF-KRA-10003337,"Kraft Mailers, Recycled",599,188.76000000000002,17,4,0.31512520868113525
OFF-KRA-10003816,"Kraft Mailers, with clear poly window",222,34.50599999999999,6,3,0.1554324324324324
OFF-KRA-10004192,"Kraft Manila Envelope, Set of 50",26,2.91,1,1,0.11192307692307693
OFF-KRA-10004624,"Kraft Peel and Seal, Set of 50",40,7.32,2,2,0.183
OFF-KRA-10004876,"Kraft Interoffice Envelope, Set of 50",273,15.936,7,3,0.05837362637362637
OFF-KRA-10004892,"Kraft Clasp Envelope, Set of 50",111,-6.3,13,5,-0.05675675675675675
OFF-LA-10000039,"Smead Legal Exhibit Labels, Adjustable",171,23.94,19,6,0.14
OFF-LA-10000073,"Novimex Legal Exhibit Labels, 5000 Label Set",131,-6.232,25,6,-0.047572519083969464
OFF-LA-10000081,Avery 496,51,22.950000000000003,14,4,0.45000000000000007
OFF-LA-10000095,"Avery Round Labels, Laser Printer Compatible",146,5.227799999999999,31,8,0.03580684931506849
OFF-LA-10000108,"Harbour Creations Color Coded Labels, Laser Printer Compatible",144,41.874,12,4,0.29079166666666667
OFF-LA-10000114,"Novimex Removable Labels, 5000 Label Set",36,-23.148,6,1,-0.643
OFF-LA-10000116,"Harbour Creations File Folder Labels, Adjustable",45,17.484,12,4,0.3885333333333334
OFF-LA-10000121,Avery 48,91,39.69,15,3,0.4361538461538461
OFF-LA-10000134,Avery 511,57,24.64,20,6,0.432280701754386
OFF-LA-10000134,"Harbour Creations Removable Labels, 5000 Label Set",186,66.96000000000001,18,5,0.36000000000000004
OFF-LA-10000151,"Novimex Round Labels, Laser Printer Compatible",37,3.24,9,3,0.08756756756756758
OFF-LA-10000155,"Novimex Round Labels, Alphabetical",9,-1.305,3,1,-0.145
OFF-LA-10000157,"Novimex Shipping Labels, Laser Printer Compatible",66,28.98,6,2,0.4390909090909091
OFF-LA-10000190,"Harbour Creations Round Labels, 5000 Label Set",98,18.936,23,5,0.19322448979591836
OFF-LA-10000195,"Novimex File Folder Labels, Laser Printer Compatible",202,-3.45,25,5,-0.01707920792079208
OFF-LA-10000203,"Hon Round Labels, Laser Printer Compatible",150,47.760000000000005,40,10,0.3184
OFF-LA-10000216,"Novimex Round Labels, Alphabetical",59,3.201,11,5,0.054254237288135596
OFF-LA-10000219,"Harbour Creations File Folder Labels, Adjustable",212,0.0599999999999985,35,8,0.0002830188679245212
OFF-LA-10000220,"Hon Removable Labels, Laser Printer Compatible",12,-4.464,2,1,-0.37200000000000005
OFF-LA-10000236,"Avery Color Coded Labels, Laser Printer Compatible",143,-24.808,19,6,-0.17348251748251747
OFF-LA-10000240,Self-Adhesive Address Labels for Typewriters by Universal,154,64.4011,23,7,0.418188961038961
OFF-LA-10000244,"Hon Legal Exhibit Labels, Alphabetical",266,64.9584,28,6,0.24420451127819548
OFF-LA-10000248,Avery 52,68,31.4757,19,6,0.4628779411764706
OFF-LA-10000262,Avery 494,56,23.959799999999998,23,6,0.4278535714285714
OFF-LA-10000271,"Harbour Creations Shipping Labels, Alphabetical",165,75.816,15,5,0.4594909090909091
OFF-LA-10000276,"Smead File Folder Labels, 5000 Label Set",118,27.54,21,6,0.23338983050847456
OFF-LA-10000296,"Hon Color Coded Labels, Adjustable",136,19.017,13,4,0.13983088235294117
OFF-LA-10000305,Avery 495,97,42.588,16,4,0.4390515463917526
OFF-LA-10000321,"Novimex Color Coded Labels, Adjustable",25,3.84,4,2,0.1536
OFF-LA-10000322,"Smead Round Labels, Laser Printer Compatible",132,-2.76,23,5,-0.02090909090909091
OFF-LA-10000334,"Hon Shipping Labels, Alphabetical",211,17.811999999999998,29,6,0.0844170616113744
OFF-LA-10000341,"Smead Shipping Labels, 5000 Label Set",96,3.84,8,2,0.04
OFF-LA-10000345,"Avery File Folder Labels, Laser Printer Compatible",48,12.64,10,2,0.26333333333333336
OFF-LA-10000356,"Novimex Round Labels, 5000 Label Set",100,43.26,16,5,0.4326
OFF-LA-10000370,"Hon Color Coded Labels, Laser Printer Compatible",273,23.0349,29,7,0.08437692307692307
OFF-LA-10000379,"Harbour Creations Legal Exhibit Labels, 5000 Label Set",255,16.65,25,7,0.06529411764705882
OFF-LA-10000404,"Smead Shipping Labels, Laser Printer Compatible",196,13.77,17,5,0.07025510204081632
OFF-LA-10000407,Avery White Multi-Purpose Labels,96,41.832,20,4,0.43575
OFF-LA-10000413,"Hon Legal Exhibit Labels, Alphabetical",206,16.240000000000002,29,8,0.07883495145631068
OFF-LA-10000414,Avery 503,155,74.52,15,4,0.4807741935483871
OFF-LA-10000425,"Avery Shipping Labels, Alphabetical",391,96.6885,42,9,0.24728516624040922
OFF-LA-10000425,"Smead Legal Exhibit Labels, Alphabetical",153,16.8,14,4,0.10980392156862745
OFF-LA-10000436,"Novimex File Folder Labels, 5000 Label Set",95,-14.16,14,3,-0.14905263157894738
OFF-LA-10000438,"Novimex Legal Exhibit Labels, 5000 Label Set",87,43.44,8,2,0.4993103448275862
OFF-LA-10000443,Avery 501,67,23.3946,22,8,0.3491731343283582
OFF-LA-10000448,"Hon File Folder Labels, Alphabetical",166,23.888,32,10,0.14390361445783134
OFF-LA-10000452,Avery 488,51,23.184,17,6,0.4545882352941177
OFF-LA-10000471,"Smead Shipping Labels, 5000 Label Set",172,59.99999999999999,17,4,0.34883720930232553
OFF-LA-10000473,"Harbour Creations File Folder Labels, Alphabetical",17,6.3,2,1,0.37058823529411766
OFF-LA-10000476,"Avery 05222 Permanent Self-Adhesive File Folder Labels for Typewriters, on Rolls, White, 250/Roll",20,9.498999999999999,5,2,0.47494999999999993
OFF-LA-10000477,"Smead Round Labels, Alphabetical",46,-17.6712,10,3,-0.3841565217391304
OFF-LA-10000483,"Harbour Creations Shipping Labels, Alphabetical",14,1.536,2,1,0.10971428571428572
OFF-LA-10000495,"Hon Round Labels, Laser Printer Compatible",18,-8.04,10,2,-0.4466666666666666
OFF-LA-10000506,"Harbour Creations Legal Exhibit Labels, Laser Printer Compatible",373,36.681,43,10,0.09834048257372653
OFF-LA-10000508,"Harbour Creations Round Labels, 5000 Label Set",139,47.25,21,5,0.33992805755395683
OFF-LA-10000519,"Novimex File Folder Labels, Laser Printer Compatible",186,11.685000000000002,26,6,0.0628225806451613
OFF-LA-10000536,"Smead Color Coded Labels, Laser Printer Compatible",143,51.9,13,3,0.3629370629370629
OFF-LA-10000540,"Harbour Creations Round Labels, Adjustable",85,17.532,20,5,0.20625882352941177
OFF-LA-10000553,"Hon Round Labels, Laser Printer Compatible",30,10.32,5,2,0.34400000000000003
OFF-LA-10000560,"Smead File Folder Labels, Alphabetical",23,7.6,4,1,0.33043478260869563
OFF-LA-10000590,"Smead Color Coded Labels, 5000 Label Set",197,88.66799999999999,15,3,0.4500913705583756
OFF-LA-10000598,"Novimex File Folder Labels, Alphabetical",142,38.656,31,6,0.27222535211267607
OFF-LA-10000604,"Harbour Creations Color Coded Labels, Laser Printer Compatible",242,47.43,19,4,0.19599173553719007
OFF-LA-10000615,"Hon Removable Labels, Adjustable",267,-49.3305,39,7,-0.18475842696629213
OFF-LA-10000624,"Hon File Folder Labels, 5000 Label Set",246,69.9996,31,7,0.28455121951219514
OFF-LA-10000633,"Novimex File Folder Labels, Laser Printer Compatible",115,-13.76,24,6,-0.11965217391304347
OFF-LA-10000634,Avery 509,33,14.041799999999999,13,4,0.42550909090909084
OFF-LA-10000635,"Harbour Creations Shipping Labels, 5000 Label Set",109,30.2175,11,4,0.27722477064220186
OFF-LA-10000648,"Harbour Creations Round Labels, Alphabetical",177,66.50999999999999,28,7,0.37576271186440674
OFF-LA-10000658,"Avery Shipping Labels, 5000 Label Set",264,52.0416,27,6,0.19712727272727273
OFF-LA-10000668,"Smead Removable Labels, Adjustable",352,132.258,40,10,0.3757329545454546
OFF-LA-10000685,"Avery Shipping Labels, Laser Printer Compatible",12,1.65,1,1,0.13749999999999998
OFF-LA-10000688,"Harbour Creations Shipping Labels, Laser Printer Compatible",148,34.8762,16,5,0.23564999999999997
OFF-LA-10000692,"Avery Legal Exhibit Labels, Adjustable",200,21.296,33,6,0.10647999999999999
OFF-LA-10000700,"Avery Legal Exhibit Labels, Laser Printer Compatible",68,10.08,6,3,0.14823529411764705
OFF-LA-10000707,"Avery Legal Exhibit Labels, Adjustable",268,82.65,29,5,0.30839552238805973
OFF-LA-10000707,"Avery Removable Labels, Adjustable",196,-5.472,24,6,-0.02791836734693878
OFF-LA-10000709,"Avery Color Coded Labels, Alphabetical",118,48.33,9,3,0.4095762711864407
OFF-LA-10000713,"Novimex Removable Labels, Adjustable",21,7.44,4,1,0.3542857142857143
OFF-LA-10000714,"Novimex Round Labels, 5000 Label Set",43,-16.64,14,5,-0.38697674418604655
OFF-LA-10000732,"Novimex Round Labels, 5000 Label Set",179,21.3414,34,8,0.11922569832402234
OFF-LA-10000738,"Avery File Folder Labels, Adjustable",113,49.756,25,7,0.44031858407079644
OFF-LA-10000757,"Harbour Creations Removable Labels, 5000 Label Set",62,18.54,6,1,0.2990322580645161
OFF-LA-10000760,"Harbour Creations Removable Labels, Laser Printer Compatible",20,-2.1,4,2,-0.10500000000000001
OFF-LA-10000760,"Smead Shipping Labels, Laser Printer Compatible",137,24.532,19,4,0.17906569343065692
OFF-LA-10000765,"Smead Legal Exhibit Labels, 5000 Label Set",186,9.612,26,6,0.05167741935483871
OFF-LA-10000767,"Hon Legal Exhibit Labels, Laser Printer Compatible",44,7.8,4,2,0.17727272727272728
OFF-LA-10000779,"Hon Removable Labels, Laser Printer Compatible",40,6.0,6,2,0.15
OFF-LA-10000784,"Harbour Creations File Folder Labels, 5000 Label Set",71,25.4448,10,5,0.3583774647887324
OFF-LA-10000793,"Harbour Creations Removable Labels, Laser Printer Compatible",90,6.336000000000001,12,2,0.07040000000000002
OFF-LA-10000818,"Hon Round Labels, Alphabetical",26,12.6,4,1,0.4846153846153846
OFF-LA-10000845,"Novimex Round Labels, Adjustable",53,20.48,21,7,0.3864150943396226
OFF-LA-10000861,"Avery Color Coded Labels, Alphabetical",180,76.707,14,3,0.42615
OFF-LA-10000869,"Harbour Creations Removable Labels, Adjustable",171,44.946,18,4,0.2628421052631579
OFF-LA-10000879,"Hon File Folder Labels, Alphabetical",331,130.095,44,9,0.39303625377643503
OFF-LA-10000880,"Novimex Removable Labels, 5000 Label Set",89,36.18,9,3,0.40651685393258424
OFF-LA-10000897,"Avery Round Labels, Laser Printer Compatible",49,20.172,11,4,0.4116734693877551
OFF-LA-10000901,"Smead File Folder Labels, 5000 Label Set",37,1.8,4,1,0.04864864864864865
OFF-LA-10000927,"Hon Shipping Labels, Adjustable",7,-8.184,3,1,-1.169142857142857
OFF-LA-10000934,"Hon Legal Exhibit Labels, 5000 Label Set",70,16.400000000000002,10,5,0.23428571428571432
OFF-LA-10000950,"Avery Color Coded Labels, 5000 Label Set",196,-26.219999999999995,19,5,-0.1337755102040816
OFF-LA-10000959,"Harbour Creations Round Labels, Alphabetical",15,-3.366,3,2,-0.22440000000000002
OFF-LA-10000970,"Harbour Creations Removable Labels, 5000 Label Set",45,-2.88,8,3,-0.064
OFF-LA-10000973,Avery 502,18,6.174,7,3,0.343
OFF-LA-10000984,"Hon Round Labels, Alphabetical",81,39.006,13,4,0.48155555555555557
OFF-LA-10000989,"Smead Round Labels, Adjustable",42,8.0,16,5,0.19047619047619047
OFF-LA-10000990,"Harbour Creations Legal Exhibit Labels, Alphabetical",168,78.256,24,7,0.4658095238095238
OFF-LA-10001019,"Avery Color Coded Labels, Laser Printer Compatible",106,23.28,8,1,0.21962264150943397
OFF-LA-10001019,"Hon Legal Exhibit Labels, Laser Printer Compatible",75,1.716000000000001,13,5,0.022880000000000015
OFF-LA-10001026,"Harbour Creations File Folder Labels, 5000 Label Set",54,15.84,9,2,0.29333333333333333
OFF-LA-10001028,"Hon Removable Labels, Adjustable",77,17.880000000000003,12,4,0.23220779220779225
OFF-LA-10001038,"Smead Legal Exhibit Labels, Laser Printer Compatible",197,-10.360000000000001,28,6,-0.05258883248730965
OFF-LA-10001045,Permanent Self-Adhesive File Folder Labels for Typewriters by Universal,44,19.000799999999998,18,6,0.4318363636363636
OFF-LA-10001063,"Novimex Removable Labels, 5000 Label Set",51,11.544,9,3,0.2263529411764706
OFF-LA-10001065,"Avery Round Labels, Alphabetical",74,9.6,16,5,0.12972972972972974
OFF-LA-10001067,"Smead Legal Exhibit Labels, Laser Printer Compatible",21,-31.08,7,1,-1.48
OFF-LA-10001074,Round Specialty Laser Printer Labels,421,162.0129,39,6,0.3848287410926366
OFF-LA-10001075,"Hon Removable Labels, Laser Printer Compatible",60,19.259999999999998,6,2,0.32099999999999995
OFF-LA-10001092,"Harbour Creations Removable Labels, Adjustable",17,2.64,2,1,0.15529411764705883
OFF-LA-10001154,"Hon Shipping Labels, Adjustable",149,33.75,19,4,0.22651006711409397
OFF-LA-10001158,"Avery Address/Shipping Labels for Typewriters, 4"" x 2""",278,126.68400000000001,28,7,0.45569784172661876
OFF-LA-10001169,"Harbour Creations Round Labels, Laser Printer Compatible",186,12.825,30,4,0.06895161290322581
OFF-LA-10001170,"Harbour Creations Color Coded Labels, 5000 Label Set",47,11.865,5,2,0.2524468085106383
OFF-LA-10001175,Avery 514,47,22.8384,17,4,0.48592340425531916
OFF-LA-10001184,"Novimex Legal Exhibit Labels, 5000 Label Set",229,29.61,21,6,0.12930131004366813
OFF-LA-10001185,"Harbour Creations Round Labels, 5000 Label Set",60,18.1044,10,4,0.30173999999999995
OFF-LA-10001187,"Smead Color Coded Labels, Alphabetical",102,28.8,8,2,0.2823529411764706
OFF-LA-10001188,"Novimex Shipping Labels, Adjustable",112,9.828,14,2,0.08775
OFF-LA-10001191,"Harbour Creations File Folder Labels, Alphabetical",112,25.433999999999997,16,5,0.2270892857142857
OFF-LA-10001194,"Novimex Removable Labels, Adjustable",39,0.0,5,1,0.0
OFF-LA-10001202,"Avery Legal Exhibit Labels, 5000 Label Set",9,-4.716,3,1,-0.524
OFF-LA-10001215,"Harbour Creations File Folder Labels, Laser Printer Compatible",9,3.03,1,1,0.33666666666666667
OFF-LA-10001228,"Hon File Folder Labels, Alphabetical",5,-4.288,2,1,-0.8576
OFF-LA-10001229,"Hon Removable Labels, Adjustable",26,-6.84,4,2,-0.2630769230769231
OFF-LA-10001230,"Smead Removable Labels, Adjustable",75,1.2799999999999994,16,3,0.017066666666666657
OFF-LA-10001246,"Avery Removable Labels, Alphabetical",26,-8.496,4,2,-0.3267692307692308
OFF-LA-10001256,"Novimex Round Labels, Alphabetical",6,-3.904,4,1,-0.6506666666666666
OFF-LA-10001265,"Hon File Folder Labels, Alphabetical",151,57.78,18,5,0.38264900662251655
OFF-LA-10001284,"Smead Round Labels, 5000 Label Set",162,7.92,22,5,0.04888888888888889
OFF-LA-10001287,"Harbour Creations Removable Labels, Adjustable",4,-2.88,2,1,-0.72
OFF-LA-10001292,"Smead File Folder Labels, Adjustable",178,71.5866,31,7,0.4021719101123596
OFF-LA-10001294,"Avery Shipping Labels, Adjustable",52,16.68,9,3,0.32076923076923075
OFF-LA-10001297,Avery 473,249,119.232,24,6,0.4788433734939759
OFF-LA-10001299,"Avery File Folder Labels, Adjustable",77,27.72,11,4,0.36
OFF-LA-10001312,"Hon File Folder Labels, Laser Printer Compatible",136,-13.2768,22,6,-0.0976235294117647
OFF-LA-10001317,Avery 520,47,22.05,15,5,0.4691489361702128
OFF-LA-10001375,"Smead Removable Labels, 5000 Label Set",80,7.35,10,4,0.091875
OFF-LA-10001383,"Smead Shipping Labels, Adjustable",38,-0.84,8,1,-0.022105263157894735
OFF-LA-10001402,"Smead Color Coded Labels, 5000 Label Set",215,36.48,16,5,0.16967441860465116
OFF-LA-10001404,Avery 517,44,18.8559,13,4,0.4285431818181818
OFF-LA-10001413,"Hon Shipping Labels, Laser Printer Compatible",267,62.445,25,7,0.23387640449438202
OFF-LA-10001417,"Hon File Folder Labels, Alphabetical",10,0.972,2,1,0.0972
OFF-LA-10001444,"Avery Round Labels, Alphabetical",42,-0.738,11,4,-0.01757142857142857
OFF-LA-10001469,"Smead File Folder Labels, Laser Printer Compatible",62,16.768,14,3,0.27045161290322584
OFF-LA-10001471,"Harbour Creations File Folder Labels, Alphabetical",92,37.12,16,2,0.4034782608695652
OFF-LA-10001474,Avery 477,575,244.24,20,4,0.42476521739130435
OFF-LA-10001484,"Harbour Creations Legal Exhibit Labels, Adjustable",108,47.52,18,5,0.44
OFF-LA-10001497,"Smead Round Labels, Adjustable",45,-4.007999999999999,12,5,-0.08906666666666664
OFF-LA-10001538,"Hon File Folder Labels, 5000 Label Set",11,-0.564,2,1,-0.05127272727272727
OFF-LA-10001541,"Avery Removable Labels, 5000 Label Set",189,46.92,17,3,0.24825396825396825
OFF-LA-10001546,"Avery Shipping Labels, Adjustable",176,44.7,20,5,0.2539772727272727
OFF-LA-10001548,"Avery Shipping Labels, Adjustable",191,-1.6575000000000033,26,7,-0.008678010471204206
OFF-LA-10001549,"Harbour Creations Removable Labels, Adjustable",97,38.61,9,2,0.39804123711340206
OFF-LA-10001569,Avery 499,177,68.724,40,11,0.388271186440678
OFF-LA-10001582,"Smead Round Labels, 5000 Label Set",27,-31.544,13,2,-1.1682962962962964
OFF-LA-10001607,"Novimex Shipping Labels, Alphabetical",195,97.2,18,6,0.49846153846153846
OFF-LA-10001613,Avery File Folder Labels,117,48.8448,44,13,0.4174769230769231
OFF-LA-10001618,"Hon Legal Exhibit Labels, Adjustable",245,38.64,28,5,0.15771428571428572
OFF-LA-10001633,"Novimex File Folder Labels, 5000 Label Set",44,16.8,5,3,0.38181818181818183
OFF-LA-10001634,"Harbour Creations Color Coded Labels, Laser Printer Compatible",189,71.72,22,7,0.37947089947089946
OFF-LA-10001641,Avery 518,106,49.14,35,8,0.46358490566037736
OFF-LA-10001658,"Avery Round Labels, 5000 Label Set",142,-15.363,24,6,-0.10819014084507042
OFF-LA-10001669,"Smead Color Coded Labels, Adjustable",56,6.627,6,2,0.11833928571428572
OFF-LA-10001672,"Avery Legal Exhibit Labels, Alphabetical",385,-8.803199999999999,40,8,-0.022865454545454543
OFF-LA-10001676,"Hon Removable Labels, Adjustable",113,1.9199999999999995,16,5,0.01699115044247787
OFF-LA-10001677,"Avery Color Coded Labels, Adjustable",125,58.008,17,3,0.46406400000000003
OFF-LA-10001701,"Novimex File Folder Labels, Adjustable",109,37.72,29,7,0.3460550458715596
OFF-LA-10001719,"Avery Color Coded Labels, 5000 Label Set",27,4.08,2,1,0.1511111111111111
OFF-LA-10001731,"Avery Removable Labels, Alphabetical",177,6.624,20,8,0.03742372881355932
OFF-LA-10001738,"Novimex Color Coded Labels, Alphabetical",116,25.86,11,4,0.2229310344827586
OFF-LA-10001764,"Avery Round Labels, Adjustable",103,-40.8816,30,7,-0.39690873786407765
OFF-LA-10001771,Avery 513,94,34.4616,22,5,0.3666127659574468
OFF-LA-10001778,"Smead Color Coded Labels, 5000 Label Set",70,29.567999999999998,9,3,0.42239999999999994
OFF-LA-10001793,"Avery Round Labels, Alphabetical",49,10.71,7,2,0.21857142857142858
OFF-LA-10001800,"Hon Shipping Labels, Laser Printer Compatible",178,9.448,24,6,0.05307865168539326
OFF-LA-10001803,"Avery Legal Exhibit Labels, Adjustable",91,-22.008,14,3,-0.24184615384615385
OFF-LA-10001830,"Hon Round Labels, Laser Printer Compatible",242,-16.0056,47,8,-0.06613884297520661
OFF-LA-10001831,"Harbour Creations Shipping Labels, Adjustable",140,0.0,15,5,0.0
OFF-LA-10001833,"Hon Shipping Labels, Alphabetical",201,90.18,18,5,0.4486567164179105
OFF-LA-10001839,"Smead Shipping Labels, Laser Printer Compatible",66,-5.923500000000001,8,3,-0.08975000000000001
OFF-LA-10001865,"Avery Round Labels, 5000 Label Set",15,1.92,2,1,0.128
OFF-LA-10001867,"Avery Shipping Labels, Alphabetical",86,10.12,11,4,0.11767441860465115
OFF-LA-10001873,"Harbour Creations Color Coded Labels, Adjustable",17,-3.24,3,1,-0.19058823529411767
OFF-LA-10001915,"Avery Legal Exhibit Labels, 5000 Label Set",211,96.66,18,3,0.4581042654028436
OFF-LA-10001924,"Hon Round Labels, Adjustable",27,8.46,9,1,0.31333333333333335
OFF-LA-10001930,"Hon Removable Labels, Adjustable",48,3.588,6,2,0.07475
OFF-LA-10001934,Avery 516,110,51.535500000000006,15,4,0.4685045454545455
OFF-LA-10001942,"Novimex Shipping Labels, 5000 Label Set",236,35.21600000000001,34,7,0.14922033898305087
OFF-LA-10001982,Smead Alpha-Z Color-Coded Name Labels First Letter Starter Set,72,32.25,20,5,0.4479166666666667
OFF-LA-10002015,"Hon Round Labels, Alphabetical",53,18.804,15,5,0.3547924528301887
OFF-LA-10002020,"Novimex Color Coded Labels, 5000 Label Set",277,-9.4059,29,6,-0.03395631768953069
OFF-LA-10002029,"Hon Round Labels, 5000 Label Set",168,20.4,31,6,0.12142857142857141
OFF-LA-10002034,Avery 478,89,43.3062,18,4,0.48658651685393256
OFF-LA-10002037,"Avery Shipping Labels, 5000 Label Set",83,4.632,10,2,0.05580722891566264
OFF-LA-10002043,Avery 489,159,73.278,16,5,0.46086792452830194
OFF-LA-10002063,"Hon Round Labels, 5000 Label Set",145,29.139999999999997,31,7,0.2009655172413793
OFF-LA-10002068,"Smead Removable Labels, Adjustable",334,85.08,51,10,0.2547305389221557
OFF-LA-10002086,"Hon Shipping Labels, 5000 Label Set",109,13.991999999999999,10,3,0.12836697247706422
OFF-LA-10002088,"Novimex Round Labels, Laser Printer Compatible",77,23.6529,16,7,0.30718051948051944
OFF-LA-10002107,"Harbour Creations Removable Labels, Laser Printer Compatible",193,47.1915,21,6,0.24451554404145076
OFF-LA-10002107,"Novimex Legal Exhibit Labels, 5000 Label Set",31,14.118,3,3,0.4554193548387097
OFF-LA-10002123,"Smead Legal Exhibit Labels, Alphabetical",97,31.025999999999996,9,3,0.31985567010309274
OFF-LA-10002139,"Novimex Color Coded Labels, Alphabetical",341,0.040800000000000836,34,9,0.00011964809384164468
OFF-LA-10002159,"Hon Removable Labels, Adjustable",85,4.08,8,4,0.048
OFF-LA-10002180,"Hon Color Coded Labels, 5000 Label Set",280,71.52,23,7,0.2554285714285714
OFF-LA-10002183,"Novimex Legal Exhibit Labels, Alphabetical",108,-9.612,20,7,-0.089
OFF-LA-10002195,Avery 481,92,43.12,30,5,0.468695652173913
OFF-LA-10002199,"Harbour Creations Removable Labels, Adjustable",104,30.6,20,7,0.29423076923076924
OFF-LA-10002225,"Hon Shipping Labels, 5000 Label Set",165,78.96,14,3,0.4785454545454545
OFF-LA-10002258,"Smead File Folder Labels, Adjustable",68,12.496,16,5,0.18376470588235294
OFF-LA-10002271,Smead Alpha-Z Color-Coded Second Alphabetical Labels and Starter Set,48,22.4224,16,5,0.46713333333333334
OFF-LA-10002272,"Smead File Folder Labels, Alphabetical",201,-13.734000000000002,27,7,-0.06832835820895523
OFF-LA-10002289,"Hon Shipping Labels, Adjustable",206,-47.3571,30,7,-0.22988883495145632
OFF-LA-10002295,"Novimex Shipping Labels, Alphabetical",200,87.06,29,7,0.4353
OFF-LA-10002312,Avery 490,177,81.4,13,5,0.4598870056497176
OFF-LA-10002319,"Smead Legal Exhibit Labels, Laser Printer Compatible",88,5.067,13,5,0.05757954545454546
OFF-LA-10002323,"Harbour Creations Shipping Labels, 5000 Label Set",105,2.2799999999999994,15,3,0.021714285714285707
OFF-LA-10002324,"Smead Removable Labels, Adjustable",117,0.84,14,3,0.0071794871794871795
OFF-LA-10002325,"Smead Removable Labels, Adjustable",65,25.38,6,1,0.39046153846153847
OFF-LA-10002334,"Novimex Removable Labels, Adjustable",216,12.18,22,5,0.056388888888888884
OFF-LA-10002334,"Smead Shipping Labels, Alphabetical",214,79.744,29,8,0.3726355140186916
OFF-LA-10002337,"Smead Shipping Labels, 5000 Label Set",24,10.8,2,1,0.45
OFF-LA-10002353,"Harbour Creations Legal Exhibit Labels, Laser Printer Compatible",110,6.899999999999999,12,3,0.06272727272727271
OFF-LA-10002354,"Novimex Color Coded Labels, 5000 Label Set",168,32.184000000000005,20,5,0.1915714285714286
OFF-LA-10002364,"Smead Shipping Labels, Alphabetical",349,81.0108,33,6,0.23212263610315187
OFF-LA-10002368,Avery 479,17,6.8382,7,3,0.4022470588235294
OFF-LA-10002381,Avery 497,24,11.211200000000002,8,2,0.4671333333333334
OFF-LA-10002389,"Smead Legal Exhibit Labels, Alphabetical",54,13.832,11,2,0.2561481481481482
OFF-LA-10002401,"Avery Shipping Labels, Laser Printer Compatible",138,42.7,23,6,0.3094202898550725
OFF-LA-10002465,"Hon Shipping Labels, 5000 Label Set",168,-3.1559999999999997,18,5,-0.018785714285714284
OFF-LA-10002469,"Harbour Creations Shipping Labels, Laser Printer Compatible",143,16.983999999999998,23,5,0.11876923076923075
OFF-LA-10002473,Avery 484,9,3.3408,4,1,0.37120000000000003
OFF-LA-10002475,Avery 519,122,51.6086,18,6,0.42302131147540983
OFF-LA-10002486,"Harbour Creations Legal Exhibit Labels, Adjustable",124,56.7,14,4,0.45725806451612905
OFF-LA-10002486,"Novimex File Folder Labels, 5000 Label Set",31,-15.696,6,1,-0.5063225806451613
OFF-LA-10002490,"Hon Round Labels, Alphabetical",45,0.42,7,2,0.009333333333333332
OFF-LA-10002493,"Hon Color Coded Labels, Adjustable",158,-2.8916999999999993,17,7,-0.01830189873417721
OFF-LA-10002523,"Smead Removable Labels, Laser Printer Compatible",43,-10.206,7,1,-0.2373488372093023
OFF-LA-10002544,"Novimex Color Coded Labels, Alphabetical",121,8.447999999999999,16,5,0.06981818181818181
OFF-LA-10002559,"Smead File Folder Labels, Alphabetical",35,15.96,4,2,0.456
OFF-LA-10002575,"Smead Legal Exhibit Labels, 5000 Label Set",246,-139.365,35,6,-0.5665243902439024
OFF-LA-10002596,"Harbour Creations Round Labels, Laser Printer Compatible",118,30.645,18,5,0.25970338983050845
OFF-LA-10002598,"Harbour Creations Removable Labels, Laser Printer Compatible",83,-2.0439999999999996,13,6,-0.02462650602409638
OFF-LA-10002609,"Avery Color Coded Labels, Alphabetical",206,21.464,24,5,0.10419417475728154
OFF-LA-10002625,"Harbour Creations Round Labels, Adjustable",61,16.77,13,5,0.27491803278688526
OFF-LA-10002630,"Novimex Legal Exhibit Labels, Laser Printer Compatible",258,-18.0198,31,6,-0.06984418604651163
OFF-LA-10002633,"Novimex Shipping Labels, Laser Printer Compatible",221,-38.7906,28,7,-0.17552307692307692
OFF-LA-10002635,"Avery Round Labels, 5000 Label Set",65,29.9,13,4,0.45999999999999996
OFF-LA-10002650,"Novimex Removable Labels, Laser Printer Compatible",150,48.08,25,7,0.32053333333333334
OFF-LA-10002651,"Novimex Round Labels, Adjustable",61,2.8949999999999996,19,5,0.04745901639344262
OFF-LA-10002673,"Harbour Creations Round Labels, Laser Printer Compatible",55,25.92,12,4,0.4712727272727273
OFF-LA-10002674,"Harbour Creations Color Coded Labels, 5000 Label Set",324,-0.9840000000000004,26,5,-0.003037037037037038
OFF-LA-10002674,"Novimex Legal Exhibit Labels, Adjustable",35,-24.2712,8,1,-0.6934628571428572
OFF-LA-10002681,"Smead Round Labels, Laser Printer Compatible",57,5.5600000000000005,13,4,0.09754385964912282
OFF-LA-10002688,"Hon File Folder Labels, Adjustable",5,-3.288,3,1,-0.6576
OFF-LA-10002703,"Novimex Removable Labels, Adjustable",202,64.07939999999999,22,5,0.3172247524752475
OFF-LA-10002731,"Smead Removable Labels, Laser Printer Compatible",72,2.111999999999999,14,3,0.029333333333333322
OFF-LA-10002733,"Novimex File Folder Labels, Alphabetical",216,23.01,28,7,0.10652777777777779
OFF-LA-10002741,"Avery Color Coded Labels, Adjustable",162,20.4255,17,6,0.12608333333333333
OFF-LA-10002744,"Novimex File Folder Labels, Adjustable",15,4.485,3,2,0.29900000000000004
OFF-LA-10002752,"Smead Legal Exhibit Labels, 5000 Label Set",194,36.72,17,6,0.1892783505154639
OFF-LA-10002762,Avery 485,639,300.3441,51,8,0.47002206572769956
OFF-LA-10002765,"Harbour Creations Legal Exhibit Labels, Adjustable",186,-0.7305000000000008,24,7,-0.003927419354838714
OFF-LA-10002770,"Novimex Color Coded Labels, Adjustable",12,-5.376,2,1,-0.448
OFF-LA-10002782,"Hon File Folder Labels, Adjustable",65,19.088,16,5,0.2936615384615385
OFF-LA-10002787,Avery 480,90,42.45,24,6,0.4716666666666667
OFF-LA-10002805,"Hon Color Coded Labels, Alphabetical",63,1.2,5,2,0.019047619047619046
OFF-LA-10002806,"Novimex Shipping Labels, 5000 Label Set",460,193.7883,46,10,0.42127891304347825
OFF-LA-10002821,"Harbour Creations Color Coded Labels, 5000 Label Set",68,8.736,10,3,0.12847058823529411
OFF-LA-10002827,"Harbour Creations Round Labels, Adjustable",37,18.48,12,3,0.49945945945945946
OFF-LA-10002848,"Novimex Shipping Labels, Laser Printer Compatible",112,24.144000000000002,18,5,0.21557142857142858
OFF-LA-10002851,"Hon Legal Exhibit Labels, 5000 Label Set",46,18.0,4,2,0.391304347826087
OFF-LA-10002868,"Hon Removable Labels, 5000 Label Set",100,5.4639999999999995,16,5,0.054639999999999994
OFF-LA-10002875,"Novimex Shipping Labels, Adjustable",196,60.06,22,4,0.30642857142857144
OFF-LA-10002876,"Hon Legal Exhibit Labels, Adjustable",51,15.387599999999999,7,3,0.30171764705882353
OFF-LA-10002883,"Avery Removable Labels, Alphabetical",56,6.319999999999999,10,3,0.11285714285714285
OFF-LA-10002895,"Avery Legal Exhibit Labels, Laser Printer Compatible",173,-2.872,26,7,-0.016601156069364163
OFF-LA-10002900,"Harbour Creations File Folder Labels, Alphabetical",9,-6.33,2,1,-0.7033333333333334
OFF-LA-10002927,"Avery File Folder Labels, 5000 Label Set",118,14.184,19,7,0.12020338983050848
OFF-LA-10002939,"Harbour Creations Legal Exhibit Labels, 5000 Label Set",247,26.302200000000003,25,8,0.10648663967611337
OFF-LA-10002943,"Novimex Removable Labels, Laser Printer Compatible",48,20.7,5,2,0.43124999999999997
OFF-LA-10002945,"Permanent Self-Adhesive File Folder Labels for Typewriters, 1 1/8 x 3 1/2, White",153,55.062,29,6,0.35988235294117643
OFF-LA-10002964,"Harbour Creations Shipping Labels, 5000 Label Set",256,13.754999999999999,26,5,0.053730468749999996
OFF-LA-10002972,"Avery File Folder Labels, Alphabetical",100,25.216,19,6,0.25216
OFF-LA-10002974,"Avery File Folder Labels, Laser Printer Compatible",91,39.9,10,4,0.43846153846153846
OFF-LA-10002974,"Novimex Shipping Labels, Adjustable",32,-4.932,6,1,-0.154125
OFF-LA-10002980,"Harbour Creations Shipping Labels, Alphabetical",66,-16.864,12,3,-0.25551515151515153
OFF-LA-10002992,"Novimex Removable Labels, 5000 Label Set",205,-39.8949,25,7,-0.19460926829268294
OFF-LA-10002995,"Avery Removable Labels, Adjustable",103,47.52,12,4,0.4613592233009709
OFF-LA-10002996,"Avery Removable Labels, Laser Printer Compatible",107,21.299999999999997,10,3,0.19906542056074764
OFF-LA-10003057,"Harbour Creations Legal Exhibit Labels, Adjustable",18,2.1,2,1,0.11666666666666667
OFF-LA-10003058,"Novimex Legal Exhibit Labels, Adjustable",42,2.8499999999999996,5,2,0.06785714285714285
OFF-LA-10003077,Avery 500,59,27.4856,8,2,0.4658576271186441
OFF-LA-10003084,"Avery File Folder Labels, Alphabetical",242,79.38,27,5,0.32801652892561983
OFF-LA-10003090,"Harbour Creations File Folder Labels, Adjustable",50,-19.575,11,2,-0.39149999999999996
OFF-LA-10003119,"Hon Color Coded Labels, 5000 Label Set",32,-4.32,4,1,-0.135
OFF-LA-10003121,Avery 506,67,28.166600000000003,17,3,0.4203970149253732
OFF-LA-10003132,"Hon File Folder Labels, Adjustable",110,20.382,19,5,0.18529090909090912
OFF-LA-10003132,"Smead Round Labels, Laser Printer Compatible",70,24.6,10,3,0.3514285714285714
OFF-LA-10003140,"Harbour Creations Round Labels, Alphabetical",105,37.44,24,7,0.35657142857142854
OFF-LA-10003141,"Hon Shipping Labels, Laser Printer Compatible",413,145.2858,47,12,0.351781598062954
OFF-LA-10003148,Avery 51,96,41.328,16,5,0.43050000000000005
OFF-LA-10003155,"Novimex Round Labels, Laser Printer Compatible",8,0.864,2,1,0.108
OFF-LA-10003190,Avery 474,80,34.272,30,9,0.4284
OFF-LA-10003210,"Harbour Creations File Folder Labels, Laser Printer Compatible",333,102.6,38,7,0.30810810810810807
OFF-LA-10003210,"Novimex Color Coded Labels, 5000 Label Set",90,24.990000000000002,7,3,0.2776666666666667
OFF-LA-10003215,"Smead File Folder Labels, Laser Printer Compatible",49,-12.5532,9,3,-0.25618775510204084
OFF-LA-10003217,"Smead File Folder Labels, Laser Printer Compatible",191,-29.58,25,5,-0.15486910994764397
OFF-LA-10003223,Avery 508,88,39.8201,19,6,0.4525011363636363
OFF-LA-10003231,"Smead Round Labels, Adjustable",15,0.96,4,2,0.064
OFF-LA-10003233,"Avery Removable Labels, Alphabetical",238,31.68,24,6,0.13310924369747898
OFF-LA-10003236,"Hon Round Labels, Adjustable",94,0.20880000000000098,30,7,0.0022212765957446913
OFF-LA-10003271,"Novimex Shipping Labels, Adjustable",203,1.3599999999999999,34,8,0.006699507389162561
OFF-LA-10003273,"Harbour Creations Color Coded Labels, Adjustable",140,-33.138,17,5,-0.2367
OFF-LA-10003278,"Novimex Shipping Labels, 5000 Label Set",114,40.8,10,2,0.35789473684210527
OFF-LA-10003283,"Harbour Creations Removable Labels, Adjustable",294,36.915,36,8,0.12556122448979593
OFF-LA-10003283,"Hon File Folder Labels, 5000 Label Set",158,58.365,22,4,0.3693987341772152
OFF-LA-10003285,"Avery Removable Labels, Adjustable",116,-13.648,25,7,-0.1176551724137931
OFF-LA-10003290,"Hon Round Labels, Adjustable",73,25.92,16,6,0.35506849315068495
OFF-LA-10003295,"Harbour Creations Color Coded Labels, Alphabetical",247,101.75999999999999,23,6,0.4119838056680162
OFF-LA-10003297,"Avery Removable Labels, 5000 Label Set",22,7.98,2,1,0.36272727272727273
OFF-LA-10003327,"Hon Legal Exhibit Labels, Adjustable",90,9.296,16,4,0.10328888888888889
OFF-LA-10003337,"Harbour Creations Removable Labels, Adjustable",253,25.832,39,10,0.10210276679841898
OFF-LA-10003338,"Harbour Creations Removable Labels, 5000 Label Set",230,34.6815,27,5,0.15078913043478262
OFF-LA-10003338,"Novimex Legal Exhibit Labels, Alphabetical",134,51.45,14,4,0.38395522388059705
OFF-LA-10003372,"Smead Round Labels, Alphabetical",53,3.96,15,5,0.07471698113207548
OFF-LA-10003376,"Hon Shipping Labels, Adjustable",33,-17.388,6,1,-0.526909090909091
OFF-LA-10003379,"Smead Color Coded Labels, Laser Printer Compatible",147,-38.574,15,6,-0.2624081632653061
OFF-LA-10003381,"Harbour Creations Color Coded Labels, Alphabetical",133,-51.4656,16,6,-0.3869593984962406
OFF-LA-10003381,"Novimex Removable Labels, Laser Printer Compatible",291,136.6335,32,9,0.4695309278350515
OFF-LA-10003388,Avery 5,6,2.8224,2,1,0.4704
OFF-LA-10003390,"Harbour Creations File Folder Labels, 5000 Label Set",108,23.76,12,4,0.22
OFF-LA-10003396,"Avery Color Coded Labels, Laser Printer Compatible",528,50.0001,46,12,0.0946971590909091
OFF-LA-10003422,"Smead Color Coded Labels, Alphabetical",173,61.316,25,6,0.3544277456647399
OFF-LA-10003435,"Harbour Creations File Folder Labels, Laser Printer Compatible",246,52.473299999999995,34,10,0.2133060975609756
OFF-LA-10003437,"Hon Color Coded Labels, Laser Printer Compatible",221,104.77199999999999,27,8,0.47408144796380086
OFF-LA-10003444,"Smead Legal Exhibit Labels, Alphabetical",88,29.52,8,2,0.33545454545454545
OFF-LA-10003459,"Avery Removable Labels, Laser Printer Compatible",64,1.26,9,3,0.0196875
OFF-LA-10003487,"Smead Shipping Labels, Adjustable",62,13.72,12,6,0.22129032258064518
OFF-LA-10003498,Avery 475,265,133.2,18,4,0.5026415094339622
OFF-LA-10003503,"Smead Legal Exhibit Labels, Adjustable",93,18.12,17,6,0.19483870967741937
OFF-LA-10003505,"Avery Legal Exhibit Labels, Laser Printer Compatible",263,7.1484000000000005,26,7,0.02718022813688213
OFF-LA-10003510,"Avery 4027 File Folder Labels for Dot Matrix Printers, 5000 Labels per Box, White",1233,524.5054,43,11,0.4253896188158962
OFF-LA-10003511,"Avery Round Labels, Adjustable",75,12.6,15,5,0.16799999999999998
OFF-LA-10003515,"Novimex Color Coded Labels, Laser Printer Compatible",100,36.72,12,4,0.36719999999999997
OFF-LA-10003537,Avery 515,63,29.445500000000003,5,2,0.4673888888888889
OFF-LA-10003551,"Harbour Creations File Folder Labels, 5000 Label Set",102,29.183999999999997,16,2,0.28611764705882353
OFF-LA-10003583,"Hon File Folder Labels, 5000 Label Set",84,21.0,14,4,0.25
OFF-LA-10003591,"Smead Removable Labels, Laser Printer Compatible",202,51.3,21,6,0.25396039603960396
OFF-LA-10003594,"Hon Removable Labels, Adjustable",74,5.4719999999999995,15,4,0.07394594594594595
OFF-LA-10003610,"Avery Removable Labels, 5000 Label Set",264,56.832300000000004,29,7,0.21527386363636364
OFF-LA-10003617,"Smead Legal Exhibit Labels, Adjustable",94,17.28,15,4,0.18382978723404256
OFF-LA-10003627,"Novimex Round Labels, Adjustable",63,8.3874,17,5,0.13313333333333333
OFF-LA-10003644,"Novimex Removable Labels, Adjustable",267,45.888,36,9,0.17186516853932585
OFF-LA-10003663,Avery 498,35,15.3459,13,3,0.43845428571428574
OFF-LA-10003674,"Hon Legal Exhibit Labels, Alphabetical",64,21.06,6,1,0.3290625
OFF-LA-10003678,"Hon Round Labels, 5000 Label Set",91,-14.4525,15,3,-0.15881868131868132
OFF-LA-10003699,"Smead File Folder Labels, Adjustable",152,-20.658,27,5,-0.13590789473684212
OFF-LA-10003714,Avery 510,22,8.1,7,3,0.36818181818181817
OFF-LA-10003717,"Harbour Creations Legal Exhibit Labels, 5000 Label Set",58,-9.944,10,5,-0.17144827586206898
OFF-LA-10003720,Avery 487,85,35.9775,25,7,0.42326470588235293
OFF-LA-10003766,Self-Adhesive Removable Labels,110,52.92,35,7,0.4810909090909091
OFF-LA-10003778,"Novimex File Folder Labels, Alphabetical",40,10.35,5,2,0.25875
OFF-LA-10003795,"Smead Round Labels, Alphabetical",69,13.776,11,2,0.19965217391304346
OFF-LA-10003807,"Smead Removable Labels, Adjustable",89,-2.436,14,5,-0.027370786516853932
OFF-LA-10003809,"Novimex Legal Exhibit Labels, Laser Printer Compatible",183,21.476,30,7,0.1173551912568306
OFF-LA-10003820,"Novimex Color Coded Labels, Adjustable",103,23.700000000000003,15,3,0.2300970873786408
OFF-LA-10003821,"Smead Shipping Labels, Alphabetical",12,-6.448,4,2,-0.5373333333333333
OFF-LA-10003827,"Avery Color Coded Labels, 5000 Label Set",192,66.78,14,4,0.3478125
OFF-LA-10003848,"Avery File Folder Labels, 5000 Label Set",34,-30.134999999999998,7,2,-0.8863235294117646
OFF-LA-10003851,"Smead Removable Labels, 5000 Label Set",49,24.5,7,2,0.5
OFF-LA-10003898,"Hon Removable Labels, 5000 Label Set",8,-9.492,3,1,-1.1865
OFF-LA-10003923,Alphabetical Labels for Top Tab Filing,520,244.2,37,9,0.4696153846153846
OFF-LA-10003929,"Novimex Legal Exhibit Labels, Adjustable",10,-4.896,2,1,-0.4896
OFF-LA-10003930,"Dot Matrix Printer Tape Reel Labels, White, 5000/Box",3324,1517.9064,36,8,0.4566505415162455
OFF-LA-10003955,"Avery Shipping Labels, 5000 Label Set",299,-10.111999999999998,40,8,-0.03381939799331103
OFF-LA-10003967,"Smead Color Coded Labels, Adjustable",55,12.0,5,1,0.21818181818181817
OFF-LA-10003969,"Novimex Legal Exhibit Labels, Laser Printer Compatible",94,31.86,9,3,0.33893617021276595
OFF-LA-10003971,"Novimex Color Coded Labels, Laser Printer Compatible",167,25.92,15,5,0.15520958083832337
OFF-LA-10003973,"Hon Removable Labels, Laser Printer Compatible",273,-7.747199999999996,34,6,-0.028378021978021962
OFF-LA-10003982,"Avery Round Labels, Adjustable",37,15.84,11,2,0.4281081081081081
OFF-LA-10004007,"Harbour Creations Color Coded Labels, Adjustable",248,34.5,23,5,0.13911290322580644
OFF-LA-10004008,Avery 507,24,8.64,10,2,0.36000000000000004
OFF-LA-10004020,"Hon Color Coded Labels, 5000 Label Set",93,-13.2,8,3,-0.14193548387096774
OFF-LA-10004034,"Harbour Creations Color Coded Labels, Alphabetical",159,17.304,22,5,0.10883018867924528
OFF-LA-10004050,"Hon Color Coded Labels, Laser Printer Compatible",96,12.674999999999999,10,3,0.13203125
OFF-LA-10004055,Color-Coded Legal Exhibit Labels,15,7.2177,3,2,0.48118
OFF-LA-10004058,"Hon Legal Exhibit Labels, 5000 Label Set",349,6.869999999999999,37,8,0.01968481375358166
OFF-LA-10004062,"Hon Removable Labels, 5000 Label Set",102,35.487,12,4,0.34791176470588236
OFF-LA-10004093,Avery 486,169,75.1468,24,9,0.44465562130177516
OFF-LA-10004094,"Avery Removable Labels, 5000 Label Set",44,7.92,6,2,0.18
OFF-LA-10004108,"Avery Round Labels, 5000 Label Set",30,0.6,4,2,0.02
OFF-LA-10004112,"Hon Shipping Labels, Alphabetical",67,5.34,10,1,0.07970149253731343
OFF-LA-10004114,"Avery File Folder Labels, Alphabetical",189,16.8246,27,7,0.08901904761904762
OFF-LA-10004122,"Avery Color Coded Labels, Laser Printer Compatible",212,27.0,17,4,0.12735849056603774
OFF-LA-10004132,"Smead Color Coded Labels, Alphabetical",129,54.0,10,4,0.4186046511627907
OFF-LA-10004137,"Harbour Creations Legal Exhibit Labels, Laser Printer Compatible",39,-7.38,6,1,-0.18923076923076923
OFF-LA-10004148,"Smead File Folder Labels, 5000 Label Set",120,54.452999999999996,13,4,0.453775
OFF-LA-10004164,"Smead Color Coded Labels, Laser Printer Compatible",116,23.900000000000002,14,5,0.2060344827586207
OFF-LA-10004166,"Avery Legal Exhibit Labels, 5000 Label Set",19,-7.992,4,1,-0.4206315789473684
OFF-LA-10004178,Avery 491,45,18.6676,12,3,0.41483555555555557
OFF-LA-10004181,"Novimex File Folder Labels, Adjustable",12,5.04,2,1,0.42
OFF-LA-10004182,"Hon Color Coded Labels, 5000 Label Set",61,28.84,7,3,0.4727868852459016
OFF-LA-10004234,"Smead File Folder Labels, 5000 Label Set",32,-12.674700000000001,5,2,-0.39608437500000004
OFF-LA-10004239,"Smead Color Coded Labels, Adjustable",86,0.6999999999999993,16,4,0.008139534883720921
OFF-LA-10004272,Avery 482,12,5.4332,4,2,0.4527666666666667
OFF-LA-10004280,"Harbour Creations Legal Exhibit Labels, Alphabetical",173,68.84700000000001,17,2,0.3979595375722544
OFF-LA-10004285,"Smead Legal Exhibit Labels, Laser Printer Compatible",204,5.880000000000001,19,5,0.02882352941176471
OFF-LA-10004312,"Hon File Folder Labels, Laser Printer Compatible",66,-20.735999999999997,15,3,-0.3141818181818181
OFF-LA-10004318,"Hon Color Coded Labels, Adjustable",104,-17.136,17,5,-0.16476923076923075
OFF-LA-10004320,"Avery Legal Exhibit Labels, Alphabetical",30,4.4,4,2,0.14666666666666667
OFF-LA-10004332,"Novimex File Folder Labels, Adjustable",133,27.06,22,6,0.20345864661654134
OFF-LA-10004345,Avery 493,57,23.4207,13,4,0.4108894736842105
OFF-LA-10004370,"Novimex File Folder Labels, 5000 Label Set",190,66.0,33,5,0.3473684210526316
OFF-LA-10004398,"Hon Color Coded Labels, Alphabetical",236,-15.6612,20,5,-0.06636101694915254
OFF-LA-10004400,"Hon Legal Exhibit Labels, Laser Printer Compatible",139,10.908000000000001,14,2,0.0784748201438849
OFF-LA-10004409,Avery 492,54,22.464000000000002,20,5,0.41600000000000004
OFF-LA-10004411,"Avery File Folder Labels, 5000 Label Set",57,2.7,6,1,0.04736842105263158
OFF-LA-10004425,Staples,55,21.5883,21,5,0.39251454545454545
OFF-LA-10004430,"Avery Shipping Labels, Laser Printer Compatible",286,114.8925,27,9,0.40172202797202794
OFF-LA-10004462,"Smead Shipping Labels, Adjustable",6,0.846,1,1,0.141
OFF-LA-10004484,Avery 476,138,54.5986,37,10,0.3956420289855072
OFF-LA-10004487,"Harbour Creations Shipping Labels, Alphabetical",45,8.04,4,1,0.17866666666666664
OFF-LA-10004488,"Novimex Color Coded Labels, Adjustable",234,12.264,25,5,0.05241025641025641
OFF-LA-10004495,"Novimex Round Labels, Alphabetical",152,48.656,40,9,0.3201052631578947
OFF-LA-10004519,"Avery Legal Exhibit Labels, 5000 Label Set",329,113.804,46,8,0.34590881458966566
OFF-LA-10004538,"Harbour Creations Legal Exhibit Labels, Laser Printer Compatible",187,58.3,28,7,0.31176470588235294
OFF-LA-10004543,"Novimex Shipping Labels, Adjustable",7,-10.536,3,1,-1.5051428571428571
OFF-LA-10004544,Avery 505,373,165.76,28,7,0.44439678284182305
OFF-LA-10004545,Avery 50,236,102.74600000000001,20,5,0.43536440677966104
OFF-LA-10004559,Avery 49,67,31.5648,24,6,0.4711164179104478
OFF-LA-10004576,"Harbour Creations File Folder Labels, Laser Printer Compatible",47,-4.839999999999999,10,5,-0.1029787234042553
OFF-LA-10004594,"Avery Color Coded Labels, Adjustable",124,14.52,11,4,0.11709677419354839
OFF-LA-10004614,"Smead Round Labels, 5000 Label Set",75,-0.9504000000000001,14,3,-0.012672000000000001
OFF-LA-10004623,"Smead Removable Labels, 5000 Label Set",171,9.465,27,7,0.055350877192982456
OFF-LA-10004648,"Avery Color Coded Labels, 5000 Label Set",210,77.28,23,5,0.368
OFF-LA-10004677,Self-Adhesive Address Labels for Typewriters with Dispenser Box,27,8.9667,9,2,0.3321
OFF-LA-10004689,Avery 512,84,35.3736,32,5,0.4211142857142858
OFF-LA-10004700,"Avery Color Coded Labels, Alphabetical",3,-4.204,1,1,-1.4013333333333333
OFF-LA-10004709,"Avery Round Labels, Laser Printer Compatible",98,23.351999999999997,14,4,0.23828571428571424
OFF-LA-10004714,"Novimex File Folder Labels, Laser Printer Compatible",5,-3.24,1,1,-0.648
OFF-LA-10004727,"Hon File Folder Labels, Laser Printer Compatible",146,2.1000000000000014,19,5,0.014383561643835627
OFF-LA-10004737,"Avery Shipping Labels, 5000 Label Set",437,125.778,41,8,0.2878215102974829
OFF-LA-10004738,"Harbour Creations Legal Exhibit Labels, Alphabetical",122,42.861000000000004,12,4,0.35131967213114756
OFF-LA-10004744,"Smead Shipping Labels, Alphabetical",205,49.14,18,5,0.23970731707317072
OFF-LA-10004745,"Harbour Creations Shipping Labels, Adjustable",157,42.422399999999996,24,8,0.2702063694267516
OFF-LA-10004747,"Hon Color Coded Labels, Alphabetical",228,109.08,27,6,0.4784210526315789
OFF-LA-10004749,"Avery Legal Exhibit Labels, Laser Printer Compatible",63,-35.196,10,3,-0.5586666666666666
OFF-LA-10004749,"Novimex Removable Labels, Adjustable",176,-16.728,30,6,-0.09504545454545456
OFF-LA-10004753,"Novimex Round Labels, Laser Printer Compatible",162,76.44,26,6,0.47185185185185186
OFF-LA-10004756,"Avery Removable Labels, Laser Printer Compatible",242,63.9996,28,7,0.2644611570247934
OFF-LA-10004761,"Avery File Folder Labels, Adjustable",54,21.414,8,3,0.3965555555555556
OFF-LA-10004774,"Avery Shipping Labels, Alphabetical",12,3.6,1,1,0.3
OFF-LA-10004777,"Smead Shipping Labels, 5000 Label Set",261,78.64,33,10,0.3013026819923372
OFF-LA-10004795,"Novimex Shipping Labels, Alphabetical",72,-13.788,10,3,-0.1915
OFF-LA-10004799,"Hon Legal Exhibit Labels, Alphabetical",106,4.2,10,2,0.03962264150943397
OFF-LA-10004799,"Hon Shipping Labels, Adjustable",75,11.76,12,4,0.1568
OFF-LA-10004832,"Novimex Legal Exhibit Labels, Alphabetical",134,26.52,13,4,0.197910447761194
OFF-LA-10004848,"Avery Legal Exhibit Labels, 5000 Label Set",331,75.8622,38,6,0.22919093655589123
OFF-LA-10004853,Avery 483,84,32.569199999999995,19,6,0.38772857142857137
OFF-LA-10004859,"Avery Legal Exhibit Labels, Alphabetical",75,13.662,7,2,0.18216000000000002
OFF-LA-10004877,"Avery File Folder Labels, Laser Printer Compatible",34,-3.4176,7,2,-0.10051764705882353
OFF-LA-10004877,"Hon Legal Exhibit Labels, 5000 Label Set",23,9.0,2,1,0.391304347826087
OFF-LA-10004894,"Hon Shipping Labels, Alphabetical",172,55.3536,19,6,0.3218232558139535
OFF-LA-10004916,"Harbour Creations Shipping Labels, Laser Printer Compatible",69,26.1,6,1,0.37826086956521743
OFF-LA-10004918,"Harbour Creations Round Labels, Alphabetical",81,-32.5746,19,5,-0.4021555555555555
OFF-LA-10004919,"Smead Color Coded Labels, Alphabetical",320,4.896900000000005,34,7,0.015302812500000016
OFF-LA-10004929,"Novimex Color Coded Labels, Laser Printer Compatible",332,76.464,27,7,0.2303132530120482
OFF-LA-10004933,"Harbour Creations Shipping Labels, Adjustable",50,-4.48,10,3,-0.08960000000000001
OFF-LA-10004947,"Hon Shipping Labels, 5000 Label Set",30,6.992,5,3,0.23306666666666667
OFF-LA-10004964,"Smead Shipping Labels, Adjustable",10,-8.19,2,1,-0.819
OFF-LA-10004969,"Novimex Legal Exhibit Labels, Adjustable",116,-1.8559999999999999,22,4,-0.016
OFF-LA-10004972,"Avery File Folder Labels, 5000 Label Set",48,1.8,5,2,0.0375
OFF-NOV-10000092,"Novimex Color Coded Labels, 5000 Label Set",54,-1.638,6,5,-0.03033333333333333
OFF-NOV-10000141,"Novimex Round Labels, 5000 Label Set",120,56.16,18,3,0.46799999999999997
OFF-NOV-10000512,"Novimex Color Coded Labels, Adjustable",112,53.129999999999995,11,5,0.47437499999999994
OFF-NOV-10000721,"Novimex File Folder Labels, Laser Printer Compatible",8,1.56,1,1,0.195
OFF-NOV-10000787,"Novimex Removable Labels, Laser Printer Compatible",69,28.979999999999997,7,4,0.41999999999999993
OFF-NOV-10000808,"Novimex Round Labels, Adjustable",34,3.8939999999999984,10,5,0.11452941176470584
OFF-NOV-10000986,"Novimex File Folder Labels, Adjustable",12,-12.915,5,2,-1.07625
OFF-NOV-10001238,"Novimex Shipping Labels, Alphabetical",26,9.72,3,2,0.3738461538461539
OFF-NOV-10001568,"Novimex Shipping Labels, 5000 Label Set",134,48.96,12,8,0.3653731343283582
OFF-NOV-10001753,"Novimex Round Labels, Alphabetical",22,4.523999999999999,5,3,0.2056363636363636
OFF-NOV-10002258,"Novimex Legal Exhibit Labels, Alphabetical",41,8.16,4,1,0.19902439024390245
OFF-NOV-10002610,"Novimex File Folder Labels, Alphabetical",48,6.66,6,1,0.13875
OFF-NOV-10002952,"Novimex Round Labels, Laser Printer Compatible",74,26.112,14,5,0.35286486486486485
OFF-NOV-10003180,"Novimex Legal Exhibit Labels, Adjustable",19,-3.3120000000000003,3,3,-0.17431578947368423
OFF-NOV-10003401,"Novimex Color Coded Labels, Alphabetical",48,16.08,4,3,0.33499999999999996
OFF-NOV-10003499,"Novimex Removable Labels, Adjustable",52,5.1,5,3,0.09807692307692308
OFF-NOV-10003578,"Novimex Color Coded Labels, Laser Printer Compatible",49,11.88,4,3,0.24244897959183676
OFF-NOV-10003964,"Novimex File Folder Labels, 5000 Label Set",15,-2.0160000000000005,3,3,-0.13440000000000002
OFF-NOV-10004048,"Novimex Legal Exhibit Labels, 5000 Label Set",67,-9.354,8,5,-0.13961194029850746
OFF-NOV-10004223,"Novimex Shipping Labels, Adjustable",30,0.14399999999999924,4,3,0.004799999999999974
OFF-NOV-10004585,"Novimex Legal Exhibit Labels, Laser Printer Compatible",55,13.911,6,3,0.2529272727272727
OFF-NOV-10004671,"Novimex Removable Labels, 5000 Label Set",69,28.139999999999997,7,4,0.40782608695652167
OFF-NOV-10004680,"Novimex Shipping Labels, Laser Printer Compatible",130,31.164,16,5,0.23972307692307693
OFF-NOV-10004968,"Novimex Removable Labels, Adjustable",40,0.0,5,3,0.0
OFF-OIC-10000121,"OIC Paper Clips, 12 Pack",56,13.2,4,3,0.2357142857142857
OFF-OIC-10000189,"OIC Clamps, Metal",100,44.699999999999996,5,2,0.44699999999999995
OFF-OIC-10000492,"OIC Push Pins, 12 Pack",95,28.158,8,5,0.2964
OFF-OIC-10000855,"OIC Thumb Tacks, Metal",84,16.919999999999998,6,4,0.2014285714285714
OFF-OIC-10000988,"OIC Rubber Bands, Metal",51,19.53,3,3,0.3829411764705883
OFF-OIC-10001056,"OIC Clamps, 12 Pack",234,80.64,16,5,0.3446153846153846
OFF-OIC-10001155,"OIC Paper Clips, Bulk Pack",184,81.384,14,9,0.44230434782608696
OFF-OIC-10001477,"OIC Push Pins, Bulk Pack",68,-2.154,6,3,-0.03167647058823529
OFF-OIC-10001921,"OIC Clamps, Assorted Sizes",62,-15.288,7,3,-0.24658064516129033
OFF-OIC-10002160,"OIC Rubber Bands, 12 Pack",55,20.13,4,3,0.366
OFF-OIC-10002161,"OIC Push Pins, Assorted Sizes",123,24.6,10,4,0.2
OFF-OIC-10002266,"OIC Staples, 12 Pack",28,-13.038,4,3,-0.46564285714285714
OFF-OIC-10002625,"OIC Thumb Tacks, 12 Pack",83,32.400000000000006,6,5,0.3903614457831326
OFF-OIC-10003028,"OIC Staples, Bulk Pack",34,16.29,3,2,0.4791176470588235
OFF-OIC-10003366,"OIC Staples, Metal",144,49.476,14,4,0.34358333333333335
OFF-OIC-10003518,"OIC Rubber Bands, Assorted Sizes",111,21.252000000000002,9,5,0.19145945945945947
OFF-OIC-10003879,"OIC Clamps, Bulk Pack",131,51.282,8,4,0.3914656488549618
OFF-OIC-10003978,"OIC Staples, Assorted Sizes",26,2.7720000000000002,4,4,0.10661538461538463
OFF-OIC-10004253,"OIC Rubber Bands, Bulk Pack",39,-11.139,5,4,-0.2856153846153846
OFF-OIC-10004255,"OIC Paper Clips, Assorted Sizes",24,5.94,2,2,0.24750000000000003
OFF-OIC-10004536,"OIC Thumb Tacks, Assorted Sizes",178,66.52799999999999,16,4,0.373752808988764
OFF-OIC-10004622,"OIC Thumb Tacks, Bulk Pack",6,-3.252,1,1,-0.5419999999999999
OFF-OIC-10004810,"OIC Paper Clips, Metal",44,11.34,3,2,0.25772727272727275
OFF-OIC-10004999,"OIC Push Pins, Metal",36,8.982,3,2,0.24949999999999997
OFF-PA-10000007,"Telephone Message Books with Fax/Mobile Section, 4 1/4"" x 6""",52,21.96,15,3,0.42230769230769233
OFF-PA-10000019,Xerox 1931,209,88.6464,36,8,0.42414545454545455
OFF-PA-10000026,"Eaton Cards & Envelopes, 8.5 x 11",512,27.287999999999997,12,4,0.053296874999999994
OFF-PA-10000029,Xerox 224,94,38.6208,17,6,0.41085957446808513
OFF-PA-10000030,"Eaton Parchment Paper, Recycled",147,47.5962,13,4,0.3237836734693878
OFF-PA-10000032,"SanDisk Note Cards, Premium",721,213.452,38,9,0.2960499306518724
OFF-PA-10000034,"Xerox Cards & Envelopes, Multicolor",1067,106.26,23,4,0.09958762886597938
OFF-PA-10000036,"Green Bar Note Cards, Multicolor",95,-14.336,7,1,-0.15090526315789474
OFF-PA-10000048,Xerox 20,6,3.1104,1,1,0.5184
OFF-PA-10000048,"Xerox Memo Slips, Multicolor",55,-18.819000000000003,5,2,-0.3421636363636364
OFF-PA-10000061,Xerox 205,151,69.4656,24,4,0.4600370860927152
OFF-PA-10000062,Green Bar Computer Printout Paper,858,380.8728,17,5,0.4439076923076923
OFF-PA-10000069,"TOPS 4 x 6 Fluorescent Color Memo Sheets, 500 Sheets per Pack",103,37.1059,13,3,0.3602514563106796
OFF-PA-10000070,"Eaton Computer Printout Paper, Recycled",277,43.5654,13,4,0.1572758122743682
OFF-PA-10000081,"SanDisk Computer Printout Paper, Premium",219,34.760000000000005,11,3,0.15872146118721464
OFF-PA-10000091,"Xerox Message Books, Premium",136,51.6,10,3,0.37941176470588234
OFF-PA-10000098,"Xerox Parchment Paper, 8.5 x 11",157,20.25,9,2,0.12898089171974522
OFF-PA-10000100,Xerox 1945,1698,756.2655,45,8,0.44538604240282686
OFF-PA-10000108,"Green Bar Parchment Paper, 8.5 x 11",170,79.116,13,4,0.46538823529411766
OFF-PA-10000116,"Xerox Parchment Paper, Premium",158,0.5592000000000006,15,5,0.0035392405063291174
OFF-PA-10000127,"SanDisk Parchment Paper, Multicolor",766,240.5148,46,11,0.31398798955613577
OFF-PA-10000130,Xerox 199,57,19.688,16,4,0.3454035087719298
OFF-PA-10000141,"Ampad Evidence Wirebond Steno Books, 6"" x 9""",27,11.2924,14,4,0.4182370370370371
OFF-PA-10000143,Astroparche Fine Business Paper,144,65.0496,29,6,0.4517333333333333
OFF-PA-10000157,Xerox 191,768,354.2454,39,10,0.46125703125
OFF-PA-10000167,Xerox 1925,489,182.782,18,6,0.3737873210633947
OFF-PA-10000174,"Message Book, Wirebound, Four 5 1/2"" X 4"" Forms/Pg., 200 Dupl. Sets/Book",152,54.0728,18,6,0.3557421052631579
OFF-PA-10000176,Xerox 1887,513,216.25799999999998,30,8,0.4215555555555555
OFF-PA-10000194,"SanDisk Cards & Envelopes, 8.5 x 11",161,-71.916,7,3,-0.4466832298136646
OFF-PA-10000206,"Green Bar Message Books, Recycled",28,-8.1,2,1,-0.28928571428571426
OFF-PA-10000210,Xerox Blank Computer Paper,100,46.953,5,1,0.46953
OFF-PA-10000213,Xerox 198,76,33.4656,16,3,0.4403368421052632
OFF-PA-10000215,"Eaton Parchment Paper, Premium",368,5.956799999999999,29,7,0.01618695652173913
OFF-PA-10000223,Xerox 2000,84,37.0656,14,5,0.4412571428571429
OFF-PA-10000232,Xerox 1975,71,30.3264,12,5,0.42713239436619715
OFF-PA-10000241,"IBM Multi-Purpose Copy Paper, 8 1/2 x 11"", Case",459,185.88,16,6,0.4049673202614379
OFF-PA-10000246,Riverleaf Stik-Withit Designer Note Cubes,136,55.33,15,5,0.4068382352941176
OFF-PA-10000249,Staples,197,85.8372,17,6,0.4357218274111675
OFF-PA-10000273,"SanDisk Cards & Envelopes, Premium",743,355.08000000000004,24,6,0.4779004037685061
OFF-PA-10000277,"SanDisk Computer Printout Paper, Premium",90,-3.630000000000001,4,2,-0.04033333333333334
OFF-PA-10000289,Xerox 213,110,50.8032,18,6,0.4618472727272727
OFF-PA-10000295,Xerox 229,86,34.992000000000004,15,3,0.4068837209302326
OFF-PA-10000300,"Green Bar Cards & Envelopes, Premium",145,45.0,3,1,0.3103448275862069
OFF-PA-10000300,Xerox 1936,156,60.5394,9,3,0.3880730769230769
OFF-PA-10000301,"Enermax Parchment Paper, Premium",139,-30.78,11,3,-0.22143884892086332
OFF-PA-10000302,"Eaton Computer Printout Paper, Multicolor",509,138.43200000000002,21,9,0.2719685658153242
OFF-PA-10000304,Xerox 1995,121,47.6928,22,6,0.39415537190082645
OFF-PA-10000308,Xerox 1901,17,5.28,4,1,0.31058823529411766
OFF-PA-10000312,Xerox 1955,182,59.384,10,2,0.3262857142857143
OFF-PA-10000317,"Xerox Computer Printout Paper, Premium",255,123.798,10,2,0.4854823529411765
OFF-PA-10000318,"Enermax Message Books, Multicolor",332,32.552,25,5,0.09804819277108434
OFF-PA-10000318,"Green Bar Parchment Paper, 8.5 x 11",125,48.6,6,1,0.38880000000000003
OFF-PA-10000320,"Enermax Parchment Paper, Multicolor",87,27.779999999999998,9,3,0.3193103448275862
OFF-PA-10000327,Xerox 1971,114,47.936,28,6,0.4204912280701754
OFF-PA-10000344,"SanDisk Memo Slips, 8.5 x 11",700,277.9392,40,10,0.397056
OFF-PA-10000349,Staples,119,52.539,25,9,0.4415042016806723
OFF-PA-10000350,"Message Book, Standard Line ""While You Were Out"", 5 1/2"" X 4"", 200 Sets/Book",51,24.139200000000002,6,2,0.47331764705882357
OFF-PA-10000354,"Xerox Computer Printout Paper, Multicolor",15,-18.52,2,1,-1.2346666666666666
OFF-PA-10000357,"Eaton Memo Slips, Recycled",128,52.3875,11,4,0.40927734375
OFF-PA-10000357,"White Dual Perf Computer Printout Paper, 2700 Sheets, 1 Part, Heavyweight, 20 lbs., 14 7/8 x 11",910,408.2604,24,6,0.4486378021978022
OFF-PA-10000357,Xerox 1888,1231,539.2656,24,6,0.43807116165718923
OFF-PA-10000362,"Xerox Parchment Paper, Premium",211,33.392,25,8,0.15825592417061612
OFF-PA-10000373,"Xerox Cards & Envelopes, 8.5 x 11",295,102.96,6,1,0.34901694915254233
OFF-PA-10000380,"REDIFORM Incoming/Outgoing Call Register, 11"" X 8 1/2"", 100 Messages",282,127.602,37,8,0.45248936170212767
OFF-PA-10000382,"SanDisk Computer Printout Paper, Multicolor",468,173.904,16,4,0.37158974358974356
OFF-PA-10000383,"Green Bar Note Cards, Premium",459,-132.912,20,6,-0.2895686274509804
OFF-PA-10000393,"Xerox Memo Slips, 8.5 x 11",211,20.88,12,4,0.09895734597156397
OFF-PA-10000418,Xerox 189,1782,746.532,19,6,0.41892929292929293
OFF-PA-10000420,"Green Bar Cards & Envelopes, 8.5 x 11",42,-26.316,3,1,-0.6265714285714286
OFF-PA-10000423,"Enermax Computer Printout Paper, Recycled",227,11.280000000000001,8,3,0.04969162995594714
OFF-PA-10000450,"Green Bar Note Cards, Multicolor",1030,386.799,32,8,0.3755330097087378
OFF-PA-10000453,"Xerox Cards & Envelopes, 8.5 x 11",1406,448.9926,30,9,0.31934039829302985
OFF-PA-10000466,"Memo Book, 100 Message Capacity, 5 3/8” x 11”",76,36.396,12,3,0.47889473684210526
OFF-PA-10000474,Staples,1104,467.0992,34,12,0.42309710144927537
OFF-PA-10000476,"Eaton Computer Printout Paper, Premium",32,3.66,2,1,0.114375
OFF-PA-10000477,Xerox 1952,98,44.82,20,4,0.4573469387755102
OFF-PA-10000477,Xerox 22,74,31.3632,13,3,0.423827027027027
OFF-PA-10000482,"Snap-A-Way Black Print Carbonless Ruled Speed Letter, Triplicate",1017,453.7624,28,6,0.44617738446411015
OFF-PA-10000483,Xerox 19,415,159.547,15,4,0.3844506024096385
OFF-PA-10000501,Petty Cash Envelope,232,94.36,10,3,0.40672413793103446
OFF-PA-10000520,Xerox 201,109,46.1376,19,5,0.42328073394495414
OFF-PA-10000522,"Green Bar Message Books, Multicolor",226,108.81,9,2,0.48146017699115046
OFF-PA-10000522,"Xerox Computer Printout Paper, Recycled",106,-35.88,8,2,-0.33849056603773586
OFF-PA-10000527,"Enermax Note Cards, Premium",36,-0.048,2,1,-0.0013333333333333333
OFF-PA-10000528,Xerox 1981,71,30.096,14,4,0.42388732394366196
OFF-PA-10000533,Southworth Parchment Paper & Envelopes,84,30.738,15,6,0.36592857142857144
OFF-PA-10000540,"Enermax Note Cards, Multicolor",479,81.75999999999999,24,6,0.17068893528183715
OFF-PA-10000551,Array Memo Cubes,55,25.8482,11,3,0.4699672727272727
OFF-PA-10000552,Xerox 200,84,33.696,15,5,0.40114285714285713
OFF-PA-10000556,Xerox 208,55,24.105600000000003,9,2,0.43828363636363643
OFF-PA-10000562,"Enermax Cards & Envelopes, 8.5 x 11",389,71.72399999999999,15,2,0.18438046272493572
OFF-PA-10000562,"Enermax Message Books, Multicolor",359,17.549999999999997,15,3,0.048885793871866284
OFF-PA-10000565,Staples,280,137.151,5,2,0.489825
OFF-PA-10000575,"Wirebound Message Books, Four 2 3/4 x 5 White Forms per Page",217,95.2656,34,7,0.4390119815668203
OFF-PA-10000579,"Xerox Computer Printout Paper, Recycled",1040,356.7,40,7,0.3429807692307692
OFF-PA-10000587,"Array Parchment Paper, Assorted Colors",107,49.504000000000005,15,4,0.46265420560747667
OFF-PA-10000588,"SanDisk Cards & Envelopes, 8.5 x 11",63,-36.828,2,1,-0.5845714285714286
OFF-PA-10000591,"Green Bar Cards & Envelopes, Multicolor",1229,28.879999999999995,42,11,0.023498779495524813
OFF-PA-10000595,Xerox 1929,352,154.39839999999998,16,4,0.4386318181818181
OFF-PA-10000601,"Eaton Parchment Paper, Premium",7,-5.056,2,1,-0.7222857142857143
OFF-PA-10000605,Xerox 1950,50,23.177799999999998,9,3,0.46355599999999997
OFF-PA-10000644,"Green Bar Cards & Envelopes, Recycled",39,-39.66,3,1,-1.0169230769230768
OFF-PA-10000655,"Enermax Parchment Paper, Multicolor",34,4.02,2,1,0.11823529411764705
OFF-PA-10000659,"Adams Phone Message Book, Professional, 400 Message Capacity, 5 3/6” x 11”",95,43.1364,14,3,0.45406736842105266
OFF-PA-10000659,"TOPS Carbonless Receipt Book, Four 2-3/4 x 7-1/4 Money Receipts per Page",407,178.704,25,4,0.4390761670761671
OFF-PA-10000673,"Post-it “Important Message” Note Pad, Neon Colors, 50 Sheets/Pad",63,28.537599999999998,9,2,0.45297777777777776
OFF-PA-10000675,Xerox 1919,1567,729.622,40,9,0.46561710274409696
OFF-PA-10000677,"Green Bar Memo Slips, Premium",236,88.08,22,7,0.37322033898305085
OFF-PA-10000682,Xerox 1924,61,24.7384,12,4,0.4055475409836065
OFF-PA-10000694,"Green Bar Message Books, Premium",232,6.342000000000002,14,4,0.027336206896551734
OFF-PA-10000697,"TOPS Voice Message Log Book, Flash Format",49,20.372799999999998,12,3,0.4157714285714285
OFF-PA-10000705,"Eaton Note Cards, Multicolor",319,71.328,22,4,0.2235987460815047
OFF-PA-10000721,"Enermax Cards & Envelopes, Recycled",28,-6.594,1,1,-0.23550000000000001
OFF-PA-10000726,"Black Print Carbonless Snap-Off Rapid Letter, 8 1/2"" x 7""",160,65.1365,19,4,0.407103125
OFF-PA-10000731,"Enermax Parchment Paper, 8.5 x 11",234,19.9647,15,5,0.08531923076923077
OFF-PA-10000740,Xerox 1982,238,89.5328,12,3,0.3761882352941176
OFF-PA-10000743,Xerox 1977,130,61.456,20,6,0.47273846153846155
OFF-PA-10000745,"Green Bar Memo Slips, Recycled",181,22.088000000000005,20,6,0.12203314917127074
OFF-PA-10000752,"Xerox Note Cards, Premium",333,136.8,19,4,0.41081081081081083
OFF-PA-10000756,"Enermax Computer Printout Paper, Premium",256,122.85,9,3,0.4798828125
OFF-PA-10000758,"SanDisk Computer Printout Paper, 8.5 x 11",68,0.0,2,1,0.0
OFF-PA-10000776,"Xerox Cards & Envelopes, Premium",503,193.614,13,5,0.3849184890656064
OFF-PA-10000781,"Eaton Message Books, 8.5 x 11",260,82.184,18,5,0.3160923076923077
OFF-PA-10000788,Xerox 210,96,35.2512,18,6,0.36719999999999997
OFF-PA-10000791,"Wirebound Message Books, Four 2 3/4 x 5 Forms per Page, 200 Sets per Book",117,47.223,26,6,0.4036153846153846
OFF-PA-10000806,Xerox 1934,1098,526.212,20,5,0.4792459016393443
OFF-PA-10000807,"TOPS ""Important Message"" Pads, Canary, 4-1/4 x 5-1/2, 50 Sheets per Pad",70,31.629199999999997,17,3,0.45184571428571424
OFF-PA-10000809,Xerox 206,60,23.846400000000003,11,5,0.39744000000000007
OFF-PA-10000816,"Enermax Memo Slips, Recycled",133,6.044999999999999,10,4,0.04545112781954887
OFF-PA-10000824,"Enermax Computer Printout Paper, Multicolor",36,-9.564,2,1,-0.26566666666666666
OFF-PA-10000827,"Enermax Message Books, 8.5 x 11",133,-30.96,8,3,-0.23278195488721806
OFF-PA-10000850,"SanDisk Parchment Paper, Multicolor",389,-16.979999999999997,28,6,-0.0436503856041131
OFF-PA-10000859,Unpadded Memo Slips,18,8.358,5,2,0.4643333333333334
OFF-PA-10000863,"Enermax Parchment Paper, Recycled",206,-18.36,22,8,-0.08912621359223301
OFF-PA-10000867,"SanDisk Message Books, Multicolor",300,59.616,19,6,0.19872
OFF-PA-10000871,"Enermax Cards & Envelopes, Recycled",235,7.05,5,1,0.03
OFF-PA-10000872,"Xerox Parchment Paper, Multicolor",217,-7.004,26,7,-0.03227649769585253
OFF-PA-10000876,"Eaton Computer Printout Paper, Multicolor",266,27.72,10,5,0.10421052631578948
OFF-PA-10000878,"SanDisk Note Cards, Multicolor",442,185.25,13,4,0.41911764705882354
OFF-PA-10000908,"Xerox Note Cards, Premium",1172,223.065,45,9,0.19032849829351536
OFF-PA-10000915,"Eaton Note Cards, 8.5 x 11",172,-11.491999999999999,12,3,-0.06681395348837209
OFF-PA-10000919,Xerox 1918,155,75.9696,4,1,0.49012645161290325
OFF-PA-10000924,"Green Bar Message Books, Multicolor",322,-8.988,14,4,-0.027913043478260867
OFF-PA-10000935,"SanDisk Computer Printout Paper, Multicolor",246,15.76,12,5,0.06406504065040651
OFF-PA-10000944,"Enermax Computer Printout Paper, 8.5 x 11",135,10.1076,5,3,0.07487111111111111
OFF-PA-10000947,"Eaton Memo Slips, Premium",148,1.8519999999999994,17,3,0.01251351351351351
OFF-PA-10000951,"Enermax Note Cards, Multicolor",589,-86.3544,22,7,-0.1466118845500849
OFF-PA-10000955,Southworth 25% Cotton Granite Paper & Envelopes,39,13.2108,7,3,0.33873846153846154
OFF-PA-10000960,"Xerox Parchment Paper, 8.5 x 11",125,16.36,14,4,0.13088
OFF-PA-10000961,"Green Bar Parchment Paper, Premium",250,7.199999999999999,15,5,0.028799999999999996
OFF-PA-10000976,"Green Bar Cards & Envelopes, Premium",103,-89.0532,4,1,-0.8645941747572816
OFF-PA-10000994,"Enermax Message Books, 8.5 x 11",501,170.37199999999999,31,8,0.340063872255489
OFF-PA-10000994,Xerox 1915,2791,1262.394,28,9,0.4523088498745969
OFF-PA-10001001,"Snap-A-Way Black Print Carbonless Speed Message, No Reply Area, Duplicate",93,31.4712,4,1,0.3384
OFF-PA-10001004,"Eaton Parchment Paper, 8.5 x 11",426,111.496,42,7,0.26172769953051644
OFF-PA-10001006,"Eaton Message Books, Recycled",699,247.7682,38,8,0.3544609442060086
OFF-PA-10001019,Xerox 1884,544,204.5952,32,8,0.37609411764705886
OFF-PA-10001033,Xerox 1893,1435,619.3589,39,11,0.4316089895470383
OFF-PA-10001085,"Eaton Computer Printout Paper, Premium",42,-47.88,6,1,-1.1400000000000001
OFF-PA-10001086,"Enermax Cards & Envelopes, Multicolor",872,106.5645,21,5,0.12220699541284404
OFF-PA-10001091,"Eaton Computer Printout Paper, Recycled",550,177.24800000000002,32,8,0.32226909090909095
OFF-PA-10001115,"SanDisk Parchment Paper, Multicolor",43,-13.212,9,1,-0.3072558139534884
OFF-PA-10001125,Xerox 1988,1102,404.289,41,9,0.36686842105263157
OFF-PA-10001142,"Green Bar Note Cards, Multicolor",204,46.8,6,1,0.22941176470588234
OFF-PA-10001144,Xerox 1913,865,375.0448,17,5,0.4335778034682081
OFF-PA-10001164,"Green Bar Message Books, Recycled",158,74.2,10,2,0.46962025316455697
OFF-PA-10001166,Xerox 1932,85,28.7064,3,1,0.3377223529411765
OFF-PA-10001166,Xerox 2,138,53.135999999999996,25,9,0.38504347826086954
OFF-PA-10001170,"Xerox Cards & Envelopes, Multicolor",527,68.0,17,7,0.12903225806451613
OFF-PA-10001178,"Enermax Note Cards, 8.5 x 11",664,284.9,35,6,0.4290662650602409
OFF-PA-10001184,Xerox 1903,139,65.54079999999999,24,6,0.47151654676258986
OFF-PA-10001204,Xerox 1972,46,17.424,10,5,0.37878260869565217
OFF-PA-10001212,"Xerox Message Books, Recycled",426,131.67,21,6,0.3090845070422535
OFF-PA-10001215,Xerox 1963,76,27.72,17,3,0.36473684210526314
OFF-PA-10001223,"SanDisk Cards & Envelopes, Premium",882,310.674,19,3,0.35223809523809524
OFF-PA-10001236,"Enermax Message Books, Recycled",270,-24.9954,14,4,-0.09257555555555555
OFF-PA-10001243,Xerox 1983,30,14.651,5,2,0.48836666666666667
OFF-PA-10001246,Xerox 215,45,21.7728,7,2,0.48384
OFF-PA-10001258,"Green Bar Cards & Envelopes, Multicolor",1962,12.92999999999999,43,6,0.006590214067278282
OFF-PA-10001259,"Green Bar Note Cards, 8.5 x 11",36,2.34,2,1,0.065
OFF-PA-10001260,"TOPS Money Receipt Book, Consecutively Numbered in Red,",88,39.6495,11,2,0.45056250000000003
OFF-PA-10001274,Loose Memo Sheets,18,8.5775,5,2,0.47652777777777783
OFF-PA-10001275,"Xerox Note Cards, Multicolor",100,34.368,4,2,0.34368000000000004
OFF-PA-10001281,Computer Printout Paper with Letter-Trim Fine Perforations,192,91.968,4,1,0.47900000000000004
OFF-PA-10001283,"Green Bar Parchment Paper, Premium",276,90.66,29,9,0.3284782608695652
OFF-PA-10001289,White Computer Printout Paper by Universal,1279,547.6788,37,8,0.4282086004691165
OFF-PA-10001293,Xerox 1946,79,35.2512,13,3,0.4462177215189873
OFF-PA-10001294,"Enermax Cards & Envelopes, Multicolor",243,33.9,5,2,0.13950617283950617
OFF-PA-10001295,Computer Printout Paper with Letter-Trim Perforations,407,169.2124,24,7,0.41575528255528255
OFF-PA-10001301,"SanDisk Computer Printout Paper, Multicolor",311,13.349999999999998,11,6,0.04292604501607716
OFF-PA-10001302,"Eaton Memo Slips, Recycled",33,5.4,4,1,0.16363636363636364
OFF-PA-10001307,"Important Message Pads, 50 4-1/4 x 5-1/2 Forms per Pad",55,22.47,15,4,0.40854545454545454
OFF-PA-10001323,"Eaton Note Cards, 8.5 x 11",555,99.53999999999999,21,4,0.17935135135135133
OFF-PA-10001327,"SanDisk Cards & Envelopes, Recycled",551,-153.19799999999998,16,4,-0.2780362976406533
OFF-PA-10001348,"Eaton Note Cards, Multicolor",61,24.54,2,1,0.4022950819672131
OFF-PA-10001351,"Enermax Message Books, Multicolor",29,4.272,2,1,0.1473103448275862
OFF-PA-10001357,Xerox 1886,653,302.728,14,5,0.4635957120980092
OFF-PA-10001363,Xerox 1933,295,138.5184,24,5,0.4695538983050848
OFF-PA-10001370,"SanDisk Parchment Paper, 8.5 x 11",179,-8.698500000000003,10,3,-0.048594972067039124
OFF-PA-10001371,"Xerox Computer Printout Paper, 8.5 x 11",273,-3.1799999999999997,10,3,-0.011648351648351648
OFF-PA-10001385,"Xerox Memo Slips, 8.5 x 11",353,74.36,32,9,0.21065155807365438
OFF-PA-10001409,"Green Bar Memo Slips, Multicolor",15,-11.772,3,1,-0.7848
OFF-PA-10001421,"Green Bar Memo Slips, 8.5 x 11",25,4.188,2,1,0.16752
OFF-PA-10001445,"Eaton Cards & Envelopes, Multicolor",419,201.15,9,2,0.4800715990453461
OFF-PA-10001448,"Xerox Note Cards, Recycled",7,-6.312,1,1,-0.9017142857142858
OFF-PA-10001450,Rediform S.O.S. Phone Message Books,20,9.7608,4,1,0.48804
OFF-PA-10001456,"Eaton Memo Slips, 8.5 x 11",192,13.12,16,5,0.06833333333333333
OFF-PA-10001457,White GlueTop Scratch Pads,186,72.7936,14,2,0.391363440860215
OFF-PA-10001461,HP Office Paper (20Lb. and 87 Bright),87,38.2096,14,2,0.43919080459770116
OFF-PA-10001466,"Eaton Computer Printout Paper, 8.5 x 11",553,253.79999999999998,18,4,0.4589511754068716
OFF-PA-10001470,"Green Bar Message Books, 8.5 x 11",465,170.14,26,7,0.36589247311827955
OFF-PA-10001471,Strathmore Photo Frame Cards,118,53.8016,16,4,0.45594576271186443
OFF-PA-10001492,"Enermax Note Cards, Premium",404,1.904999999999994,17,5,0.0047153465346534505
OFF-PA-10001495,"Xerox Parchment Paper, Recycled",96,5.720000000000001,11,3,0.05958333333333334
OFF-PA-10001497,Xerox 1914,957,423.74159999999995,19,5,0.4427811912225705
OFF-PA-10001497,"Xerox Note Cards, 8.5 x 11",306,3.0,10,4,0.00980392156862745
OFF-PA-10001509,"Recycled Desk Saver Line ""While You Were Out"" Book, 5 1/2"" X 4""",270,123.51,30,5,0.4574444444444445
OFF-PA-10001516,"Xerox Note Cards, Recycled",324,-10.631999999999998,25,8,-0.03281481481481481
OFF-PA-10001523,"Enermax Cards & Envelopes, Premium",353,85.65,8,4,0.24263456090651558
OFF-PA-10001526,Xerox 1949,115,43.425599999999996,28,8,0.37761391304347824
OFF-PA-10001531,"Eaton Parchment Paper, 8.5 x 11",26,-2.115,3,1,-0.08134615384615386
OFF-PA-10001534,Xerox 230,127,56.2464,21,5,0.4428850393700787
OFF-PA-10001536,"SanDisk Message Books, 8.5 x 11",868,409.8,32,10,0.47211981566820277
OFF-PA-10001537,"Green Bar Note Cards, 8.5 x 11",118,15.299999999999999,6,2,0.12966101694915252
OFF-PA-10001560,"Adams Telephone Message Books, 5 1/4” x 11”",81,32.918,15,5,0.40639506172839507
OFF-PA-10001569,Xerox 232,119,56.505599999999994,19,4,0.47483697478991593
OFF-PA-10001576,"Eaton Memo Slips, Multicolor",178,-58.84,26,5,-0.33056179775280903
OFF-PA-10001578,"Eaton Computer Printout Paper, Multicolor",112,41.28,4,1,0.3685714285714286
OFF-PA-10001583,"1/4 Fold Party Design Invitations & White Envelopes, 24 8-1/2"" X 11"" Cards, 25 Env./Pack",50,22.7115,7,2,0.45423
OFF-PA-10001593,Xerox 1947,136,54.119,25,5,0.39793382352941176
OFF-PA-10001595,"Enermax Memo Slips, 8.5 x 11",59,0.0,3,1,0.0
OFF-PA-10001609,Tops Wirebound Message Log Books,75,29.281,25,6,0.39041333333333333
OFF-PA-10001620,"SanDisk Memo Slips, Recycled",153,62.1,9,3,0.40588235294117647
OFF-PA-10001622,"Ampad Poly Cover Wirebound Steno Book, 6"" x 9"" Assorted Colors, Gregg Ruled",39,15.663,9,4,0.4016153846153846
OFF-PA-10001639,"Enermax Memo Slips, 8.5 x 11",12,0.57,1,1,0.047499999999999994
OFF-PA-10001639,Xerox 203,143,62.9856,24,6,0.44045874125874124
OFF-PA-10001650,"Xerox Message Books, Premium",361,162.369,18,4,0.4497756232686981
OFF-PA-10001653,"Green Bar Memo Slips, Multicolor",171,-65.1168,15,4,-0.38079999999999997
OFF-PA-10001656,"SanDisk Parchment Paper, 8.5 x 11",56,13.84,4,1,0.24714285714285714
OFF-PA-10001661,"SanDisk Computer Printout Paper, 8.5 x 11",884,96.72,26,7,0.10941176470588235
OFF-PA-10001661,Xerox 1922,12,4.3326,3,1,0.36105000000000004
OFF-PA-10001662,"Green Bar Note Cards, Premium",697,239.166,24,6,0.34313629842180776
OFF-PA-10001667,Great White Multi-Use Recycled Paper (20Lb. and 84 Bright),170,64.584,32,8,0.3799058823529412
OFF-PA-10001685,"Eaton Parchment Paper, Recycled",220,69.852,27,6,0.3175090909090909
OFF-PA-10001685,Staples,258,107.58539999999999,29,5,0.41699767441860464
OFF-PA-10001686,"SanDisk Memo Slips, Premium",476,180.60000000000002,28,5,0.3794117647058824
OFF-PA-10001691,"Green Bar Note Cards, Premium",36,-17.292,2,1,-0.4803333333333334
OFF-PA-10001708,"Green Bar Note Cards, Premium",432,38.08,24,7,0.08814814814814814
OFF-PA-10001712,Xerox 1948,150,67.4325,15,3,0.44955
OFF-PA-10001720,"Xerox Parchment Paper, Multicolor",429,145.644,31,5,0.3394965034965035
OFF-PA-10001722,"SanDisk Message Books, Premium",452,117.41999999999999,19,6,0.25977876106194686
OFF-PA-10001725,Xerox 1892,178,79.458,5,2,0.4463932584269663
OFF-PA-10001733,"Xerox Memo Slips, Recycled",27,9.9,2,1,0.3666666666666667
OFF-PA-10001735,"Xerox Cards & Envelopes, 8.5 x 11",393,62.64,8,2,0.15938931297709924
OFF-PA-10001736,"SanDisk Note Cards, 8.5 x 11",148,38.55,5,2,0.26047297297297295
OFF-PA-10001736,Xerox 1880,624,285.6464,18,5,0.4577666666666667
OFF-PA-10001745,"Wirebound Message Books, 2 7/8"" x 5"", 3 Forms per Page",108,44.985600000000005,17,3,0.41653333333333337
OFF-PA-10001752,Hammermill CopyPlus Copy Paper (20Lb. and 84 Bright),33,15.0894,7,3,0.4572545454545454
OFF-PA-10001758,"Enermax Note Cards, Premium",677,59.85,24,6,0.08840472673559822
OFF-PA-10001761,"Eaton Message Books, Multicolor",237,77.692,17,7,0.3278143459915612
OFF-PA-10001763,Xerox 1896,50,22.4775,5,2,0.44955
OFF-PA-10001776,"Wirebound Message Books, Four 2 3/4"" x 5"" Forms per Page, 600 Sets per Book",248,109.01520000000001,28,9,0.43957741935483874
OFF-PA-10001790,Xerox 1910,585,236.35680000000002,14,5,0.404028717948718
OFF-PA-10001795,"Green Bar Message Books, Premium",253,-26.286,13,3,-0.10389723320158104
OFF-PA-10001800,Xerox 220,144,60.912000000000006,25,8,0.42300000000000004
OFF-PA-10001801,Xerox 193,78,38.0926,13,3,0.4883666666666666
OFF-PA-10001801,"Xerox Memo Slips, Premium",173,65.084,23,5,0.37620809248554915
OFF-PA-10001804,Xerox 195,164,70.54079999999999,27,8,0.4301268292682926
OFF-PA-10001815,Xerox 1885,960,461.18399999999997,20,5,0.4804
OFF-PA-10001818,"Green Bar Note Cards, Multicolor",801,121.368,26,6,0.15152059925093633
OFF-PA-10001826,Xerox 207,40,16.5888,7,2,0.41472
OFF-PA-10001835,"SanDisk Computer Printout Paper, 8.5 x 11",671,-143.1846,24,7,-0.21338986587183306
OFF-PA-10001837,Xerox 1976,37,12.700800000000001,7,2,0.3432648648648649
OFF-PA-10001838,"Adams Telephone Message Book W/Dividers/Space For Phone Numbers, 5 1/4""X8 1/2"", 300/Messages",135,60.9168,24,10,0.45123555555555556
OFF-PA-10001844,"Eaton Message Books, 8.5 x 11",253,85.824,12,4,0.33922529644268773
OFF-PA-10001846,Xerox 1899,69,28.090799999999998,14,5,0.4071130434782608
OFF-PA-10001849,"SanDisk Cards & Envelopes, Recycled",58,-30.024,2,1,-0.5176551724137931
OFF-PA-10001850,"Eaton Note Cards, Premium",198,49.2468,8,3,0.24872121212121212
OFF-PA-10001858,"SanDisk Message Books, Multicolor",252,40.2,10,2,0.15952380952380954
OFF-PA-10001869,"Green Bar Computer Printout Paper, 8.5 x 11",475,70.98,14,3,0.14943157894736844
OFF-PA-10001870,Xerox 202,170,76.7232,28,8,0.45131294117647064
OFF-PA-10001878,"Enermax Cards & Envelopes, Premium",471,56.4,15,5,0.1197452229299363
OFF-PA-10001878,Xerox 1891,1322,542.9010000000001,30,7,0.4106664145234494
OFF-PA-10001892,"Rediform Wirebound ""Phone Memo"" Message Book, 11 x 5-3/4",110,43.7772,17,5,0.39797454545454547
OFF-PA-10001905,"Eaton Message Books, Recycled",204,28.5,10,2,0.13970588235294118
OFF-PA-10001934,Xerox 1993,147,68.4288,24,8,0.4655020408163265
OFF-PA-10001937,Xerox 21,125,43.5456,24,7,0.34836480000000003
OFF-PA-10001944,"SanDisk Computer Printout Paper, Premium",345,-12.087599999999998,13,4,-0.03503652173913043
OFF-PA-10001947,Xerox 1974,58,26.91,10,4,0.4639655172413793
OFF-PA-10001950,Southworth 25% Cotton Antique Laid Paper & Envelopes,200,80.898,26,5,0.40448999999999996
OFF-PA-10001952,Xerox 1902,83,32.8896,4,2,0.3962602409638554
OFF-PA-10001954,Xerox 1964,723,314.73519999999996,33,4,0.4353183955739972
OFF-PA-10001968,"Eaton Computer Printout Paper, 8.5 x 11",619,79.7535,27,8,0.12884248788368335
OFF-PA-10001970,Xerox 1881,455,207.04080000000002,38,11,0.4550347252747253
OFF-PA-10001970,Xerox 1908,1713,799.3944,32,7,0.4666633975481611
OFF-PA-10001971,"Eaton Cards & Envelopes, Premium",882,121.41,24,7,0.13765306122448978
OFF-PA-10001971,"Eaton Memo Slips, Premium",123,14.58,12,3,0.11853658536585365
OFF-PA-10001972,"Eaton Message Books, Premium",219,21.919999999999998,20,6,0.10009132420091324
OFF-PA-10001972,Xerox 214,213,90.46079999999999,37,9,0.42469859154929573
OFF-PA-10001977,Xerox 194,443,184.1936,9,4,0.41578690744920993
OFF-PA-10001979,"Enermax Message Books, Premium",339,83.01,16,2,0.24486725663716816
OFF-PA-10001994,"Ink Jet Note and Greeting Cards, 8-1/2"" x 5-1/2"" Card Size",121,48.5568,6,3,0.40129586776859505
OFF-PA-10002001,Xerox 1984,13,6.3504,2,1,0.48849230769230767
OFF-PA-10002005,Xerox 225,196,85.7952,33,9,0.43773061224489795
OFF-PA-10002011,"SanDisk Parchment Paper, Premium",253,0.8720000000000021,28,6,0.0034466403162055417
OFF-PA-10002022,"Xerox Message Books, 8.5 x 11",337,-115.48769999999999,19,7,-0.34269347181008897
OFF-PA-10002033,"Green Bar Cards & Envelopes, 8.5 x 11",819,249.968,25,6,0.3052112332112332
OFF-PA-10002036,Xerox 1930,138,59.3568,24,5,0.4301217391304348
OFF-PA-10002040,"Green Bar Cards & Envelopes, Multicolor",698,-4.079999999999998,16,5,-0.005845272206303723
OFF-PA-10002043,"SanDisk Cards & Envelopes, 8.5 x 11",552,91.44,12,4,0.1656521739130435
OFF-PA-10002047,"Green Bar Cards & Envelopes, 8.5 x 11",1598,25.091999999999985,34,7,0.015702127659574457
OFF-PA-10002073,"Green Bar Parchment Paper, 8.5 x 11",475,170.6652,24,6,0.3592951578947368
OFF-PA-10002101,"Xerox Parchment Paper, Multicolor",73,27.75,5,1,0.3801369863013699
OFF-PA-10002105,Xerox 223,57,27.9936,9,3,0.49111578947368423
OFF-PA-10002109,"SanDisk Message Books, Premium",496,-123.864,26,6,-0.2497258064516129
OFF-PA-10002109,Wirebound Voice Message Log Book,15,4.9504,4,2,0.3300266666666667
OFF-PA-10002120,Xerox 1889,517,236.32799999999997,10,3,0.4571141199226305
OFF-PA-10002137,"Southworth 100% Résumé Paper, 24lb.",263,113.199,35,7,0.43041444866920153
OFF-PA-10002160,Xerox 1978,173,74.33080000000001,34,8,0.42965780346820814
OFF-PA-10002193,"Xerox Memo Slips, 8.5 x 11",24,-20.04,5,1,-0.835
OFF-PA-10002195,"RSVP Cards & Envelopes, Blank White, 8-1/2"" X 11"", 24 Cards/25 Envelopes/Set",89,38.2524,19,6,0.42980224719101123
OFF-PA-10002195,Xerox 1966,78,32.788799999999995,14,6,0.4203692307692307
OFF-PA-10002196,"Green Bar Message Books, Recycled",570,174.12,26,6,0.30547368421052634
OFF-PA-10002218,"Enermax Note Cards, Multicolor",131,7.8,4,1,0.059541984732824425
OFF-PA-10002219,"SanDisk Parchment Paper, Multicolor",435,170.28,42,7,0.391448275862069
OFF-PA-10002222,"Xerox Color Copier Paper, 11"" x 17"", Ream",593,260.83279999999996,27,6,0.4398529510961214
OFF-PA-10002230,Xerox 1897,68,27.0912,16,4,0.39840000000000003
OFF-PA-10002231,"Green Bar Computer Printout Paper, Premium",48,-70.344,6,1,-1.4654999999999998
OFF-PA-10002237,"Enermax Memo Slips, 8.5 x 11",344,150.56,28,7,0.43767441860465117
OFF-PA-10002245,Xerox 1895,192,82.82300000000001,33,7,0.4313697916666667
OFF-PA-10002246,"Wirebound Four 2-3/4 x 5 Forms per Page, 400 Sets per Book",119,47.601,22,6,0.4000084033613445
OFF-PA-10002248,"Green Bar Memo Slips, 8.5 x 11",759,371.52,36,7,0.4894861660079051
OFF-PA-10002250,Things To Do Today Pad,138,59.1696,26,7,0.42876521739130435
OFF-PA-10002254,Xerox 1883,881,354.0196,37,7,0.4018383654937571
OFF-PA-10002258,"Green Bar Message Books, 8.5 x 11",7,-3.912,1,1,-0.5588571428571428
OFF-PA-10002259,"Geographics Note Cards, Blank, White, 8 1/2"" x 11""",76,29.5416,8,3,0.3887052631578947
OFF-PA-10002262,Xerox 192,141,68.4288,22,6,0.4853106382978723
OFF-PA-10002292,"SanDisk Computer Printout Paper, Recycled",208,93.45,7,2,0.44927884615384617
OFF-PA-10002295,"Xerox Cards & Envelopes, 8.5 x 11",346,116.48400000000001,11,5,0.3366589595375723
OFF-PA-10002303,"Eaton Parchment Paper, Multicolor",120,0.96,12,3,0.008
OFF-PA-10002319,Xerox 1944,574,257.3664,16,6,0.44837351916376306
OFF-PA-10002328,"Eaton Memo Slips, Recycled",129,-16.299999999999997,17,4,-0.1263565891472868
OFF-PA-10002333,"Universal Ultra Bright White Copier/Laser Paper, 8 1/2"" x 11"", Ream",16,5.6376,3,1,0.35235
OFF-PA-10002338,"Green Bar Parchment Paper, Recycled",683,242.31900000000002,49,8,0.35478623718887264
OFF-PA-10002352,"Eaton Parchment Paper, Premium",40,6.84,3,2,0.17099999999999999
OFF-PA-10002356,"Xerox Parchment Paper, Recycled",40,17.73,3,1,0.44325000000000003
OFF-PA-10002360,"SanDisk Computer Printout Paper, 8.5 x 11",404,-63.144000000000005,21,5,-0.1562970297029703
OFF-PA-10002363,"Eaton Message Books, Recycled",322,95.816,24,6,0.29756521739130437
OFF-PA-10002365,Xerox 1967,90,38.879999999999995,15,5,0.43199999999999994
OFF-PA-10002369,"Eaton Parchment Paper, Multicolor",89,19.62,6,1,0.2204494382022472
OFF-PA-10002370,"Xerox Parchment Paper, Recycled",81,-16.7547,8,3,-0.20684814814814814
OFF-PA-10002371,"Green Bar Message Books, 8.5 x 11",196,70.35,7,2,0.3589285714285714
OFF-PA-10002372,"SanDisk Computer Printout Paper, Recycled",605,9.479999999999997,35,10,0.0156694214876033
OFF-PA-10002373,"Enermax Parchment Paper, Premium",514,-24.624000000000002,35,6,-0.04790661478599222
OFF-PA-10002377,"Adams Telephone Message Book W/Dividers/Space For Phone Numbers, 5 1/4""X8 1/2"", 200/Messages",173,72.70400000000001,32,7,0.42025433526011563
OFF-PA-10002377,Xerox 1916,831,342.58,20,7,0.4122503008423586
OFF-PA-10002382,"Eaton Note Cards, Premium",669,-30.292,43,8,-0.04527952167414051
OFF-PA-10002394,"Eaton Computer Printout Paper, Recycled",175,48.635999999999996,7,2,0.27792
OFF-PA-10002396,"Eaton Memo Slips, 8.5 x 11",252,67.2,14,6,0.26666666666666666
OFF-PA-10002416,"Xerox Memo Slips, 8.5 x 11",301,-127.7265,25,7,-0.4243405315614618
OFF-PA-10002418,"Green Bar Message Books, Multicolor",238,14.159999999999998,15,4,0.059495798319327726
OFF-PA-10002421,Embossed Ink Jet Note Cards,284,108.336,15,4,0.38146478873239437
OFF-PA-10002461,"Eaton Parchment Paper, Multicolor",130,-6.263999999999998,13,3,-0.04818461538461537
OFF-PA-10002464,"Green Bar Computer Printout Paper, Multicolor",258,9.112000000000002,13,4,0.03531782945736435
OFF-PA-10002464,HP Office Recycled Paper (20Lb. and 87 Bright),106,50.343799999999995,19,4,0.47494150943396224
OFF-PA-10002473,"SanDisk Note Cards, Multicolor",385,42.160000000000004,17,3,0.10950649350649351
OFF-PA-10002477,"Enermax Message Books, Multicolor",529,247.581,23,6,0.46801701323251416
OFF-PA-10002479,"Enermax Cards & Envelopes, 8.5 x 11",1076,356.4624,27,9,0.33128475836431226
OFF-PA-10002479,Xerox 4200 Series MultiUse Premium Copy Paper (20Lb. and 84 Bright),138,52.272,30,8,0.37878260869565217
OFF-PA-10002488,"Xerox Message Books, Multicolor",134,-9.456,12,4,-0.07056716417910447
OFF-PA-10002499,Xerox 1890,245,122.35,5,2,0.4993877551020408
OFF-PA-10002514,"Xerox Memo Slips, Premium",318,58.722,28,5,0.18466037735849056
OFF-PA-10002516,"Enermax Cards & Envelopes, 8.5 x 11",281,-44.730000000000004,7,3,-0.15918149466192172
OFF-PA-10002520,"Green Bar Cards & Envelopes, Recycled",507,235.89,11,4,0.4652662721893491
OFF-PA-10002522,"Green Bar Note Cards, 8.5 x 11",135,-3.2799999999999976,8,2,-0.024296296296296278
OFF-PA-10002524,"Enermax Note Cards, 8.5 x 11",673,277.317,24,6,0.41206092124814264
OFF-PA-10002534,"Green Bar Memo Slips, Multicolor",193,51.66,12,2,0.2676683937823834
OFF-PA-10002539,"SanDisk Cards & Envelopes, Multicolor",511,110.908,18,4,0.21704109589041096
OFF-PA-10002552,Xerox 1958,32,15.552,5,2,0.486
OFF-PA-10002558,Xerox 1938,268,93.884,7,1,0.3503134328358209
OFF-PA-10002563,"Enermax Memo Slips, Premium",351,-21.455999999999996,36,9,-0.06112820512820512
OFF-PA-10002581,Xerox 1951,755,244.74200000000002,30,6,0.32416158940397355
OFF-PA-10002585,"Eaton Memo Slips, Multicolor",36,-5.52,4,1,-0.15333333333333332
OFF-PA-10002586,Xerox 1970,102,43.5252,22,6,0.42671764705882353
OFF-PA-10002606,Xerox 1928,124,49.104,26,4,0.396
OFF-PA-10002611,"Green Bar Parchment Paper, Multicolor",43,-5.904,4,1,-0.13730232558139535
OFF-PA-10002615,"Ampad Gold Fibre Wirebound Steno Books, 6"" x 9"", Gregg Ruled",108,47.187,25,8,0.4369166666666666
OFF-PA-10002616,"Green Bar Parchment Paper, Multicolor",271,86.4,15,4,0.31881918819188193
OFF-PA-10002618,"Eaton Memo Slips, Multicolor",376,83.3175,28,6,0.22158909574468083
OFF-PA-10002645,"Green Bar Computer Printout Paper, Recycled",290,20.766,10,4,0.07160689655172413
OFF-PA-10002652,"Eaton Note Cards, Premium",505,0.0,19,3,0.0
OFF-PA-10002659,Avoid Verbal Orders Carbonless Minifold Book,69,29.9468,21,5,0.43401159420289853
OFF-PA-10002666,Southworth 25% Cotton Linen-Finish Paper & Envelopes,167,67.044,20,4,0.40146107784431134
OFF-PA-10002671,"Enermax Memo Slips, 8.5 x 11",48,-14.4,9,1,-0.3
OFF-PA-10002689,Weyerhaeuser First Choice Laser/Copy Paper (20Lb. and 88 Bright),154,71.28,25,5,0.46285714285714286
OFF-PA-10002709,Xerox 1956,90,40.9032,16,2,0.45448
OFF-PA-10002713,"Adams Phone Message Book, 200 Message Capacity, 8 1/16” x 11”",227,104.4384,33,8,0.46008105726872245
OFF-PA-10002725,"Eaton Cards & Envelopes, Premium",241,72.16,8,2,0.29941908713692944
OFF-PA-10002741,Xerox 1980,35,15.408,8,2,0.4402285714285714
OFF-PA-10002749,"Wirebound Message Books, 5-1/2 x 4 Forms, 2 or 4 Forms per Page",72,31.3092,12,3,0.43485
OFF-PA-10002751,Xerox 1920,90,40.365,15,4,0.4485
OFF-PA-10002755,"Xerox Computer Printout Paper, Multicolor",416,91.35,15,4,0.21959134615384615
OFF-PA-10002764,Staples,170,83.349,15,3,0.4902882352941177
OFF-PA-10002767,"Enermax Message Books, Premium",300,88.8,22,3,0.296
OFF-PA-10002771,"SanDisk Parchment Paper, Premium",131,-15.513599999999999,12,2,-0.11842442748091601
OFF-PA-10002771,"Xerox Computer Printout Paper, Premium",257,48.432,15,4,0.18845136186770428
OFF-PA-10002787,Xerox 227,120,46.3968,22,8,0.38664
OFF-PA-10002811,"Green Bar Message Books, 8.5 x 11",687,-107.92410000000001,32,7,-0.15709475982532753
OFF-PA-10002818,"Enermax Parchment Paper, Premium",258,98.392,26,6,0.3813643410852713
OFF-PA-10002842,"Eaton Parchment Paper, Recycled",27,7.74,2,1,0.2866666666666667
OFF-PA-10002862,"Green Bar Message Books, Recycled",379,86.88,16,3,0.2292348284960422
OFF-PA-10002870,"Ampad Phone Message Book, Recycled, 400 Message Capacity, 5 ¾” x 11”",123,56.16,20,5,0.4565853658536585
OFF-PA-10002893,"Wirebound Service Call Books, 5 1/2"" x 4""",125,60.4032,13,5,0.4832256
OFF-PA-10002918,"Eaton Computer Printout Paper, Recycled",40,-5.58,3,1,-0.1395
OFF-PA-10002921,"Eaton Message Books, Multicolor",132,30.24,6,2,0.22909090909090907
OFF-PA-10002923,Xerox 1942,597,278.95799999999997,13,6,0.4672663316582914
OFF-PA-10002925,"Enermax Cards & Envelopes, Multicolor",388,65.76,12,2,0.16948453608247424
OFF-PA-10002927,"Enermax Computer Printout Paper, 8.5 x 11",499,109.94,23,6,0.22032064128256512
OFF-PA-10002930,"SanDisk Cards & Envelopes, Premium",227,14.3856,6,3,0.0633726872246696
OFF-PA-10002941,"Green Bar Computer Printout Paper, Premium",75,6.479999999999999,4,3,0.08639999999999998
OFF-PA-10002944,"SanDisk Parchment Paper, Recycled",164,37.984,18,5,0.231609756097561
OFF-PA-10002947,Xerox 1923,95,39.2784,16,5,0.4134568421052631
OFF-PA-10002960,Xerox 1926,35,16.3842,7,1,0.46812
OFF-PA-10002966,"SanDisk Cards & Envelopes, Recycled",547,98.26,17,4,0.17963436928702012
OFF-PA-10002968,Xerox 1973,169,70.3472,8,2,0.4162556213017752
OFF-PA-10002971,"Eaton Memo Slips, Recycled",137,28.5,10,2,0.20802919708029197
OFF-PA-10002974,"Enermax Note Cards, 8.5 x 11",771,-35.06850000000001,35,9,-0.04548443579766538
OFF-PA-10002976,"Xerox Computer Printout Paper, 8.5 x 11",122,32.88,4,1,0.2695081967213115
OFF-PA-10002986,Xerox 1898,279,120.7744,46,11,0.4328831541218638
OFF-PA-10003001,Xerox 1986,85,40.3472,13,4,0.4746729411764706
OFF-PA-10003002,"Enermax Message Books, Multicolor",45,-39.088,7,1,-0.8686222222222223
OFF-PA-10003016,"Adams ""While You Were Out"" Message Pads",73,31.400000000000002,24,5,0.4301369863013699
OFF-PA-10003020,"Xerox Message Books, Premium",173,-2.8698000000000006,10,3,-0.016588439306358387
OFF-PA-10003022,Standard Line “While You Were Out” Hardbound Telephone Message Book,211,80.4468,11,2,0.3812644549763033
OFF-PA-10003022,Xerox 1992,86,40.364999999999995,15,4,0.469360465116279
OFF-PA-10003027,"Enermax Message Books, Premium",191,-3.15,9,3,-0.016492146596858638
OFF-PA-10003033,"Enermax Parchment Paper, Recycled",18,2.7,2,1,0.15000000000000002
OFF-PA-10003034,"SanDisk Memo Slips, 8.5 x 11",330,-73.312,30,8,-0.22215757575757575
OFF-PA-10003036,"Black Print Carbonless 8 1/2"" x 8 1/4"" Rapid Memo Book",63,20.8208,11,4,0.3304888888888889
OFF-PA-10003037,"Eaton Memo Slips, Multicolor",295,18.225,22,5,0.06177966101694916
OFF-PA-10003039,Xerox 1960,880,334.584,32,6,0.3802090909090909
OFF-PA-10003039,"Xerox Note Cards, 8.5 x 11",65,-4.112,4,2,-0.06326153846153847
OFF-PA-10003052,"Green Bar Message Books, Recycled",19,-6.18,3,1,-0.3252631578947368
OFF-PA-10003063,EcoTones Memo Sheets,53,21.6,15,3,0.4075471698113208
OFF-PA-10003072,"Eureka Recycled Copy Paper 8 1/2"" x 11"", Ream",110,46.137600000000006,19,6,0.41943272727272735
OFF-PA-10003105,"SanDisk Parchment Paper, Premium",318,46.29,20,6,0.14556603773584906
OFF-PA-10003115,"Enermax Note Cards, Premium",475,166.725,18,4,0.351
OFF-PA-10003127,Staples,327,141.9244,13,6,0.4340195718654434
OFF-PA-10003129,Tops White Computer Printout Paper,686,321.8278,14,4,0.46913673469387757
OFF-PA-10003133,"Eaton Cards & Envelopes, 8.5 x 11",422,-23.136000000000003,15,5,-0.05482464454976304
OFF-PA-10003134,Xerox 1937,500,199.84640000000002,12,4,0.3996928
OFF-PA-10003139,"SanDisk Parchment Paper, Recycled",469,163.5192,29,6,0.3486550106609808
OFF-PA-10003156,"Xerox Message Books, 8.5 x 11",98,2.88,4,1,0.029387755102040815
OFF-PA-10003172,Xerox 1996,176,81.9072,28,8,0.4653818181818182
OFF-PA-10003177,Xerox 1999,100,41.2128,17,7,0.412128
OFF-PA-10003205,"Wirebound Message Forms, Four 2 3/4 x 5 Forms per Page, Pink Paper",36,14.2975,5,2,0.39715277777777774
OFF-PA-10003224,"Eaton Computer Printout Paper, Premium",383,20.880000000000003,24,5,0.054516971279373376
OFF-PA-10003228,Xerox 1917,1224,574.6925,25,5,0.4695200163398693
OFF-PA-10003232,"Eaton Parchment Paper, 8.5 x 11",106,48.6,6,1,0.45849056603773586
OFF-PA-10003232,"Green Bar Cards & Envelopes, Recycled",58,8.64,2,1,0.14896551724137932
OFF-PA-10003252,"Xerox Note Cards, 8.5 x 11",861,-237.978,36,8,-0.27639721254355404
OFF-PA-10003256,Avery Personal Creations Heavyweight Cards,105,37.851200000000006,11,3,0.3604876190476191
OFF-PA-10003270,Xerox 1954,85,32.208,18,4,0.3789176470588235
OFF-PA-10003273,"Green Bar Cards & Envelopes, Premium",290,2.88,6,1,0.00993103448275862
OFF-PA-10003296,"Xerox Message Books, Recycled",51,9.376,5,2,0.18384313725490195
OFF-PA-10003301,"Green Bar Parchment Paper, Recycled",308,89.6,28,6,0.2909090909090909
OFF-PA-10003302,Xerox 1906,1099,497.5776,32,7,0.4527548680618744
OFF-PA-10003303,"Xerox Computer Printout Paper, Multicolor",487,215.625,18,4,0.4427618069815195
OFF-PA-10003309,Xerox 211,104,40.9536,19,4,0.3937846153846154
OFF-PA-10003320,"Green Bar Parchment Paper, Recycled",40,-19.944,4,1,-0.4986
OFF-PA-10003332,"Xerox Cards & Envelopes, Recycled",1217,242.05679999999998,31,6,0.19889630238290879
OFF-PA-10003333,"Eaton Note Cards, 8.5 x 11",159,50.76,6,1,0.3192452830188679
OFF-PA-10003338,"Enermax Parchment Paper, Recycled",120,42.417,10,2,0.35347500000000004
OFF-PA-10003349,Xerox 1957,97,39.7224,17,6,0.4095092783505155
OFF-PA-10003350,"Eaton Message Books, 8.5 x 11",354,123.546,15,5,0.34900000000000003
OFF-PA-10003359,"Eaton Cards & Envelopes, 8.5 x 11",148,35.46,3,1,0.2395945945945946
OFF-PA-10003363,Xerox 204,109,52.8768,17,4,0.48510825688073395
OFF-PA-10003365,"Eaton Cards & Envelopes, Multicolor",217,40.94,8,2,0.18866359447004608
OFF-PA-10003380,"Green Bar Memo Slips, Multicolor",263,70.344,22,7,0.267467680608365
OFF-PA-10003381,"Eaton Cards & Envelopes, Multicolor",1049,174.0591,25,8,0.1659285986653956
OFF-PA-10003389,"Enermax Message Books, Recycled",12,-4.488,2,1,-0.37400000000000005
OFF-PA-10003390,"Enermax Computer Printout Paper, Recycled",739,43.68,26,6,0.059106901217861975
OFF-PA-10003395,"Eaton Computer Printout Paper, Recycled",49,-32.228,7,1,-0.6577142857142857
OFF-PA-10003395,Xerox 1941,1742,704.592,19,5,0.40447301951779563
OFF-PA-10003405,"Green Bar Memo Slips, Premium",157,-20.022000000000002,16,4,-0.1275286624203822
OFF-PA-10003407,"Enermax Memo Slips, Recycled",320,128.76930000000002,21,6,0.40240406250000005
OFF-PA-10003416,"Enermax Note Cards, Multicolor",811,164.472,25,6,0.20280147965474724
OFF-PA-10003416,"Green Bar Parchment Paper, Recycled",159,-50.0619,14,5,-0.3148547169811321
OFF-PA-10003418,"Enermax Memo Slips, Multicolor",267,19.497600000000002,22,6,0.0730247191011236
OFF-PA-10003424,"""While you Were Out"" Message Book, One Form per Page",25,10.388,8,3,0.41552
OFF-PA-10003424,"Enermax Computer Printout Paper, 8.5 x 11",342,28.455000000000005,13,4,0.08320175438596493
OFF-PA-10003441,Xerox 226,334,155.7792,53,11,0.46640479041916166
OFF-PA-10003449,"Green Bar Computer Printout Paper, Premium",298,91.8648,13,4,0.30827114093959734
OFF-PA-10003455,"Green Bar Memo Slips, Recycled",442,120.012,28,7,0.27152036199095025
OFF-PA-10003455,"Xerox Cards & Envelopes, Premium",1080,323.28,24,4,0.2993333333333333
OFF-PA-10003465,Xerox 1912,201,92.5736,11,4,0.4605651741293532
OFF-PA-10003475,"Enermax Note Cards, Premium",236,13.892,15,3,0.05886440677966102
OFF-PA-10003492,"Green Bar Computer Printout Paper, Recycled",127,0.5920000000000005,7,4,0.00466141732283465
OFF-PA-10003499,"Xerox Parchment Paper, 8.5 x 11",334,121.038,23,5,0.36238922155688624
OFF-PA-10003510,"Enermax Message Books, Recycled",404,177.12,18,3,0.4384158415841584
OFF-PA-10003511,"Green Bar Memo Slips, 8.5 x 11",579,251.5605,31,7,0.4344740932642487
OFF-PA-10003513,"Enermax Message Books, Recycled",419,188.16,28,7,0.4490692124105012
OFF-PA-10003517,"Enermax Note Cards, Premium",486,70.0,30,5,0.1440329218106996
OFF-PA-10003518,"Enermax Computer Printout Paper, Multicolor",299,8.7,10,3,0.029096989966555183
OFF-PA-10003527,"Xerox Memo Slips, 8.5 x 11",21,-13.116,2,1,-0.6245714285714286
OFF-PA-10003543,Xerox 1985,26,9.072,5,2,0.3489230769230769
OFF-PA-10003550,"Eaton Cards & Envelopes, Recycled",1405,-14.026499999999992,37,6,-0.009983274021352307
OFF-PA-10003556,"Eaton Computer Printout Paper, 8.5 x 11",41,-58.38,5,1,-1.4239024390243904
OFF-PA-10003571,"Enermax Cards & Envelopes, Recycled",470,-52.14,17,5,-0.11093617021276596
OFF-PA-10003573,"Enermax Parchment Paper, 8.5 x 11",130,8.26,13,4,0.06353846153846154
OFF-PA-10003586,"Eaton Computer Printout Paper, Premium",106,42.48,4,1,0.400754716981132
OFF-PA-10003591,Southworth 100% Cotton The Best Paper,151,65.43599999999999,15,3,0.4333509933774834
OFF-PA-10003625,Xerox 1979,329,140.959,11,3,0.4284468085106383
OFF-PA-10003640,"Eaton Cards & Envelopes, Recycled",228,2.8560000000000016,10,2,0.012526315789473691
OFF-PA-10003641,Xerox 1909,971,400.976,40,9,0.41295159629248196
OFF-PA-10003651,Xerox 1968,166,75.35040000000001,26,5,0.45391807228915665
OFF-PA-10003654,"SanDisk Memo Slips, Recycled",336,29.060999999999996,23,6,0.08649107142857142
OFF-PA-10003656,Xerox 1935,539,239.0028,21,4,0.44341892393320964
OFF-PA-10003657,Xerox 1927,66,22.684,18,5,0.3436969696969697
OFF-PA-10003664,"Enermax Computer Printout Paper, Premium",323,138.72,17,5,0.4294736842105263
OFF-PA-10003673,Strathmore Photo Mount Cards,246,106.3104,38,9,0.4321560975609756
OFF-PA-10003681,"Green Bar Message Books, Premium",48,6.3,4,2,0.13125
OFF-PA-10003686,"SanDisk Message Books, Multicolor",751,-58.256699999999995,33,9,-0.07757217043941411
OFF-PA-10003699,"SanDisk Parchment Paper, Recycled",40,-2.112,4,1,-0.0528
OFF-PA-10003708,"Green Bar Computer Printout Paper, Premium",375,-20.208000000000002,20,7,-0.053888000000000005
OFF-PA-10003715,"Xerox Computer Printout Paper, Recycled",63,-19.3,5,2,-0.30634920634920637
OFF-PA-10003718,"Xerox Memo Slips, Recycled",178,73.668,21,6,0.41386516853932587
OFF-PA-10003724,"Wirebound Message Book, 4 per Page",185,87.6945,35,7,0.47402432432432434
OFF-PA-10003729,Xerox 1998,46,16.3296,9,2,0.35499130434782605
OFF-PA-10003731,"Enermax Note Cards, Premium",688,201.8427,27,6,0.2933760174418605
OFF-PA-10003739,Xerox 1969,12,5.6644,2,1,0.4720333333333333
OFF-PA-10003744,"Green Bar Parchment Paper, Multicolor",656,176.88240000000002,39,9,0.2696378048780488
OFF-PA-10003774,"Enermax Computer Printout Paper, Recycled",246,108.16,13,3,0.43967479674796744
OFF-PA-10003784,"Eaton Note Cards, Premium",220,79.9014,10,4,0.3631881818181818
OFF-PA-10003790,Xerox 1991,577,254.8944,26,6,0.4417580589254766
OFF-PA-10003796,"Eaton Parchment Paper, 8.5 x 11",194,38.61,11,2,0.19902061855670103
OFF-PA-10003797,Xerox 209,187,90.2016,29,5,0.4823614973262032
OFF-PA-10003805,"Eaton Note Cards, Multicolor",789,29.18399999999999,33,6,0.03698859315589352
OFF-PA-10003808,"SanDisk Note Cards, Premium",112,-24.372,6,2,-0.21760714285714286
OFF-PA-10003823,Xerox 197,502,195.174,18,3,0.388792828685259
OFF-PA-10003832,"Xerox Message Books, 8.5 x 11",445,69.248,28,7,0.15561348314606743
OFF-PA-10003835,"SanDisk Memo Slips, Premium",34,11.52,2,1,0.3388235294117647
OFF-PA-10003838,"Eaton Note Cards, Premium",337,127.48,20,6,0.37827893175074184
OFF-PA-10003845,Xerox 1987,93,45.315200000000004,16,4,0.4872602150537635
OFF-PA-10003848,Xerox 1997,178,77.76,30,8,0.4368539325842697
OFF-PA-10003868,"SanDisk Cards & Envelopes, Recycled",1595,63.36,33,8,0.039724137931034485
OFF-PA-10003875,"Enermax Memo Slips, Multicolor",136,64.08,8,2,0.4711764705882353
OFF-PA-10003878,"Enermax Cards & Envelopes, Premium",740,111.99,18,5,0.15133783783783783
OFF-PA-10003883,"Message Book, Phone, Wirebound Standard Line Memo, 2 3/4"" X 5""",120,52.007,19,5,0.4333916666666667
OFF-PA-10003884,"Eaton Message Books, Multicolor",616,283.08,28,5,0.45954545454545453
OFF-PA-10003892,Xerox 1943,744,328.6752,16,4,0.4417677419354839
OFF-PA-10003893,Xerox 1962,110,43.656,28,7,0.39687272727272727
OFF-PA-10003899,"SanDisk Memo Slips, Multicolor",322,-27.975,20,5,-0.08687888198757765
OFF-PA-10003899,"SanDisk Memo Slips, Premium",420,60.705600000000004,32,10,0.14453714285714286
OFF-PA-10003906,"Eaton Memo Slips, Premium",303,92.661,28,8,0.3058118811881188
OFF-PA-10003907,"Eaton Message Books, Premium",330,154.56,16,3,0.46836363636363637
OFF-PA-10003911,"Green Bar Cards & Envelopes, Premium",1039,16.432000000000002,33,8,0.015815206929740137
OFF-PA-10003919,Xerox 1989,8,2.6892,2,1,0.33615
OFF-PA-10003920,"Xerox Parchment Paper, Premium",187,59.22,14,5,0.3166844919786096
OFF-PA-10003936,Xerox 1994,77,32.6592,13,4,0.42414545454545455
OFF-PA-10003937,"Green Bar Memo Slips, Recycled",102,-23.310000000000002,9,3,-0.2285294117647059
OFF-PA-10003938,"Eaton Cards & Envelopes, Premium",1758,207.85739999999998,44,8,0.11823515358361773
OFF-PA-10003939,"Enermax Note Cards, Multicolor",52,-47.016,6,1,-0.9041538461538461
OFF-PA-10003943,"Green Bar Computer Printout Paper, Multicolor",232,13.246500000000001,9,5,0.05709698275862069
OFF-PA-10003953,Xerox 218,49,22.2912,8,5,0.45492244897959183
OFF-PA-10003956,"SanDisk Parchment Paper, Recycled",166,12.420000000000002,11,4,0.07481927710843375
OFF-PA-10003969,"Green Bar Note Cards, 8.5 x 11",429,129.762,18,5,0.3024755244755245
OFF-PA-10003971,Xerox 1965,56,25.714,10,4,0.4591785714285714
OFF-PA-10003981,"SanDisk Note Cards, Premium",96,29.784,6,2,0.31024999999999997
OFF-PA-10003982,"SanDisk Message Books, Premium",235,62.224000000000004,16,5,0.2647829787234043
OFF-PA-10003994,"Eaton Note Cards, Premium",182,5.354999999999997,9,3,0.029423076923076906
OFF-PA-10004000,"While You Were Out Pads, 50 per Pad, 4 x 5 1/4, Green Cycle",50,18.778100000000002,13,4,0.37556200000000006
OFF-PA-10004016,"SanDisk Memo Slips, Recycled",124,14.739999999999998,11,3,0.11887096774193547
OFF-PA-10004020,"SanDisk Message Books, 8.5 x 11",195,76.816,11,4,0.39392820512820514
OFF-PA-10004022,Hammermill Color Copier Paper (28Lb. and 96 Bright),30,13.4865,3,2,0.44955
OFF-PA-10004024,"Enermax Memo Slips, Recycled",8,1.024,1,1,0.128
OFF-PA-10004027,"Xerox Cards & Envelopes, Recycled",1019,467.84,34,9,0.45911678115799803
OFF-PA-10004034,"Green Bar Parchment Paper, 8.5 x 11",499,204.48000000000002,24,5,0.4097795591182365
OFF-PA-10004039,Xerox 1882,617,273.18240000000003,12,5,0.44275915721231773
OFF-PA-10004040,Universal Premium White Copier/Laser Paper (20Lb. and 87 Bright),129,55.9728,24,5,0.43389767441860466
OFF-PA-10004041,"It's Hot Message Books with Stickers, 2 3/4"" x 5""",163,59.57,25,6,0.3654601226993865
OFF-PA-10004054,"Green Bar Computer Printout Paper, Recycled",178,49.68,6,1,0.2791011235955056
OFF-PA-10004069,"SanDisk Parchment Paper, 8.5 x 11",418,62.4,20,4,0.1492822966507177
OFF-PA-10004071,"Eaton Premium Continuous-Feed Paper, 25% Cotton, Letter Size, White, 1000 Shts/Box",1097,492.6624,21,10,0.4490997265268915
OFF-PA-10004082,"Adams Telephone Message Book w/Frequently-Called Numbers Space, 400 Messages per Book",224,111.72,28,7,0.49874999999999997
OFF-PA-10004092,Tops Green Bar Computer Printout Paper,343,171.29,7,3,0.4993877551020408
OFF-PA-10004100,Xerox 216,238,96.9408,42,8,0.4073142857142857
OFF-PA-10004101,Xerox 1894,168,78.7968,27,5,0.46902857142857146
OFF-PA-10004111,"Enermax Parchment Paper, Multicolor",337,89.04,21,6,0.2642136498516321
OFF-PA-10004115,"Green Bar Computer Printout Paper, 8.5 x 11",1144,63.37800000000001,43,8,0.05540034965034966
OFF-PA-10004124,"SanDisk Message Books, 8.5 x 11",218,-80.8416,11,3,-0.3708330275229358
OFF-PA-10004124,"Xerox Message Books, Multicolor",22,2.61,1,1,0.11863636363636364
OFF-PA-10004145,"Xerox Message Books, 8.5 x 11",399,78.213,17,3,0.19602255639097743
OFF-PA-10004151,"SanDisk Note Cards, Multicolor",68,14.94,2,1,0.21970588235294117
OFF-PA-10004155,"Eaton Computer Printout Paper, 8.5 x 11",691,-63.132000000000005,38,8,-0.09136324167872649
OFF-PA-10004156,Xerox 188,212,97.524,20,8,0.4600188679245283
OFF-PA-10004160,"SanDisk Note Cards, Premium",268,80.46,9,3,0.3002238805970149
OFF-PA-10004174,"Enermax Computer Printout Paper, 8.5 x 11",117,-33.263999999999996,6,2,-0.28430769230769226
OFF-PA-10004185,"SanDisk Message Books, Recycled",216,50.454899999999995,10,4,0.23358749999999998
OFF-PA-10004187,"Xerox Message Books, Multicolor",346,-43.443599999999996,19,6,-0.12555953757225433
OFF-PA-10004190,"Xerox Note Cards, Multicolor",350,144.17600000000002,20,7,0.4119314285714286
OFF-PA-10004200,"Xerox Note Cards, Multicolor",139,34.65,5,2,0.24928057553956834
OFF-PA-10004239,Xerox 1953,47,18.832,12,4,0.4006808510638298
OFF-PA-10004241,"SanDisk Memo Slips, Premium",223,49.472,20,6,0.22184753363228701
OFF-PA-10004243,Xerox 1939,418,200.3232,22,5,0.4792421052631579
OFF-PA-10004248,Xerox 1990,37,13.728,8,2,0.371027027027027
OFF-PA-10004255,Xerox 219,96,46.656,15,4,0.486
OFF-PA-10004260,"Xerox Memo Slips, Recycled",227,23.779200000000003,24,8,0.10475418502202645
OFF-PA-10004261,"Green Bar Memo Slips, 8.5 x 11",98,12.74,7,3,0.13
OFF-PA-10004267,"Enermax Parchment Paper, 8.5 x 11",527,119.28,29,5,0.22633776091081595
OFF-PA-10004268,"SanDisk Note Cards, 8.5 x 11",789,-124.3404,33,6,-0.15759239543726236
OFF-PA-10004285,Xerox 1959,133,60.6544,21,6,0.4560481203007519
OFF-PA-10004286,"Enermax Cards & Envelopes, Recycled",329,85.47,7,2,0.25978723404255316
OFF-PA-10004287,"Enermax Message Books, Recycled",90,5.28,4,1,0.05866666666666667
OFF-PA-10004294,"Xerox Computer Printout Paper, 8.5 x 11",671,-46.56,36,6,-0.06938897168405365
OFF-PA-10004296,"Enermax Note Cards, Premium",48,-40.704,6,1,-0.848
OFF-PA-10004313,"Green Bar Computer Printout Paper, 8.5 x 11",294,41.08,13,4,0.13972789115646259
OFF-PA-10004326,"Enermax Parchment Paper, Multicolor",212,-54.204,18,6,-0.2556792452830189
OFF-PA-10004327,Xerox 1911,605,279.736,13,5,0.46237355371900823
OFF-PA-10004335,"Green Bar Computer Printout Paper, Recycled",257,1.1522999999999968,12,4,0.0044836575875486255
OFF-PA-10004337,"Eaton Computer Printout Paper, Premium",226,70.575,11,3,0.3122787610619469
OFF-PA-10004343,"Enermax Memo Slips, Premium",235,4.5,15,6,0.019148936170212766
OFF-PA-10004353,Southworth 25% Cotton Premium Laser Paper and Envelopes,528,236.5632,28,5,0.4480363636363636
OFF-PA-10004355,Xerox 231,79,31.8816,14,5,0.4035645569620253
OFF-PA-10004359,Multicolor Computer Printout Paper,1888,851.3820000000001,19,5,0.45094385593220343
OFF-PA-10004359,"Xerox Computer Printout Paper, Premium",320,76.012,19,6,0.2375375
OFF-PA-10004379,"Enermax Computer Printout Paper, Premium",288,-19.683,11,3,-0.06834375
OFF-PA-10004380,"SanDisk Memo Slips, Multicolor",339,-17.1045,22,8,-0.05045575221238938
OFF-PA-10004381,14-7/8 x 11 Blue Bar Computer Printout Paper,422,172.94400000000002,10,4,0.40981990521327016
OFF-PA-10004385,"Eaton Parchment Paper, Premium",137,26.336,18,5,0.19223357664233576
OFF-PA-10004386,"Green Bar Note Cards, Premium",219,28.380000000000003,11,5,0.12958904109589042
OFF-PA-10004405,Rediform Voice Mail Log Books,29,12.1584,11,2,0.4192551724137931
OFF-PA-10004411,"Xerox Memo Slips, Multicolor",20,4.76,2,1,0.238
OFF-PA-10004421,"Enermax Memo Slips, Multicolor",260,90.024,24,5,0.34624615384615387
OFF-PA-10004429,"Xerox Memo Slips, Premium",81,19.44,6,3,0.24000000000000002
OFF-PA-10004433,"Green Bar Parchment Paper, Premium",33,3.0,2,1,0.09090909090909091
OFF-PA-10004438,Xerox 1907,123,57.716,10,3,0.46923577235772357
OFF-PA-10004444,"SanDisk Note Cards, Premium",295,21.5235,12,3,0.07296101694915254
OFF-PA-10004450,"Xerox Cards & Envelopes, Recycled",359,114.72,8,2,0.3195543175487465
OFF-PA-10004451,Xerox 222,132,60.6528,22,7,0.45949090909090906
OFF-PA-10004468,"SanDisk Note Cards, Premium",266,99.405,9,3,0.373703007518797
OFF-PA-10004470,"Adams Write n' Stick Phone Message Book, 11"" X 5 1/4"", 200 Messages",40,16.3584,8,3,0.40896
OFF-PA-10004470,"Green Bar Cards & Envelopes, Recycled",628,69.03,13,4,0.1099203821656051
OFF-PA-10004475,Xerox 1940,616,279.1968,12,4,0.45324155844155845
OFF-PA-10004475,"Xerox Computer Printout Paper, 8.5 x 11",396,63.254400000000004,15,6,0.15973333333333334
OFF-PA-10004480,"Eaton Cards & Envelopes, Recycled",351,103.542,11,5,0.294991452991453
OFF-PA-10004495,"SanDisk Note Cards, Premium",425,156.555,18,8,0.368364705882353
OFF-PA-10004498,"Enermax Memo Slips, Multicolor",68,23.16,4,1,0.34058823529411764
OFF-PA-10004501,"SanDisk Memo Slips, Multicolor",245,29.159999999999997,22,5,0.1190204081632653
OFF-PA-10004519,Spiral Phone Message Books with Labels by Adams,60,25.759999999999998,15,4,0.4293333333333333
OFF-PA-10004530,Personal Creations Ink Jet Cards and Labels,322,157.50560000000002,28,4,0.48914782608695656
OFF-PA-10004531,"SanDisk Note Cards, 8.5 x 11",198,53.4,10,4,0.2696969696969697
OFF-PA-10004569,"Wirebound Message Books, Two 4 1/4"" x 5"" Forms per Page",110,49.084500000000006,15,6,0.4462227272727273
OFF-PA-10004573,"Enermax Memo Slips, Premium",235,66.89999999999999,16,4,0.28468085106382973
OFF-PA-10004589,"Green Bar Computer Printout Paper, Multicolor",639,38.23500000000001,25,8,0.059835680751173716
OFF-PA-10004600,"Xerox Cards & Envelopes, Premium",732,216.712,26,8,0.29605464480874316
OFF-PA-10004609,Xerox 221,80,33.1776,14,4,0.41472
OFF-PA-10004610,Xerox 1900,106,44.083999999999996,26,7,0.41588679245283017
OFF-PA-10004613,"Green Bar Note Cards, Premium",1073,38.160000000000004,39,6,0.03556383970177074
OFF-PA-10004621,Xerox 212,140,57.024,25,7,0.40731428571428574
OFF-PA-10004627,"Eaton Computer Printout Paper, Multicolor",11,0.744,1,1,0.06763636363636363
OFF-PA-10004640,"Eaton Message Books, Multicolor",53,-15.024,4,1,-0.28347169811320755
OFF-PA-10004641,"SanDisk Cards & Envelopes, Multicolor",349,24.36,7,2,0.06979942693409742
OFF-PA-10004648,"Xerox Message Books, Recycled",238,-102.38400000000001,18,5,-0.4301848739495799
OFF-PA-10004665,Advantus Motivational Note Cards,228,94.32,20,5,0.41368421052631577
OFF-PA-10004673,"Eaton Note Cards, Multicolor",79,10.751999999999999,3,2,0.13610126582278478
OFF-PA-10004673,"Enermax Message Books, 8.5 x 11",197,-39.744,12,4,-0.201746192893401
OFF-PA-10004673,"Green Bar Memo Slips, Recycled",77,20.106,5,2,0.26111688311688314
OFF-PA-10004673,"Xerox Message Books, Multicolor",26,-14.844,2,1,-0.5709230769230769
OFF-PA-10004675,"Telephone Message Books with Fax/Mobile Section, 5 1/2"" x 3 3/16""",99,40.766999999999996,17,6,0.41178787878787876
OFF-PA-10004694,"Green Bar Cards & Envelopes, 8.5 x 11",894,160.65,17,6,0.17969798657718122
OFF-PA-10004727,"Eaton Note Cards, 8.5 x 11",835,186.6795,36,8,0.2235682634730539
OFF-PA-10004733,Things To Do Today Spiral Book,82,29.8584,13,3,0.36412682926829265
OFF-PA-10004734,Southworth Structures Collection,73,36.4,10,2,0.4986301369863014
OFF-PA-10004735,Xerox 1905,146,68.94720000000001,23,5,0.472241095890411
OFF-PA-10004741,"SanDisk Cards & Envelopes, 8.5 x 11",862,12.834,17,5,0.014888631090487239
OFF-PA-10004746,"SanDisk Memo Slips, 8.5 x 11",162,20.544,8,3,0.12681481481481482
OFF-PA-10004756,"SanDisk Cards & Envelopes, Multicolor",399,27.84,8,2,0.06977443609022556
OFF-PA-10004761,"Green Bar Memo Slips, Premium",161,-35.144999999999996,13,2,-0.21829192546583848
OFF-PA-10004766,"Enermax Message Books, Premium",45,13.02,2,1,0.28933333333333333
OFF-PA-10004782,Xerox 228,97,46.656,15,4,0.4809896907216495
OFF-PA-10004815,"Xerox Note Cards, Premium",458,88.7106,20,6,0.19369126637554585
OFF-PA-10004835,"Enermax Computer Printout Paper, Multicolor",120,51.36,6,2,0.428
OFF-PA-10004842,"SanDisk Message Books, Recycled",328,131.274,15,5,0.40022560975609756
OFF-PA-10004849,"Xerox Computer Printout Paper, Multicolor",330,-20.56,21,6,-0.0623030303030303
OFF-PA-10004854,"Green Bar Cards & Envelopes, Recycled",546,25.400000000000002,20,7,0.04652014652014652
OFF-PA-10004856,"Xerox Memo Slips, Recycled",269,40.199999999999996,20,5,0.1494423791821561
OFF-PA-10004881,"Xerox Computer Printout Paper, Recycled",32,-2.64,2,1,-0.0825
OFF-PA-10004888,Xerox 217,150,67.392,25,8,0.44927999999999996
OFF-PA-10004910,"Eaton Message Books, Premium",223,71.295,14,5,0.3197085201793722
OFF-PA-10004911,"Rediform S.O.S. 1-Up Phone Message Bk, 4-1/4x3-1/16 Bk, 1 Form/Pg, 40 Messages/Bk, 3/Pk",198,94.5504,21,5,0.4775272727272727
OFF-PA-10004918,"SanDisk Message Books, Recycled",28,-4.764,2,1,-0.17014285714285715
OFF-PA-10004923,"Xerox Memo Slips, Multicolor",180,5.04,12,5,0.028
OFF-PA-10004930,"Xerox Note Cards, Recycled",399,124.07039999999999,18,4,0.3109533834586466
OFF-PA-10004943,"Enermax Memo Slips, 8.5 x 11",250,102.45,13,4,0.4098
OFF-PA-10004946,"SanDisk Note Cards, Multicolor",942,146.6712,30,8,0.15570191082802548
OFF-PA-10004947,Staples,48,20.544,12,3,0.428
OFF-PA-10004948,Xerox 190,30,14.0436,6,2,0.46812
OFF-PA-10004965,Xerox 1921,56,17.4825,7,3,0.3121875
OFF-PA-10004968,"Enermax Computer Printout Paper, Multicolor",259,-14.3568,12,4,-0.05543166023166023
OFF-PA-10004971,Xerox 196,93,39.4196,18,8,0.42386666666666667
OFF-PA-10004983,Xerox 23,140,63.7632,23,6,0.45545142857142856
OFF-PA-10004990,"SanDisk Computer Printout Paper, Recycled",46,0.2549999999999999,2,2,0.005543478260869563
OFF-PA-10004990,"Xerox Note Cards, Recycled",262,10.439999999999998,12,3,0.0398473282442748
OFF-PA-10004994,"Green Bar Parchment Paper, Premium",195,-33.2112,15,4,-0.17031384615384615
OFF-PA-10004996,"Speediset Carbonless Redi-Letter 7"" x 8 1/2""",182,77.6343,19,5,0.4265620879120879
OFF-PA-10004998,"Green Bar Parchment Paper, Multicolor",175,52.775999999999996,15,4,0.3015771428571428
OFF-ROG-10000191,"Rogers Lockers, Wire Frame",2465,-695.7270000000001,20,8,-0.28224219066937123
OFF-ROG-10000332,"Rogers Box, Single Width",347,-32.16,18,13,-0.0926801152737752
OFF-ROG-10000566,"Rogers Trays, Single Width",803,-461.00999999999993,22,8,-0.5741095890410958
OFF-ROG-10001101,"Rogers Shelving, Wire Frame",1332,362.64,23,10,0.27225225225225225
OFF-ROG-10001340,"Rogers File Cart, Industrial",3172,-1.740000000000009,27,14,-0.0005485498108448956
OFF-ROG-10001372,"Rogers Trays, Blue",839,104.448,17,8,0.12449106078665077
OFF-ROG-10001399,"Rogers Shelving, Single Width",1088,-342.45,25,10,-0.3147518382352941
OFF-ROG-10001418,"Rogers Trays, Wire Frame",1825,892.8000000000001,30,10,0.48920547945205484
OFF-ROG-10001549,"Rogers Shelving, Blue",696,-130.704,14,10,-0.18779310344827588
OFF-ROG-10001735,"Rogers Lockers, Blue",5801,-1090.6619999999998,35,9,-0.18801275642130663
OFF-ROG-10001818,"Rogers Folders, Single Width",415,-37.92,16,8,-0.09137349397590362
OFF-ROG-10002132,"Rogers Lockers, Industrial",4834,1284.84,27,11,0.2657923045097228
OFF-ROG-10002279,"Rogers Box, Blue",921,-90.912,43,15,-0.09871009771986972
OFF-ROG-10002294,"Rogers File Cart, Single Width",4788,610.146,35,12,0.12743233082706765
OFF-ROG-10002682,"Rogers Box, Industrial",338,-124.695,19,10,-0.36892011834319527
OFF-ROG-10002818,"Rogers Trays, Industrial",2236,894.24,36,10,0.3999284436493739
OFF-ROG-10002866,"Rogers Folders, Blue",246,-55.379999999999995,10,8,-0.22512195121951217
OFF-ROG-10003300,"Rogers Box, Wire Frame",386,-18.528000000000002,20,8,-0.04800000000000001
OFF-ROG-10003733,"Rogers Folders, Wire Frame",856,59.412,30,10,0.06940654205607477
OFF-ROG-10003898,"Rogers Lockers, Single Width",5421,2217.9300000000003,27,13,0.4091366906474821
OFF-ROG-10003993,"Rogers File Cart, Single Width",3077,33.59100000000002,29,15,0.010916802079948008
OFF-ROG-10004393,"Rogers Folders, Industrial",1278,97.88999999999999,44,16,0.07659624413145538
OFF-ROG-10004646,"Rogers File Cart, Blue",1646,-304.221,14,10,-0.18482442284325637
OFF-ROG-10004949,"Rogers Shelving, Industrial",1531,431.934,25,13,0.2821254082299151
OFF-SAN-10000335,"SanDisk Parchment Paper, Premium",58,2.574,4,4,0.04437931034482758
OFF-SAN-10000722,"SanDisk Computer Printout Paper, Premium",150,32.7,5,3,0.21800000000000003
OFF-SAN-10000844,"SanDisk Parchment Paper, Recycled",349,55.440000000000005,21,5,0.15885386819484243
OFF-SAN-10000874,"Sanford Pencil Sharpener, Fluorescent",701,-22.407000000000004,43,12,-0.03196433666191156
OFF-SAN-10000931,"SanDisk Message Books, 8.5 x 11",223,23.759999999999998,14,4,0.1065470852017937
OFF-SAN-10001074,"SanDisk Message Books, Premium",343,25.487999999999996,18,6,0.07430903790087462
OFF-SAN-10001094,"SanDisk Memo Slips, 8.5 x 11",211,33.6,10,3,0.15924170616113745
OFF-SAN-10001114,"SanDisk Cards & Envelopes, Multicolor",349,24.36,7,4,0.06979942693409742
OFF-SAN-10001128,"Sanford Pens, Easy-Erase",474,20.883000000000003,52,17,0.04405696202531646
OFF-SAN-10001237,"SanDisk Cards & Envelopes, Premium",998,336.79200000000003,22,5,0.3374669338677355
OFF-SAN-10001295,"Sanford Pencil Sharpener, Water Color",650,-21.755999999999993,26,13,-0.03347076923076922
OFF-SAN-10001326,"SanDisk Note Cards, 8.5 x 11",69,2.318999999999999,3,3,0.0336086956521739
OFF-SAN-10001345,"Sanford Canvas, Water Color",959,-327.57000000000005,24,13,-0.34157455683003135
OFF-SAN-10001542,"SanDisk Note Cards, Multicolor",588,232.728,18,5,0.39579591836734695
OFF-SAN-10001546,"SanDisk Computer Printout Paper, Recycled",506,226.95,17,4,0.4485177865612648
OFF-SAN-10001634,"Sanford Canvas, Easy-Erase",1499,84.22500000000001,32,14,0.05618745830553703
OFF-SAN-10001681,"SanDisk Computer Printout Paper, 8.5 x 11",373,40.92,11,2,0.10970509383378016
OFF-SAN-10001862,"Sanford Highlighters, Easy-Erase",266,-41.867999999999995,20,9,-0.15739849624060148
OFF-SAN-10002015,"Sanford Pens, Water Color",317,123.516,25,12,0.38964037854889594
OFF-SAN-10002020,"SanDisk Parchment Paper, Multicolor",79,7.128,5,4,0.09022784810126583
OFF-SAN-10002323,"Sanford Sketch Pad, Fluorescent",1415,449.80199999999996,39,12,0.31788127208480565
OFF-SAN-10002441,"Sanford Highlighters, Blue",291,-47.160000000000004,24,12,-0.16206185567010312
OFF-SAN-10002484,"Sanford Canvas, Blue",1214,136.08,30,18,0.11209225700164746
OFF-SAN-10002639,"Sanford Markers, Easy-Erase",334,-106.69800000000001,19,11,-0.3194550898203593
OFF-SAN-10002839,"Sanford Canvas, Fluorescent",1391,473.784,28,13,0.34060675772825305
OFF-SAN-10002873,"SanDisk Cards & Envelopes, 8.5 x 11",525,141.9,10,2,0.2702857142857143
OFF-SAN-10003041,"Sanford Markers, Water Color",456,-2.543999999999997,19,9,-0.005578947368421046
OFF-SAN-10003152,"SanDisk Memo Slips, Multicolor",164,8.100000000000001,9,4,0.049390243902439034
OFF-SAN-10003226,"SanDisk Message Books, Recycled",209,78.024,10,4,0.37332057416267944
OFF-SAN-10003285,"Sanford Pens, Fluorescent",453,99.684,40,16,0.22005298013245034
OFF-SAN-10003318,"SanDisk Memo Slips, Premium",153,58.050000000000004,9,3,0.3794117647058824
OFF-SAN-10003368,"Sanford Pens, Blue",280,-5.699999999999996,34,13,-0.02035714285714284
OFF-SAN-10003393,"SanDisk Cards & Envelopes, Recycled",367,-236.02200000000002,13,6,-0.6431117166212534
OFF-SAN-10003644,"Sanford Markers, Blue",692,52.290000000000006,34,14,0.07556358381502891
OFF-SAN-10003660,"SanDisk Computer Printout Paper, Multicolor",405,52.65,13,2,0.13
OFF-SAN-10003687,"Sanford Sketch Pad, Easy-Erase",1022,451.665,23,10,0.44194227005870845
OFF-SAN-10004232,"Sanford Markers, Fluorescent",385,43.566,23,14,0.11315844155844157
OFF-SAN-10004288,"Sanford Sketch Pad, Blue",950,-240.97799999999998,27,12,-0.25366105263157895
OFF-SAN-10004339,"Sanford Highlighters, Water Color",491,138.807,29,10,0.2827026476578411
OFF-SAN-10004420,"Sanford Sketch Pad, Water Color",1213,515.034,27,10,0.4245952184666117
OFF-SAN-10004426,"SanDisk Note Cards, Premium",74,19.601999999999997,3,2,0.26489189189189183
OFF-SAN-10004602,"SanDisk Parchment Paper, 8.5 x 11",50,-3.1500000000000004,3,2,-0.063
OFF-SAN-10004618,"SanDisk Memo Slips, Recycled",24,3.6660000000000004,2,2,0.15275000000000002
OFF-SAN-10004633,"SanDisk Message Books, Multicolor",90,-15.222000000000001,5,4,-0.16913333333333336
OFF-SAN-10004706,"SanDisk Note Cards, Premium",209,62.58,7,3,0.29942583732057415
OFF-SAN-10004746,"Sanford Highlighters, Fluorescent",189,60.501,13,9,0.3201111111111111
OFF-SAN-10004824,"Sanford Pencil Sharpener, Water Color",577,-118.71000000000001,36,15,-0.20573656845753902
OFF-SAN-10004881,"Sanford Pencil Sharpener, Easy-Erase",1183,465.153,53,19,0.3931978021978022
OFF-SME-10000018,"Smead Round Labels, Laser Printer Compatible",183,53.4,29,10,0.29180327868852457
OFF-SME-10000258,"Smead Removable Labels, 5000 Label Set",3,-3.99,1,1,-1.33
OFF-SME-10000335,"Smead Box, Wire Frame",212,30.396,22,10,0.14337735849056604
OFF-SME-10000520,"Smead Shelving, Wire Frame",571,208.32,14,11,0.36483362521891416
OFF-SME-10000538,"Smead File Cart, Single Width",5621,-254.95199999999997,49,13,-0.045357053904999105
OFF-SME-10000675,"Smead Round Labels, 5000 Label Set",14,0.72,2,2,0.05142857142857143
OFF-SME-10000746,"Smead Lockers, Industrial",8156,1566.78,46,13,0.19210152035311426
OFF-SME-10000880,"Smead Box, Blue",91,-7.539,9,7,-0.08284615384615385
OFF-SME-10000950,"Smead Color Coded Labels, 5000 Label Set",4,-7.128,1,1,-1.782
OFF-SME-10000973,"Smead Folders, Industrial",316,-44.087999999999994,26,6,-0.13951898734177212
OFF-SME-10001149,"Smead Folders, Single Width",310,52.709999999999994,21,12,0.1700322580645161
OFF-SME-10001278,"Smead Shipping Labels, Alphabetical",33,8.19,3,3,0.24818181818181817
OFF-SME-10001652,"Smead Trays, Wire Frame",1065,-10.5,26,9,-0.009859154929577466
OFF-SME-10001667,"Smead Shipping Labels, 5000 Label Set",182,-24.96,18,4,-0.13714285714285715
OFF-SME-10001718,"Smead Box, Industrial",229,-41.849999999999994,26,15,-0.18275109170305676
OFF-SME-10001745,"Smead Shelving, Blue",862,73.18799999999999,23,11,0.08490487238979116
OFF-SME-10001754,"Smead File Folder Labels, 5000 Label Set",165,69.816,19,4,0.42312727272727274
OFF-SME-10001761,"Smead Shelving, Industrial",118,5.904,3,3,0.05003389830508474
OFF-SME-10001800,"Smead Shipping Labels, Laser Printer Compatible",12,-19.628999999999998,3,2,-1.6357499999999998
OFF-SME-10001852,"Smead Removable Labels, Laser Printer Compatible",10,3.18,1,1,0.318
OFF-SME-10001853,"Smead Folders, Blue",569,16.802999999999997,36,17,0.02953075571177504
OFF-SME-10002250,"Smead File Folder Labels, Alphabetical",96,43.89,11,3,0.4571875
OFF-SME-10002417,"Smead Trays, Single Width",520,123.057,12,6,0.23664807692307693
OFF-SME-10002467,"Smead Round Labels, Alphabetical",43,7.728,7,3,0.17972093023255814
OFF-SME-10002740,"Smead Lockers, Single Width",4167,783.1800000000001,31,18,0.18794816414686827
OFF-SME-10002823,"Smead Trays, Blue",705,32.928,16,11,0.0467063829787234
OFF-SME-10002870,"Smead Legal Exhibit Labels, Alphabetical",66,7.199999999999999,6,4,0.10909090909090909
OFF-SME-10003033,"Smead Trays, Industrial",333,70.368,8,5,0.2113153153153153
OFF-SME-10003047,"Smead Color Coded Labels, Laser Printer Compatible",59,2.325000000000001,8,5,0.039406779661016966
OFF-SME-10003134,"Smead Box, Single Width",70,-25.919999999999998,12,8,-0.3702857142857143
OFF-SME-10003305,"Smead File Folder Labels, Adjustable",42,2.34,6,5,0.05571428571428571
OFF-SME-10003530,"Smead Lockers, Wire Frame",3434,201.18600000000004,18,9,0.05858648806057078
OFF-SME-10003746,"Smead Legal Exhibit Labels, Adjustable",13,-2.88,2,2,-0.22153846153846152
OFF-SME-10003752,"Smead File Cart, Single Width",3144,-414.225,28,17,-0.1317509541984733
OFF-SME-10003805,"Smead Color Coded Labels, Adjustable",68,-0.5099999999999998,8,4,-0.007499999999999997
OFF-SME-10004110,"Smead Color Coded Labels, Alphabetical",62,16.956000000000003,6,3,0.27348387096774196
OFF-SME-10004160,"Smead Folders, Wire Frame",287,6.228,18,8,0.021700348432055747
OFF-SME-10004247,"Smead Shelving, Single Width",510,158.964,13,9,0.31169411764705884
OFF-SME-10004256,"Smead Removable Labels, Adjustable",92,31.536000000000005,9,5,0.34278260869565225
OFF-SME-10004323,"Smead Legal Exhibit Labels, 5000 Label Set",34,6.48,3,2,0.19058823529411767
OFF-SME-10004370,"Smead File Cart, Blue",4434,-1495.914,47,18,-0.33737347767253045
OFF-SME-10004518,"Smead Legal Exhibit Labels, Laser Printer Compatible",129,-38.28,16,6,-0.29674418604651165
OFF-SME-10004519,"Smead Removable Labels, Adjustable",49,0.36,6,5,0.007346938775510204
OFF-SME-10004553,"Smead Lockers, Blue",3631,-157.01399999999998,23,13,-0.04324263288350316
OFF-SME-10004702,"Smead File Cart, Industrial",2902,405.41999999999996,27,9,0.1397036526533425
OFF-SME-10004740,"Smead Shipping Labels, Adjustable",211,14.52,22,7,0.06881516587677725
OFF-SME-10004754,"Smead Round Labels, Adjustable",34,10.08,7,3,0.2964705882352941
OFF-SME-10004926,"Smead File Folder Labels, Laser Printer Compatible",36,0.24,4,1,0.006666666666666666
OFF-ST-10000003,"Tenex Shelving, Industrial",331,102.42,6,1,0.30942598187311177
OFF-ST-10000007,"Fellowes File Cart, Single Width",3312,1319.8374000000001,29,8,0.39850163043478265
OFF-ST-10000016,"Eldon Folders, Blue",231,55.6572,15,6,0.24094025974025976
OFF-ST-10000020,"Fellowes Folders, Single Width",1277,465.369,52,15,0.3644236491777604
OFF-ST-10000022,"Eldon Folders, Industrial",105,-64.74000000000001,10,2,-0.6165714285714287
OFF-ST-10000025,Fellowes Stor/Drawer Steel Plus Storage Drawers,3398,78.25259999999999,37,8,0.023029017068864035
OFF-ST-10000028,"Rogers Shelving, Blue",894,189.492,23,10,0.21195973154362416
OFF-ST-10000035,"Tenex Folders, Industrial",414,-20.04,28,6,-0.04840579710144927
OFF-ST-10000036,"Recycled Data-Pak for Archival Bound Computer Printouts, 12-1/2 x 12-1/2 x 16",1857,414.918,20,6,0.2234345718901454
OFF-ST-10000046,Fellowes Super Stor/Drawer Files,4006,473.3415,27,9,0.11815813779331004
OFF-ST-10000060,Fellowes Bankers Box Staxonsteel Drawer File/Stacking System,2613,153.35279999999997,43,8,0.058688404133180244
OFF-ST-10000078,"Eldon Trays, Single Width",1402,17.28,31,8,0.01232524964336662
OFF-ST-10000078,Tennsco 6- and 18-Compartment Lockers,10925,1575.1098,43,11,0.14417481006864988
OFF-ST-10000085,"Rogers File Cart, Single Width",3750,169.81199999999995,30,8,0.04528319999999999
OFF-ST-10000095,"Fellowes File Cart, Industrial",6049,54.980999999999995,50,13,0.009089270953876672
OFF-ST-10000103,"Smead Lockers, Industrial",6915,-783.9359999999999,45,8,-0.11336746203904555
OFF-ST-10000107,"Eldon File Cart, Industrial",2212,-20.942999999999998,18,3,-0.009467902350813743
OFF-ST-10000107,Fellowes Super Stor/Drawer,478,67.71,18,4,0.14165271966527196
OFF-ST-10000123,"Fellowes Folders, Wire Frame",31,-18.396,2,1,-0.5934193548387097
OFF-ST-10000127,"Fellowes Shelving, Wire Frame",2055,576.0509999999999,44,10,0.28031678832116785
OFF-ST-10000129,Fellowes Recycled Storage Drawers,1288,48.8532,12,3,0.03792950310559006
OFF-ST-10000130,"Eldon Trays, Wire Frame",2351,571.98,62,14,0.24329221607826457
OFF-ST-10000136,Letter Size File,341,59.55,10,2,0.17463343108504398
OFF-ST-10000142,Deluxe Rollaway Locking File with Drawer,5573,1380.7216,14,5,0.24775194688677554
OFF-ST-10000154,"Smead Box, Single Width",409,48.87,45,10,0.11948655256723716
OFF-ST-10000210,"Tenex Lockers, Wire Frame",569,113.73600000000002,4,2,0.1998875219683656
OFF-ST-10000220,"Rogers Shelving, Industrial",761,93.0315,13,5,0.1222490144546649
OFF-ST-10000242,"Fellowes Folders, Wire Frame",119,47.46,7,1,0.3988235294117647
OFF-ST-10000268,"Smead Box, Blue",178,45.5073,17,5,0.25565898876404497
OFF-ST-10000287,"Rogers Box, Blue",594,132.45839999999998,27,9,0.22299393939393936
OFF-ST-10000288,"Fellowes Lockers, Industrial",7459,2338.779,44,14,0.31355128033248425
OFF-ST-10000290,"Rogers Folders, Single Width",225,6.4,12,6,0.028444444444444446
OFF-ST-10000299,"Tenex Trays, Single Width",216,91.08,4,2,0.42166666666666663
OFF-ST-10000300,"Eldon Folders, Wire Frame",509,4.29,35,12,0.008428290766208251
OFF-ST-10000306,"Rogers Trays, Single Width",639,62.1456,11,3,0.09725446009389671
OFF-ST-10000321,Akro Stacking Bins,93,-6.943199999999999,13,6,-0.07465806451612902
OFF-ST-10000327,"Smead Folders, Wire Frame",387,15.679199999999998,26,8,0.040514728682170535
OFF-ST-10000344,"Fellowes Box, Industrial",605,76.9392,36,9,0.12717223140495867
OFF-ST-10000344,"Neat Ideas Personal Hanging Folder Files, Black",276,58.0176,22,7,0.21020869565217393
OFF-ST-10000351,"Smead Shelving, Wire Frame",737,-70.56,17,6,-0.09573948439620082
OFF-ST-10000352,Acco Perma 2700 Stacking Storage Drawers,208,5.948,8,4,0.028596153846153848
OFF-ST-10000355,"Eldon Box, Wire Frame",254,22.95,36,10,0.09035433070866142
OFF-ST-10000362,"Eldon File Cart, Blue",3950,982.056,32,8,0.24862177215189873
OFF-ST-10000378,"Tenex Box, Wire Frame",62,21.72,4,1,0.35032258064516125
OFF-ST-10000419,"Rogers Jumbo File, Granite",319,-4.8888,24,7,-0.01532539184952978
OFF-ST-10000423,"Rogers Trays, Blue",780,12.679999999999993,21,7,0.016256410256410246
OFF-ST-10000430,"Tenex File Cart, Blue",3997,-45.51000000000001,37,10,-0.011386039529647238
OFF-ST-10000439,"Rogers Lockers, Single Width",2258,135.35999999999999,16,3,0.059946855624446405
OFF-ST-10000442,"Rogers Box, Wire Frame",461,62.08,32,10,0.13466377440347072
OFF-ST-10000464,"Multi-Use Personal File Cart and Caster Set, Three Stacking Bins",370,93.15679999999999,11,5,0.2517751351351351
OFF-ST-10000485,"Fellowes Folders, Single Width",167,24.4476,7,2,0.14639281437125748
OFF-ST-10000486,"Rogers Trays, Industrial",2506,713.688,48,10,0.28479169992019154
OFF-ST-10000496,"Tenex Folders, Wire Frame",509,170.112,35,7,0.3342082514734774
OFF-ST-10000505,"Fellowes File Cart, Blue",2124,76.488,26,6,0.036011299435028246
OFF-ST-10000520,"Eldon Folders, Blue",292,10.056,20,5,0.03443835616438356
OFF-ST-10000532,Advantus Rolling Drawer Organizers,1116,233.18880000000001,31,6,0.20895053763440863
OFF-ST-10000542,"Fellowes Folders, Industrial",635,-5.712,28,6,-0.008995275590551181
OFF-ST-10000546,"Tenex Lockers, Wire Frame",2748,584.9544000000001,19,4,0.21286550218340614
OFF-ST-10000557,"Tenex Box, Blue",239,-24.800000000000004,27,8,-0.10376569037656906
OFF-ST-10000560,"Fellowes Trays, Industrial",950,187.068,25,7,0.19691368421052632
OFF-ST-10000563,Fellowes Bankers Box Stor/Drawer Steel Plus,1426,-12.792000000000002,50,12,-0.00897054698457223
OFF-ST-10000580,"Fellowes Trays, Industrial",1348,160.101,27,8,0.1187692878338279
OFF-ST-10000585,Economy Rollaway Files,3137,693.84,20,7,0.22117947083200512
OFF-ST-10000604,Home/Office Personal File Carts,981,198.132,30,7,0.20196941896024465
OFF-ST-10000615,"SimpliFile Personal File, Black Granite, 15w x 6-15/16d x 11-1/4h",346,85.806,32,8,0.2479942196531792
OFF-ST-10000617,Woodgrain Magazine Files by Perma,70,2.6224,24,6,0.03746285714285714
OFF-ST-10000619,"Eldon Lockers, Wire Frame",2049,141.632,22,6,0.06912249877989263
OFF-ST-10000622,"Rogers File Cart, Single Width",2296,-188.0472,19,6,-0.0819020905923345
OFF-ST-10000624,"Eldon File Cart, Single Width",8537,2753.805,79,19,0.3225729178868455
OFF-ST-10000632,"Rogers Shelving, Single Width",1767,-237.006,35,9,-0.13412903225806452
OFF-ST-10000636,Rogers Profile Extra Capacity Storage Tub,519,4.687200000000001,32,7,0.009031213872832372
OFF-ST-10000642,"Tennsco Lockers, Gray",403,-26.434800000000003,22,6,-0.06559503722084369
OFF-ST-10000643,"Eldon Trays, Industrial",1360,411.285,37,8,0.3024154411764706
OFF-ST-10000645,"Tenex File Cart, Industrial",1574,-143.408,20,7,-0.09111054637865311
OFF-ST-10000648,"Eldon File Cart, Industrial",5499,96.39000000000001,48,12,0.017528641571194766
OFF-ST-10000649,Hanging Personal Folder File,251,51.025,17,5,0.20328685258964144
OFF-ST-10000650,"Rogers Box, Industrial",238,63.22,17,5,0.26563025210084035
OFF-ST-10000661,"Tenex Box, Industrial",78,-23.112000000000002,7,2,-0.2963076923076923
OFF-ST-10000675,"File Shuttle II and Handi-File, Black",1124,260.953,34,7,0.23216459074733095
OFF-ST-10000676,Fellowes Econo/Stor Drawers,582,-56.2194,7,2,-0.09659690721649485
OFF-ST-10000689,"Fellowes Strictly Business Drawer File, Letter/Legal Size",4478,388.746,33,7,0.0868124162572577
OFF-ST-10000695,"Rogers Lockers, Wire Frame",7225,-359.25300000000004,48,13,-0.049723598615916964
OFF-ST-10000701,"Rogers Shelving, Single Width",75,4.932,2,1,0.06576
OFF-ST-10000704,"Rogers File Cart, Blue",3573,1179.468,27,10,0.33010579345088165
OFF-ST-10000710,"Smead Shelving, Blue",2750,591.486,63,15,0.21508581818181818
OFF-ST-10000711,"Fellowes Box, Single Width",74,-95.816,14,2,-1.294810810810811
OFF-ST-10000718,"Fellowes Folders, Single Width",263,60.6,15,4,0.23041825095057034
OFF-ST-10000736,Carina Double Wide Media Storage Towers in Natural & Black,3030,-3.2391999999999967,39,12,-0.001069042904290428
OFF-ST-10000752,"Fellowes File Cart, Wire Frame",1812,363.6702,18,7,0.20070099337748346
OFF-ST-10000760,Eldon Fold 'N Roll Cart System,302,63.7488,24,5,0.21108874172185432
OFF-ST-10000777,"Companion Letter/Legal File, Black",612,149.5296,17,5,0.24432941176470585
OFF-ST-10000794,"Tenex Trays, Wire Frame",107,47.94,2,1,0.4480373831775701
OFF-ST-10000798,2300 Heavy-Duty Transfer File Systems by Perma,345,20.9832,16,4,0.06082086956521739
OFF-ST-10000806,"Fellowes Shelving, Industrial",152,2.862,3,2,0.018828947368421053
OFF-ST-10000836,"Tenex Trays, Blue",737,-19.443999999999996,23,8,-0.02638263229308005
OFF-ST-10000872,"Fellowes File Cart, Single Width",5809,-2430.918,60,15,-0.4184744362196592
OFF-ST-10000875,"Smead Shelving, Single Width",715,229.896,18,6,0.3215328671328671
OFF-ST-10000876,Eldon Simplefile Box Office,346,77.128,30,8,0.22291329479768787
OFF-ST-10000877,Recycled Steel Personal File for Standard File Folders,1073,254.334,20,4,0.23703075489282385
OFF-ST-10000880,"Rogers Box, Blue",253,89.28399999999999,17,6,0.35290118577075097
OFF-ST-10000884,"Smead Folders, Blue",84,-11.328,8,1,-0.13485714285714284
OFF-ST-10000885,Fellowes Desktop Hanging File Manager,201,50.3625,15,4,0.2505597014925373
OFF-ST-10000886,"Smead Lockers, Wire Frame",2713,57.79599999999999,21,8,0.021303354220420196
OFF-ST-10000892,"Tenex Trays, Wire Frame",1244,423.40799999999996,28,7,0.3403601286173633
OFF-ST-10000917,"Fellowes File Cart, Wire Frame",145,-200.048,4,1,-1.3796413793103448
OFF-ST-10000918,Crate-A-Files,177,31.392,18,7,0.17735593220338983
OFF-ST-10000922,"Eldon File Cart, Blue",4571,-655.9200000000001,42,12,-0.14349595274556992
OFF-ST-10000934,"Contico 72""H Heavy-Duty Storage System",598,-57.372,16,5,-0.09593979933110368
OFF-ST-10000943,Eldon ProFile File 'N Store Portable File Tub Letter/Legal Size Black,614,127.446,35,7,0.20756677524429967
OFF-ST-10000948,"Fellowes Box, Blue",253,91.30080000000001,16,5,0.3608727272727273
OFF-ST-10000952,"Smead File Cart, Blue",4791,-760.368,44,12,-0.15870757670632438
OFF-ST-10000988,"Fellowes Folders, Blue",1214,459.36,57,17,0.3783855024711697
OFF-ST-10000990,"Eldon Lockers, Single Width",3459,-810.8679999999999,33,8,-0.23442266551026306
OFF-ST-10000991,Space Solutions HD Industrial Steel Shelving.,3036,24.143700000000003,27,8,0.007952470355731225
OFF-ST-10001010,"Fellowes Lockers, Industrial",5015,-416.05199999999996,40,12,-0.08296151545363907
OFF-ST-10001025,"Tenex Trays, Single Width",1622,343.836,38,13,0.21198273736128237
OFF-ST-10001026,"Fellowes Trays, Single Width",1478,403.3566,34,8,0.2729070365358593
OFF-ST-10001031,Adjustable Personal File Tote,270,53.3984,18,5,0.19777185185185187
OFF-ST-10001034,Eldon File Chest Portable File,79,5.955,5,1,0.07537974683544305
OFF-ST-10001050,"Eldon Shelving, Blue",1917,325.78200000000004,45,11,0.169943661971831
OFF-ST-10001051,"Eldon Shelving, Industrial",1160,231.08,38,8,0.19920689655172416
OFF-ST-10001057,"Eldon Folders, Wire Frame",32,9.3,2,1,0.290625
OFF-ST-10001066,"Tenex Box, Single Width",227,98.092,22,6,0.43212334801762115
OFF-ST-10001073,"Eldon File Cart, Single Width",103,-154.044,3,1,-1.4955728155339807
OFF-ST-10001091,"Smead Box, Industrial",338,-2.9249999999999994,33,10,-0.008653846153846153
OFF-ST-10001097,Office Impressions Heavy Duty Welded Shelving & Multimedia Storage Drawers,3179,-167.27,20,5,-0.052617175212330926
OFF-ST-10001124,"Fellowes Trays, Wire Frame",1014,30.657000000000004,20,7,0.030233727810650892
OFF-ST-10001128,"Carina Mini System Audio Rack, Model AR050B",2731,-68.8076,26,6,-0.025195020139143168
OFF-ST-10001142,"Smead Folders, Wire Frame",875,-28.692,58,14,-0.03279085714285714
OFF-ST-10001172,"Fellowes Trays, Wire Frame",474,5.263999999999999,14,6,0.01110548523206751
OFF-ST-10001172,"Tennsco Lockers, Sand",408,56.2264,22,5,0.13780980392156864
OFF-ST-10001173,"Eldon Folders, Industrial",545,-48.498000000000005,35,9,-0.08898715596330276
OFF-ST-10001173,"Eldon Trays, Industrial",164,-77.52,5,2,-0.47268292682926827
OFF-ST-10001186,"Rogers Trays, Industrial",1628,190.3272,35,7,0.11690859950859951
OFF-ST-10001195,"Smead Box, Wire Frame",216,8.778,25,10,0.04063888888888889
OFF-ST-10001213,"Smead Shelving, Industrial",1417,65.907,36,10,0.04651164431898377
OFF-ST-10001214,"Smead Box, Industrial",240,106.8075,23,7,0.44503125000000004
OFF-ST-10001222,"Eldon Shelving, Single Width",2577,-184.11,57,12,-0.07144353899883586
OFF-ST-10001227,"Eldon Folders, Wire Frame",372,126.67999999999999,37,10,0.34053763440860213
OFF-ST-10001228,"Fellowes Personal Hanging Folder Files, Navy",285,52.6456,24,4,0.18472140350877195
OFF-ST-10001228,Personal File Boxes with Fold-Down Carry Handle,178,37.392,12,5,0.2100674157303371
OFF-ST-10001229,"Fellowes Box, Single Width",366,-33.876599999999996,22,6,-0.09255901639344262
OFF-ST-10001255,"Fellowes Trays, Single Width",2325,861.3,51,13,0.3704516129032258
OFF-ST-10001272,"Mini 13-1/2 Capacity Data Binder Rack, Pearl",1466,287.914,12,5,0.19639427012278307
OFF-ST-10001290,"Rogers Box, Industrial",147,20.52,6,1,0.13959183673469389
OFF-ST-10001290,"Rogers Shelving, Single Width",683,264.5568,12,3,0.38734524158125916
OFF-ST-10001291,"Tenex Personal Self-Stacking Standard File Box, Black/Gray",231,44.811499999999995,15,5,0.19398917748917746
OFF-ST-10001321,"Decoflex Hanging Personal Folder File, Blue",520,124.131,35,9,0.23871346153846154
OFF-ST-10001325,Sterilite Officeware Hinged File Box,343,78.076,35,11,0.22762682215743438
OFF-ST-10001326,"Tenex Shelving, Single Width",998,243.004,28,6,0.24349098196392785
OFF-ST-10001328,"Personal Filing Tote with Lid, Black/Gray",461,112.91279999999999,31,8,0.24493015184381778
OFF-ST-10001335,"Rogers File Cart, Single Width",925,115.05600000000001,11,6,0.12438486486486487
OFF-ST-10001335,"Tenex Trays, Blue",29,-36.888,2,1,-1.272
OFF-ST-10001342,"Fellowes Trays, Blue",624,141.4293,15,6,0.22664951923076926
OFF-ST-10001346,"Smead File Cart, Industrial",1764,-120.14000000000001,25,7,-0.06810657596371883
OFF-ST-10001357,"Eldon Lockers, Single Width",5266,557.634,29,6,0.10589327763007976
OFF-ST-10001358,"Rogers Folders, Wire Frame",367,-31.302,15,7,-0.08529155313351498
OFF-ST-10001366,"Rogers Folders, Wire Frame",515,-45.547200000000004,20,7,-0.0884411650485437
OFF-ST-10001370,Sensible Storage WireTech Storage Systems,2485,-78.078,38,8,-0.03141971830985916
OFF-ST-10001372,"Eldon Box, Blue",61,18.192,12,4,0.29822950819672134
OFF-ST-10001374,"Rogers Trays, Wire Frame",1015,-42.120000000000005,31,9,-0.04149753694581281
OFF-ST-10001393,"Fellowes Trays, Blue",636,-128.444,21,5,-0.20195597484276728
OFF-ST-10001413,"Rogers Folders, Blue",577,-205.368,26,8,-0.35592374350086653
OFF-ST-10001414,Decoflex Hanging Personal Folder File,46,12.0276,3,1,0.2614695652173913
OFF-ST-10001414,"Rogers Lockers, Wire Frame",506,-202.344,4,1,-0.39988932806324107
OFF-ST-10001418,Carina Media Storage Towers in Natural & Black,1073,-121.96000000000001,20,5,-0.11366262814538677
OFF-ST-10001426,"Eldon Folders, Single Width",369,89.187,31,9,0.2416991869918699
OFF-ST-10001440,"Eldon Shelving, Blue",664,151.368,30,7,0.22796385542168673
OFF-ST-10001458,"Rogers Folders, Blue",74,11.016,4,1,0.14886486486486486
OFF-ST-10001460,"Smead Trays, Industrial",2183,378.516,55,16,0.17339257901969768
OFF-ST-10001469,Fellowes Bankers Box Recycled Super Stor/Drawer,1189,-30.228800000000003,24,7,-0.025423717409587893
OFF-ST-10001476,Steel Personal Filing/Posting Tote,938,185.7173,29,5,0.19799285714285714
OFF-ST-10001478,"Tenex File Cart, Single Width",4131,-263.472,36,11,-0.06377923021060275
OFF-ST-10001490,"Hot File 7-Pocket, Floor Stand",8137,2016.711,49,13,0.24784453729875877
OFF-ST-10001496,Standard Rollaway File with Lock,6594,1261.3300000000002,40,10,0.19128450106157116
OFF-ST-10001505,"Perma STOR-ALL Hanging File Box, 13 1/8""W x 12 1/4""D x 10 1/2""H",180,16.8038,33,8,0.09335444444444443
OFF-ST-10001511,Space Solutions Commercial Steel Shelving,1952,-74.3475,33,7,-0.038087858606557376
OFF-ST-10001513,"Fellowes Folders, Blue",49,-42.0,7,1,-0.8571428571428571
OFF-ST-10001522,"Gould Plastics 18-Pocket Panel Bin, 34w x 5-1/4d x 20-1/2h",2299,-172.9412,28,10,-0.07522453240539366
OFF-ST-10001526,Iceberg Mobile Mega Data/Printer Cart,5751,1388.6082,49,8,0.24145508607198746
OFF-ST-10001534,"Smead Folders, Industrial",361,147.357,22,5,0.408191135734072
OFF-ST-10001547,"Rogers Lockers, Industrial",9862,2760.57,54,14,0.2799198945447171
OFF-ST-10001554,"Eldon Folders, Industrial",777,-35.2332,48,7,-0.04534517374517374
OFF-ST-10001554,"Tenex File Cart, Industrial",3997,-132.006,38,11,-0.033026269702276706
OFF-ST-10001558,Acco Perma 4000 Stacking Storage Drawers,457,30.044,31,11,0.06574179431072211
OFF-ST-10001562,"Fellowes Box, Industrial",1364,-145.566,79,19,-0.10671994134897361
OFF-ST-10001567,"Smead File Cart, Single Width",2910,750.0138,29,7,0.25773670103092783
OFF-ST-10001576,"Tenex Folders, Blue",453,94.68,23,8,0.2090066225165563
OFF-ST-10001580,Super Decoflex Portable Personal File,180,39.5472,13,5,0.21970666666666666
OFF-ST-10001590,"Eldon Folders, Blue",170,0.0,15,5,0.0
OFF-ST-10001590,"Tenex Personal Project File with Scoop Front Design, Black",517,118.624,40,10,0.22944680851063828
OFF-ST-10001597,"Tenex Box, Single Width",156,55.062,11,2,0.35296153846153844
OFF-ST-10001598,"Fellowes Box, Blue",446,71.64,46,10,0.16062780269058297
OFF-ST-10001627,Eldon Jumbo ProFile Portable File Boxes Graphite/Black,37,3.6744,3,1,0.09930810810810811
OFF-ST-10001631,"Tenex Trays, Blue",1305,485.11469999999997,27,6,0.37173540229885055
OFF-ST-10001638,"Tenex File Cart, Single Width",3893,834.3612,32,9,0.21432345235037248
OFF-ST-10001646,"Fellowes Box, Wire Frame",975,324.16499999999996,64,16,0.33247692307692306
OFF-ST-10001648,"Tenex Shelving, Blue",1468,-243.336,33,11,-0.16576021798365123
OFF-ST-10001694,"Smead Folders, Blue",234,67.626,14,5,0.28900000000000003
OFF-ST-10001707,"Smead Shelving, Single Width",1245,-165.24720000000002,30,10,-0.1327286746987952
OFF-ST-10001713,"Gould Plastics 9-Pocket Panel Bin, 18-3/8w x 5-1/4d x 20-1/2h, Black",954,-63.587999999999994,20,6,-0.06665408805031446
OFF-ST-10001719,"Tenex Trays, Industrial",1627,-176.8056,34,7,-0.10866969883220651
OFF-ST-10001729,"Tenex Lockers, Single Width",2150,276.276,17,6,0.12850046511627908
OFF-ST-10001743,"Tenex Folders, Wire Frame",178,-41.28,12,3,-0.23191011235955056
OFF-ST-10001752,"Tenex Shelving, Wire Frame",1316,111.91499999999999,27,7,0.08504179331306991
OFF-ST-10001753,"Eldon Shelving, Industrial",1042,126.81,22,4,0.12169865642994242
OFF-ST-10001755,"Smead Lockers, Single Width",3926,1088.9054999999998,26,7,0.27735748853795206
OFF-ST-10001758,"Rogers Lockers, Blue",11702,-697.7040000000001,63,15,-0.05962262861049394
OFF-ST-10001776,"Eldon Trays, Wire Frame",56,-23.532,2,1,-0.4202142857142857
OFF-ST-10001780,Tennsco 16-Compartment Lockers with Coat Rack,7517,1114.3708,13,5,0.14824674737262206
OFF-ST-10001799,"Fellowes Box, Single Width",24,-12.648,2,1,-0.527
OFF-ST-10001809,Fellowes Officeware Wire Shelving,4509,-332.371,55,11,-0.0737127966289643
OFF-ST-10001818,"Smead Trays, Blue",2860,-92.28000000000002,70,17,-0.03226573426573427
OFF-ST-10001824,"Rogers Box, Single Width",746,-20.639999999999997,34,10,-0.027667560321715814
OFF-ST-10001832,"Eldon Box, Blue",49,-4.992,8,1,-0.10187755102040816
OFF-ST-10001837,"SAFCO Mobile Desk Side File, Wire Frame",1241,259.12559999999996,31,8,0.20880386784850924
OFF-ST-10001858,"Tenex Shelving, Single Width",716,100.839,15,6,0.14083659217877095
OFF-ST-10001869,"Eldon Box, Single Width",82,18.72,12,2,0.22829268292682925
OFF-ST-10001890,"Eldon Trays, Industrial",511,160.36,19,7,0.31381604696673193
OFF-ST-10001932,Fellowes Staxonsteel Drawer Files,4831,509.9688,26,7,0.10556174705030014
OFF-ST-10001941,"Rogers Lockers, Wire Frame",2275,202.21200000000002,18,6,0.08888439560439561
OFF-ST-10001954,"Rogers Shelving, Wire Frame",896,-42.55999999999999,32,7,-0.04749999999999999
OFF-ST-10001963,Tennsco Regal Shelving Units,1764,-6.084599999999995,18,4,-0.0034493197278911533
OFF-ST-10001974,"Rogers File Cart, Industrial",6187,75.84000000000003,52,13,0.012257960239211255
OFF-ST-10001991,"Eldon Shelving, Wire Frame",425,158.144,15,4,0.3721035294117647
OFF-ST-10001999,"Tenex Folders, Wire Frame",868,335.25,46,7,0.38623271889400923
OFF-ST-10002011,Smead Adjustable Mobile File Trolley with Lockable Top,4778,1106.6616,12,3,0.23161607367099202
OFF-ST-10002028,"Fellowes File Cart, Single Width",550,274.68,4,2,0.4994181818181818
OFF-ST-10002042,"Fellowes Folders, Industrial",862,76.248,38,11,0.08845475638051045
OFF-ST-10002066,"Smead File Cart, Blue",1469,202.5891,14,6,0.13790953029271613
OFF-ST-10002070,"Tenex Trays, Wire Frame",675,33.44,19,4,0.04954074074074074
OFF-ST-10002074,"Tenex Box, Blue",83,2.4,5,2,0.028915662650602407
OFF-ST-10002085,"Tenex File Cart, Industrial",1425,658.5518999999999,11,4,0.46214168421052626
OFF-ST-10002105,"Smead Trays, Wire Frame",622,70.0,22,6,0.11254019292604502
OFF-ST-10002119,"Rogers Shelving, Industrial",50,-52.632,2,1,-1.05264
OFF-ST-10002122,"Smead Box, Industrial",210,-12.3,32,7,-0.05857142857142857
OFF-ST-10002151,"Eldon Box, Blue",320,45.792,36,11,0.1431
OFF-ST-10002159,"Fellowes Lockers, Wire Frame",4665,1259.04,30,8,0.26989067524115756
OFF-ST-10002161,"Tenex Trays, Single Width",1608,537.6936,34,8,0.3343865671641791
OFF-ST-10002164,"Rogers Lockers, Industrial",1979,633.36,14,5,0.32004042445679637
OFF-ST-10002172,"Fellowes Trays, Blue",1974,-535.5840000000001,47,13,-0.27131914893617026
OFF-ST-10002175,"Fellowes Lockers, Single Width",3795,180.378,21,8,0.04753043478260869
OFF-ST-10002176,"Smead File Cart, Single Width",1199,551.32,14,4,0.4598165137614679
OFF-ST-10002182,"Iris 3-Drawer Stacking Bin, Black",284,-43.4512,16,3,-0.15299718309859156
OFF-ST-10002205,File Shuttle I and Handi-File,262,51.42059999999999,13,3,0.19626183206106868
OFF-ST-10002214,X-Rack File for Hanging Folders,319,67.74,30,9,0.21235109717868336
OFF-ST-10002220,"Fellowes File Cart, Blue",82,8.226,1,1,0.10031707317073171
OFF-ST-10002221,"Rogers Lockers, Industrial",1273,12.6,6,1,0.009897879025923016
OFF-ST-10002233,"Smead Trays, Single Width",1231,250.68,48,15,0.20363931762794477
OFF-ST-10002240,"Fellowes Shelving, Blue",1273,231.88680000000002,25,7,0.18215773762765122
OFF-ST-10002250,"Smead Folders, Industrial",43,4.248,4,1,0.09879069767441861
OFF-ST-10002251,"Fellowes Shelving, Wire Frame",1428,686.324,39,10,0.4806190476190476
OFF-ST-10002263,"Rogers Trays, Wire Frame",1956,623.58,43,9,0.3188036809815951
OFF-ST-10002271,"Rogers Shelving, Wire Frame",3177,472.92,64,18,0.14885741265344665
OFF-ST-10002276,Safco Steel Mobile File Cart,684,120.872,9,5,0.17671345029239766
OFF-ST-10002289,"Safco Wire Cube Shelving System, For Use as 4 or 5 14"" Cubes, Black",407,14.301,13,4,0.03513759213759214
OFF-ST-10002292,"Fellowes Lockers, Single Width",6263,-240.76800000000003,32,7,-0.038442918729043596
OFF-ST-10002292,"Sauder Facets Collection Locker/File Cabinet, Sky Alder Finish",1707,222.588,5,2,0.13039718804920913
OFF-ST-10002301,Tennsco Commercial Shelving,375,-48.6126,21,9,-0.1296336
OFF-ST-10002318,"Smead Box, Industrial",23,10.98,2,1,0.4773913043478261
OFF-ST-10002340,"Fellowes Shelving, Industrial",1625,614.3580000000001,31,11,0.3780664615384616
OFF-ST-10002343,"Smead Trays, Blue",932,243.016,38,8,0.26074678111587984
OFF-ST-10002344,"Carina 42""Hx23 3/4""W Media Storage Unit",1636,-110.1328,22,8,-0.06731833740831296
OFF-ST-10002352,Iris Project Case,226,47.88,30,6,0.21185840707964604
OFF-ST-10002354,"Eldon Lockers, Wire Frame",5141,255.88799999999998,31,9,0.04977397393503209
OFF-ST-10002362,"Eldon Shelving, Single Width",304,83.18,11,4,0.2736184210526316
OFF-ST-10002370,"Sortfiler Multipurpose Personal File Organizer, Black",482,118.9284,24,6,0.24673941908713692
OFF-ST-10002371,"Rogers File Cart, Industrial",3078,-193.66000000000003,35,10,-0.06291747888239117
OFF-ST-10002386,"Fellowes Shelving, Industrial",466,209.76,12,2,0.45012875536480684
OFF-ST-10002395,"Rogers Lockers, Single Width",7886,2670.759,44,10,0.3386709358356581
OFF-ST-10002399,"Tenex Folders, Single Width",680,16.860000000000007,36,9,0.024794117647058835
OFF-ST-10002406,Pizazz Global Quick File,354,94.6104,24,6,0.26726101694915255
OFF-ST-10002423,"Smead Shelving, Single Width",1018,206.928,36,9,0.20326915520628683
OFF-ST-10002424,"Smead Trays, Industrial",59,-23.508,2,1,-0.39844067796610166
OFF-ST-10002437,"Eldon Trays, Blue",1258,154.734,28,10,0.12300000000000001
OFF-ST-10002444,Recycled Eldon Regeneration Jumbo File,237,58.944,20,6,0.2487088607594937
OFF-ST-10002459,"Eldon Trays, Wire Frame",63,-62.78,5,1,-0.9965079365079366
OFF-ST-10002460,"Rogers Shelving, Single Width",413,-68.0,12,4,-0.16464891041162227
OFF-ST-10002463,"Eldon Trays, Single Width",461,12.8,20,5,0.027765726681127985
OFF-ST-10002466,"Smead Box, Blue",232,84.316,34,9,0.36343103448275865
OFF-ST-10002471,"Smead Lockers, Single Width",1191,404.64000000000004,11,4,0.3397481108312343
OFF-ST-10002485,Rogers Deluxe File Chest,444,-34.7284,22,8,-0.07821711711711712
OFF-ST-10002486,Eldon Shelf Savers Cubes and Bins,301,-7.677999999999999,45,8,-0.02550830564784053
OFF-ST-10002499,"Eldon File Cart, Single Width",1746,-136.928,22,7,-0.07842382588774341
OFF-ST-10002499,"Fellowes Shelving, Single Width",885,79.491,16,5,0.08982033898305085
OFF-ST-10002505,"Tenex Box, Wire Frame",311,57.2772,25,7,0.1841710610932476
OFF-ST-10002506,"Smead Lockers, Blue",12222,364.272,72,12,0.029804614629356897
OFF-ST-10002510,"Tenex Lockers, Wire Frame",3440,-291.688,29,8,-0.08479302325581395
OFF-ST-10002515,"Eldon Lockers, Wire Frame",236,11.796,2,1,0.049983050847457626
OFF-ST-10002522,"Tenex Folders, Blue",316,92.592,24,7,0.2930126582278481
OFF-ST-10002530,"Rogers Lockers, Single Width",1270,558.72,6,1,0.4399370078740158
OFF-ST-10002538,"Fellowes Shelving, Blue",58,16.17,1,1,0.2787931034482759
OFF-ST-10002538,"Rogers File Cart, Single Width",2936,1060.6000000000001,33,11,0.3612397820163488
OFF-ST-10002539,"Fellowes Shelving, Single Width",2752,398.412,55,12,0.1447718023255814
OFF-ST-10002546,"Eldon Folders, Single Width",189,-16.356,22,6,-0.08653968253968256
OFF-ST-10002554,Tennsco Industrial Shelving,1283,-108.5802,29,9,-0.08462992985190959
OFF-ST-10002555,"Eldon Lockers, Industrial",8969,3604.1580000000004,53,16,0.4018461366930539
OFF-ST-10002561,"Rogers File Cart, Blue",3226,-105.44800000000001,37,8,-0.03268691878487291
OFF-ST-10002562,Staples,221,30.391199999999998,28,7,0.13751674208144796
OFF-ST-10002566,"Tenex Lockers, Wire Frame",8739,1305.21,53,12,0.14935461723309304
OFF-ST-10002574,"SAFCO Commercial Wire Shelving, Black",4201,-635.444,35,10,-0.15126017614853604
OFF-ST-10002574,"Smead Shelving, Blue",300,-55.196,11,4,-0.18398666666666666
OFF-ST-10002583,Fellowes Neat Ideas Storage Cubes,481,-18.1888,16,7,-0.03781455301455301
OFF-ST-10002598,"Tenex Shelving, Industrial",1066,33.56,36,9,0.03148217636022514
OFF-ST-10002605,"Smead Box, Wire Frame",99,30.299999999999997,15,5,0.30606060606060603
OFF-ST-10002608,"Eldon Box, Industrial",252,34.356,32,11,0.13633333333333333
OFF-ST-10002615,"Dual Level, Single-Width Filing Carts",6573,1640.5348000000001,43,9,0.2495869161722197
OFF-ST-10002618,"Tenex Folders, Blue",42,4.176,3,2,0.09942857142857144
OFF-ST-10002619,"Rogers Lockers, Blue",762,-444.528,6,1,-0.5833700787401576
OFF-ST-10002622,"Smead File Cart, Single Width",2745,-731.376,29,7,-0.2664393442622951
OFF-ST-10002632,"Smead Shelving, Industrial",937,16.296,30,9,0.017391675560298827
OFF-ST-10002642,"Eldon Lockers, Single Width",396,71.22,2,1,0.17984848484848484
OFF-ST-10002650,"Fellowes Lockers, Wire Frame",4206,416.442,27,8,0.0990114122681883
OFF-ST-10002659,"Smead Shelving, Wire Frame",1642,578.88,41,13,0.3525456760048721
OFF-ST-10002670,"Smead Folders, Industrial",204,83.3,17,5,0.4083333333333333
OFF-ST-10002685,"Eldon Lockers, Blue",2322,-290.656,20,6,-0.12517484926787253
OFF-ST-10002706,"Fellowes File Cart, Wire Frame",4049,171.126,36,13,0.04226376883181032
OFF-ST-10002714,"Eldon Box, Industrial",340,66.2262,43,11,0.1947829411764706
OFF-ST-10002714,"Tenex Shelving, Blue",896,62.344,26,7,0.06958035714285714
OFF-ST-10002720,"Rogers Shelving, Blue",2071,-233.631,39,11,-0.11281071945919846
OFF-ST-10002743,SAFCO Boltless Steel Shelving,4705,-470.4696,46,10,-0.09999353878852285
OFF-ST-10002756,"Tennsco Stur-D-Stor Boltless Shelving, 5 Shelves, 24"" Deep, Sand",4384,-36.533699999999996,33,7,-0.008333416970802919
OFF-ST-10002759,"Eldon Shelving, Industrial",1340,-273.78,34,9,-0.20431343283582087
OFF-ST-10002763,"Fellowes Lockers, Wire Frame",413,132.06,2,1,0.3197578692493947
OFF-ST-10002774,"Rogers Lockers, Industrial",350,-280.035,3,1,-0.8001
OFF-ST-10002781,"Smead File Cart, Single Width",2527,874.3679999999999,31,10,0.34601028888009494
OFF-ST-10002790,Safco Industrial Shelving,827,-104.1285,13,5,-0.12591112454655382
OFF-ST-10002791,"Tenex Shelving, Blue",798,-77.0706,16,6,-0.0965796992481203
OFF-ST-10002800,"Tenex Folders, Industrial",726,-80.58000000000001,34,8,-0.1109917355371901
OFF-ST-10002822,"Tenex File Cart, Blue",977,253.88,11,2,0.25985670419651996
OFF-ST-10002834,"Smead File Cart, Single Width",1753,21.828,17,6,0.012451796919566457
OFF-ST-10002873,"Fellowes Folders, Industrial",269,83.1,15,2,0.30892193308550187
OFF-ST-10002900,"Smead Lockers, Wire Frame",9299,-403.641,54,14,-0.04340692547585762
OFF-ST-10002902,"Fellowes Lockers, Wire Frame",3247,1089.6799999999998,28,7,0.3355959347089621
OFF-ST-10002902,"Fellowes Shelving, Blue",1150,349.116,22,6,0.3035791304347826
OFF-ST-10002905,"Rogers Box, Single Width",427,-79.68,24,9,-0.1866042154566745
OFF-ST-10002930,"Eldon Lockers, Industrial",1428,187.72799999999998,14,3,0.13146218487394956
OFF-ST-10002957,Sterilite Show Offs Storage Containers,79,-6.336,16,5,-0.08020253164556962
OFF-ST-10002967,"Rogers Folders, Blue",240,68.6565,11,3,0.28606875
OFF-ST-10002974,"Trav-L-File Heavy-Duty Shuttle II, Black",1195,278.848,30,7,0.23334560669456067
OFF-ST-10003012,"Tenex Folders, Industrial",208,-16.439999999999998,12,3,-0.07903846153846153
OFF-ST-10003017,"Tenex Box, Industrial",556,35.3652,36,10,0.0636064748201439
OFF-ST-10003018,"Smead File Cart, Industrial",4058,728.88,36,9,0.1796155741744702
OFF-ST-10003020,"Tenex Lockers, Industrial",2210,61.28399999999998,14,6,0.02773031674208144
OFF-ST-10003056,"Tenex Folders, Single Width",544,-32.36,39,11,-0.05948529411764706
OFF-ST-10003058,Eldon Mobile Mega Data Cart  Mega Stackable  Add-On Trays,710,205.755,30,6,0.2897957746478873
OFF-ST-10003088,"Fellowes Box, Wire Frame",368,20.625,22,7,0.05604619565217391
OFF-ST-10003089,"Tenex Lockers, Industrial",1173,240.09199999999998,12,4,0.20468201193520885
OFF-ST-10003102,"Rogers Lockers, Single Width",3661,1172.415,21,7,0.3202444687243922
OFF-ST-10003111,"Eldon Trays, Single Width",1200,267.36,29,9,0.2228
OFF-ST-10003121,"Rogers Box, Industrial",391,-9.347999999999999,19,6,-0.0239079283887468
OFF-ST-10003123,Fellowes Bases and Tops For Staxonsteel/High-Stak Systems,859,201.07160000000002,26,10,0.23407636786961586
OFF-ST-10003132,"Fellowes Box, Blue",520,6.192,31,8,0.011907692307692308
OFF-ST-10003141,"Fellowes Trays, Industrial",1948,166.66289999999998,38,9,0.08555590349075974
OFF-ST-10003147,"Tenex Box, Blue",402,41.64,29,6,0.10358208955223881
OFF-ST-10003150,"Smead Lockers, Wire Frame",3197,-142.26690000000002,19,3,-0.04450012511729747
OFF-ST-10003153,"Tenex File Cart, Single Width",5290,1864.413,48,12,0.35244102079395084
OFF-ST-10003154,"Fellowes Shelving, Industrial",1151,-138.1032,26,6,-0.11998540399652476
OFF-ST-10003159,"Smead Trays, Single Width",1566,94.5279,37,8,0.060362643678160924
OFF-ST-10003164,"Fellowes Box, Wire Frame",426,129.76,41,11,0.30460093896713614
OFF-ST-10003172,"Eldon Box, Wire Frame",149,58.08,24,8,0.3897986577181208
OFF-ST-10003184,"Eldon Trays, Wire Frame",784,131.4,26,7,0.16760204081632654
OFF-ST-10003203,"Eldon Lockers, Wire Frame",4611,1242.6018,30,8,0.2694864020819779
OFF-ST-10003204,"Tenex Trays, Industrial",1996,-22.245,41,10,-0.011144789579158317
OFF-ST-10003206,"Eldon Shelving, Blue",1199,504.5508,27,5,0.42080967472894076
OFF-ST-10003208,Adjustable Depth Letter/Legal Cart,7731,1932.549,45,11,0.24997400077609624
OFF-ST-10003221,Staples,53,14.418,5,3,0.2720377358490566
OFF-ST-10003231,"Fellowes Box, Industrial",94,9.38,7,3,0.0997872340425532
OFF-ST-10003243,"Fellowes Folders, Blue",313,95.07,13,4,0.3037380191693291
OFF-ST-10003256,"Eldon Shelving, Wire Frame",607,-152.9178,16,4,-0.25192388797364085
OFF-ST-10003266,"Tenex Lockers, Industrial",5937,776.6700000000001,35,10,0.13081859525012635
OFF-ST-10003274,"Eldon Box, Wire Frame",112,9.900000000000002,14,4,0.08839285714285716
OFF-ST-10003282,"Advantus 10-Drawer Portable Organizer, Chrome Metal Frame, Smoke Drawers",1052,277.2864,18,4,0.26358022813688214
OFF-ST-10003282,"Fellowes Folders, Single Width",53,12.12,2,1,0.22867924528301886
OFF-ST-10003286,"Rogers Lockers, Wire Frame",2454,153.5385,13,4,0.06256662591687041
OFF-ST-10003293,"Smead File Cart, Single Width",154,5.136,2,1,0.03335064935064935
OFF-ST-10003295,"Tenex Lockers, Blue",4517,438.6795,27,7,0.09711744520699579
OFF-ST-10003305,"Rogers Box, Blue",1214,-151.278,58,16,-0.12461120263591433
OFF-ST-10003306,"Eldon File Cart, Single Width",4008,-269.29229999999995,37,10,-0.0671886976047904
OFF-ST-10003306,Letter Size Cart,4599,1252.8822,33,8,0.2724249184605349
OFF-ST-10003319,"Rogers Box, Wire Frame",112,18.756,6,3,0.1674642857142857
OFF-ST-10003322,"Eldon Shelving, Wire Frame",934,-69.777,23,7,-0.07470770877944326
OFF-ST-10003324,Belkin OmniView SE Rackmount Kit,248,0.0,7,2,0.0
OFF-ST-10003327,Akro-Mils 12-Gallon Tote,114,21.548099999999998,13,4,0.18901842105263156
OFF-ST-10003331,"Rogers File Cart, Single Width",76,-71.784,2,1,-0.9445263157894738
OFF-ST-10003331,"Smead Box, Single Width",6,-5.36,2,1,-0.8933333333333334
OFF-ST-10003334,"Smead Trays, Wire Frame",1445,119.52000000000001,34,7,0.0827128027681661
OFF-ST-10003335,"Smead Box, Blue",342,-57.080999999999996,37,11,-0.1669035087719298
OFF-ST-10003344,"Rogers Folders, Blue",429,48.31999999999999,23,5,0.11263403263403261
OFF-ST-10003393,"Smead Box, Wire Frame",24,-10.704,4,1,-0.446
OFF-ST-10003409,"Tenex File Cart, Single Width",700,126.49199999999999,9,3,0.18070285714285714
OFF-ST-10003411,"Eldon Trays, Wire Frame",1144,-15.697199999999997,29,7,-0.01372132867132867
OFF-ST-10003414,"Smead Box, Wire Frame",77,-18.612000000000002,11,4,-0.24171428571428574
OFF-ST-10003414,"Tenex Shelving, Industrial",1588,69.25199999999998,34,11,0.043609571788413085
OFF-ST-10003426,"Tenex Box, Wire Frame",152,-0.4319999999999986,17,6,-0.0028421052631578854
OFF-ST-10003442,Eldon Portable Mobile Manager,899,197.3944,34,9,0.2195710789766407
OFF-ST-10003445,"Rogers Folders, Industrial",1093,-179.13,42,12,-0.16388838060384264
OFF-ST-10003446,"Smead Trays, Single Width",1069,110.22,29,12,0.10310570626753976
OFF-ST-10003455,"Fellowes Lockers, Blue",5226,621.216,30,8,0.11887026406429392
OFF-ST-10003455,"Tenex File Box, Personal Filing Tote with Lid, Black",340,62.660399999999996,24,7,0.18429529411764706
OFF-ST-10003459,"Eldon File Cart, Single Width",2217,398.84000000000003,26,5,0.1799007668019847
OFF-ST-10003470,"Rogers Folders, Industrial",71,0.952,5,2,0.013408450704225352
OFF-ST-10003470,"Tennsco Snap-Together Open Shelving Units, Starter Sets and Add-On Units",6820,181.66199999999998,25,6,0.026636656891495598
OFF-ST-10003479,"Eldon Base for stackable storage shelf, platinum",873,-52.569,25,7,-0.060216494845360825
OFF-ST-10003489,"Smead Shelving, Wire Frame",64,-88.0,5,2,-1.375
OFF-ST-10003528,"Fellowes Folders, Wire Frame",309,-33.5142,14,4,-0.10846019417475729
OFF-ST-10003547,"Smead Shelving, Blue",2098,726.6291,50,10,0.34634370829361294
OFF-ST-10003572,Portfile Personal File Boxes,99,7.434,7,2,0.0750909090909091
OFF-ST-10003578,"Smead Box, Blue",65,18.0,6,2,0.27692307692307694
OFF-ST-10003606,"Smead Box, Single Width",196,17.712000000000003,22,11,0.09036734693877553
OFF-ST-10003638,Mobile Personal File Cube,450,90.6354,21,5,0.201412
OFF-ST-10003641,"Fellowes Trays, Wire Frame",3184,388.58399999999995,66,16,0.12204271356783918
OFF-ST-10003641,Space Solutions Industrial Galvanized Steel Shelving.,520,-20.488,7,3,-0.0394
OFF-ST-10003648,"Smead Folders, Wire Frame",178,4.428000000000003,19,6,0.024876404494382037
OFF-ST-10003656,Safco Industrial Wire Shelving,1363,-126.7068,16,5,-0.09296170212765957
OFF-ST-10003692,Recycled Steel Personal File for Hanging File Folders,1052,151.65949999999998,21,6,0.1441630228136882
OFF-ST-10003716,Tennsco Double-Tier Lockers,9630,429.7882,47,12,0.04463013499480789
OFF-ST-10003718,"Fellowes Shelving, Single Width",694,248.82,21,9,0.35853025936599425
OFF-ST-10003722,Project Tote Personal File,193,44.1945,15,4,0.22898704663212435
OFF-ST-10003729,"Tenex Box, Industrial",169,10.0,17,6,0.05917159763313609
OFF-ST-10003741,"Smead Lockers, Blue",4260,462.616,35,7,0.10859530516431924
OFF-ST-10003750,"Tenex Shelving, Wire Frame",516,-89.91199999999999,19,5,-0.17424806201550386
OFF-ST-10003760,"Eldon Trays, Blue",569,180.124,19,7,0.3165623901581722
OFF-ST-10003764,"Tenex Box, Industrial",846,323.604,58,13,0.3825106382978723
OFF-ST-10003785,"Eldon Lockers, Blue",9538,-1505.4180000000001,62,16,-0.1578337177605368
OFF-ST-10003800,"Rogers Folders, Wire Frame",413,75.172,25,7,0.1820145278450363
OFF-ST-10003805,"24 Capacity Maxi Data Binder Racks, Pearl",3537,536.9024999999999,19,4,0.1517960135708227
OFF-ST-10003807,"Eldon Folders, Wire Frame",112,32.55,7,1,0.29062499999999997
OFF-ST-10003808,"Eldon Box, Wire Frame",11,-3.384,2,1,-0.30763636363636365
OFF-ST-10003810,"Tenex Box, Single Width",535,166.91250000000002,34,8,0.31198598130841126
OFF-ST-10003811,"Smead Lockers, Single Width",106,-37.08,2,1,-0.349811320754717
OFF-ST-10003816,Fellowes High-Stak Drawer Files,3947,419.33219999999994,26,8,0.10624073980238154
OFF-ST-10003835,"Rogers Folders, Single Width",584,-38.7,22,8,-0.06626712328767123
OFF-ST-10003837,"Tenex Lockers, Single Width",6177,-143.83320000000003,36,9,-0.023285284118504133
OFF-ST-10003858,"Fellowes File Cart, Single Width",1337,128.076,15,6,0.09579356768885564
OFF-ST-10003907,"Rogers Shelving, Wire Frame",1332,245.574,25,5,0.18436486486486486
OFF-ST-10003929,"Tenex Lockers, Blue",2967,180.76,23,6,0.06092349174250084
OFF-ST-10003931,"Smead Lockers, Blue",3075,-297.69,20,5,-0.09680975609756097
OFF-ST-10003931,"Smead Trays, Wire Frame",1270,69.855,29,10,0.05500393700787402
OFF-ST-10003952,"Rogers Trays, Single Width",683,24.524,20,5,0.03590629575402635
OFF-ST-10003953,"Smead File Cart, Industrial",4943,1245.0,40,9,0.2518713331984625
OFF-ST-10003956,"Rogers Trays, Single Width",1871,-197.30700000000002,36,7,-0.10545537145911278
OFF-ST-10003964,"Fellowes Lockers, Industrial",3990,-764.928,26,5,-0.19171127819548872
OFF-ST-10003990,"Smead Folders, Single Width",540,92.286,37,9,0.1709
OFF-ST-10003994,"Belkin 19"" Center-Weighted Shelf, Gray",850,-47.184,16,4,-0.05551058823529412
OFF-ST-10003995,"Eldon File Cart, Single Width",3671,-105.45599999999996,36,11,-0.028726777444837908
OFF-ST-10003996,"Letter/Legal File Tote with Clear Snap-On Lid, Black Granite",218,52.0344,14,4,0.23868990825688072
OFF-ST-10003997,"Fellowes File Cart, Industrial",1176,417.008,14,5,0.3545986394557823
OFF-ST-10004015,"Smead Trays, Blue",558,162.9744,16,6,0.29206881720430106
OFF-ST-10004017,"Eldon Lockers, Single Width",106,-153.112,2,1,-1.4444528301886792
OFF-ST-10004017,"Smead Trays, Industrial",1162,550.704,36,8,0.47392771084337343
OFF-ST-10004019,"Rogers Folders, Single Width",487,121.54920000000001,17,5,0.24958767967145792
OFF-ST-10004020,"Tenex Lockers, Single Width",5412,36.45000000000001,28,6,0.006735033259423505
OFF-ST-10004035,"Rogers Box, Wire Frame",1042,9.431999999999999,51,14,0.009051823416506717
OFF-ST-10004046,"Fellowes Box, Single Width",543,-12.204,30,9,-0.022475138121546962
OFF-ST-10004050,"Fellowes Folders, Blue",158,58.5,6,1,0.370253164556962
OFF-ST-10004060,"Eldon Lockers, Single Width",2216,904.578,13,6,0.40820306859205774
OFF-ST-10004060,"Fellowes Lockers, Blue",4260,1542.0314999999998,23,6,0.36197922535211263
OFF-ST-10004097,"Tenex Box, Wire Frame",478,142.356,40,12,0.29781589958158994
OFF-ST-10004116,"Fellowes Shelving, Blue",694,-38.56,19,5,-0.05556195965417868
OFF-ST-10004123,Safco Industrial Wire Shelving System,2511,-218.352,30,8,-0.08695818399044206
OFF-ST-10004141,"Rogers Folders, Wire Frame",60,3.54,2,1,0.059000000000000004
OFF-ST-10004159,"Eldon Lockers, Blue",475,-300.936,4,1,-0.6335494736842104
OFF-ST-10004160,"Tenex Trays, Wire Frame",57,-78.208,4,1,-1.3720701754385964
OFF-ST-10004180,Safco Commercial Shelving,484,-7.441600000000002,11,5,-0.015375206611570252
OFF-ST-10004180,"Tenex File Cart, Single Width",241,5.328,2,1,0.022107883817427388
OFF-ST-10004183,"Rogers Trays, Wire Frame",1464,542.5075,23,6,0.3705652322404372
OFF-ST-10004185,"Fellowes Trays, Single Width",460,-44.64,14,3,-0.09704347826086956
OFF-ST-10004186,"Stur-D-Stor Shelving, Vertical 5-Shelf: 72""H x 36""W x 18 1/2""D",2553,51.050799999999995,23,5,0.019996396396396394
OFF-ST-10004190,"Smead Box, Single Width",173,39.36,24,6,0.22751445086705202
OFF-ST-10004191,"Tenex Lockers, Blue",5082,248.77500000000006,32,12,0.04895218417945692
OFF-ST-10004226,"Fellowes File Cart, Blue",2952,1246.485,23,4,0.4222510162601626
OFF-ST-10004228,"Tenex Shelving, Industrial",2132,419.11379999999997,45,12,0.1965824577861163
OFF-ST-10004236,"Eldon Folders, Blue",102,31.5,6,1,0.3088235294117647
OFF-ST-10004258,Portable Personal File Box,226,55.3113,19,6,0.24474026548672567
OFF-ST-10004267,"Smead File Cart, Single Width",4828,-1148.022,47,11,-0.2377841756420878
OFF-ST-10004280,"Eldon Trays, Industrial",353,-33.915,8,3,-0.09607648725212464
OFF-ST-10004293,"Rogers Shelving, Industrial",542,146.38,13,4,0.27007380073800735
OFF-ST-10004296,"Rogers Box, Single Width",473,127.03999999999999,38,7,0.26858350951374205
OFF-ST-10004296,"Smead Folders, Industrial",372,53.199,23,8,0.14300806451612902
OFF-ST-10004315,"Rogers Lockers, Blue",5493,-739.2048,31,10,-0.13457214636810486
OFF-ST-10004317,"Smead Folders, Blue",648,-58.692,46,12,-0.09057407407407407
OFF-ST-10004325,"Eldon Box, Single Width",249,87.9264,26,9,0.35311807228915665
OFF-ST-10004326,"Rogers Box, Single Width",32,-13.6,5,1,-0.425
OFF-ST-10004330,"Smead Folders, Single Width",231,88.664,23,5,0.38382683982683985
OFF-ST-10004331,"Eldon Folders, Single Width",34,3.36,2,1,0.0988235294117647
OFF-ST-10004337,"SAFCO Commercial Wire Shelving, 72h",1445,-24.496,24,5,-0.016952249134948097
OFF-ST-10004340,"Fellowes Mobile File Cart, Black",2300,485.004,40,10,0.21087130434782608
OFF-ST-10004341,"Tenex File Cart, Single Width",537,64.32,4,1,0.11977653631284915
OFF-ST-10004342,"Eldon Box, Industrial",236,93.54,39,10,0.3963559322033899
OFF-ST-10004346,"Tenex Shelving, Single Width",1616,92.5695,32,10,0.05728310643564357
OFF-ST-10004350,"Rogers Shelving, Blue",684,286.77,11,2,0.41925438596491227
OFF-ST-10004365,"Fellowes Shelving, Wire Frame",1780,751.7484,34,10,0.4223305617977528
OFF-ST-10004367,"Rogers Trays, Blue",2217,486.312,40,9,0.21935588633288228
OFF-ST-10004368,"Tenex Trays, Industrial",1253,452.86400000000003,36,9,0.36142378292098964
OFF-ST-10004374,"Smead File Cart, Single Width",516,108.24,4,1,0.20976744186046511
OFF-ST-10004377,"Rogers File Cart, Single Width",10408,1080.825,89,19,0.1038455995388163
OFF-ST-10004381,"Smead Lockers, Industrial",8355,2004.66,63,10,0.239935368043088
OFF-ST-10004382,"Smead Folders, Blue",173,-22.752,19,5,-0.13151445086705202
OFF-ST-10004382,"Tenex Folders, Industrial",284,59.4,12,3,0.2091549295774648
OFF-ST-10004409,"Rogers Box, Industrial",583,-173.595,31,10,-0.2977615780445969
OFF-ST-10004412,"Smead Shelving, Wire Frame",1146,-192.0,44,13,-0.16753926701570682
OFF-ST-10004428,"Tenex Lockers, Industrial",273,-115.96,5,1,-0.42476190476190473
OFF-ST-10004431,"Fellowes Trays, Single Width",230,103.32,4,1,0.4492173913043478
OFF-ST-10004432,"Fellowes Folders, Blue",422,109.44,24,5,0.25933649289099525
OFF-ST-10004459,Tennsco Single-Tier Lockers,9159,-825.7479999999999,28,8,-0.09015700403974232
OFF-ST-10004464,"Eldon Trays, Blue",470,201.306,10,4,0.42831063829787236
OFF-ST-10004473,"Tenex Trays, Wire Frame",1999,879.12,42,9,0.43977988994497247
OFF-ST-10004479,"Eldon Shelving, Industrial",59,-24.48,2,1,-0.41491525423728814
OFF-ST-10004482,"Rogers Shelving, Industrial",2186,168.909,46,12,0.07726852698993596
OFF-ST-10004489,"Smead Lockers, Single Width",7323,2300.985,46,13,0.31421343711593613
OFF-ST-10004496,"Tenex Box, Blue",372,2.790000000000001,23,4,0.007500000000000002
OFF-ST-10004507,Advantus Rolling Storage Box,427,90.7235,27,10,0.2124672131147541
OFF-ST-10004532,"Tenex File Cart, Single Width",2736,698.904,34,9,0.25544736842105265
OFF-ST-10004549,"Smead File Cart, Blue",2142,672.6959999999999,32,6,0.31405042016806717
OFF-ST-10004550,"Fellowes Folders, Wire Frame",632,84.426,29,9,0.13358544303797468
OFF-ST-10004576,"Rogers File Cart, Single Width",1211,-415.3035,14,6,-0.3429426094137077
OFF-ST-10004577,"Fellowes Lockers, Industrial",499,-232.776,4,1,-0.46648496993987976
OFF-ST-10004577,"Tenex Shelving, Wire Frame",1989,-330.18,49,11,-0.16600301659125188
OFF-ST-10004583,"Eldon Shelving, Single Width",1224,-432.98400000000004,36,8,-0.3537450980392157
OFF-ST-10004597,"Eldon File Cart, Industrial",2900,613.24,40,8,0.21146206896551725
OFF-ST-10004597,"Rogers File Cart, Blue",4389,-625.536,36,7,-0.1425235816814764
OFF-ST-10004608,"Smead Shelving, Industrial",1227,-61.8774,29,6,-0.05042982885085575
OFF-ST-10004631,"Rogers Trays, Industrial",331,33.12,8,3,0.10006042296072507
OFF-ST-10004634,"Personal Folder Holder, Ebony",146,35.872,14,6,0.2456986301369863
OFF-ST-10004638,"Eldon File Cart, Blue",338,118.48,4,2,0.35053254437869824
OFF-ST-10004646,"Fellowes Lockers, Blue",3014,1359.956,23,4,0.45121300597213004
OFF-ST-10004660,"Fellowes Box, Single Width",298,-29.735999999999997,27,6,-0.09978523489932885
OFF-ST-10004668,"Smead Trays, Industrial",801,19.026000000000003,19,6,0.02375280898876405
OFF-ST-10004687,"Eldon Lockers, Industrial",1587,666.48,8,1,0.41996219281663516
OFF-ST-10004695,"Fellowes File Cart, Blue",5122,1413.213,45,14,0.27591038656774697
OFF-ST-10004702,"Eldon Box, Single Width",295,57.996,32,9,0.19659661016949154
OFF-ST-10004703,"Tenex Folders, Single Width",511,44.64,25,7,0.08735812133072407
OFF-ST-10004739,"Rogers Folders, Industrial",846,43.224,30,8,0.05109219858156028
OFF-ST-10004748,"Smead Lockers, Blue",1588,238.08,8,2,0.1499244332493703
OFF-ST-10004754,"Fellowes Lockers, Single Width",3844,375.43199999999996,33,10,0.09766701352757544
OFF-ST-10004768,"Eldon Lockers, Industrial",4712,1604.6025,27,5,0.3405353353140917
OFF-ST-10004793,"Tenex File Cart, Industrial",72,-100.184,2,1,-1.3914444444444445
OFF-ST-10004794,"Rogers Shelving, Blue",249,104.28,4,1,0.41879518072289157
OFF-ST-10004800,"Eldon Folders, Industrial",477,77.72,44,9,0.1629350104821803
OFF-ST-10004802,"Rogers File Cart, Industrial",1516,224.856,12,4,0.14832189973614776
OFF-ST-10004804,"Belkin 19"" Vented Equipment Shelf, Black",1399,-179.6652,31,10,-0.1284240171551108
OFF-ST-10004830,"Eldon Lockers, Blue",5019,-24.48240000000001,26,6,-0.0048779438135086685
OFF-ST-10004835,"Fellowes File Cart, Wire Frame",1966,-282.008,26,8,-0.14344252288911494
OFF-ST-10004835,Plastic Stacking Crates & Casters,35,2.6784,8,4,0.07652571428571428
OFF-ST-10004837,"Eldon File Cart, Single Width",5913,136.94400000000002,48,10,0.023159817351598177
OFF-ST-10004841,"Eldon Box, Blue",279,88.5138,28,6,0.3172537634408602
OFF-ST-10004847,"Tenex File Cart, Blue",1816,737.748,15,4,0.4062488986784141
OFF-ST-10004855,"Smead Lockers, Industrial",5570,842.94,33,10,0.15133572710951526
OFF-ST-10004857,"Smead Folders, Single Width",380,48.0072,29,6,0.12633473684210525
OFF-ST-10004871,"Rogers Trays, Blue",820,89.784,16,6,0.10949268292682927
OFF-ST-10004897,"Tenex Folders, Blue",236,47.3508,15,4,0.20063898305084746
OFF-ST-10004930,"Tenex Trays, Single Width",1082,158.72,32,10,0.1466913123844732
OFF-ST-10004946,Desktop 3-Pocket Hot File,259,59.510000000000005,5,2,0.2297683397683398
OFF-ST-10004947,"Fellowes File Cart, Industrial",1296,-352.914,13,4,-0.2723101851851852
OFF-ST-10004947,"Tenex Trays, Industrial",102,-53.732,7,1,-0.5267843137254902
OFF-ST-10004950,Acco Perma 3000 Stacking Storage Drawers,374,16.5742,21,6,0.04431604278074867
OFF-ST-10004950,"Tenex Personal Filing Tote With Secure Closure Lid, Black/Frost",281,23.265,22,5,0.08279359430604982
OFF-ST-10004963,Eldon Gobal File Keepers,347,-0.6055999999999999,24,6,-0.001745244956772334
OFF-ST-10004972,"Eldon Shelving, Blue",58,6.744,2,1,0.11627586206896551
OFF-ST-10004976,"Rogers Lockers, Blue",4457,78.608,32,7,0.01763697554408795
OFF-ST-10004983,"Smead Shelving, Wire Frame",192,1.92,4,1,0.01
OFF-ST-10004996,"Tenex Trays, Blue",2158,58.398,49,14,0.027061167747914738
OFF-STA-10000054,"Stanley Pens, Fluorescent",296,-1.826999999999999,29,12,-0.006172297297297294
OFF-STA-10000155,"Stanley Pencil Sharpener, Water Color",700,27.750000000000004,25,10,0.039642857142857146
OFF-STA-10000244,"Stanley Sketch Pad, Fluorescent",1456,185.74200000000002,33,14,0.12757005494505497
OFF-STA-10000247,"Stanley Canvas, Fluorescent",1013,186.60000000000002,24,13,0.18420533070088846
OFF-STA-10000298,"Stanley Canvas, Blue",1897,28.548000000000002,45,15,0.015049024775962046
OFF-STA-10001112,"Stanley Markers, Easy-Erase",989,0.0,44,13,0.0
OFF-STA-10001636,"Stanley Markers, Water Color",692,80.51399999999998,36,16,0.11634971098265894
OFF-STA-10001747,"Stanley Pencil Sharpener, Water Color",1192,38.43,49,21,0.03223993288590604
OFF-STA-10001791,"Stanley Highlighters, Water Color",787,217.57199999999997,48,22,0.2764574332909784
OFF-STA-10001895,"Stanley Pens, Easy-Erase",395,127.884,46,16,0.32375696202531645
OFF-STA-10001968,"Stanley Canvas, Water Color",738,324.24,14,4,0.439349593495935
OFF-STA-10002654,"Stanley Pencil Sharpener, Fluorescent",834,107.62800000000001,43,16,0.12905035971223022
OFF-STA-10002719,"Stanley Pencil Sharpener, Easy-Erase",440,27.515999999999995,24,12,0.06253636363636363
OFF-STA-10002791,"Stanley Sketch Pad, Water Color",539,75.03299999999999,12,8,0.1392077922077922
OFF-STA-10003027,"Stanley Highlighters, Easy-Erase",261,58.878,21,7,0.22558620689655173
OFF-STA-10003756,"Stanley Sketch Pad, Blue",1065,291.78000000000003,26,12,0.27397183098591554
OFF-STA-10003803,"Stanley Highlighters, Fluorescent",426,132.21599999999998,29,10,0.31036619718309855
OFF-STA-10003908,"Stanley Highlighters, Blue",261,-58.8,27,14,-0.22528735632183908
OFF-STA-10003956,"Stanley Pens, Blue",217,100.095,23,12,0.4612672811059908
OFF-STA-10004108,"Stanley Canvas, Easy-Erase",1378,167.238,32,18,0.12136284470246735
OFF-STA-10004163,"Stanley Markers, Fluorescent",924,195.354,47,17,0.21142207792207793
OFF-STA-10004327,"Stanley Markers, Blue",473,-70.86000000000001,27,10,-0.1498097251585624
OFF-STA-10004484,"Stanley Pens, Water Color",402,62.838,38,14,0.1563134328358209
OFF-STA-10004885,"Stanley Sketch Pad, Easy-Erase",954,-25.559999999999988,27,19,-0.026792452830188666
OFF-STI-10000114,"Stiletto Letter Opener, High Speed",195,-128.52,14,4,-0.6590769230769231
OFF-STI-10000144,"Stiletto Box Cutter, Steel",691,2.142000000000003,21,8,0.003099855282199715
OFF-STI-10000286,"Stiletto Ruler, Steel",129,64.26,9,4,0.498139534883721
OFF-STI-10000305,"Stiletto Shears, High Speed",519,-137.178,15,6,-0.2643121387283237
OFF-STI-10000388,"Stiletto Scissors, Serrated",382,68.568,23,6,0.17949738219895287
OFF-STI-10000697,"Stiletto Ruler, High Speed",45,5.76,3,3,0.128
OFF-STI-10000856,"Stiletto Shears, Easy Grip",398,87.36,8,3,0.21949748743718592
OFF-STI-10000937,"Stiletto Scissors, High Speed",24,0.45,1,1,0.01875
OFF-STI-10001136,"Stiletto Letter Opener, Easy Grip",114,-7.5,5,3,-0.06578947368421052
OFF-STI-10001162,"Stiletto Letter Opener, Steel",183,6.444000000000001,8,5,0.035213114754098364
OFF-STI-10001171,"Stiletto Letter Opener, Easy Grip",114,53.28,4,2,0.4673684210526316
OFF-STI-10001651,"Stiletto Shears, Steel",569,51.12,12,5,0.08984182776801405
OFF-STI-10001743,"Stiletto Scissors, Easy Grip",169,19.521,8,5,0.11550887573964498
OFF-STI-10001955,"Stiletto Box Cutter, Easy Grip",678,40.5,18,6,0.059734513274336286
OFF-STI-10001957,"Stiletto Ruler, Serrated",92,30.48,8,2,0.331304347826087
OFF-STI-10002040,"Stiletto Ruler, Easy Grip",492,160.2,34,6,0.32560975609756093
OFF-STI-10002245,"Stiletto Shears, Serrated",45,15.21,1,1,0.338
OFF-STI-10002262,"Stiletto Box Cutter, High Speed",252,55.230000000000004,7,2,0.21916666666666668
OFF-STI-10002519,"Stiletto Trimmer, High Speed",146,11.91,4,3,0.08157534246575343
OFF-STI-10002716,"Stiletto Box Cutter, Serrated",393,180.0,12,4,0.4580152671755725
OFF-STI-10003148,"Stiletto Trimmer, Serrated",260,-73.61999999999999,9,3,-0.2831538461538461
OFF-STI-10003234,"Stiletto Trimmer, Steel",522,77.22000000000001,16,6,0.14793103448275866
OFF-STI-10003510,"Stiletto Trimmer, Easy Grip",44,10.2,1,1,0.2318181818181818
OFF-STI-10004202,"Stiletto Scissors, Steel",308,56.754,14,6,0.18426623376623377
OFF-STO-10000007,"Stockwell Staples, Bulk Pack",39,8.808,5,3,0.22584615384615384
OFF-STO-10000041,"Stockwell Staples, 12 Pack",33,-24.624,8,1,-0.7461818181818182
OFF-STO-10000128,"Stockwell Push Pins, Metal",37,-29.64,5,2,-0.8010810810810811
OFF-STO-10000347,"Stockwell Clamps, Assorted Sizes",361,86.298,26,8,0.23905263157894738
OFF-STO-10000631,"Stockwell Push Pins, Assorted Sizes",45,19.56,4,3,0.43466666666666665
OFF-STO-10000683,"Stockwell Thumb Tacks, Assorted Sizes",59,-1.8960000000000008,8,3,-0.032135593220338994
OFF-STO-10000753,"Stockwell Thumb Tacks, 12 Pack",94,-2.6820000000000004,11,7,-0.028531914893617026
OFF-STO-10000876,"Stockwell Push Pins, 12 Pack",13,1.05,1,1,0.08076923076923077
OFF-STO-10000923,"Stockwell Staples, Bulk Pack",238,35.64,22,7,0.14974789915966386
OFF-STO-10000924,"Stockwell Rubber Bands, Metal",167,79.80000000000001,10,5,0.4778443113772456
OFF-STO-10001142,"Stockwell Push Pins, Metal",138,-18.966,11,6,-0.13743478260869565
OFF-STO-10001150,"Stockwell Rubber Bands, 12 Pack",78,23.25,5,3,0.2980769230769231
OFF-STO-10001173,"Stockwell Thumb Tacks, Assorted Sizes",132,24.659999999999997,15,5,0.1868181818181818
OFF-STO-10001239,"Stockwell Clamps, Metal",139,-10.392000000000001,8,6,-0.07476258992805757
OFF-STO-10001310,"Stockwell Rubber Bands, Bulk Pack",106,-40.986,11,6,-0.3866603773584905
OFF-STO-10001671,"Stockwell Staples, Assorted Sizes",222,76.27799999999999,29,9,0.34359459459459457
OFF-STO-10001693,"Stockwell Paper Clips, Assorted Sizes",56,7.68,4,1,0.13714285714285715
OFF-STO-10001791,"Stockwell Clamps, Bulk Pack",211,46.53,11,3,0.220521327014218
OFF-STO-10001839,"Stockwell Rubber Bands, Bulk Pack",51,21.78,3,3,0.42705882352941177
OFF-STO-10001916,"Stockwell Clamps, Metal",100,-59.129999999999995,15,2,-0.5912999999999999
OFF-STO-10002026,"Stockwell Clamps, Bulk Pack",339,27.0,18,4,0.07964601769911504
OFF-STO-10002042,"Stockwell Staples, Metal",43,-4.140000000000001,6,5,-0.09627906976744187
OFF-STO-10002449,"Stockwell Rubber Bands, 12 Pack",96,9.540000000000001,6,3,0.099375
OFF-STO-10002661,"Stockwell Staples, 12 Pack",92,-26.477999999999998,19,6,-0.28780434782608694
OFF-STO-10002708,"Stockwell Thumb Tacks, Bulk Pack",157,39.24,12,4,0.2499363057324841
OFF-STO-10002803,"Stockwell Clamps, 12 Pack",18,3.63,1,1,0.20166666666666666
OFF-STO-10002857,"Stockwell Push Pins, 12 Pack",47,-27.6,6,4,-0.5872340425531916
OFF-STO-10003021,"Stockwell Thumb Tacks, 12 Pack",96,24.504,10,6,0.25525000000000003
OFF-STO-10003082,"Stockwell Staples, Assorted Sizes",148,57.36,19,5,0.38756756756756755
OFF-STO-10003098,"Stockwell Thumb Tacks, Metal",87,-43.884,15,6,-0.5044137931034482
OFF-STO-10003329,"Stockwell Thumb Tacks, Metal",182,51.345,14,4,0.2821153846153846
OFF-STO-10003342,"Stockwell Rubber Bands, Assorted Sizes",169,79.986,13,5,0.47328994082840237
OFF-STO-10003395,"Stockwell Rubber Bands, Metal",48,24.39,3,3,0.508125
OFF-STO-10003604,"Stockwell Staples, Metal",66,24.84,6,3,0.37636363636363634
OFF-STO-10003605,"Stockwell Paper Clips, Metal",143,3.96,11,6,0.027692307692307693
OFF-STO-10003728,"Stockwell Paper Clips, Assorted Sizes",55,2.16,4,3,0.03927272727272728
OFF-STO-10003802,"Stockwell Rubber Bands, Assorted Sizes",136,10.866,11,6,0.0798970588235294
OFF-STO-10003878,"Stockwell Clamps, Assorted Sizes",87,3.936,8,4,0.045241379310344824
OFF-STO-10004302,"Stockwell Paper Clips, Bulk Pack",64,4.686,6,4,0.07321875
OFF-STO-10004363,"Stockwell Paper Clips, Bulk Pack",81,39.06,6,3,0.4822222222222223
OFF-STO-10004495,"Stockwell Thumb Tacks, Bulk Pack",75,-27.192000000000004,11,5,-0.36256000000000005
OFF-STO-10004496,"Stockwell Push Pins, Bulk Pack",18,0.23399999999999999,2,2,0.013
OFF-STO-10004503,"Stockwell Paper Clips, Metal",243,94.416,19,6,0.38854320987654317
OFF-STO-10004779,"Stockwell Push Pins, Bulk Pack",529,111.0,37,8,0.20982986767485823
OFF-STO-10004841,"Stockwell Paper Clips, Assorted Sizes",109,28.125,12,6,0.2580275229357798
OFF-STO-10004910,"Stockwell Clamps, 12 Pack",252,113.96399999999998,14,8,0.45223809523809516
OFF-STO-10004940,"Stockwell Push Pins, Assorted Sizes",36,11.7,3,3,0.32499999999999996
OFF-STO-10004971,"Stockwell Paper Clips, Assorted Sizes",23,-28.47,5,2,-1.2378260869565216
OFF-SU-10000047,"Kleencut Box Cutter, Steel",36,-22.72,4,1,-0.6311111111111111
OFF-SU-10000062,"Stiletto Scissors, High Speed",717,-47.4804,33,7,-0.06622092050209205
OFF-SU-10000066,"Acme Box Cutter, Serrated",497,90.16,26,6,0.18140845070422534
OFF-SU-10000076,"Acme Trimmer, Easy Grip",1433,314.34000000000003,31,4,0.21935799023028613
OFF-SU-10000079,"Fiskars Trimmer, Serrated",156,26.52,4,1,0.16999999999999998
OFF-SU-10000085,"Kleencut Trimmer, Steel",587,73.152,30,6,0.12462010221465077
OFF-SU-10000087,"Stiletto Ruler, High Speed",343,44.16,23,4,0.12874635568513118
OFF-SU-10000102,"Stiletto Box Cutter, Easy Grip",602,36.0,16,3,0.059800664451827246
OFF-SU-10000105,"Fiskars Shears, Easy Grip",738,73.80000000000001,15,3,0.10000000000000002
OFF-SU-10000113,"Acme Shears, Easy Grip",96,-81.872,7,2,-0.8528333333333333
OFF-SU-10000130,"Fiskars Ruler, High Speed",157,31.048000000000002,18,4,0.1977579617834395
OFF-SU-10000148,"Stiletto Ruler, Serrated",92,-36.6,12,2,-0.3978260869565218
OFF-SU-10000150,"Stiletto Ruler, Steel",115,57.120000000000005,8,3,0.4966956521739131
OFF-SU-10000151,High Speed Automatic Electric Letter Opener,17031,-262.00480000000005,11,3,-0.015383993893488348
OFF-SU-10000153,"Acme Shears, High Speed",433,25.740000000000002,13,2,0.05944572748267899
OFF-SU-10000157,Compact Automatic Electric Letter Opener,2983,-57.268800000000006,26,8,-0.019198390881662756
OFF-SU-10000164,"Kleencut Box Cutter, High Speed",697,218.84,37,9,0.313974175035868
OFF-SU-10000171,"Elite Trimmer, Easy Grip",736,345.78,17,5,0.4698097826086956
OFF-SU-10000171,"Stiletto Shears, Easy Grip",166,36.4,5,1,0.21927710843373494
OFF-SU-10000175,"Elite Scissors, Easy Grip",191,-47.175000000000004,12,3,-0.24698952879581154
OFF-SU-10000178,"Acme Ruler, Easy Grip",315,-40.8804,21,8,-0.12977904761904763
OFF-SU-10000180,"Acme Shears, Serrated",205,-43.992000000000004,6,2,-0.21459512195121955
OFF-SU-10000192,"Elite Trimmer, High Speed",355,106.664,14,4,0.30046197183098594
OFF-SU-10000198,"Fiskars Scissors, Steel",123,-14.172,11,2,-0.11521951219512196
OFF-SU-10000207,"Kleencut Box Cutter, High Speed",736,-106.22099999999999,32,7,-0.1443220108695652
OFF-SU-10000213,"Kleencut Shears, Easy Grip",316,30.928,13,4,0.09787341772151899
OFF-SU-10000216,"Stiletto Ruler, Steel",130,-24.544800000000002,15,5,-0.18880615384615387
OFF-SU-10000255,"Elite Box Cutter, High Speed",367,73.185,14,3,0.19941416893732972
OFF-SU-10000256,"Acme Scissors, Steel",50,6.9,2,1,0.138
OFF-SU-10000272,"Stiletto Letter Opener, Easy Grip",72,1.2,4,1,0.016666666666666666
OFF-SU-10000283,"Stiletto Letter Opener, Easy Grip",341,-64.88999999999999,17,3,-0.19029325513196477
OFF-SU-10000289,"Kleencut Ruler, Easy Grip",91,21.78,6,1,0.23934065934065935
OFF-SU-10000294,"Elite Trimmer, Serrated",889,293.74399999999997,37,9,0.33042069741282337
OFF-SU-10000304,"Kleencut Ruler, Serrated",164,40.8,16,3,0.24878048780487802
OFF-SU-10000320,"Fiskars Shears, High Speed",254,25.28,10,4,0.09952755905511812
OFF-SU-10000343,"Stiletto Trimmer, Serrated",986,58.5,25,3,0.05933062880324544
OFF-SU-10000375,"Kleencut Box Cutter, Steel",543,5.587499999999999,19,4,0.010290055248618781
OFF-SU-10000378,"Kleencut Scissors, High Speed",324,17.228,24,6,0.053172839506172846
OFF-SU-10000381,Acme Forged Steel Scissors with Black Enamel Handles,279,67.7768,32,8,0.24292759856630822
OFF-SU-10000388,"Acme Ruler, Serrated",185,-35.336,25,5,-0.1910054054054054
OFF-SU-10000411,"Stiletto Box Cutter, Easy Grip",406,-15.468000000000004,16,4,-0.03809852216748769
OFF-SU-10000427,"Fiskars Trimmer, Steel",267,-36.72,8,2,-0.13752808988764045
OFF-SU-10000429,"Elite Ruler, Easy Grip",92,6.3,6,3,0.06847826086956521
OFF-SU-10000432,Acco Side-Punched Conventional Columnar Pads,43,-7.8075,15,4,-0.18156976744186046
OFF-SU-10000452,"Fiskars Letter Opener, Steel",148,-73.92,10,1,-0.49945945945945946
OFF-SU-10000480,"Elite Box Cutter, Serrated",105,29.980000000000004,7,2,0.28552380952380957
OFF-SU-10000484,"Kleencut Ruler, High Speed",246,14.8584,24,5,0.060399999999999995
OFF-SU-10000496,"Fiskars Scissors, Steel",545,67.0272,32,5,0.12298568807339448
OFF-SU-10000514,"Kleencut Shears, High Speed",210,77.11500000000001,5,2,0.36721428571428577
OFF-SU-10000556,"Kleencut Shears, Steel",1120,482.512,37,7,0.4308142857142857
OFF-SU-10000573,"Acme Ruler, High Speed",291,-2.7319999999999993,30,6,-0.009388316151202747
OFF-SU-10000596,"Stiletto Trimmer, Steel",152,5.04,6,1,0.03315789473684211
OFF-SU-10000618,"Acme Trimmer, High Speed",824,262.53,20,6,0.3186043689320388
OFF-SU-10000646,Premier Automatic Letter Opener,2836,-427.8586,14,5,-0.15086692524682652
OFF-SU-10000649,"Fiskars Box Cutter, High Speed",1072,-231.4572,37,9,-0.2159115671641791
OFF-SU-10000650,"Acme Shears, Steel",395,141.84,8,2,0.3590886075949367
OFF-SU-10000695,"Kleencut Trimmer, Serrated",286,35.415000000000006,9,3,0.12382867132867136
OFF-SU-10000697,"Kleencut Ruler, Serrated",12,-2.688,2,1,-0.224
OFF-SU-10000705,"Stiletto Shears, High Speed",198,-6.248000000000001,9,4,-0.03155555555555556
OFF-SU-10000706,"Fiskars Ruler, Steel",18,-17.56,5,1,-0.9755555555555555
OFF-SU-10000707,"Stiletto Shears, Serrated",703,217.11509999999998,19,7,0.3088408250355619
OFF-SU-10000723,"Kleencut Shears, Steel",1309,-37.3788,36,8,-0.028555233002291826
OFF-SU-10000738,"Acme Shears, Steel",236,-105.084,9,4,-0.445271186440678
OFF-SU-10000776,"Elite Letter Opener, Steel",336,47.04,14,3,0.13999999999999999
OFF-SU-10000782,"Fiskars Shears, Serrated",600,63.09,17,5,0.10515000000000001
OFF-SU-10000789,"Kleencut Box Cutter, Serrated",269,28.143,12,5,0.10462081784386618
OFF-SU-10000810,"Kleencut Letter Opener, Steel",107,0.0,6,2,0.0
OFF-SU-10000817,"Acme Box Cutter, Serrated",83,-57.96,9,1,-0.6983132530120482
OFF-SU-10000822,"Fiskars Letter Opener, Steel",49,9.3,2,1,0.18979591836734697
OFF-SU-10000835,"Acme Box Cutter, Steel",576,19.68,17,3,0.034166666666666665
OFF-SU-10000866,"Elite Trimmer, Serrated",1097,16.421999999999997,32,8,0.014969917958067454
OFF-SU-10000877,"Acme Scissors, Easy Grip",621,87.30000000000001,26,6,0.14057971014492757
OFF-SU-10000885,"Elite Box Cutter, Steel",186,-49.5582,7,3,-0.26644193548387096
OFF-SU-10000898,"Acme Hot Forged Carbon Steel Scissors with Nickel-Plated Handles, 3 7/8"" Cut, 8""L",460,103.416,36,7,0.22481739130434783
OFF-SU-10000906,"Fiskars Shears, High Speed",1763,863.5799999999999,37,7,0.48983550765740214
OFF-SU-10000914,"Kleencut Scissors, Serrated",453,-2.4389999999999965,30,7,-0.005384105960264893
OFF-SU-10000925,"Acme Shears, Easy Grip",129,-74.85,5,1,-0.5802325581395349
OFF-SU-10000925,"Fiskars Box Cutter, High Speed",165,11.479999999999999,7,2,0.06957575757575757
OFF-SU-10000926,"Acme Trimmer, Easy Grip",382,129.46,13,6,0.33890052356020944
OFF-SU-10000932,"Elite Shears, Steel",564,-59.7744,14,6,-0.10598297872340426
OFF-SU-10000932,"Fiskars Ruler, High Speed",131,8.613,10,3,0.06574809160305344
OFF-SU-10000946,Staples,154,34.2342,21,4,0.2223
OFF-SU-10000952,Fiskars Home & Office Scissors,98,27.3504,11,3,0.27908571428571427
OFF-SU-10000954,"Acme Scissors, High Speed",350,69.792,16,4,0.1994057142857143
OFF-SU-10000969,"Fiskars Box Cutter, Serrated",194,7.56,6,2,0.03896907216494845
OFF-SU-10000970,"Elite Box Cutter, Easy Grip",1030,-50.9631,34,8,-0.049478737864077665
OFF-SU-10000979,"Acme Letter Opener, Easy Grip",297,130.48000000000002,14,4,0.4393265993265994
OFF-SU-10000997,"Fiskars Shears, Easy Grip",863,44.802599999999984,21,4,0.05191494785631516
OFF-SU-10001021,"Fiskars Box Cutter, Serrated",1015,225.45,36,7,0.2221182266009852
OFF-SU-10001066,"Acme Letter Opener, Steel",473,-119.28389999999999,22,7,-0.2521858350951374
OFF-SU-10001066,"Kleencut Box Cutter, Easy Grip",73,7.92,2,1,0.10849315068493151
OFF-SU-10001074,"Fiskars Letter Opener, Easy Grip",336,137.16,12,4,0.4082142857142857
OFF-SU-10001080,"Acme Letter Opener, High Speed",282,118.16,14,2,0.41900709219858157
OFF-SU-10001086,"Fiskars Scissors, Easy Grip",545,-0.09000000000000341,25,6,-0.00016513761467890534
OFF-SU-10001087,"Elite Shears, Easy Grip",117,-54.528,4,1,-0.46605128205128205
OFF-SU-10001087,"Kleencut Box Cutter, Serrated",63,22.56,2,1,0.3580952380952381
OFF-SU-10001124,"Acme Trimmer, High Speed",357,131.76,8,1,0.36907563025210083
OFF-SU-10001125,"Stiletto Letter Opener, High Speed",388,-3.269999999999996,17,4,-0.008427835051546382
OFF-SU-10001132,"Fiskars Trimmer, Serrated",566,154.18,23,8,0.2724028268551237
OFF-SU-10001133,"Acme Box Cutter, Steel",432,-11.16,21,7,-0.025833333333333333
OFF-SU-10001137,"Kleencut Scissors, High Speed",289,89.7,13,4,0.3103806228373703
OFF-SU-10001165,Acme Elite Stainless Steel Scissors,95,21.0168,12,5,0.22122947368421053
OFF-SU-10001173,"Stiletto Trimmer, Easy Grip",414,82.6,14,3,0.19951690821256038
OFF-SU-10001185,"Acme Letter Opener, Steel",55,-29.148,7,1,-0.5299636363636363
OFF-SU-10001212,Kleencut Forged Office Shears by Acme United Corporation,9,2.2880000000000003,5,2,0.25422222222222224
OFF-SU-10001218,Fiskars Softgrip Scissors,308,86.0832,28,7,0.2794909090909091
OFF-SU-10001225,Staples,80,-6.3296,24,8,-0.07912
OFF-SU-10001233,"Stiletto Trimmer, Serrated",395,78.9,15,3,0.19974683544303798
OFF-SU-10001308,"Fiskars Trimmer, Serrated",1403,-215.28000000000003,50,9,-0.1534426229508197
OFF-SU-10001337,"Fiskars Box Cutter, Easy Grip",74,33.42,2,1,0.45162162162162167
OFF-SU-10001343,"Elite Scissors, High Speed",68,-11.729999999999999,4,2,-0.1725
OFF-SU-10001346,"Stiletto Shears, Steel",1453,-171.30599999999998,38,8,-0.11789814177563661
OFF-SU-10001351,"Stiletto Letter Opener, Steel",513,28.38,22,6,0.055321637426900584
OFF-SU-10001368,"Fiskars Ruler, Serrated",148,53.36,22,4,0.3605405405405405
OFF-SU-10001382,"Acme Trimmer, Serrated",549,-2.0615999999999985,18,5,-0.0037551912568305986
OFF-SU-10001382,"Elite Trimmer, Steel",752,207.692,33,7,0.276186170212766
OFF-SU-10001397,"Acme Box Cutter, Steel",37,13.02,1,1,0.3518918918918919
OFF-SU-10001406,"Fiskars Box Cutter, High Speed",36,0.33,1,1,0.009166666666666667
OFF-SU-10001407,"Fiskars Trimmer, Easy Grip",1502,282.5064,36,7,0.18808681757656456
OFF-SU-10001409,"Stiletto Scissors, Serrated",244,80.28,12,2,0.32901639344262296
OFF-SU-10001412,"Fiskars Scissors, High Speed",12,-14.528,2,1,-1.2106666666666668
OFF-SU-10001421,"Acme Shears, Easy Grip",749,163.928,23,7,0.21886248331108143
OFF-SU-10001442,"Acme Scissors, Steel",290,-10.074000000000002,14,5,-0.034737931034482764
OFF-SU-10001455,"Acme Box Cutter, Easy Grip",158,3.12,4,1,0.019746835443037975
OFF-SU-10001476,"Fiskars Scissors, Easy Grip",196,35.816,13,4,0.18273469387755104
OFF-SU-10001488,"Stiletto Scissors, Steel",235,-103.69800000000001,15,3,-0.441268085106383
OFF-SU-10001500,"Kleencut Box Cutter, Serrated",122,33.379999999999995,6,3,0.27360655737704914
OFF-SU-10001506,"Kleencut Letter Opener, Steel",99,14.528,8,3,0.14674747474747477
OFF-SU-10001512,"Stiletto Shears, Easy Grip",159,23.832,4,2,0.14988679245283018
OFF-SU-10001515,"Kleencut Box Cutter, Easy Grip",413,40.199999999999996,21,7,0.09733656174334139
OFF-SU-10001535,"Elite Box Cutter, High Speed",745,72.16709999999999,23,5,0.09686859060402683
OFF-SU-10001535,"Stiletto Trimmer, Easy Grip",856,376.941,20,5,0.4403516355140187
OFF-SU-10001552,"Kleencut Trimmer, Easy Grip",448,66.28,16,4,0.14794642857142856
OFF-SU-10001554,"Acme Trimmer, Serrated",22,-31.384,2,1,-1.4265454545454546
OFF-SU-10001573,"Kleencut Shears, Serrated",847,-255.0609,27,9,-0.3011344746162928
OFF-SU-10001574,Acme Value Line Scissors,76,20.44,22,10,0.26894736842105266
OFF-SU-10001578,"Stiletto Shears, High Speed",1153,103.68,24,7,0.08992194275802255
OFF-SU-10001586,"Kleencut Trimmer, Steel",327,52.08,8,3,0.15926605504587155
OFF-SU-10001592,"Kleencut Letter Opener, Easy Grip",622,173.88,23,4,0.2795498392282958
OFF-SU-10001595,"Kleencut Shears, Serrated",81,-42.616,7,1,-0.5261234567901234
OFF-SU-10001618,"Kleencut Letter Opener, Easy Grip",797,264.864,29,7,0.33232622333751566
OFF-SU-10001624,"Kleencut Ruler, High Speed",153,13.600000000000001,17,5,0.08888888888888889
OFF-SU-10001633,"Stiletto Letter Opener, Easy Grip",568,266.40000000000003,20,5,0.4690140845070423
OFF-SU-10001657,"Acme Box Cutter, High Speed",586,271.02000000000004,16,6,0.4624914675767919
OFF-SU-10001664,Acme Office Executive Series Stainless Steel Trimmers,161,26.2242,21,7,0.1628832298136646
OFF-SU-10001682,"Kleencut Letter Opener, High Speed",265,18.3,15,3,0.06905660377358491
OFF-SU-10001683,"Kleencut Ruler, Steel",113,37.96,13,3,0.33592920353982303
OFF-SU-10001686,"Kleencut Trimmer, Easy Grip",1097,38.9055,30,8,0.035465360072926166
OFF-SU-10001689,"Acme Box Cutter, Easy Grip",1068,-206.838,33,7,-0.1936685393258427
OFF-SU-10001690,"Kleencut Box Cutter, Steel",442,-43.89000000000001,17,4,-0.09929864253393667
OFF-SU-10001697,"Fiskars Scissors, Easy Grip",437,101.53800000000001,19,5,0.23235240274599545
OFF-SU-10001698,"Stiletto Box Cutter, Steel",562,93.18299999999999,17,3,0.16580604982206404
OFF-SU-10001703,"Fiskars Box Cutter, High Speed",463,161.46,13,4,0.3487257019438445
OFF-SU-10001709,"Kleencut Scissors, High Speed",260,81.5985,14,6,0.3138403846153846
OFF-SU-10001722,"Stiletto Box Cutter, Easy Grip",570,246.40800000000002,24,9,0.4322947368421053
OFF-SU-10001731,"Acme Letter Opener, Serrated",741,238.4559,30,9,0.32180283400809717
OFF-SU-10001731,"Elite Letter Opener, High Speed",677,159.285,38,10,0.23528064992614475
OFF-SU-10001750,"Stiletto Trimmer, High Speed",172,73.44,6,3,0.4269767441860465
OFF-SU-10001762,"Stiletto Shears, Easy Grip",1193,313.98,26,9,0.26318524727577536
OFF-SU-10001770,"Acme Scissors, Easy Grip",546,144.6414,26,6,0.26491098901098903
OFF-SU-10001791,"Elite Box Cutter, Serrated",411,81.9,13,2,0.19927007299270075
OFF-SU-10001794,"Elite Ruler, Steel",214,8.32,30,6,0.0388785046728972
OFF-SU-10001808,"Elite Shears, High Speed",691,119.547,15,4,0.17300578871201158
OFF-SU-10001813,"Kleencut Ruler, Easy Grip",514,7.164,34,7,0.013937743190661479
OFF-SU-10001831,"Stiletto Scissors, High Speed",315,134.4,22,7,0.4266666666666667
OFF-SU-10001840,"Stiletto Box Cutter, High Speed",43,-11.556,2,1,-0.2687441860465116
OFF-SU-10001848,"Kleencut Ruler, Easy Grip",160,32.1882,11,3,0.20117625
OFF-SU-10001851,"Stiletto Ruler, Steel",62,8.288,8,3,0.1336774193548387
OFF-SU-10001868,"Elite Box Cutter, Steel",256,-9.688000000000002,14,3,-0.03784375000000001
OFF-SU-10001869,"Stiletto Scissors, Steel",470,-116.0055,26,9,-0.24682021276595745
OFF-SU-10001877,"Elite Ruler, High Speed",89,26.814,8,3,0.30128089887640447
OFF-SU-10001879,"Acme Trimmer, High Speed",468,87.93,12,4,0.1878846153846154
OFF-SU-10001886,"Acme Box Cutter, Serrated",259,-33.629999999999995,11,3,-0.12984555984555982
OFF-SU-10001889,"Kleencut Letter Opener, Easy Grip",286,34.2,10,2,0.1195804195804196
OFF-SU-10001891,"Acme Ruler, Easy Grip",122,16.6,12,4,0.1360655737704918
OFF-SU-10001891,"Stiletto Box Cutter, Easy Grip",38,11.25,1,1,0.29605263157894735
OFF-SU-10001892,"Elite Box Cutter, High Speed",303,28.82,14,5,0.09511551155115512
OFF-SU-10001894,"Elite Scissors, Steel",307,61.379999999999995,23,6,0.19993485342019543
OFF-SU-10001909,"Fiskars Scissors, Steel",329,145.05599999999998,16,2,0.44089969604863216
OFF-SU-10001923,"Kleencut Letter Opener, Easy Grip",473,106.016,26,7,0.22413530655391123
OFF-SU-10001935,Staples,29,-3.8368,16,6,-0.13230344827586207
OFF-SU-10001968,"Acme Scissors, Steel",291,91.65599999999999,18,4,0.3149690721649484
OFF-SU-10001968,"Kleencut Letter Opener, Easy Grip",16,1.056,1,1,0.066
OFF-SU-10001980,"Acme Letter Opener, High Speed",91,6.3,3,1,0.06923076923076923
OFF-SU-10001983,"Stiletto Box Cutter, Steel",671,46.74,19,3,0.06965722801788375
OFF-SU-10001992,"Stiletto Ruler, Serrated",139,45.72,12,4,0.3289208633093525
OFF-SU-10002002,"Fiskars Scissors, Steel",270,91.80000000000001,12,2,0.34
OFF-SU-10002027,"Stiletto Letter Opener, High Speed",407,95.457,16,4,0.23453808353808353
OFF-SU-10002032,"Fiskars Ruler, Steel",72,7.116,9,3,0.09883333333333333
OFF-SU-10002032,"Stiletto Scissors, Easy Grip",248,65.896,16,7,0.26570967741935486
OFF-SU-10002094,"Acme Letter Opener, Steel",991,397.275,34,7,0.400882946518668
OFF-SU-10002131,"Elite Scissors, Serrated",221,4.064999999999999,12,4,0.018393665158371035
OFF-SU-10002135,"Fiskars Shears, Easy Grip",118,-37.536,4,1,-0.31810169491525425
OFF-SU-10002152,"Fiskars Shears, Serrated",630,-65.4486,16,5,-0.10388666666666667
OFF-SU-10002161,"Elite Ruler, Steel",325,103.47,25,5,0.3183692307692308
OFF-SU-10002169,"Fiskars Letter Opener, High Speed",274,89.62,16,7,0.32708029197080296
OFF-SU-10002189,Acme Rosewood Handle Letter Opener,44,-3.4936000000000003,12,3,-0.07940000000000001
OFF-SU-10002189,"Fiskars Shears, Easy Grip",763,367.808,24,7,0.4820550458715596
OFF-SU-10002214,"Kleencut Letter Opener, Easy Grip",153,46.629000000000005,7,2,0.304764705882353
OFF-SU-10002214,"Stiletto Box Cutter, Serrated",65,30.0,2,1,0.46153846153846156
OFF-SU-10002215,"Elite Ruler, High Speed",91,26.6,10,3,0.2923076923076923
OFF-SU-10002227,"Elite Letter Opener, High Speed",359,-156.64,29,6,-0.43632311977715876
OFF-SU-10002230,"Fiskars Trimmer, Serrated",31,-22.62,3,1,-0.7296774193548388
OFF-SU-10002301,Serrated Blade or Curved Handle Hand Letter Openers,24,-4.1133999999999995,9,2,-0.17139166666666664
OFF-SU-10002306,"Elite Scissors, Steel",502,79.0698,25,5,0.15750956175298805
OFF-SU-10002323,"Elite Shears, Steel",918,-12.376,30,9,-0.013481481481481481
OFF-SU-10002325,"Stiletto Trimmer, High Speed",11,-4.86,1,1,-0.44181818181818183
OFF-SU-10002327,"Fiskars Ruler, Easy Grip",96,7.56,6,1,0.07875
OFF-SU-10002337,"Elite Trimmer, High Speed",833,41.4,20,4,0.04969987995198079
OFF-SU-10002342,"Kleencut Scissors, Steel",379,-8.024999999999999,19,4,-0.02117414248021108
OFF-SU-10002344,"Stiletto Box Cutter, Serrated",303,109.1343,11,3,0.36017920792079205
OFF-SU-10002346,"Elite Ruler, High Speed",263,-68.52,26,6,-0.26053231939163496
OFF-SU-10002357,"Kleencut Trimmer, High Speed",538,145.07999999999998,13,5,0.2696654275092937
OFF-SU-10002362,"Acme Ruler, Serrated",249,53.0919,20,4,0.21322048192771084
OFF-SU-10002363,"Fiskars Letter Opener, Easy Grip",71,1.08,4,1,0.015211267605633804
OFF-SU-10002379,"Fiskars Letter Opener, High Speed",642,-13.995000000000001,25,6,-0.02179906542056075
OFF-SU-10002388,"Elite Shears, Easy Grip",1174,-111.8307,30,10,-0.095256132879046
OFF-SU-10002402,"Stiletto Box Cutter, Steel",632,281.944,28,9,0.44611392405063294
OFF-SU-10002412,"Stiletto Letter Opener, Steel",27,-11.408,4,1,-0.4225185185185185
OFF-SU-10002414,"Stiletto Ruler, Easy Grip",33,2.64,2,1,0.08
OFF-SU-10002419,"Fiskars Letter Opener, Easy Grip",266,-46.17,12,2,-0.17357142857142857
OFF-SU-10002423,"Acme Shears, Steel",336,-10.944000000000004,13,4,-0.032571428571428584
OFF-SU-10002429,"Fiskars Box Cutter, Steel",140,44.64,4,1,0.31885714285714284
OFF-SU-10002445,"Fiskars Trimmer, High Speed",804,232.56,19,3,0.2892537313432836
OFF-SU-10002448,"Stiletto Trimmer, High Speed",930,-42.097500000000004,28,7,-0.045266129032258066
OFF-SU-10002451,"Elite Letter Opener, High Speed",915,372.96,35,9,0.40760655737704915
OFF-SU-10002466,"Elite Shears, Easy Grip",622,-19.236000000000004,23,8,-0.030926045016077177
OFF-SU-10002498,"Stiletto Letter Opener, High Speed",270,-46.528000000000006,19,6,-0.17232592592592594
OFF-SU-10002503,Acme Preferred Stainless Steel Scissors,90,26.3552,16,4,0.29283555555555557
OFF-SU-10002521,"Kleencut Box Cutter, Steel",208,61.24,10,4,0.29442307692307695
OFF-SU-10002522,Acme Kleen Earth Office Shears,45,11.1744,12,5,0.24832
OFF-SU-10002537,Acme Box Cutter Scissors,306,72.2238,31,6,0.23602549019607844
OFF-SU-10002543,"Stiletto Scissors, Easy Grip",583,-105.6093,29,7,-0.18114802744425387
OFF-SU-10002544,"Kleencut Box Cutter, Serrated",847,161.01,28,7,0.19009445100354191
OFF-SU-10002547,"Acme Ruler, Steel",221,-7.927500000000001,16,4,-0.0358710407239819
OFF-SU-10002550,"Kleencut Scissors, Steel",255,53.856,22,7,0.2112
OFF-SU-10002557,Fiskars Spring-Action Scissors,75,13.4208,6,4,0.178944
OFF-SU-10002566,"Stiletto Trimmer, Steel",623,182.4555,18,4,0.29286597110754414
OFF-SU-10002573,"Acme 10"" Easy Grip Assistive Scissors",449,129.722,26,8,0.28891314031180404
OFF-SU-10002599,"Stiletto Letter Opener, Easy Grip",228,-28.56,15,5,-0.12526315789473683
OFF-SU-10002611,"Fiskars Ruler, Serrated",97,33.650999999999996,9,4,0.34691752577319585
OFF-SU-10002627,"Kleencut Scissors, Serrated",114,19.26,9,3,0.16894736842105265
OFF-SU-10002649,"Elite Shears, Serrated",698,231.18,17,5,0.3312034383954155
OFF-SU-10002653,"Kleencut Letter Opener, High Speed",172,34.23,8,3,0.1990116279069767
OFF-SU-10002670,"Stiletto Box Cutter, High Speed",192,63.2,8,4,0.32916666666666666
OFF-SU-10002709,"Fiskars Letter Opener, Easy Grip",954,343.365,35,6,0.35992138364779874
OFF-SU-10002710,"Fiskars Trimmer, High Speed",170,-46.620000000000005,6,2,-0.2742352941176471
OFF-SU-10002715,"Elite Trimmer, High Speed",434,21.1113,13,6,0.04864354838709677
OFF-SU-10002732,"Acme Box Cutter, High Speed",888,158.63400000000001,28,7,0.17864189189189192
OFF-SU-10002742,"Stiletto Trimmer, Serrated",686,32.27550000000001,24,7,0.04704883381924199
OFF-SU-10002750,"Kleencut Box Cutter, Steel",41,-15.72,2,1,-0.38341463414634147
OFF-SU-10002775,"Fiskars Box Cutter, Steel",350,139.5,10,2,0.3985714285714286
OFF-SU-10002785,"Fiskars Trimmer, Serrated",507,-76.44,17,5,-0.15076923076923077
OFF-SU-10002816,"Kleencut Shears, Serrated",702,223.956,27,6,0.319025641025641
OFF-SU-10002831,"Acme Scissors, High Speed",102,31.44,4,1,0.30823529411764705
OFF-SU-10002849,"Kleencut Ruler, Serrated",110,31.68,16,3,0.288
OFF-SU-10002881,Martin Yale Chadless Opener Electric Letter Opener,16656,-1299.1836,22,6,-0.07800093659942363
OFF-SU-10002900,"Kleencut Trimmer, Easy Grip",344,82.56,8,2,0.24000000000000002
OFF-SU-10002909,"Fiskars Ruler, Easy Grip",124,-38.9445,11,2,-0.31406854838709675
OFF-SU-10002911,"Acme Scissors, Serrated",414,46.938,23,8,0.1133768115942029
OFF-SU-10002934,"Elite Shears, Serrated",87,6.96,2,1,0.08
OFF-SU-10002961,"Kleencut Ruler, Serrated",72,4.3199999999999985,9,3,0.05999999999999998
OFF-SU-10002962,"Acme Scissors, Serrated",318,-2.824,22,5,-0.008880503144654087
OFF-SU-10002983,"Acme Trimmer, High Speed",386,15.919999999999998,14,4,0.041243523316062174
OFF-SU-10002993,"Fiskars Trimmer, High Speed",221,-13.680000000000001,9,3,-0.061900452488687786
OFF-SU-10003002,Letter Slitter,10,0.3024,4,2,0.03024
OFF-SU-10003019,"Acme Letter Opener, Serrated",327,39.008,25,7,0.11929051987767585
OFF-SU-10003040,"Stiletto Box Cutter, Serrated",262,39.12,12,5,0.14931297709923663
OFF-SU-10003046,"Elite Letter Opener, Steel",58,0.96,4,1,0.016551724137931035
OFF-SU-10003072,"Elite Trimmer, Serrated",614,288.48,16,3,0.4698371335504886
OFF-SU-10003082,"Acme Box Cutter, Easy Grip",391,24.624,18,6,0.0629769820971867
OFF-SU-10003085,"Stiletto Ruler, Easy Grip",248,19.8,15,3,0.07983870967741936
OFF-SU-10003098,"Kleencut Scissors, Easy Grip",115,-3.2319999999999993,10,2,-0.02810434782608695
OFF-SU-10003105,"Fiskars Shears, Steel",1069,-50.5416,29,6,-0.04727932647333957
OFF-SU-10003115,"Acme Scissors, Serrated",840,50.160000000000004,38,10,0.05971428571428572
OFF-SU-10003118,"Acme Shears, Easy Grip",206,20.52,4,1,0.0996116504854369
OFF-SU-10003126,"Acme Shears, Serrated",738,249.704,25,6,0.33835230352303525
OFF-SU-10003130,"Acme Trimmer, Serrated",804,-66.96000000000001,24,4,-0.08328358208955225
OFF-SU-10003137,"Fiskars Letter Opener, Steel",115,1.0,9,2,0.008695652173913044
OFF-SU-10003157,"Elite Letter Opener, Steel",195,78.72,13,5,0.4036923076923077
OFF-SU-10003160,"Acme Ruler, High Speed",293,-28.575000000000003,20,6,-0.09752559726962458
OFF-SU-10003162,"Acme Letter Opener, Steel",331,114.55199999999999,18,5,0.3460785498489426
OFF-SU-10003173,"Acme Ruler, Serrated",108,30.0,8,3,0.2777777777777778
OFF-SU-10003191,"Stiletto Scissors, Easy Grip",30,-17.184,2,1,-0.5728000000000001
OFF-SU-10003209,"Elite Scissors, Easy Grip",72,33.3,3,2,0.46249999999999997
OFF-SU-10003211,"Acme Ruler, Steel",210,62.79,13,3,0.299
OFF-SU-10003221,"Acme Trimmer, Easy Grip",1039,-176.358,28,8,-0.16973820981713186
OFF-SU-10003229,"Stiletto Trimmer, Easy Grip",487,112.2,11,3,0.23039014373716632
OFF-SU-10003234,"Acme Box Cutter, Easy Grip",552,270.06,14,4,0.4892391304347826
OFF-SU-10003236,"Fiskars Scissors, High Speed",207,5.295999999999999,15,6,0.02558454106280193
OFF-SU-10003252,"Fiskars Trimmer, Steel",1251,149.4,30,6,0.11942446043165468
OFF-SU-10003259,"Elite Trimmer, Easy Grip",368,-20.9079,13,3,-0.05681494565217392
OFF-SU-10003267,"Stiletto Scissors, Easy Grip",404,104.64,16,5,0.259009900990099
OFF-SU-10003277,"Elite Ruler, Serrated",73,12.18,7,3,0.16684931506849315
OFF-SU-10003332,"Elite Letter Opener, Steel",158,43.92,8,4,0.2779746835443038
OFF-SU-10003343,"Fiskars Scissors, Serrated",231,32.698800000000006,16,6,0.14155324675324676
OFF-SU-10003343,"Kleencut Shears, Steel",785,204.0,17,3,0.25987261146496815
OFF-SU-10003355,"Acme Trimmer, Steel",194,-49.30800000000001,6,2,-0.25416494845360826
OFF-SU-10003357,"Fiskars Shears, Steel",846,245.16,18,6,0.2897872340425532
OFF-SU-10003371,"Elite Shears, Serrated",599,-99.07600000000001,24,6,-0.16540233722871453
OFF-SU-10003371,"Kleencut Trimmer, High Speed",534,25.604100000000003,18,3,0.04794775280898877
OFF-SU-10003428,"Kleencut Box Cutter, High Speed",69,16.62,2,1,0.2408695652173913
OFF-SU-10003456,"Elite Letter Opener, Easy Grip",377,-63.720000000000006,16,3,-0.16901856763925732
OFF-SU-10003473,"Elite Trimmer, Steel",748,206.5968,22,6,0.2761989304812834
OFF-SU-10003474,"Elite Box Cutter, Easy Grip",403,33.924,19,6,0.08417866004962779
OFF-SU-10003483,"Fiskars Letter Opener, Easy Grip",239,55.1394,10,3,0.23070878661087868
OFF-SU-10003485,"Elite Letter Opener, Easy Grip",237,22.4,14,5,0.09451476793248945
OFF-SU-10003505,Premier Electric Letter Opener,2641,-7.105427357601002e-15,24,8,-2.690430654146536e-18
OFF-SU-10003509,"Stiletto Ruler, Easy Grip",216,87.75,13,3,0.40625
OFF-SU-10003511,"Kleencut Ruler, High Speed",149,32.67,11,3,0.21926174496644296
OFF-SU-10003515,"Acme Shears, Serrated",823,-174.5694,24,7,-0.2121134872417983
OFF-SU-10003522,"Elite Box Cutter, Serrated",527,190.9371,19,4,0.36230948766603416
OFF-SU-10003527,"Elite Ruler, Easy Grip",322,-28.696800000000003,30,8,-0.08912049689440994
OFF-SU-10003535,"Elite Box Cutter, Easy Grip",257,38.22,7,3,0.14871595330739298
OFF-SU-10003537,"Kleencut Scissors, Steel",549,64.227,31,6,0.11698907103825137
OFF-SU-10003537,"Stiletto Letter Opener, Easy Grip",17,-6.822,1,1,-0.4012941176470588
OFF-SU-10003540,"Acme Shears, Serrated",140,4.14,3,1,0.029571428571428568
OFF-SU-10003544,"Kleencut Scissors, High Speed",178,76.56,8,1,0.4301123595505618
OFF-SU-10003545,"Fiskars Box Cutter, Serrated",120,-51.352,14,1,-0.42793333333333333
OFF-SU-10003556,"Fiskars Trimmer, Easy Grip",1143,421.98,26,7,0.36918635170603675
OFF-SU-10003559,"Kleencut Ruler, Steel",383,2.1815999999999995,37,11,0.005696083550913837
OFF-SU-10003567,Stiletto Hand Letter Openers,136,-21.984,17,4,-0.16164705882352942
OFF-SU-10003582,"Elite Scissors, High Speed",108,-56.016,12,2,-0.5186666666666666
OFF-SU-10003592,"Acme Ruler, High Speed",351,-66.39,26,5,-0.18914529914529915
OFF-SU-10003624,"Stiletto Scissors, High Speed",236,4.5,10,2,0.019067796610169493
OFF-SU-10003629,"Fiskars Letter Opener, Easy Grip",603,59.688,36,7,0.09898507462686568
OFF-SU-10003629,"Fiskars Letter Opener, High Speed",291,74.2245,13,3,0.25506701030927836
OFF-SU-10003629,"Fiskars Ruler, Steel",123,19.71,9,3,0.1602439024390244
OFF-SU-10003632,"Acme Letter Opener, Easy Grip",841,221.47199999999998,27,5,0.2633436385255648
OFF-SU-10003632,"Stiletto Ruler, High Speed",122,25.344,13,6,0.20773770491803278
OFF-SU-10003651,"Elite Ruler, Serrated",223,5.219999999999999,23,5,0.02340807174887892
OFF-SU-10003659,"Fiskars Trimmer, Steel",139,16.6,5,1,0.11942446043165468
OFF-SU-10003665,"Kleencut Trimmer, Serrated",817,21.9498,24,6,0.026866340269277846
OFF-SU-10003665,"Stiletto Letter Opener, Steel",381,133.176,26,7,0.34954330708661413
OFF-SU-10003671,"Fiskars Scissors, High Speed",93,16.56,4,1,0.17806451612903224
OFF-SU-10003683,"Kleencut Ruler, Easy Grip",91,14.399999999999999,9,3,0.15824175824175823
OFF-SU-10003688,"Acme Shears, High Speed",300,-25.08,10,2,-0.0836
OFF-SU-10003697,"Elite Scissors, High Speed",327,80.355,21,6,0.24573394495412845
OFF-SU-10003701,"Stiletto Ruler, Easy Grip",242,-21.12,26,6,-0.08727272727272728
OFF-SU-10003717,"Stiletto Ruler, Serrated",284,-39.737399999999994,30,6,-0.13992042253521125
OFF-SU-10003719,"Stiletto Scissors, Steel",412,166.352,29,8,0.4037669902912621
OFF-SU-10003723,"Elite Shears, High Speed",320,18.708000000000002,8,3,0.05846250000000001
OFF-SU-10003739,"Elite Box Cutter, Steel",172,66.75,5,2,0.38808139534883723
OFF-SU-10003739,"Elite Scissors, Easy Grip",352,-7.519999999999996,25,6,-0.021363636363636352
OFF-SU-10003749,"Fiskars Box Cutter, Easy Grip",443,87.708,19,5,0.1979864559819413
OFF-SU-10003758,"Fiskars Scissors, High Speed",649,310.8,28,6,0.47889060092449925
OFF-SU-10003780,"Elite Ruler, High Speed",33,2.16,4,1,0.06545454545454546
OFF-SU-10003789,"Fiskars Box Cutter, Steel",892,241.43759999999997,31,12,0.27066995515695064
OFF-SU-10003801,"Elite Box Cutter, Easy Grip",39,-38.976,4,1,-0.9993846153846153
OFF-SU-10003803,"Acme Trimmer, Steel",461,-25.609199999999998,12,5,-0.05555140997830802
OFF-SU-10003804,"Kleencut Shears, Easy Grip",678,0.0,14,3,0.0
OFF-SU-10003834,"Stiletto Shears, High Speed",1239,403.83840000000004,28,9,0.3259389830508475
OFF-SU-10003863,"Kleencut Letter Opener, High Speed",270,71.892,11,2,0.26626666666666665
OFF-SU-10003866,"Acme Ruler, Easy Grip",37,-22.74,4,1,-0.6145945945945945
OFF-SU-10003879,"Kleencut Shears, High Speed",249,47.36,8,3,0.1902008032128514
OFF-SU-10003892,"Acme Box Cutter, High Speed",482,206.64,22,6,0.42871369294605804
OFF-SU-10003897,"Stiletto Ruler, High Speed",259,21.402,21,5,0.08263320463320464
OFF-SU-10003907,"Stiletto Letter Opener, Easy Grip",945,118.8,34,8,0.12571428571428572
OFF-SU-10003924,"Elite Trimmer, Steel",464,128.571,16,5,0.2770926724137931
OFF-SU-10003936,Acme Serrated Blade Letter Opener,14,-1.7489999999999999,5,2,-0.12492857142857142
OFF-SU-10003951,"Elite Shears, Easy Grip",779,46.56,16,5,0.05976893453145058
OFF-SU-10003966,"Kleencut Trimmer, Serrated",203,75.2,8,3,0.3704433497536946
OFF-SU-10003973,"Elite Trimmer, Easy Grip",58,-50.58,5,1,-0.8720689655172413
OFF-SU-10003991,"Fiskars Shears, Steel",308,127.80799999999999,11,6,0.4149610389610389
OFF-SU-10004008,"Kleencut Letter Opener, Steel",349,135.9072,18,5,0.38941891117478505
OFF-SU-10004048,"Kleencut Shears, High Speed",56,-27.156,2,1,-0.48492857142857143
OFF-SU-10004077,"Acme Letter Opener, Easy Grip",614,201.4773,22,6,0.3281389250814333
OFF-SU-10004087,"Elite Scissors, Steel",329,72.0,15,3,0.2188449848024316
OFF-SU-10004091,"Elite Ruler, Serrated",84,18.48,12,4,0.22
OFF-SU-10004095,"Fiskars Shears, Serrated",881,303.048,31,6,0.34398183881952327
OFF-SU-10004110,"Stiletto Scissors, Serrated",152,3.5679999999999996,12,3,0.023473684210526313
OFF-SU-10004115,Acme Stainless Steel Office Snips,82,12.4317,13,4,0.1516060975609756
OFF-SU-10004119,"Acme Trimmer, Steel",851,304.68,31,10,0.3580258519388954
OFF-SU-10004177,"Fiskars Box Cutter, Easy Grip",724,86.67,22,8,0.11970994475138122
OFF-SU-10004192,"Fiskars Ruler, Easy Grip",86,17.119999999999997,8,3,0.19906976744186045
OFF-SU-10004198,"Kleencut Scissors, Easy Grip",378,-80.9793,22,6,-0.21423095238095236
OFF-SU-10004230,"Kleencut Scissors, Serrated",608,48.0,32,7,0.07894736842105263
OFF-SU-10004231,Acme Tagit Stainless Steel Antibacterial Scissors,198,37.026,22,6,0.18700000000000003
OFF-SU-10004236,"Stiletto Letter Opener, Steel",686,131.3004,33,11,0.1914
OFF-SU-10004244,"Elite Letter Opener, Easy Grip",656,-0.29999999999999716,25,6,-0.0004573170731707274
OFF-SU-10004244,"Fiskars Ruler, High Speed",29,0.24,2,1,0.008275862068965517
OFF-SU-10004246,"Fiskars Letter Opener, Easy Grip",216,36.739999999999995,11,3,0.17009259259259257
OFF-SU-10004249,"Stiletto Shears, High Speed",173,-5.795999999999999,6,2,-0.0335028901734104
OFF-SU-10004261,"Fiskars 8"" Scissors, 2/Pack",216,45.8584,14,4,0.21230740740740742
OFF-SU-10004279,"Kleencut Shears, Serrated",565,-54.53999999999999,15,5,-0.09653097345132743
OFF-SU-10004283,"Elite Shears, Steel",255,58.455000000000005,8,2,0.2292352941176471
OFF-SU-10004290,"Acme Design Line 8"" Stainless Steel Bent Scissors w/Champagne Handles, 3-1/8"" Cut",45,10.1916,7,3,0.22648
OFF-SU-10004299,"Stiletto Trimmer, High Speed",620,-13.96499999999999,19,4,-0.02252419354838708
OFF-SU-10004304,"Elite Letter Opener, Easy Grip",243,-44.163,14,4,-0.18174074074074073
OFF-SU-10004306,"Kleencut Trimmer, Steel",1842,-157.0521,51,10,-0.08526172638436481
OFF-SU-10004316,"Elite Shears, High Speed",683,-176.948,28,5,-0.25907467057101025
OFF-SU-10004317,"Kleencut Box Cutter, Easy Grip",19,-15.976,2,1,-0.840842105263158
OFF-SU-10004361,"Kleencut Trimmer, High Speed",607,55.13999999999999,25,7,0.09084019769357495
OFF-SU-10004373,"Kleencut Scissors, Steel",43,12.12,2,1,0.28186046511627905
OFF-SU-10004401,"Acme Shears, High Speed",895,246.864,20,4,0.2758256983240224
OFF-SU-10004434,"Kleencut Box Cutter, Easy Grip",77,-52.3476,4,1,-0.679838961038961
OFF-SU-10004435,"Stiletto Shears, Serrated",493,167.31,11,3,0.3393711967545639
OFF-SU-10004446,"Acme Ruler, Steel",294,52.476,30,6,0.17848979591836733
OFF-SU-10004446,"Acme Scissors, Steel",167,74.238,7,3,0.44453892215568863
OFF-SU-10004452,"Elite Ruler, Steel",198,53.099999999999994,15,3,0.26818181818181813
OFF-SU-10004461,"Stiletto Box Cutter, High Speed",328,53.727000000000004,10,3,0.1638018292682927
OFF-SU-10004462,"Stiletto Scissors, Serrated",151,-5.7059999999999995,8,2,-0.037788079470198674
OFF-SU-10004480,"Fiskars Box Cutter, Serrated",644,276.6,30,5,0.42950310559006216
OFF-SU-10004481,"Stiletto Shears, Serrated",419,21.24,16,5,0.05069212410501193
OFF-SU-10004496,"Kleencut Scissors, Easy Grip",408,89.25,17,5,0.21875
OFF-SU-10004497,"Elite Scissors, Serrated",380,134.2725,22,4,0.35334868421052634
OFF-SU-10004498,Martin-Yale Premier Letter Opener,238,-12.88,20,7,-0.054117647058823534
OFF-SU-10004514,"Elite Letter Opener, Easy Grip",27,6.81,1,1,0.2522222222222222
OFF-SU-10004524,"Kleencut Box Cutter, High Speed",814,-155.925,28,6,-0.19155405405405407
OFF-SU-10004575,"Fiskars Letter Opener, Steel",172,17.22,7,3,0.10011627906976743
OFF-SU-10004589,"Elite Shears, Serrated",139,29.712000000000003,4,2,0.21375539568345325
OFF-SU-10004627,"Stiletto Box Cutter, High Speed",396,86.78999999999999,11,3,0.21916666666666665
OFF-SU-10004630,"Acme Shears, Steel",158,5.904,4,2,0.03736708860759494
OFF-SU-10004643,"Elite Trimmer, Easy Grip",923,187.08,34,6,0.20268689057421452
OFF-SU-10004650,"Acme Scissors, High Speed",601,68.064,32,8,0.1132512479201331
OFF-SU-10004655,"Stiletto Trimmer, Steel",589,141.54,21,5,0.24030560271646859
OFF-SU-10004658,"Stiletto Letter Opener, Easy Grip",264,51.2,14,6,0.19393939393939394
OFF-SU-10004659,"Elite Letter Opener, Easy Grip",232,39.12,12,2,0.1686206896551724
OFF-SU-10004661,Acme Titanium Bonded Scissors,103,20.23,13,5,0.19640776699029128
OFF-SU-10004662,"Elite Scissors, Serrated",344,93.26,29,7,0.2711046511627907
OFF-SU-10004662,"Fiskars Trimmer, Easy Grip",1254,466.464,44,8,0.37198086124401913
OFF-SU-10004663,"Kleencut Letter Opener, Easy Grip",454,157.068,27,7,0.3459647577092511
OFF-SU-10004664,Acme Softgrip Scissors,167,33.1298,23,4,0.19838203592814374
OFF-SU-10004691,"Fiskars Scissors, Serrated",258,115.83000000000001,13,4,0.4489534883720931
OFF-SU-10004696,"Acme Shears, Easy Grip",617,-219.477,18,5,-0.3557163695299838
OFF-SU-10004705,"Fiskars Ruler, Serrated",187,-5.814299999999999,20,5,-0.031092513368983953
OFF-SU-10004711,"Acme Trimmer, Serrated",265,-2.8080000000000007,10,4,-0.010596226415094343
OFF-SU-10004727,"Stiletto Letter Opener, Easy Grip",113,6.300000000000001,6,3,0.05575221238938054
OFF-SU-10004737,Acme Design Stainless Steel Bent Scissors,89,24.0084,13,3,0.2697573033707865
OFF-SU-10004762,"Fiskars Ruler, Steel",41,7.02,3,1,0.17121951219512194
OFF-SU-10004766,"Kleencut Shears, Easy Grip",781,256.84680000000003,20,8,0.3288691421254802
OFF-SU-10004768,Acme Kleencut Forged Steel Scissors,35,7.462,7,3,0.2132
OFF-SU-10004771,"Elite Ruler, Easy Grip",92,36.9,9,2,0.4010869565217391
OFF-SU-10004780,"Fiskars Box Cutter, Steel",242,-14.927999999999999,12,5,-0.06168595041322314
OFF-SU-10004782,"Elite 5"" Scissors",179,37.18,24,7,0.2077094972067039
OFF-SU-10004784,"Elite Trimmer, Steel",49,-0.036,2,1,-0.0007346938775510204
OFF-SU-10004791,"Fiskars Letter Opener, Easy Grip",112,37.92,4,1,0.3385714285714286
OFF-SU-10004794,"Stiletto Shears, Steel",684,1.215999999999994,28,7,0.001777777777777769
OFF-SU-10004799,"Elite Ruler, Steel",32,-30.24,9,1,-0.945
OFF-SU-10004802,"Stiletto Shears, Serrated",27,1.314,1,1,0.04866666666666667
OFF-SU-10004814,"Fiskars Shears, High Speed",833,259.14,18,6,0.3110924369747899
OFF-SU-10004818,"Stiletto Trimmer, Steel",294,16.65,10,3,0.05663265306122448
OFF-SU-10004822,"Acme Letter Opener, Serrated",242,16.74,9,2,0.06917355371900825
OFF-SU-10004846,"Acme Box Cutter, Serrated",592,-104.19,28,6,-0.1759966216216216
OFF-SU-10004848,"Kleencut Shears, High Speed",832,-166.854,24,6,-0.2005456730769231
OFF-SU-10004872,"Elite Letter Opener, Easy Grip",426,103.824,15,5,0.24371830985915494
OFF-SU-10004873,"Fiskars Box Cutter, Easy Grip",74,16.32,2,1,0.22054054054054054
OFF-SU-10004884,Acme Galleria Hot Forged Steel Scissors with Colored Handles,195,49.86409999999999,13,3,0.2557133333333333
OFF-SU-10004888,"Stiletto Shears, Steel",474,42.6,10,2,0.089873417721519
OFF-SU-10004899,"Acme Scissors, Easy Grip",252,60.480000000000004,14,4,0.24000000000000002
OFF-SU-10004902,"Fiskars Ruler, Easy Grip",112,36.96,7,3,0.33
OFF-SU-10004904,"Fiskars Scissors, Serrated",116,-9.008000000000001,12,4,-0.0776551724137931
OFF-SU-10004911,"Acme Shears, High Speed",724,324.48,16,3,0.44817679558011053
OFF-SU-10004919,"Acme Letter Opener, High Speed",112,-48.7809,7,1,-0.43554375
OFF-SU-10004932,"Stiletto Ruler, Easy Grip",18,-22.88,4,1,-1.271111111111111
OFF-SU-10004938,"Fiskars Trimmer, Steel",505,-25.896,14,4,-0.05127920792079208
OFF-SU-10004980,"Acme Trimmer, Steel",968,143.88,24,7,0.14863636363636362
OFF-TEN-10000025,"Tenex Lockers, Blue",5633,799.98,32,16,0.14201668737795137
OFF-TEN-10000360,"Tenex Folders, Wire Frame",564,241.08599999999998,28,12,0.4274574468085106
OFF-TEN-10000433,"Tenex Lockers, Wire Frame",4145,919.938,23,10,0.22193920386007238
OFF-TEN-10000703,"Tenex Trays, Blue",691,94.12799999999999,14,9,0.13621997105643993
OFF-TEN-10000766,"Tenex Folders, Industrial",190,0.0,8,4,0.0
OFF-TEN-10000794,"Tenex Shelving, Wire Frame",1746,-193.48499999999999,41,13,-0.11081615120274914
OFF-TEN-10000827,"Tenex File Cart, Industrial",1301,105.80099999999999,11,7,0.08132282859338968
OFF-TEN-10000894,"Tenex Folders, Single Width",628,94.44000000000001,29,9,0.15038216560509557
OFF-TEN-10001031,"Tenex Shelving, Single Width",1067,163.575,22,11,0.1533036551077788
OFF-TEN-10001129,"Tenex Shelving, Blue",1249,-467.44199999999995,33,16,-0.3742530024019215
OFF-TEN-10001160,"Tenex Trays, Industrial",1046,10.749000000000002,21,9,0.010276290630975146
OFF-TEN-10001480,"Tenex Trays, Single Width",1323,482.70599999999996,25,7,0.3648571428571428
OFF-TEN-10001585,"Tenex Box, Single Width",184,54.15,14,8,0.29429347826086955
OFF-TEN-10002065,"Tenex Shelving, Industrial",932,-95.54400000000001,23,9,-0.10251502145922747
OFF-TEN-10002817,"Tenex Folders, Blue",274,58.33800000000001,14,9,0.21291240875912412
OFF-TEN-10002835,"Tenex Lockers, Industrial",3316,367.80600000000004,20,13,0.11091857659831122
OFF-TEN-10003089,"Tenex File Cart, Blue",2981,471.39,23,13,0.15813149949681315
OFF-TEN-10003127,"Tenex Box, Industrial",261,88.79400000000001,19,10,0.3402068965517242
OFF-TEN-10003148,"Tenex Lockers, Single Width",3389,-257.472,19,9,-0.07597285334907052
OFF-TEN-10003211,"Tenex Box, Wire Frame",182,62.592,14,12,0.3439120879120879
OFF-TEN-10003948,"Tenex Box, Blue",402,39.99,29,14,0.09947761194029851
OFF-TEN-10004194,"Tenex File Cart, Single Width",2640,996.846,23,12,0.3775931818181818
OFF-TEN-10004210,"Tenex Trays, Wire Frame",766,367.632,15,8,0.4799373368146214
OFF-TEN-10004270,"Tenex File Cart, Single Width",1943,-374.58000000000004,19,12,-0.19278435409161093
OFF-WIL-10000146,"Wilson Jones Binding Machine, Clear",572,130.656,13,5,0.22841958041958044
OFF-WIL-10000164,"Wilson Jones Binding Machine, Durable",765,-321.348,22,11,-0.42006274509803926
OFF-WIL-10000390,"Wilson Jones Binder, Durable",412,-120.636,38,14,-0.2928058252427184
OFF-WIL-10000604,"Wilson Jones Binder, Clear",267,-100.608,32,13,-0.37680898876404495
OFF-WIL-10000777,"Wilson Jones 3-Hole Punch, Recycled",495,79.065,21,10,0.15972727272727272
OFF-WIL-10000979,"Wilson Jones Hole Reinforcements, Recycled",242,49.88999999999999,51,16,0.2061570247933884
OFF-WIL-10000986,"Wilson Jones Binder Covers, Economy",191,9.648,22,8,0.0505130890052356
OFF-WIL-10001069,"Wilson Jones Hole Reinforcements, Clear",134,9.113999999999999,35,16,0.06801492537313432
OFF-WIL-10001495,"Wilson Jones Index Tab, Recycled",52,7.476,9,5,0.14376923076923076
OFF-WIL-10001801,"Wilson Jones 3-Hole Punch, Economy",422,103.38900000000001,17,8,0.2449976303317536
OFF-WIL-10001889,"Wilson Jones Hole Reinforcements, Economy",52,19.737,13,10,0.37955769230769226
OFF-WIL-10001979,"Wilson Jones Binder Covers, Clear",172,-60.824999999999996,29,10,-0.35363372093023254
OFF-WIL-10002153,"Wilson Jones 3-Hole Punch, Clear",677,104.685,29,13,0.15463072378138848
OFF-WIL-10002233,"Wilson Jones Index Tab, Durable",290,-62.415,45,13,-0.21522413793103448
OFF-WIL-10002593,"Wilson Jones Hole Reinforcements, Durable",88,21.318,16,12,0.24225000000000002
OFF-WIL-10002772,"Wilson Jones 3-Hole Punch, Durable",1005,119.829,38,15,0.11923283582089551
OFF-WIL-10002787,"Wilson Jones Binder, Recycled",288,99.21600000000001,23,12,0.34450000000000003
OFF-WIL-10002947,"Wilson Jones Index Tab, Clear",204,13.713000000000001,35,11,0.06722058823529413
OFF-WIL-10003299,"Wilson Jones Binding Machine, Recycled",1599,60.768,35,13,0.03800375234521576
OFF-WIL-10003308,"Wilson Jones Binder Covers, Recycled",365,64.965,34,11,0.17798630136986301
OFF-WIL-10003532,"Wilson Jones Binding Machine, Economy",1505,374.472,36,14,0.2488186046511628
OFF-WIL-10003774,"Wilson Jones Index Tab, Economy",138,28.919999999999998,23,11,0.20956521739130435
OFF-WIL-10003933,"Wilson Jones Binder Covers, Durable",285,83.757,29,16,0.2938842105263158
OFF-WIL-10004697,"Wilson Jones Binder, Economy",283,76.836,23,9,0.2715053003533569
OFF-XER-10000482,"Xerox Note Cards, Multicolor",129,2.687999999999999,6,5,0.020837209302325573
OFF-XER-10000566,"Xerox Note Cards, 8.5 x 11",73,-168.456,8,1,-2.307616438356164
OFF-XER-10000641,"Xerox Cards & Envelopes, Recycled",63,1.7520000000000007,2,2,0.02780952380952382
OFF-XER-10000846,"Xerox Cards & Envelopes, 8.5 x 11",884,140.94,18,2,0.1594343891402715
OFF-XER-10001429,"Xerox Parchment Paper, Recycled",17,2.601,2,2,0.153
OFF-XER-10001454,"Xerox Parchment Paper, Multicolor",88,33.3,6,2,0.37840909090909086
OFF-XER-10001513,"Xerox Message Books, Recycled",117,19.554,7,5,0.16712820512820512
OFF-XER-10001746,"Xerox Message Books, Premium",97,31.715999999999998,6,4,0.3269690721649484
OFF-XER-10002256,"Xerox Note Cards, Recycled",236,47.25,9,4,0.20021186440677965
OFF-XER-10002848,"Xerox Message Books, Multicolor",26,-50.544,4,1,-1.944
OFF-XER-10002906,"Xerox Memo Slips, Premium",55,12.96,4,3,0.23563636363636364
OFF-XER-10002982,"Xerox Memo Slips, 8.5 x 11",159,15.66,9,4,0.09849056603773584
OFF-XER-10003104,"Xerox Memo Slips, Recycled",36,-9.432,4,3,-0.262
OFF-XER-10003203,"Xerox Computer Printout Paper, Recycled",302,-50.325,20,9,-0.16663907284768212
OFF-XER-10003300,"Xerox Message Books, 8.5 x 11",275,9.911999999999999,14,5,0.03604363636363636
OFF-XER-10003329,"Xerox Computer Printout Paper, Multicolor",119,11.024999999999999,5,2,0.0926470588235294
OFF-XER-10003495,"Xerox Cards & Envelopes, Premium",153,-67.602,7,2,-0.441843137254902
OFF-XER-10003600,"Xerox Memo Slips, Multicolor",15,0.42,1,1,0.028
OFF-XER-10003901,"Xerox Computer Printout Paper, 8.5 x 11",212,19.11,7,5,0.09014150943396226
OFF-XER-10004012,"Xerox Note Cards, Premium",218,28.791,9,3,0.13206880733944953
OFF-XER-10004042,"Xerox Parchment Paper, Premium",101,20.832000000000004,9,6,0.2062574257425743
OFF-XER-10004519,"Xerox Cards & Envelopes, Multicolor",416,41.58,9,4,0.09995192307692308
OFF-XER-10004820,"Xerox Computer Printout Paper, Premium",211,105.36,8,2,0.49933649289099524
TEC-AC-10000007,"SanDisk Router, USB",3079,1292.76,12,5,0.4198635920753491
TEC-AC-10000023,"Maxell 74 Minute CD-R Spindle, 50/Pack",504,181.1808,24,5,0.3594857142857143
TEC-AC-10000025,"SanDisk Memory Card, Bluetooth",135,-83.208,2,1,-0.6163555555555555
TEC-AC-10000051,"Logitech Memory Card, USB",617,-119.1636,9,4,-0.19313387358184766
TEC-AC-10000053,"SanDisk Router, USB",2235,664.3176,12,2,0.2972338255033557
TEC-AC-10000057,Microsoft Natural Ergonomic Keyboard 4000,558,107.6641,19,5,0.19294641577060934
TEC-AC-10000086,"Logitech Mouse, USB",280,35.052,17,4,0.1251857142857143
TEC-AC-10000089,"SanDisk Router, Bluetooth",4486,1201.935,21,4,0.2679302273740526
TEC-AC-10000097,"Belkin Mouse, Programmable",620,88.24,23,5,0.1423225806451613
TEC-AC-10000097,"Memorex Keyboard, Bluetooth",642,89.64,9,4,0.13962616822429907
TEC-AC-10000109,Sony Micro Vault Click 16 GB USB 2.0 Flash Drive,1490,255.3144,29,9,0.17135194630872483
TEC-AC-10000110,"Belkin Numeric Keypad, Bluetooth",386,107.8,10,3,0.2792746113989637
TEC-AC-10000111,"SanDisk Mouse, USB",412,-87.8256,13,6,-0.21316893203883494
TEC-AC-10000115,"SanDisk Keyboard, USB",98,-19.632,2,1,-0.20032653061224492
TEC-AC-10000140,"Enermax Numeric Keypad, Bluetooth",1658,372.16200000000003,29,5,0.22446441495778047
TEC-AC-10000151,"SanDisk Flash Drive, Erganomic",330,49.64,16,5,0.15042424242424243
TEC-AC-10000152,"Logitech Flash Drive, Erganomic",378,154.8,20,4,0.40952380952380957
TEC-AC-10000158,Sony 64GB Class 10 Micro SDHC R40 Memory Card,900,132.0833,27,9,0.14675922222222224
TEC-AC-10000170,"Memorex Keyboard, Programmable",910,318.71999999999997,14,4,0.3502417582417582
TEC-AC-10000171,"Verbatim 25 GB 6x Blu-ray Single Layer Recordable Disc, 25/Pack",248,91.0404,12,5,0.3670983870967742
TEC-AC-10000199,Kingston Digital DataTraveler 8GB USB 2.0,44,-2.0229999999999997,9,3,-0.04597727272727272
TEC-AC-10000203,"SanDisk Router, Bluetooth",6599,2597.14,45,11,0.3935656917714805
TEC-AC-10000212,"SanDisk Memory Card, Erganomic",1014,10.823999999999998,10,3,0.01067455621301775
TEC-AC-10000218,"SanDisk Numeric Keypad, USB",192,-35.244,6,2,-0.1835625
TEC-AC-10000221,"Belkin Memory Card, Programmable",1920,173.20499999999998,19,4,0.09021093749999999
TEC-AC-10000241,"Enermax Numeric Keypad, Bluetooth",675,68.736,20,3,0.10183111111111112
TEC-AC-10000244,"Memorex Router, USB",3614,-289.20000000000005,24,6,-0.08002213613724406
TEC-AC-10000254,"Belkin Keyboard, Programmable",897,-95.97,14,2,-0.10698996655518395
TEC-AC-10000254,"Enermax Flash Drive, Bluetooth",623,198.89999999999998,15,3,0.3192616372391653
TEC-AC-10000258,"Belkin Numeric Keypad, Bluetooth",713,290.808,14,4,0.40786535764375875
TEC-AC-10000263,"Belkin Mouse, USB",334,105.836,13,5,0.316874251497006
TEC-AC-10000264,"Memorex Memory Card, Erganomic",400,112.08,4,1,0.2802
TEC-AC-10000269,"Memorex Numeric Keypad, USB",897,-403.5726,36,6,-0.44991371237458194
TEC-AC-10000271,"Enermax Router, Erganomic",137,-191.272,2,1,-1.3961459854014597
TEC-AC-10000284,"Belkin Flash Drive, Bluetooth",446,88.3422,12,4,0.1980766816143498
TEC-AC-10000290,Sabrent 4-Port USB 2.0 Hub,97,29.197,15,4,0.301
TEC-AC-10000303,Logitech M510 Wireless Mouse,240,52.3869,7,3,0.21827875
TEC-AC-10000317,"Logitech Memory Card, Programmable",944,213.83999999999997,12,3,0.22652542372881354
TEC-AC-10000332,"Logitech Keyboard, USB",965,11.158200000000008,19,5,0.011562901554404153
TEC-AC-10000335,"Belkin Router, Programmable",2049,242.89999999999998,13,5,0.11854563201561737
TEC-AC-10000336,"Enermax Mouse, Bluetooth",430,163.72,18,5,0.3807441860465116
TEC-AC-10000342,"Logitech Numeric Keypad, Programmable",38,-13.404,3,1,-0.3527368421052632
TEC-AC-10000354,"Belkin Numeric Keypad, USB",578,-533.376,20,4,-0.922795847750865
TEC-AC-10000358,Imation Secure Drive + Hardware Encrypted USB flash drive - 16 GB,889,196.0284,24,6,0.22050438695163105
TEC-AC-10000376,"Memorex Router, Bluetooth",6401,2565.5,41,9,0.40079675050773317
TEC-AC-10000387,KeyTronic KT800P2 - Keyboard - Black,75,1.2015999999999998,6,3,0.016021333333333332
TEC-AC-10000394,"Belkin Numeric Keypad, Bluetooth",404,173.67000000000002,7,2,0.4298762376237624
TEC-AC-10000397,"Enermax Mouse, USB",527,63.18000000000001,13,3,0.11988614800759015
TEC-AC-10000397,"Perixx PERIBOARD-512B, Ergonomic Split Keyboard",420,29.391599999999997,12,3,0.06997999999999999
TEC-AC-10000398,"SanDisk Memory Card, Programmable",2880,-652.7043,31,7,-0.2266334375
TEC-AC-10000420,"Belkin Router, USB",4869,2113.068,19,4,0.4339839802834258
TEC-AC-10000420,Logitech G500s Laser Gaming Mouse with Adjustable Weight Tuning,1400,429.7386,21,4,0.30695614285714284
TEC-AC-10000422,"Belkin Numeric Keypad, Bluetooth",754,233.22,13,2,0.3093103448275862
TEC-AC-10000431,"Belkin Flash Drive, Bluetooth",308,78.5,13,4,0.25487012987012986
TEC-AC-10000450,"Enermax Keyboard, USB",812,194.829,11,4,0.23993719211822662
TEC-AC-10000462,"Logitech Keyboard, Programmable",296,70.92,4,1,0.2395945945945946
TEC-AC-10000474,Kensington Expert Mouse Optical USB Trackball for PC or Mac,1691,360.962,20,6,0.21346067415730335
TEC-AC-10000474,"Logitech Flash Drive, USB",202,78.012,7,2,0.3861980198019802
TEC-AC-10000483,"SanDisk Memory Card, Bluetooth",2609,-9.288000000000004,24,8,-0.0035599846684553483
TEC-AC-10000487,SanDisk Cruzer 4 GB USB Flash Drive,26,5.5165,5,2,0.2121730769230769
TEC-AC-10000494,"Logitech Numeric Keypad, USB",695,295.04699999999997,15,7,0.4245280575539568
TEC-AC-10000499,"Memorex Memory Card, USB",416,118.7688,5,2,0.28550192307692307
TEC-AC-10000501,"Enermax Router, Programmable",2252,17.159999999999968,15,5,0.007619893428063929
TEC-AC-10000510,"SanDisk Flash Drive, Bluetooth",111,46.632000000000005,3,2,0.42010810810810817
TEC-AC-10000512,"Enermax Keyboard, Bluetooth",250,120.15,3,1,0.4806
TEC-AC-10000519,"Belkin Keyboard, Programmable",581,33.983999999999995,10,2,0.05849225473321858
TEC-AC-10000521,"Verbatim Slim CD and DVD Storage Cases, 50/Pack",81,16.156,8,4,0.19945679012345677
TEC-AC-10000530,"Logitech Memory Card, Bluetooth",827,115.68,8,3,0.13987908101571947
TEC-AC-10000540,"Logitech Mouse, Erganomic",33,-21.132,2,1,-0.6403636363636364
TEC-AC-10000540,"Memorex Numeric Keypad, USB",155,-62.028,6,1,-0.4001806451612903
TEC-AC-10000575,"Logitech Keyboard, Programmable",523,197.14000000000001,12,5,0.3769407265774379
TEC-AC-10000580,Logitech G13 Programmable Gameboard with LCD Display,1040,43.194599999999994,14,4,0.04153326923076923
TEC-AC-10000588,"SanDisk Flash Drive, Bluetooth",174,43.476,6,2,0.24986206896551724
TEC-AC-10000596,"Enermax Memory Card, Erganomic",1520,348.51,18,5,0.2292828947368421
TEC-AC-10000598,"Belkin Flash Drive, USB",22,-18.56,2,1,-0.8436363636363636
TEC-AC-10000633,"Enermax Memory Card, USB",229,36.66,2,1,0.16008733624454147
TEC-AC-10000639,"Belkin Router, Bluetooth",3131,742.515,13,4,0.2371494730118173
TEC-AC-10000642,"Logitech Flash Drive, Bluetooth",581,169.5249,22,5,0.291781239242685
TEC-AC-10000657,"Enermax Memory Card, Bluetooth",229,36.6,2,1,0.15982532751091705
TEC-AC-10000682,Kensington K72356US Mouse-in-a-Box USB Desktop Mouse,322,106.176,20,6,0.3297391304347826
TEC-AC-10000692,"Logitech Keyboard, Erganomic",1359,26.68,29,7,0.019632082413539368
TEC-AC-10000710,Maxell DVD-RAM Discs,296,127.5552,18,3,0.4309297297297297
TEC-AC-10000712,"Enermax Router, Programmable",2599,1065.3,10,2,0.4098884186225471
TEC-AC-10000736,Logitech G600 MMO Gaming Mouse,1616,540.7324,21,8,0.3346116336633663
TEC-AC-10000742,"SanDisk Flash Drive, Erganomic",682,80.7045,23,3,0.11833504398826979
TEC-AC-10000763,"SanDisk Memory Card, USB",960,277.544,14,5,0.2891083333333333
TEC-AC-10000766,"SanDisk Mouse, Bluetooth",20,-16.368,2,1,-0.8183999999999999
TEC-AC-10000815,"Enermax Flash Drive, Erganomic",216,61.965,7,4,0.286875
TEC-AC-10000827,"SanDisk Keyboard, Programmable",1826,-126.60000000000001,28,6,-0.06933187294633078
TEC-AC-10000844,Logitech Gaming G510s - Keyboard,2363,676.5204,31,8,0.286297249259416
TEC-AC-10000857,"Belkin Router, Programmable",1210,7.762500000000017,6,2,0.006415289256198361
TEC-AC-10000860,"Enermax Numeric Keypad, USB",984,-326.33099999999996,27,6,-0.33163719512195117
TEC-AC-10000861,"SanDisk Router, Erganomic",2947,172.626,13,7,0.0585768578215134
TEC-AC-10000863,"Enermax Numeric Keypad, Erganomic",1411,154.8,24,6,0.10970942593905032
TEC-AC-10000865,"Enermax Keyboard, Bluetooth",735,-237.19199999999998,12,2,-0.32271020408163265
TEC-AC-10000865,WD My Passport Ultra 500GB Portable External Hard Drive,708,120.36,12,4,0.17
TEC-AC-10000866,"Belkin Router, Erganomic",8703,-455.19480000000004,43,7,-0.05230320579110652
TEC-AC-10000873,"Belkin Mouse, USB",131,22.824,4,2,0.1742290076335878
TEC-AC-10000883,"Belkin Mouse, Bluetooth",386,136.988,15,4,0.35489119170984457
TEC-AC-10000887,"Enermax Flash Drive, Bluetooth",342,46.3296,9,3,0.13546666666666665
TEC-AC-10000890,"Belkin Router, USB",5109,1463.424,32,10,0.28644039929536114
TEC-AC-10000892,NETGEAR N750 Dual Band Wi-Fi Gigabit Router,1890,622.8,22,7,0.3295238095238095
TEC-AC-10000896,"Belkin Numeric Keypad, Erganomic",763,25.7325,15,6,0.03372542595019659
TEC-AC-10000926,NETGEAR RangeMax WNR1000 Wireless Router,60,11.9952,3,1,0.19992000000000001
TEC-AC-10000927,Anker Ultrathin Bluetooth Wireless Keyboard Aluminum Cover with Stand,492,32.989,17,4,0.06705081300813008
TEC-AC-10000929,"Belkin Mouse, Bluetooth",276,128.568,7,4,0.4658260869565218
TEC-AC-10000957,"Logitech Memory Card, Bluetooth",1806,94.82400000000001,34,6,0.052504983388704324
TEC-AC-10000990,Imation Bio 2GB USB Flash Drive Imation Corp,2099,881.5296,16,3,0.4199759885659838
TEC-AC-10000991,Sony Micro Vault Click 8 GB USB 2.0 Flash Drive,583,57.3278,13,4,0.09833241852487136
TEC-AC-10001002,"SanDisk Memory Card, USB",169,-125.01,3,1,-0.7397041420118343
TEC-AC-10001013,Logitech ClearChat Comfort/USB Headset H390,533,160.2163,19,6,0.3005934333958724
TEC-AC-10001013,"SanDisk Mouse, USB",216,-10.288,10,4,-0.04762962962962963
TEC-AC-10001022,"SanDisk Flash Drive, USB",921,29.8125,28,8,0.03236970684039088
TEC-AC-10001030,"Memorex Flash Drive, Erganomic",258,-84.645,14,4,-0.3280813953488372
TEC-AC-10001032,"Enermax Numeric Keypad, Bluetooth",487,-20.295,15,3,-0.0416735112936345
TEC-AC-10001047,"SanDisk Router, Erganomic",169,84.72,1,1,0.501301775147929
TEC-AC-10001055,"Enermax Numeric Keypad, Bluetooth",1262,-152.88,37,8,-0.12114104595879556
TEC-AC-10001056,"Belkin Router, USB",8288,3894.72,32,7,0.4699227799227799
TEC-AC-10001075,"Belkin Keyboard, USB",202,-10.104,4,1,-0.050019801980198016
TEC-AC-10001076,"Memorex Keyboard, USB",1003,460.74,21,4,0.45936191425722833
TEC-AC-10001082,"Enermax Keyboard, Bluetooth",1169,17.4,22,5,0.014884516680923865
TEC-AC-10001089,"Enermax Keyboard, Erganomic",2359,1177.98,29,8,0.49935565917761765
TEC-AC-10001090,"Enermax Mouse, Programmable",741,295.7667,19,6,0.39914534412955466
TEC-AC-10001090,Micro Innovations Wireless Classic Keyboard with Mouse,108,9.5968,4,2,0.08885925925925926
TEC-AC-10001100,"Logitech Router, Bluetooth",3958,-821.4300000000001,21,5,-0.2075366346639717
TEC-AC-10001101,Sony 16GB Class 10 Micro SDHC R40 Memory Card,191,5.155999999999999,16,4,0.026994764397905754
TEC-AC-10001106,"Belkin Numeric Keypad, Erganomic",63,-74.32,4,1,-1.1796825396825397
TEC-AC-10001109,Logitech Trackman Marble Mouse,774,286.70439999999996,28,9,0.3704191214470284
TEC-AC-10001114,Microsoft Wireless Mobile Mouse 4000,592,183.954,15,4,0.3107331081081081
TEC-AC-10001142,First Data FD10 PIN Pad,1722,15.800000000000004,24,5,0.009175377468060398
TEC-AC-10001172,"Logitech Numeric Keypad, Erganomic",517,179.232,23,5,0.3466769825918762
TEC-AC-10001187,"Memorex Keyboard, USB",1173,5.520000000000003,17,6,0.0047058823529411795
TEC-AC-10001197,"Logitech Memory Card, Erganomic",553,85.672,11,4,0.15492224231464738
TEC-AC-10001221,"Memorex Memory Card, USB",2188,416.64,35,8,0.19042047531992687
TEC-AC-10001226,"Enermax Mouse, Programmable",865,-12.537,21,6,-0.014493641618497111
TEC-AC-10001243,"Enermax Mouse, Bluetooth",484,57.96,12,4,0.11975206611570248
TEC-AC-10001246,"Enermax Numeric Keypad, Erganomic",831,87.46400000000001,24,7,0.10525150421179304
TEC-AC-10001251,"Belkin Numeric Keypad, Erganomic",830,16.38,14,3,0.019734939759036143
TEC-AC-10001254,"Enermax Memory Card, Programmable",1944,530.4342,20,4,0.2728570987654321
TEC-AC-10001258,"Belkin Router, Erganomic",5901,2773.11,23,4,0.4699389933909507
TEC-AC-10001266,Memorex Micro Travel Drive 8 GB,299,113.1,26,8,0.3782608695652174
TEC-AC-10001267,Imation 32GB Pocket Pro USB 3.0 Flash Drive - 32 GB - Black - 1 P ...,468,143.76,18,5,0.3071794871794872
TEC-AC-10001274,"Belkin Memory Card, Bluetooth",1699,25.187999999999995,27,5,0.014825191288993523
TEC-AC-10001278,"Enermax Flash Drive, USB",751,148.07999999999998,19,6,0.19717709720372834
TEC-AC-10001284,Enermax Briskie RF Wireless Keyboard and Mouse Combo,468,150.3748,24,5,0.3213136752136752
TEC-AC-10001295,"Memorex Memory Card, Bluetooth",532,200.424,6,2,0.37673684210526315
TEC-AC-10001311,"Belkin Keyboard, Erganomic",816,316.76,17,4,0.3881862745098039
TEC-AC-10001312,"Logitech Numeric Keypad, Erganomic",808,57.711600000000004,25,5,0.07142524752475247
TEC-AC-10001314,Case Logic 2.4GHz Wireless Keyboard,1230,-11.997600000000006,27,8,-0.00975414634146342
TEC-AC-10001341,"Enermax Memory Card, USB",2292,420.2,35,8,0.18333333333333332
TEC-AC-10001348,"Logitech Router, Bluetooth",1877,-326.5812,9,4,-0.17399104954714972
TEC-AC-10001352,"SanDisk Numeric Keypad, Bluetooth",1357,-171.3615,31,9,-0.12627966101694915
TEC-AC-10001355,"Memorex Router, Programmable",891,99.036,6,2,0.11115151515151515
TEC-AC-10001364,"Logitech Numeric Keypad, Programmable",434,123.608,18,5,0.2848110599078341
TEC-AC-10001383,Logitech Wireless Touch Keyboard K400,365,53.7285,15,3,0.1472013698630137
TEC-AC-10001402,"Memorex Numeric Keypad, Bluetooth",272,103.5,6,3,0.3805147058823529
TEC-AC-10001405,"Logitech Router, Bluetooth",2128,642.852,15,5,0.3020921052631579
TEC-AC-10001406,"Enermax Memory Card, Programmable",116,45.18,1,1,0.38948275862068965
TEC-AC-10001407,"Belkin Mouse, Erganomic",395,24.592,19,6,0.06225822784810126
TEC-AC-10001410,"Memorex Memory Card, Bluetooth",1773,478.40000000000003,26,4,0.26982515510434296
TEC-AC-10001432,Enermax Aurora Lite Keyboard,1641,722.106,21,5,0.4400402193784278
TEC-AC-10001438,"SanDisk Flash Drive, Programmable",1280,88.0584,35,8,0.068795625
TEC-AC-10001441,"SanDisk Mouse, Erganomic",866,172.8,24,6,0.19953810623556584
TEC-AC-10001445,Imation USB 2.0 Swivel Flash Drive USB flash drive - 4 GB - Pink,42,8.9082,14,3,0.2121
TEC-AC-10001455,"Logitech Memory Card, Erganomic",243,-137.664,4,1,-0.5665185185185184
TEC-AC-10001463,"Logitech Numeric Keypad, Programmable",981,156.26999999999998,21,5,0.15929663608562689
TEC-AC-10001465,SanDisk Cruzer 64 GB USB Flash Drive,1184,319.61600000000004,34,9,0.269945945945946
TEC-AC-10001486,"Belkin Flash Drive, Programmable",1237,64.44,30,6,0.052093775262732414
TEC-AC-10001491,"Enermax Flash Drive, Bluetooth",856,-1.4399999999999977,32,8,-0.001682242990654203
TEC-AC-10001500,"Logitech Memory Card, Erganomic",2333,-331.21049999999997,28,5,-0.1419676382340334
TEC-AC-10001539,Logitech G430 Surround Sound Gaming Headset with Dolby 7.1 Technology,1248,377.5528,17,4,0.30252628205128207
TEC-AC-10001542,SanDisk Cruzer 16 GB USB Flash Drive,108,14.924000000000001,10,3,0.1381851851851852
TEC-AC-10001552,Logitech K350 2.4Ghz Wireless Keyboard,1155,47.2815,25,5,0.04093636363636364
TEC-AC-10001553,"Memorex 25GB 6X Branded Blu-Ray Recordable Disc, 15/Pack",374,24.8054,26,5,0.06632459893048127
TEC-AC-10001564,"Logitech Numeric Keypad, Erganomic",970,371.94,23,4,0.38344329896907214
TEC-AC-10001566,"Logitech Router, Erganomic",3432,617.4,14,4,0.17989510489510488
TEC-AC-10001590,Dell Slim USB Multimedia Keyboard,125,30.0,5,2,0.24
TEC-AC-10001592,"Enermax Flash Drive, Programmable",52,-30.996,2,1,-0.5960769230769231
TEC-AC-10001600,"Belkin Numeric Keypad, Bluetooth",856,327.66,16,4,0.3827803738317757
TEC-AC-10001606,Logitech Wireless Performance Mouse MX for PC and Mac,1800,497.9502,21,7,0.276639
TEC-AC-10001608,"Memorex Flash Drive, USB",78,-10.4835,5,2,-0.13440384615384615
TEC-AC-10001611,"Memorex Numeric Keypad, Bluetooth",364,101.52,8,2,0.2789010989010989
TEC-AC-10001616,"SanDisk Numeric Keypad, Erganomic",1746,107.53500000000001,32,5,0.06158934707903781
TEC-AC-10001635,KeyTronic KT400U2 - Keyboard - Black,149,24.672,15,3,0.16558389261744966
TEC-AC-10001636,"Belkin Mouse, Erganomic",1042,176.58,27,6,0.16946257197696737
TEC-AC-10001639,"Belkin Flash Drive, Erganomic",622,-127.1475,23,7,-0.20441720257234725
TEC-AC-10001660,"Enermax Flash Drive, USB",709,276.42,17,3,0.3898730606488012
TEC-AC-10001664,"SanDisk Keyboard, USB",423,-47.4858,8,3,-0.1122595744680851
TEC-AC-10001666,"Memorex Numeric Keypad, Erganomic",1027,164.34,22,5,0.16001947419668938
TEC-AC-10001688,"Enermax Keyboard, Programmable",781,59.792,14,5,0.07655825864276569
TEC-AC-10001696,"Belkin Flash Drive, Erganomic",207,63.6,9,2,0.3072463768115942
TEC-AC-10001703,"Memorex Keyboard, USB",493,-105.435,9,3,-0.21386409736308318
TEC-AC-10001705,"Logitech Keyboard, Bluetooth",1159,216.96,26,4,0.1871958584987058
TEC-AC-10001714,Logitech MX Performance Wireless Mouse,791,211.8159,23,7,0.2677824273072061
TEC-AC-10001719,"Enermax Flash Drive, Erganomic",388,138.776,19,5,0.3576701030927835
TEC-AC-10001720,"Enermax Memory Card, Bluetooth",229,34.26,2,1,0.1496069868995633
TEC-AC-10001728,"SanDisk Flash Drive, Programmable",460,76.448,20,6,0.16619130434782609
TEC-AC-10001735,"Logitech Mouse, Bluetooth",752,-30.167999999999992,31,9,-0.040117021276595735
TEC-AC-10001745,"Memorex Flash Drive, Programmable",62,14.82,2,1,0.23903225806451614
TEC-AC-10001748,"SanDisk Flash Drive, USB",80,15.9,2,1,0.19875
TEC-AC-10001754,"SanDisk Memory Card, Bluetooth",1350,464.52,20,6,0.3440888888888889
TEC-AC-10001756,"Memorex Numeric Keypad, USB",585,225.15200000000002,22,6,0.3848752136752137
TEC-AC-10001765,"Enermax Memory Card, Bluetooth",992,49.4,13,3,0.04979838709677419
TEC-AC-10001767,SanDisk Ultra 64 GB MicroSDHC Class 10 Memory Card,928,37.9905,25,6,0.04093803879310345
TEC-AC-10001772,Memorex Mini Travel Drive 16 GB USB 2.0 Flash Drive,720,280.2735,45,6,0.38926875
TEC-AC-10001791,"Memorex Mouse, Programmable",208,14.489999999999998,7,2,0.06966346153846154
TEC-AC-10001792,"Logitech Mouse, Programmable",246,19.68,8,2,0.08
TEC-AC-10001830,"Enermax Router, Erganomic",1709,-423.62,13,5,-0.24787595084844938
TEC-AC-10001831,"Memorex Keyboard, Bluetooth",57,-52.848,3,1,-0.9271578947368421
TEC-AC-10001835,"Belkin Mouse, Programmable",900,-7.488599999999998,25,8,-0.008320666666666665
TEC-AC-10001838,Razer Tiamat Over Ear 7.1 Surround Sound PC Gaming Headset,5120,2155.8922,26,7,0.42107269531249997
TEC-AC-10001840,"SanDisk Mouse, Erganomic",758,151.6488,23,5,0.20006437994722953
TEC-AC-10001874,Logitech Wireless Anywhere Mouse MX for PC and Mac,552,89.985,11,3,0.16301630434782607
TEC-AC-10001876,"Logitech Memory Card, USB",552,154.68,9,2,0.28021739130434786
TEC-AC-10001904,"Logitech Mouse, Bluetooth",954,422.89799999999997,33,7,0.44328930817610057
TEC-AC-10001907,"SanDisk Flash Drive, Bluetooth",366,82.59960000000001,13,3,0.2256819672131148
TEC-AC-10001908,Logitech Wireless Headset h800,2800,719.928,32,6,0.2571171428571429
TEC-AC-10001942,"Memorex Flash Drive, Programmable",341,111.87,11,3,0.32806451612903226
TEC-AC-10001948,"Belkin Numeric Keypad, USB",1213,112.412,35,9,0.0926727122835944
TEC-AC-10001949,"Enermax Router, Bluetooth",2067,185.76,8,2,0.08986937590711175
TEC-AC-10001950,"Belkin Flash Drive, Programmable",319,6.16,11,3,0.019310344827586208
TEC-AC-10001951,"Enermax Memory Card, Erganomic",90,-49.38,3,1,-0.5486666666666667
TEC-AC-10001956,Microsoft Arc Touch Mouse,360,91.124,7,2,0.2531222222222222
TEC-AC-10001974,"Logitech Memory Card, Bluetooth",124,-53.784,2,1,-0.43374193548387097
TEC-AC-10001987,"Memorex Numeric Keypad, Bluetooth",948,130.5738,25,6,0.1377360759493671
TEC-AC-10001990,"Enermax Router, USB",2068,723.84,12,3,0.3500193423597679
TEC-AC-10001990,Kensington Orbit Wireless Mobile Trackball for PC and Mac,1704,357.5404,33,5,0.20982417840375586
TEC-AC-10001995,"Logitech Router, USB",3464,928.0646999999999,16,5,0.26791706120092373
TEC-AC-10001998,Logitech LS21 Speaker System - PC Multimedia - 2.1-CH - Wired,208,62.7686,11,6,0.3017721153846154
TEC-AC-10002001,Logitech Wireless Gaming Headset G930,2880,763.1523,21,6,0.2649834375
TEC-AC-10002006,Memorex Micro Travel Drive 16 GB,557,126.1611,39,6,0.22650107719928186
TEC-AC-10002013,"SanDisk Numeric Keypad, Bluetooth",704,147.44,19,3,0.2094318181818182
TEC-AC-10002014,"Belkin Flash Drive, USB",405,168.54,10,3,0.41614814814814816
TEC-AC-10002015,"Logitech Router, Programmable",1360,449.416,9,2,0.33045294117647056
TEC-AC-10002017,"Belkin Memory Card, Erganomic",845,337.86,9,4,0.39983431952662724
TEC-AC-10002018,AmazonBasics 3-Button USB Wired Mouse,88,32.2938,14,5,0.366975
TEC-AC-10002025,"Memorex Flash Drive, Bluetooth",39,-38.3,5,1,-0.982051282051282
TEC-AC-10002048,"Enermax Flash Drive, Bluetooth",77,-110.51599999999999,7,2,-1.4352727272727273
TEC-AC-10002049,Logitech G19 Programmable Gaming Keyboard,4390,729.0612,36,8,0.16607316628701593
TEC-AC-10002049,Plantronics Savi W720 Multi-Device Wireless Headset System,9368,3696.2819999999997,24,7,0.39456468830059777
TEC-AC-10002076,Microsoft Natural Keyboard Elite,1497,20.95799999999999,29,4,0.013999999999999993
TEC-AC-10002086,"SanDisk Keyboard, Erganomic",1784,794.025,24,4,0.44508127802690584
TEC-AC-10002110,"Memorex Mouse, Programmable",206,-27.088,12,4,-0.13149514563106796
TEC-AC-10002122,"Belkin Keyboard, Erganomic",980,58.68,12,3,0.05987755102040816
TEC-AC-10002130,"Logitech Flash Drive, Erganomic",91,27.144,4,2,0.29828571428571427
TEC-AC-10002134,Rosewill 107 Normal Keys USB Wired Standard Keyboard,105,0.8087999999999997,9,3,0.007702857142857141
TEC-AC-10002145,"Belkin Memory Card, Programmable",70,-22.104,1,1,-0.31577142857142854
TEC-AC-10002148,"Belkin Keyboard, Programmable",512,86.94,9,1,0.1698046875
TEC-AC-10002153,"Logitech Memory Card, Bluetooth",276,-227.52,10,1,-0.8243478260869566
TEC-AC-10002158,"Enermax Memory Card, Erganomic",1155,322.8,14,5,0.2794805194805195
TEC-AC-10002159,"Logitech Router, Erganomic",1307,392.15999999999997,10,3,0.3000459066564652
TEC-AC-10002167,Imation 8gb Micro Traveldrive Usb 2.0 Flash Drive,357,23.25,25,8,0.06512605042016807
TEC-AC-10002170,"Enermax Numeric Keypad, USB",552,68.83999999999999,16,4,0.12471014492753621
TEC-AC-10002170,"Logitech Flash Drive, Programmable",400,32.211999999999996,19,7,0.08052999999999999
TEC-AC-10002172,"Memorex Keyboard, Programmable",2260,1.9199999999999857,36,8,0.0008495575221238874
TEC-AC-10002204,"Belkin Flash Drive, Erganomic",796,23.4,20,5,0.029396984924623115
TEC-AC-10002217,Imation Clip USB flash drive - 8 GB,444,1.879999999999999,25,7,0.004234234234234232
TEC-AC-10002218,"Memorex Keyboard, Erganomic",414,8.28,6,3,0.019999999999999997
TEC-AC-10002219,"SanDisk Memory Card, Programmable",1732,582.872,28,6,0.3365311778290993
TEC-AC-10002221,"Memorex Mouse, Bluetooth",865,-51.74250000000001,37,9,-0.05981791907514452
TEC-AC-10002224,"Belkin Numeric Keypad, USB",148,-166.84,10,1,-1.1272972972972972
TEC-AC-10002243,"SanDisk Keyboard, Programmable",1761,308.0856,25,7,0.17494923339011925
TEC-AC-10002244,"Enermax Router, Erganomic",6240,-154.02960000000002,32,7,-0.02468423076923077
TEC-AC-10002253,Imation Bio 8GB USB Flash Drive Imation Corp,2659,398.976,16,4,0.15004738623542685
TEC-AC-10002255,"Memorex Keyboard, Erganomic",2075,445.683,38,11,0.21478698795180723
TEC-AC-10002257,"Enermax Router, Bluetooth",3996,-7.376000000000005,28,6,-0.001845845845845847
TEC-AC-10002257,"Logitech Numeric Keypad, Bluetooth",574,182.808,13,5,0.3184808362369338
TEC-AC-10002263,"SanDisk Memory Card, Bluetooth",900,116.88,8,3,0.12986666666666666
TEC-AC-10002289,"SanDisk Numeric Keypad, Erganomic",910,154.56,16,3,0.16984615384615384
TEC-AC-10002295,"Logitech Flash Drive, Bluetooth",61,23.76,2,1,0.3895081967213115
TEC-AC-10002305,KeyTronic E03601U1 - Keyboard - Beige,324,58.32,18,6,0.18
TEC-AC-10002308,"Belkin Memory Card, Erganomic",2327,605.12,31,6,0.26004297378599056
TEC-AC-10002322,"Memorex Memory Card, Bluetooth",1330,278.85,13,3,0.20966165413533835
TEC-AC-10002323,SanDisk Ultra 32 GB MicroSDHC Class 10 Memory Card,883,38.012,44,11,0.043048697621744056
TEC-AC-10002324,"Enermax Numeric Keypad, Bluetooth",1357,-74.8722,26,11,-0.055174797347089174
TEC-AC-10002331,"Maxell 74 Minute CDR, 10/Pack",232,72.5676,26,5,0.31279137931034484
TEC-AC-10002335,"Belkin Memory Card, USB",2707,-640.6794,30,9,-0.23667506464721094
TEC-AC-10002335,Logitech Media Keyboard K200,504,50.3856,16,4,0.09997142857142856
TEC-AC-10002340,"Logitech Router, Bluetooth",891,-1068.528,8,2,-1.1992457912457912
TEC-AC-10002345,HP Standard 104 key PS/2 Keyboard,276,58.0,20,6,0.21014492753623187
TEC-AC-10002348,"Enermax Memory Card, USB",1490,223.47,13,2,0.14997986577181208
TEC-AC-10002357,"SanDisk Numeric Keypad, USB",914,212.112,33,5,0.23207002188183806
TEC-AC-10002363,"Logitech Keyboard, USB",726,152.4,10,3,0.20991735537190084
TEC-AC-10002364,"Enermax Router, USB",517,149.94,2,1,0.2900193423597679
TEC-AC-10002370,Maxell CD-R Discs,16,3.7036,9,3,0.231475
TEC-AC-10002370,"SanDisk Flash Drive, Bluetooth",521,121.52799999999999,22,8,0.23325911708253358
TEC-AC-10002380,Sony 8GB Class 10 Micro SDHC R40 Memory Card,27,0.3399,3,1,0.012588888888888887
TEC-AC-10002389,"Enermax Mouse, USB",162,38.88,4,1,0.24000000000000002
TEC-AC-10002399,SanDisk Cruzer 32 GB USB Flash Drive,361,102.708,20,6,0.28450969529085873
TEC-AC-10002402,Razer Kraken PRO Over Ear PC and Music Headset,2160,479.94,30,8,0.22219444444444444
TEC-AC-10002455,"Logitech Flash Drive, Programmable",646,58.542,27,6,0.09062229102167182
TEC-AC-10002458,"Logitech Mouse, Bluetooth",302,-18.592000000000002,19,5,-0.06156291390728478
TEC-AC-10002473,Maxell 4.7GB DVD-R,1232,411.2262,49,11,0.3337875
TEC-AC-10002482,"Logitech Mouse, Erganomic",316,-85.347,15,4,-0.27008544303797466
TEC-AC-10002522,"Memorex Router, Erganomic",781,165.864,4,2,0.21237387964148527
TEC-AC-10002530,"Memorex Numeric Keypad, USB",125,-19.392000000000003,5,2,-0.15513600000000002
TEC-AC-10002533,"Enermax Memory Card, USB",5482,-4.926000000000023,57,12,-0.000898577161619851
TEC-AC-10002543,"Enermax Mouse, Bluetooth",161,70.8,4,1,0.43975155279503103
TEC-AC-10002545,"Logitech Router, Bluetooth",198,-98.964,3,1,-0.49981818181818183
TEC-AC-10002550,Maxell 4.7GB DVD-RW 3/Pack,146,41.418,10,4,0.2836849315068493
TEC-AC-10002550,"Memorex 25GB 6X Branded Blu-Ray Recordable Disc, 30/Pack",473,-32.2695,17,4,-0.068223044397463
TEC-AC-10002558,Imation Swivel Flash Drive USB flash drive - 8 GB,54,17.6235,5,2,0.3263611111111111
TEC-AC-10002567,Logitech G602 Wireless Gaming Mouse,2000,515.1356000000001,29,9,0.2575678
TEC-AC-10002568,"Enermax Numeric Keypad, Erganomic",839,191.51579999999998,20,5,0.22826674612634087
TEC-AC-10002581,"SanDisk Flash Drive, Erganomic",37,-35.91,2,1,-0.9705405405405404
TEC-AC-10002600,Belkin QODE FastFit Bluetooth Keyboard,496,16.107,9,2,0.032473790322580645
TEC-AC-10002601,"SanDisk Router, Bluetooth",695,-138.54149999999998,5,2,-0.19934028776978416
TEC-AC-10002607,"Enermax Mouse, USB",11,-10.26,1,1,-0.9327272727272727
TEC-AC-10002629,"Belkin Memory Card, Programmable",1783,736.42,25,5,0.4130229949523275
TEC-AC-10002637,Logitech VX Revolution Cordless Laser Mouse for Notebooks (Black),3744,21.598799999999997,22,5,0.005768910256410255
TEC-AC-10002647,"Logitech Wireless Boombox Speaker - portable - wireless, wired",383,148.96,4,2,0.3889295039164491
TEC-AC-10002649,"Belkin Keyboard, Programmable",1379,285.687,20,5,0.20716968817984047
TEC-AC-10002664,"SanDisk Keyboard, Programmable",2015,552.848,40,10,0.27436625310173696
TEC-AC-10002670,"Logitech Mouse, Erganomic",501,20.924999999999997,23,5,0.04176646706586826
TEC-AC-10002688,"Memorex Memory Card, Bluetooth",1007,233.1168,14,4,0.2314963257199603
TEC-AC-10002702,"Enermax Keyboard, Bluetooth",453,-32.6322,6,4,-0.07203576158940397
TEC-AC-10002712,"Enermax Keyboard, Erganomic",1637,-71.064,35,9,-0.04341111789859499
TEC-AC-10002718,Belkin Standard 104 key USB Keyboard,266,5.1065,21,6,0.01919736842105263
TEC-AC-10002719,"Enermax Router, Programmable",3130,363.4515,15,4,0.11611869009584665
TEC-AC-10002738,"Belkin Memory Card, Programmable",3838,825.69,37,10,0.21513548723293383
TEC-AC-10002749,"Enermax Mouse, USB",238,-15.120000000000001,12,4,-0.06352941176470589
TEC-AC-10002756,"SanDisk Keyboard, Bluetooth",472,-84.966,9,3,-0.18001271186440676
TEC-AC-10002760,"Memorex Memory Card, Erganomic",1321,-80.064,21,5,-0.06060862982588947
TEC-AC-10002795,"Memorex Mouse, Programmable",279,-81.46860000000001,16,4,-0.29200215053763445
TEC-AC-10002799,"Memorex Memory Card, Programmable",1854,421.824,30,10,0.2275210355987055
TEC-AC-10002800,Plantronics Audio 478 Stereo USB Headset,1620,514.897,34,9,0.3178376543209877
TEC-AC-10002815,"SanDisk Keyboard, Erganomic",159,22.2,3,1,0.13962264150943396
TEC-AC-10002833,"Logitech Mouse, USB",546,63.829499999999996,21,6,0.11690384615384615
TEC-AC-10002842,"Belkin Memory Card, Bluetooth",138,-27.588,2,1,-0.1999130434782609
TEC-AC-10002842,"Memorex Mouse, Bluetooth",23,-29.904,3,1,-1.3001739130434782
TEC-AC-10002842,WD My Passport Ultra 2TB Portable External Hard Drive,3998,499.8,35,8,0.12501250625312657
TEC-AC-10002844,"SanDisk Flash Drive, USB",159,6.36,4,1,0.04
TEC-AC-10002850,"Enermax Memory Card, Bluetooth",1265,98.0334,12,3,0.07749675889328063
TEC-AC-10002852,"Belkin Memory Card, Erganomic",423,-9.088799999999999,6,3,-0.021486524822695034
TEC-AC-10002857,"Verbatim 25 GB 6x Blu-ray Single Layer Recordable Disc, 1/Pack",84,11.473,14,3,0.13658333333333333
TEC-AC-10002881,"Belkin Numeric Keypad, Bluetooth",138,6.84,4,2,0.049565217391304345
TEC-AC-10002883,"Belkin Flash Drive, USB",589,194.46,14,5,0.3301528013582343
TEC-AC-10002883,"Logitech Keyboard, Erganomic",1332,461.4696,21,5,0.34644864864864866
TEC-AC-10002884,"Belkin Keyboard, USB",1992,615.453,26,6,0.3089623493975904
TEC-AC-10002900,"Belkin Mouse, Programmable",232,24.435000000000002,6,2,0.10532327586206898
TEC-AC-10002901,"Memorex Mouse, Bluetooth",535,21.09,19,4,0.03942056074766355
TEC-AC-10002914,"Memorex Router, Programmable",3382,646.2015,16,4,0.19107081608515672
TEC-AC-10002926,Logitech Wireless Marathon Mouse M705,1410,554.889,30,8,0.39353829787234046
TEC-AC-10002938,"Enermax Memory Card, USB",92,-68.76,3,1,-0.7473913043478262
TEC-AC-10002942,WD My Passport Ultra 1TB Portable External Hard Drive,1008,33.81,17,6,0.03354166666666667
TEC-AC-10002996,"Enermax Mouse, Erganomic",660,180.519,19,4,0.27351363636363635
TEC-AC-10003023,Logitech G105 Gaming Keyboard,759,78.36840000000001,14,5,0.10325217391304349
TEC-AC-10003027,Imation 8GB Mini TravelDrive USB 2.0 Flash Drive,351,8.7551,13,3,0.024943304843304846
TEC-AC-10003033,Plantronics CS510 - Over-the-Head monaural Wireless Headset System,10824,3085.0325,35,10,0.2850177845528455
TEC-AC-10003034,"Belkin Keyboard, Erganomic",550,-1.6494000000000009,13,2,-0.0029989090909090924
TEC-AC-10003038,Kingston Digital DataTraveler 16GB USB 2.0,479,64.7085,57,13,0.13509081419624216
TEC-AC-10003044,"Belkin Numeric Keypad, Erganomic",514,-70.96000000000001,17,5,-0.13805447470817123
TEC-AC-10003047,"SanDisk Keyboard, USB",1122,263.816,21,6,0.2351301247771836
TEC-AC-10003052,"SanDisk Mouse, Programmable",119,46.53,3,1,0.39100840336134457
TEC-AC-10003063,"Belkin Router, Bluetooth",1726,27.47999999999999,12,3,0.01592120509849362
TEC-AC-10003063,"Memorex Memory Card, Programmable",519,72.6,5,1,0.1398843930635838
TEC-AC-10003063,Micro Innovations USB RF Wireless Keyboard with Mouse,440,84.5,18,6,0.19204545454545455
TEC-AC-10003080,"Logitech Memory Card, USB",1139,182.16,11,4,0.1599297629499561
TEC-AC-10003081,"Memorex Mouse, USB",529,-93.24000000000001,35,9,-0.17625708884688093
TEC-AC-10003095,Logitech G35 7.1-Channel Surround Sound Headset,2158,699.3462,17,6,0.3240714550509731
TEC-AC-10003103,"SanDisk Keyboard, Erganomic",952,123.47999999999999,12,5,0.12970588235294117
TEC-AC-10003105,"Memorex Numeric Keypad, Bluetooth",345,120.812,13,5,0.35017971014492755
TEC-AC-10003116,Memorex Froggy Flash Drive 8 GB,535,189.57,32,8,0.35433644859813085
TEC-AC-10003133,Memorex Mini Travel Drive 4 GB USB 2.0 Flash Drive,14,3.5742,2,1,0.25529999999999997
TEC-AC-10003159,"SanDisk Router, USB",2566,30.62000000000001,19,6,0.011932969602494159
TEC-AC-10003172,"Memorex Numeric Keypad, Bluetooth",746,176.26500000000001,18,5,0.23628016085790887
TEC-AC-10003174,Plantronics S12 Corded Telephone Headset System,2242,754.5300000000001,23,6,0.3365432649420161
TEC-AC-10003180,"Belkin Router, USB",518,227.88,2,1,0.4399227799227799
TEC-AC-10003198,Enermax Acrylux Wireless Keyboard,2450,630.468,29,6,0.2573338775510204
TEC-AC-10003217,"Enermax Keyboard, USB",2418,284.22299999999996,34,10,0.11754466501240693
TEC-AC-10003237,Memorex Micro Travel Drive 4 GB,104,37.418,11,3,0.35978846153846156
TEC-AC-10003262,"Belkin Router, Erganomic",308,-118.068,2,1,-0.3833376623376623
TEC-AC-10003265,"Belkin Router, Bluetooth",6211,-496.79999999999995,27,6,-0.07998711962646916
TEC-AC-10003276,"Enermax Router, USB",2296,92.99520000000001,12,4,0.04050313588850175
TEC-AC-10003280,Belkin F8E887 USB Wired Ergonomic Keyboard,564,66.2779,21,8,0.11751400709219859
TEC-AC-10003289,Anker Ultra-Slim Mini Bluetooth 3.0 Wireless Keyboard,500,99.5502,26,5,0.1991004
TEC-AC-10003294,"Enermax Flash Drive, USB",529,63.08,19,4,0.11924385633270321
TEC-AC-10003327,"Logitech Keyboard, Erganomic",2740,245.7,39,6,0.08967153284671532
TEC-AC-10003334,"Logitech Numeric Keypad, Programmable",431,55.89,9,2,0.12967517401392112
TEC-AC-10003334,"SanDisk Keyboard, Bluetooth",489,107.46000000000001,9,2,0.2197546012269939
TEC-AC-10003335,"SanDisk Memory Card, Erganomic",1101,198.3,10,3,0.1801089918256131
TEC-AC-10003343,"Logitech Flash Drive, Erganomic",482,216.24,17,4,0.44863070539419087
TEC-AC-10003367,"Enermax Memory Card, Programmable",1421,555.984,20,3,0.3912624912033779
TEC-AC-10003399,Memorex Mini Travel Drive 64 GB USB 2.0 Flash Drive,542,228.312,15,6,0.421239852398524
TEC-AC-10003400,"Memorex Flash Drive, USB",8,-2.184,1,1,-0.273
TEC-AC-10003403,"Enermax Router, USB",4577,759.978,18,4,0.16604282280970067
TEC-AC-10003407,"Memorex Mouse, Erganomic",434,-80.7036,23,5,-0.18595299539170507
TEC-AC-10003408,"Enermax Keyboard, Programmable",1114,-15.634799999999998,19,7,-0.014034829443447036
TEC-AC-10003413,"Logitech Router, Programmable",2181,427.69320000000005,11,6,0.19609958734525448
TEC-AC-10003415,"SanDisk Router, Erganomic",4574,1829.52,18,5,0.399982509838216
TEC-AC-10003416,"Memorex Mouse, USB",284,8.4,10,2,0.029577464788732397
TEC-AC-10003417,"SanDisk Memory Card, Programmable",342,34.11,3,1,0.09973684210526315
TEC-AC-10003422,"Enermax Keyboard, Programmable",102,-17.028,2,1,-0.16694117647058823
TEC-AC-10003433,Maxell 4.7GB DVD+R 5/Pack,11,4.6035,13,5,0.41850000000000004
TEC-AC-10003441,Kingston Digital DataTraveler 32GB USB 2.0,357,5.4239999999999995,22,7,0.015193277310924368
TEC-AC-10003447,Micropad Numeric Keypads,292,66.9665,15,4,0.2293373287671233
TEC-AC-10003451,"Logitech Flash Drive, Erganomic",76,-3.1692,5,2,-0.0417
TEC-AC-10003454,"Enermax Memory Card, Erganomic",959,261.74,15,6,0.27293013555787277
TEC-AC-10003463,"Enermax Numeric Keypad, USB",496,143.91,9,3,0.2901411290322581
TEC-AC-10003469,"SanDisk Router, USB",513,251.4,2,1,0.49005847953216375
TEC-AC-10003487,"Enermax Mouse, Erganomic",1009,52.230000000000004,27,6,0.05176412289395441
TEC-AC-10003499,Memorex Mini Travel Drive 8 GB USB 2.0 Flash Drive,195,53.26800000000001,20,5,0.27316923076923083
TEC-AC-10003506,"Enermax Router, Erganomic",3329,1331.85,13,3,0.40007509762691496
TEC-AC-10003518,"Logitech Router, USB",3441,391.047,14,4,0.11364341761115955
TEC-AC-10003533,"SanDisk Mouse, Bluetooth",333,26.307,9,2,0.079
TEC-AC-10003548,"Logitech Flash Drive, Bluetooth",85,12.128,5,2,0.14268235294117648
TEC-AC-10003554,"Belkin Numeric Keypad, USB",667,99.72,12,2,0.14950524737631185
TEC-AC-10003556,"Belkin Keyboard, Bluetooth",784,46.76,14,4,0.05964285714285714
TEC-AC-10003569,"Logitech Numeric Keypad, Erganomic",88,28.2,2,1,0.32045454545454544
TEC-AC-10003570,"Memorex Flash Drive, Erganomic",245,65.88,9,1,0.26889795918367343
TEC-AC-10003571,"Memorex Numeric Keypad, Bluetooth",506,148.15200000000002,18,3,0.2927905138339921
TEC-AC-10003577,"Memorex Router, USB",5052,-1069.56,27,4,-0.21171021377672208
TEC-AC-10003590,"TRENDnet 56K USB 2.0 Phone, Internet and Fax Modem",625,212.298,25,5,0.3396768
TEC-AC-10003610,Logitech Illuminated - Keyboard,1140,515.914,20,6,0.45255614035087716
TEC-AC-10003611,"Memorex Flash Drive, Programmable",342,99.62,21,6,0.29128654970760237
TEC-AC-10003611,"Memorex Mouse, USB",287,-12.492,13,3,-0.04352613240418119
TEC-AC-10003614,"Verbatim 25 GB 6x Blu-ray Single Layer Recordable Disc, 10/Pack",151,41.955799999999996,14,5,0.2778529801324503
TEC-AC-10003615,"SanDisk Router, Programmable",2649,749.34,16,6,0.282876557191393
TEC-AC-10003626,"Enermax Numeric Keypad, Bluetooth",298,-32.184000000000005,6,2,-0.10800000000000001
TEC-AC-10003628,Logitech 910-002974 M325 Wireless Mouse for Web Scrolling,1410,536.2212000000001,52,15,0.38029872340425536
TEC-AC-10003640,"SanDisk Mouse, Programmable",874,-178.7862,27,7,-0.2045608695652174
TEC-AC-10003657,Lenovo 17-Key USB Numeric Keypad,367,22.4334,13,5,0.06112643051771117
TEC-AC-10003659,"Memorex Memory Card, Programmable",1430,-87.2994,17,4,-0.061048531468531474
TEC-AC-10003666,"Memorex Router, Bluetooth",6894,2161.11,31,6,0.3134769364664926
TEC-AC-10003668,"Belkin Memory Card, Bluetooth",747,84.82500000000002,8,4,0.1135542168674699
TEC-AC-10003668,"Enermax Mouse, Programmable",151,17.424,9,2,0.11539072847682119
TEC-AC-10003681,"SanDisk Mouse, Erganomic",72,20.22,3,2,0.2808333333333333
TEC-AC-10003690,"Logitech Numeric Keypad, USB",354,-49.632,13,3,-0.14020338983050848
TEC-AC-10003704,"Memorex Flash Drive, Erganomic",16,-3.564,1,1,-0.22275
TEC-AC-10003709,Maxell 4.7GB DVD-R 5/Pack,20,7.3656,21,5,0.36828
TEC-AC-10003711,"Memorex Mouse, Erganomic",390,-59.57999999999999,18,2,-0.15276923076923074
TEC-AC-10003725,"Memorex Flash Drive, Erganomic",439,73.188,31,7,0.16671526195899772
TEC-AC-10003734,"Memorex Numeric Keypad, Erganomic",807,303.483,20,7,0.3760631970260223
TEC-AC-10003738,"Enermax Mouse, Erganomic",529,215.04,22,5,0.4065028355387523
TEC-AC-10003750,"Memorex Memory Card, Erganomic",2588,212.09040000000002,33,8,0.0819514683153014
TEC-AC-10003753,"SanDisk Router, Programmable",2163,-162.47850000000003,11,5,-0.07511719833564495
TEC-AC-10003763,"Logitech Mouse, Programmable",247,66.48,8,3,0.2691497975708502
TEC-AC-10003776,"Belkin Flash Drive, Programmable",634,20.769599999999997,17,6,0.032759621451104094
TEC-AC-10003814,"Belkin Router, Programmable",3383,1488.6299999999999,13,3,0.44003251551877026
TEC-AC-10003824,"Logitech Numeric Keypad, Bluetooth",316,61.996,13,5,0.19618987341772154
TEC-AC-10003832,Imation 16GB Mini TravelDrive USB 2.0 Flash Drive,1009,342.56419999999997,34,9,0.33950862239841423
TEC-AC-10003832,Logitech P710e Mobile Speakerphone,10194,1645.3611,41,9,0.16140485579752797
TEC-AC-10003851,"Memorex Keyboard, Bluetooth",1019,175.06400000000002,23,7,0.17179980372914624
TEC-AC-10003857,"Memorex Keyboard, Programmable",1361,442.56,32,10,0.32517266715650256
TEC-AC-10003861,"Enermax Keyboard, Erganomic",541,-38.4345,8,3,-0.07104343807763401
TEC-AC-10003870,Logitech Z-906 Speaker sys - home theater - 5.1-CH,5610,2243.932,17,4,0.3999878787878787
TEC-AC-10003873,"Memorex Mouse, Programmable",30,7.11,1,1,0.23700000000000002
TEC-AC-10003889,"Enermax Mouse, USB",615,31.18500000000001,19,6,0.05070731707317075
TEC-AC-10003895,"Enermax Mouse, Bluetooth",1313,453.8253,38,8,0.3456399847677076
TEC-AC-10003904,"SanDisk Keyboard, USB",572,45.57,7,4,0.07966783216783217
TEC-AC-10003911,NETGEAR AC1750 Dual Band Gigabit Smart WiFi Router,2624,723.1548,18,5,0.2755925304878049
TEC-AC-10003920,"Belkin Keyboard, Bluetooth",210,-104.85,5,2,-0.4992857142857143
TEC-AC-10003921,"Enermax Numeric Keypad, USB",463,-216.384,14,1,-0.4673520518358531
TEC-AC-10003927,"Belkin Numeric Keypad, Bluetooth",866,292.496,26,8,0.33775519630484985
TEC-AC-10003947,"SanDisk Keyboard, Bluetooth",489,141.66,6,1,0.2896932515337423
TEC-AC-10003951,"Belkin Mouse, Bluetooth",49,-21.228,2,1,-0.4332244897959184
TEC-AC-10003951,"Logitech Numeric Keypad, USB",955,325.305,27,6,0.34063350785340313
TEC-AC-10003955,"Memorex Router, Erganomic",7612,3220.424,50,10,0.4230719915922228
TEC-AC-10003964,"SanDisk Flash Drive, USB",538,-10.28,21,8,-0.019107806691449812
TEC-AC-10003969,"SanDisk Memory Card, USB",225,110.34,2,1,0.4904
TEC-AC-10003970,"SanDisk Numeric Keypad, Bluetooth",672,221.76,21,6,0.32999999999999996
TEC-AC-10003987,"Logitech Numeric Keypad, Programmable",57,-21.096,2,1,-0.3701052631578947
TEC-AC-10003989,"Enermax Numeric Keypad, Bluetooth",673,-48.97740000000001,19,4,-0.07277473997028233
TEC-AC-10004001,Logitech Wireless Headset H600 Over-The-Head Design,387,133.269,10,2,0.3443643410852713
TEC-AC-10004012,"Enermax Flash Drive, Erganomic",1608,533.6205,47,12,0.3318535447761194
TEC-AC-10004016,"Memorex Flash Drive, Programmable",575,34.779,23,6,0.06048521739130435
TEC-AC-10004018,"SanDisk Memory Card, USB",901,441.36,8,1,0.4898557158712542
TEC-AC-10004043,"Memorex Numeric Keypad, Erganomic",1146,397.952,40,11,0.34725305410122165
TEC-AC-10004044,"SanDisk Mouse, Programmable",595,97.376,26,7,0.16365714285714286
TEC-AC-10004051,"Enermax Flash Drive, Programmable",287,88.8,10,2,0.30940766550522647
TEC-AC-10004054,"Memorex Keyboard, Bluetooth",537,100.3302,9,4,0.1868346368715084
TEC-AC-10004054,"Memorex Memory Card, Erganomic",2161,273.88800000000003,23,6,0.1267413234613605
TEC-AC-10004068,"Memorex Memory Card, USB",819,40.73999999999998,10,3,0.04974358974358972
TEC-AC-10004070,"Memorex Router, Programmable",2972,1396.8,12,4,0.4699865410497981
TEC-AC-10004081,"Logitech Keyboard, Bluetooth",1019,330.087,19,6,0.3239322865554465
TEC-AC-10004094,"SanDisk Keyboard, Programmable",44,-28.784,2,1,-0.6541818181818182
TEC-AC-10004102,"SanDisk Mouse, USB",19,-11.97,1,1,-0.63
TEC-AC-10004108,"Memorex Router, USB",6259,1613.268,29,4,0.25775171752676146
TEC-AC-10004114,KeyTronic 6101 Series - Keyboard - Black,361,127.06899999999999,10,2,0.3519916897506925
TEC-AC-10004117,"Logitech Flash Drive, Programmable",512,240.48000000000002,16,3,0.46968750000000004
TEC-AC-10004127,SanDisk Cruzer 8 GB USB Flash Drive,27,-1.3584,4,1,-0.05031111111111111
TEC-AC-10004144,"SanDisk Numeric Keypad, Bluetooth",528,-138.9,12,2,-0.2630681818181818
TEC-AC-10004145,Logitech diNovo Edge Keyboard,7400,1432.4427,31,5,0.19357333783783784
TEC-AC-10004171,Razer Kraken 7.1 Surround Sound Over Ear USB Gaming Headset,2620,995.9004,29,6,0.38011465648854964
TEC-AC-10004171,"SanDisk Numeric Keypad, Bluetooth",67,7.752,2,1,0.11570149253731343
TEC-AC-10004188,"Belkin Keyboard, USB",488,160.80200000000002,11,4,0.3295122950819673
TEC-AC-10004195,"Memorex Numeric Keypad, Bluetooth",356,-36.7752,11,3,-0.10330112359550561
TEC-AC-10004196,"Belkin Memory Card, USB",368,-78.216,4,2,-0.21254347826086956
TEC-AC-10004203,"Logitech Flash Drive, Bluetooth",811,251.71499999999997,32,7,0.3103760789149198
TEC-AC-10004209,Memorex Froggy Flash Drive 4 GB,136,42.4214,14,5,0.3119220588235294
TEC-AC-10004221,"Logitech Memory Card, Programmable",504,193.974,5,2,0.3848690476190476
TEC-AC-10004227,SanDisk Ultra 16 GB MicroSDHC Class 10 Memory Card,330,-48.5826,31,7,-0.14722
TEC-AC-10004241,"Logitech Keyboard, USB",1055,-77.608,26,7,-0.07356208530805687
TEC-AC-10004249,"Logitech Flash Drive, USB",680,199.0008,27,4,0.29264823529411765
TEC-AC-10004252,"SanDisk Mouse, Bluetooth",236,-30.0435,7,3,-0.12730296610169492
TEC-AC-10004269,"Belkin Memory Card, USB",2588,-632.61,28,6,-0.24443972179289028
TEC-AC-10004289,"SanDisk Memory Card, Erganomic",587,46.879999999999995,8,3,0.07986371379897785
TEC-AC-10004306,"Belkin Keyboard, Bluetooth",923,-512.1,18,5,-0.5548212351029252
TEC-AC-10004317,"SanDisk Numeric Keypad, USB",850,272.16,16,3,0.32018823529411766
TEC-AC-10004334,"Belkin Memory Card, USB",429,167.088,6,3,0.38948251748251744
TEC-AC-10004334,"Belkin Mouse, Programmable",101,-44.016,4,1,-0.4358019801980198
TEC-AC-10004334,"Logitech Router, Erganomic",3236,685.956,16,5,0.21197651421508035
TEC-AC-10004341,"Belkin Mouse, USB",287,42.84,7,3,0.14926829268292685
TEC-AC-10004353,Hypercom P1300 Pinpad,1109,275.31,21,7,0.24825067628494138
TEC-AC-10004379,"Memorex Flash Drive, Bluetooth",562,18.060000000000002,35,7,0.032135231316725986
TEC-AC-10004379,"SanDisk Flash Drive, Programmable",246,100.8,6,2,0.4097560975609756
TEC-AC-10004393,"Belkin Flash Drive, Programmable",348,59.04,8,2,0.1696551724137931
TEC-AC-10004396,Logitech Keyboard K120,175,-19.602,12,3,-0.11201142857142857
TEC-AC-10004406,"Memorex Keyboard, USB",143,9.96,2,1,0.06965034965034965
TEC-AC-10004414,"Enermax Router, Bluetooth",3932,769.5426,18,5,0.19571276703967447
TEC-AC-10004420,Cherry 142-key Programmable Keyboard,480,52.7692,4,1,0.10993583333333333
TEC-AC-10004429,"Enermax Keyboard, USB",837,324.32,17,6,0.387479091995221
TEC-AC-10004434,"Memorex Flash Drive, USB",454,222.18,23,7,0.4893832599118943
TEC-AC-10004451,"SanDisk Mouse, Bluetooth",680,182.564,27,7,0.26847647058823526
TEC-AC-10004469,Microsoft Sculpt Comfort Mouse,1576,634.406,42,10,0.4025418781725888
TEC-AC-10004478,"SanDisk Numeric Keypad, Bluetooth",578,253.764,11,2,0.43903806228373704
TEC-AC-10004487,"Memorex Router, Erganomic",4417,1495.512,19,3,0.33858093728775185
TEC-AC-10004508,"SanDisk Numeric Keypad, Bluetooth",885,141.6,16,5,0.16
TEC-AC-10004510,Logitech Desktop MK120 Mouse and keyboard Combo,777,42.536,50,12,0.05474388674388674
TEC-AC-10004518,Memorex Mini Travel Drive 32 GB USB 2.0 Flash Drive,280,109.19999999999999,14,2,0.38999999999999996
TEC-AC-10004520,"Memorex Flash Drive, Bluetooth",558,116.85,19,5,0.20940860215053764
TEC-AC-10004539,"Logitech Flash Drive, USB",200,79.044,11,3,0.39521999999999996
TEC-AC-10004556,"Enermax Memory Card, Programmable",1275,241.89,11,3,0.18971764705882352
TEC-AC-10004557,"Logitech Mouse, USB",559,72.39,19,5,0.12949910554561717
TEC-AC-10004562,"Enermax Flash Drive, Programmable",992,0.6011999999999986,24,5,0.0006060483870967728
TEC-AC-10004566,"Belkin Mouse, USB",919,81.1332,31,7,0.0882842219804135
TEC-AC-10004568,Maxell LTO Ultrium - 800 GB,1087,156.4641,41,8,0.14394121435142596
TEC-AC-10004571,Logitech G700s Rechargeable Gaming Mouse,2340,889.9110000000001,25,9,0.38030384615384616
TEC-AC-10004571,"Logitech Router, Programmable",2414,820.854,10,3,0.3400389395194698
TEC-AC-10004586,"Belkin Flash Drive, Bluetooth",609,211.67999999999998,15,3,0.3475862068965517
TEC-AC-10004591,"Logitech Memory Card, Bluetooth",1716,115.54800000000002,18,5,0.06733566433566435
TEC-AC-10004595,First Data TMFD35 PIN Pad,571,119.952,4,2,0.21007355516637477
TEC-AC-10004604,"SanDisk Mouse, Bluetooth",46,-29.928,2,1,-0.6506086956521739
TEC-AC-10004620,"Belkin Flash Drive, USB",646,92.25999999999999,27,7,0.1428173374613003
TEC-AC-10004626,"Belkin Router, Erganomic",4617,-342.08,29,9,-0.07409140134286332
TEC-AC-10004633,"Verbatim 25 GB 6x Blu-ray Single Layer Recordable Disc, 3/Pack",185,67.104,30,6,0.36272432432432433
TEC-AC-10004652,"Belkin Mouse, Erganomic",818,-24.2856,28,10,-0.029688997555012222
TEC-AC-10004659,Imation Secure+ Hardware Encrypted USB 2.0 Flash Drive; 16GB,1928,408.744,32,5,0.21200414937759338
TEC-AC-10004666,Maxell iVDR EX 500GB Cartridge,2756,1184.8220000000001,10,2,0.42990638606676346
TEC-AC-10004679,"Enermax Flash Drive, Programmable",865,231.282,23,6,0.26737803468208093
TEC-AC-10004683,"Memorex Flash Drive, USB",36,-0.048,2,1,-0.0013333333333333333
TEC-AC-10004696,"Logitech Mouse, Programmable",37,-19.704,2,1,-0.5325405405405406
TEC-AC-10004704,"Logitech Numeric Keypad, Bluetooth",649,97.02,14,3,0.14949152542372882
TEC-AC-10004704,"SanDisk Numeric Keypad, USB",1597,199.96800000000002,37,10,0.12521477770820288
TEC-AC-10004708,Sony 32GB Class 10 Micro SDHC R40 Memory Card,252,52.794,12,4,0.2095
TEC-AC-10004709,"Logitech Flash Drive, USB",829,205.65,29,7,0.24806996381182148
TEC-AC-10004713,"Logitech Mouse, Erganomic",217,-2.8800000000000017,15,4,-0.013271889400921666
TEC-AC-10004715,"Memorex Mouse, Erganomic",21,-12.516,3,1,-0.596
TEC-AC-10004743,"Logitech Router, USB",5115,1735.78,32,8,0.3393509286412512
TEC-AC-10004752,"Memorex Keyboard, Erganomic",397,172.36,9,3,0.4341561712846348
TEC-AC-10004753,"Logitech Memory Card, Erganomic",1073,-315.906,14,3,-0.2944137931034483
TEC-AC-10004761,Maxell 4.7GB DVD+RW 3/Pack,264,88.4115,17,4,0.3348920454545455
TEC-AC-10004773,"Memorex Flash Drive, Bluetooth",276,-2.880000000000001,13,4,-0.010434782608695655
TEC-AC-10004791,"Belkin Keyboard, USB",403,12.582,5,2,0.031220843672456578
TEC-AC-10004801,"Logitech Mouse, Programmable",140,36.016,8,3,0.25725714285714285
TEC-AC-10004803,Sony Micro Vault Click 4 GB USB 2.0 Flash Drive,251,35.1288,18,3,0.13995537848605577
TEC-AC-10004808,"Memorex Router, Erganomic",4612,1366.398,19,5,0.29627016478751084
TEC-AC-10004811,"Memorex Flash Drive, USB",148,13.2,5,2,0.08918918918918918
TEC-AC-10004812,"SanDisk Mouse, Erganomic",19,-15.416,2,1,-0.8113684210526316
TEC-AC-10004813,"SanDisk Keyboard, Bluetooth",2030,233.1168,29,6,0.11483586206896552
TEC-AC-10004814,Logitech Illuminated Ultrathin Keyboard with Backlighting,171,70.0977,3,1,0.40992807017543864
TEC-AC-10004848,"SanDisk Memory Card, Erganomic",2177,-130.515,23,6,-0.05995176848874598
TEC-AC-10004849,"SanDisk Router, Programmable",3353,737.0999999999999,13,4,0.21983298538622126
TEC-AC-10004853,"Logitech Memory Card, Programmable",1833,-13.655999999999999,29,8,-0.007450081833060556
TEC-AC-10004855,V7 USB Numeric Keypad,462,-58.7832,16,4,-0.12723636363636365
TEC-AC-10004859,"Maxell Pro 80 Minute CD-R, 10/Pack",374,122.36,24,4,0.3271657754010695
TEC-AC-10004864,Memorex Micro Travel Drive 32 GB,380,129.9756,12,5,0.3420410526315789
TEC-AC-10004877,Imation 30456 USB Flash Drive 8GB,156,8.556000000000001,23,5,0.05484615384615385
TEC-AC-10004880,"Logitech Keyboard, Programmable",1258,58.89,18,5,0.04681240063593005
TEC-AC-10004883,"Enermax Keyboard, Programmable",1700,730.2,20,7,0.4295294117647059
TEC-AC-10004883,"Logitech Keyboard, Bluetooth",289,-36.3,5,2,-0.1256055363321799
TEC-AC-10004897,"Logitech Keyboard, Programmable",814,82.59,13,3,0.10146191646191646
TEC-AC-10004901,Kensington SlimBlade Notebook Wireless Mouse with Nano Receiver,550,120.9758,13,4,0.219956
TEC-AC-10004904,"Enermax Mouse, Erganomic",76,25.86,2,1,0.3402631578947368
TEC-AC-10004938,"Belkin Mouse, Bluetooth",1387,-48.83609999999999,41,8,-0.03520987743330929
TEC-AC-10004938,"Memorex Router, Bluetooth",1709,-133.03259999999997,11,2,-0.07784236395552953
TEC-AC-10004939,"Memorex Mouse, Bluetooth",290,-7.947999999999999,17,4,-0.02740689655172413
TEC-AC-10004951,"Memorex Mouse, Erganomic",333,88.344,22,6,0.2652972972972973
TEC-AC-10004975,Plantronics Audio 995 Wireless Stereo Headset,1914,587.1329999999999,18,4,0.306757053291536
TEC-AC-10004975,"SanDisk Numeric Keypad, Erganomic",1365,204.48,36,9,0.1498021978021978
TEC-AC-10004992,Kingston Digital DataTraveler 64GB USB 2.0,202,16.2144,6,2,0.08026930693069308
TEC-AC-10004997,"Belkin Memory Card, Bluetooth",1883,360.024,17,5,0.19119702602230484
TEC-APP-10000135,"Apple Office Telephone, with Caller ID",195,11.7,3,3,0.06
TEC-APP-10000308,"Apple Smart Phone, Full Size",10942,1322.712,21,9,0.12088393346737342
TEC-APP-10000530,"Apple Audio Dock, VoIP",50,-63.456,1,1,-1.26912
TEC-APP-10001108,"Apple Headset, with Caller ID",682,58.518,10,4,0.08580351906158358
TEC-APP-10001340,"Apple Headset, VoIP",748,-8.909999999999997,12,5,-0.01191176470588235
TEC-APP-10001389,"Apple Audio Dock, with Caller ID",1887,183.41699999999997,12,8,0.09720031796502383
TEC-APP-10001586,"Apple Speaker Phone, VoIP",4972,1936.977,41,8,0.389577031375704
TEC-APP-10001732,"Apple Headset, Cordless",228,47.88,3,3,0.21000000000000002
TEC-APP-10001851,"Apple Headset, Full Size",307,-65.685,6,5,-0.21395765472312706
TEC-APP-10001965,"Apple Office Telephone, Full Size",1179,469.779,19,5,0.3984554707379135
TEC-APP-10002310,"Apple Office Telephone, Cordless",450,177.01799999999997,8,4,0.3933733333333333
TEC-APP-10002321,"Apple Signal Booster, Full Size",1242,-986.7300000000001,17,5,-0.7944685990338165
TEC-APP-10002829,"Apple Audio Dock, Full Size",1008,90.72,6,4,0.09
TEC-APP-10002966,"Apple Smart Phone, Full Size",12751,3570.0,20,6,0.27997804093796563
TEC-APP-10003032,"Apple Audio Dock, Cordless",1698,322.5,10,4,0.18992932862190812
TEC-APP-10003588,"Apple Signal Booster, with Caller ID",1148,28.439999999999998,9,2,0.024773519163763063
TEC-APP-10004049,"Apple Speaker Phone, Cordless",908,-174.12,11,7,-0.19176211453744493
TEC-APP-10004296,"Apple Speaker Phone, Full Size",399,43.48799999999999,5,3,0.1089924812030075
TEC-APP-10004464,"Apple Signal Booster, VoIP",602,-13.794000000000004,5,4,-0.022913621262458477
TEC-APP-10004469,"Apple Signal Booster, Cordless",461,41.79,4,3,0.09065075921908894
TEC-APP-10004584,"Apple Office Telephone, VoIP",626,-183.048,20,5,-0.29240894568690096
TEC-APP-10004657,"Apple Smart Phone, Cordless",3818,839.8799999999999,6,4,0.21997904662126766
TEC-APP-10004912,"Apple Speaker Phone, with Caller ID",1454,-24.90000000000002,16,7,-0.017125171939477317
TEC-BEL-10000485,"Belkin Numeric Keypad, Bluetooth",637,272.90999999999997,11,5,0.42843014128728407
TEC-BEL-10000681,"Belkin Mouse, USB",574,85.68,14,6,0.14926829268292685
TEC-BEL-10000696,"Belkin Mouse, Programmable",152,-21.144000000000002,5,4,-0.13910526315789476
TEC-BEL-10001189,"Belkin Router, Erganomic",360,87.204,2,2,0.24223333333333333
TEC-BEL-10001391,"Belkin Numeric Keypad, USB",223,33.24,4,3,0.14905829596412556
TEC-BEL-10001689,"Belkin Router, Programmable",260,114.51,1,1,0.4404230769230769
TEC-BEL-10001971,"Belkin Flash Drive, USB",522,155.28,13,5,0.29747126436781607
TEC-BEL-10002106,"Belkin Memory Card, Bluetooth",1057,-18.708,12,5,-0.017699148533585618
TEC-BEL-10002153,"Belkin Flash Drive, Bluetooth",13,-13.848,1,1,-1.0652307692307692
TEC-BEL-10002178,"Belkin Flash Drive, Programmable",217,21.6,5,2,0.09953917050691245
TEC-BEL-10002207,"Belkin Memory Card, USB",725,-80.514,7,4,-0.11105379310344828
TEC-BEL-10002324,"Belkin Keyboard, Bluetooth",873,-134.20800000000003,16,5,-0.15373195876288662
TEC-BEL-10002476,"Belkin Router, Bluetooth",1812,72.45,7,4,0.039983443708609276
TEC-BEL-10002516,"Belkin Mouse, Bluetooth",257,108.21300000000001,7,4,0.42106225680933856
TEC-BEL-10002678,"Belkin Memory Card, Erganomic",710,33.786,12,5,0.04758591549295775
TEC-BEL-10003177,"Belkin Keyboard, Erganomic",1881,-348.33000000000004,29,9,-0.18518341307814995
TEC-BEL-10003311,"Belkin Keyboard, USB",218,-94.20599999999999,4,2,-0.43213761467889905
TEC-BEL-10003875,"Belkin Memory Card, Programmable",1140,244.21800000000002,11,4,0.2142263157894737
TEC-BEL-10003896,"Belkin Mouse, Erganomic",648,71.49600000000001,18,7,0.11033333333333335
TEC-BEL-10003985,"Belkin Router, USB",4689,1255.926,25,10,0.26784516954574533
TEC-BEL-10004162,"Belkin Flash Drive, Erganomic",319,9.36,8,2,0.02934169278996865
TEC-BEL-10004386,"Belkin Numeric Keypad, Bluetooth",371,90.804,7,3,0.24475471698113208
TEC-BEL-10004950,"Belkin Numeric Keypad, Erganomic",1137,-82.08000000000001,21,6,-0.07218997361477573
TEC-BRO-10000348,"Brother Copy Machine, High-Speed",787,86.49,3,2,0.10989834815756035
TEC-BRO-10000374,"Brother Ink, Laser",2651,0.0,18,4,0.0
TEC-BRO-10000381,"Brother Fax and Copier, Laser",497,-220.326,5,3,-0.44331187122736415
TEC-BRO-10000463,"Brother Copy Machine, Color",3796,1542.762,15,7,0.40641780821917806
TEC-BRO-10000663,"Brother Fax and Copier, Color",1003,-23.244000000000014,7,4,-0.023174476570289145
TEC-BRO-10000773,"Brother Personal Copier, High-Speed",536,-14.207999999999998,5,3,-0.02650746268656716
TEC-BRO-10000917,"Brother Fax Machine, Digital",1590,508.95000000000005,5,3,0.32009433962264155
TEC-BRO-10001293,"Brother Personal Copier, Laser",429,42.839999999999996,3,3,0.09986013986013985
TEC-BRO-10001568,"Brother Wireless Fax, Digital",1513,136.2,4,3,0.09001982815598149
TEC-BRO-10001852,"Brother Fax and Copier, Digital",76,-87.948,1,1,-1.1572105263157895
TEC-BRO-10001938,"Brother Wireless Fax, High-Speed",905,22.554000000000002,3,3,0.02492154696132597
TEC-BRO-10002103,"Brother Ink, Color",2082,1020.1800000000001,14,4,0.49000000000000005
TEC-BRO-10002345,"Brother Ink, Digital",1029,257.03999999999996,7,3,0.2497959183673469
TEC-BRO-10002579,"Brother Copy Machine, Laser",105,-154.548,1,1,-1.4718857142857142
TEC-BRO-10003380,"Brother Copy Machine, Color",1145,-0.14399999999999125,5,4,-0.00012576419213973034
TEC-BRO-10003401,"Brother Fax and Copier, High-Speed",589,-170.811,5,4,-0.2900016977928693
TEC-BRO-10003555,"Brother Ink, High-Speed",816,-142.59,7,5,-0.17474264705882353
TEC-BRO-10003876,"Brother Fax Machine, Laser",1593,652.95,5,3,0.40988700564971753
TEC-BRO-10003986,"Brother Personal Copier, Color",1673,379.428,13,7,0.22679497907949792
TEC-BRO-10004178,"Brother Wireless Fax, Laser",2273,840.78,6,3,0.3698988121425429
TEC-BRO-10004184,"Brother Wireless Fax, Color",913,-889.92,6,1,-0.9747207009857611
TEC-BRO-10004328,"Brother Fax Machine, Color",1376,495.864,5,5,0.3603662790697674
TEC-BRO-10004802,"Brother Fax Machine, High-Speed",4750,1044.8999999999999,15,5,0.21997894736842102
TEC-CAN-10000030,"Canon Fax Machine, Laser",287,-573.129,3,2,-1.996965156794425
TEC-CAN-10000932,"Canon Fax Machine, Color",1855,-543.7860000000001,10,3,-0.2931460916442049
TEC-CAN-10001256,"Canon Wireless Fax, High-Speed",151,-128.136,1,1,-0.8485827814569536
TEC-CAN-10001376,"Canon Fax and Copier, High-Speed",190,13.26,1,1,0.06978947368421053
TEC-CAN-10001378,"Canon Personal Copier, High-Speed",1551,418.44,11,3,0.26978723404255317
TEC-CAN-10001437,"Canon Wireless Fax, Laser",9618,4596.324,26,6,0.4778877105427323
TEC-CAN-10001571,"Canon Personal Copier, Laser",571,256.92,4,1,0.4499474605954466
TEC-CAN-10001789,"Canon Copy Machine, Digital",446,-254.00400000000002,3,3,-0.5695156950672646
TEC-CAN-10001853,"Canon Fax Machine, High-Speed",6649,797.5799999999999,21,4,0.11995488043314784
TEC-CAN-10001981,"Canon Ink, High-Speed",581,186.0,4,3,0.32013769363166955
TEC-CAN-10002337,"Canon Ink, Color",298,56.46,2,2,0.18946308724832214
TEC-CAN-10002363,"Canon Fax Machine, Digital",2608,-85.94399999999996,11,5,-0.032953987730061335
TEC-CAN-10002802,"Canon Personal Copier, Digital",227,-178.00199999999998,3,2,-0.7841497797356828
TEC-CAN-10002843,"Canon Ink, Digital",1454,-245.22899999999998,13,5,-0.16865818431911966
TEC-CAN-10002879,"Canon Copy Machine, High-Speed",1926,-208.28399999999996,10,6,-0.10814330218068534
TEC-CAN-10003392,"Canon Copy Machine, Color",2900,724.68,11,3,0.24988965517241377
TEC-CAN-10004166,"Canon Personal Copier, Color",864,43.2,6,4,0.05
TEC-CAN-10004214,"Canon Fax and Copier, Color",772,185.04,4,3,0.23968911917098445
TEC-CAN-10004291,"Canon Wireless Fax, Digital",4162,1830.84,11,5,0.4398942815953868
TEC-CAN-10004354,"Canon Ink, Laser",1383,603.21,10,5,0.4361605206073753
TEC-CAN-10004556,"Canon Fax and Copier, Laser",1052,139.5,9,3,0.1326045627376426
TEC-CAN-10004697,"Canon Fax and Copier, Digital",649,-30.587999999999994,4,3,-0.047130970724191056
TEC-CAN-10004839,"Canon Wireless Fax, Color",2623,-593.01,9,3,-0.22608082348455966
TEC-CAN-10004913,"Canon Copy Machine, Laser",2202,54.93599999999998,9,4,0.024948228882833778
TEC-CIS-10000351,"Cisco Signal Booster, Cordless",464,27.81,3,2,0.0599353448275862
TEC-CIS-10000436,"Cisco Speaker Phone, with Caller ID",1980,-14.135999999999996,15,7,-0.007139393939393938
TEC-CIS-10000758,"Cisco Smart Phone, Full Size",4570,1187.76,7,4,0.25990371991247263
TEC-CIS-10000791,"Cisco Audio Dock, Full Size",2164,137.208,13,4,0.06340480591497227
TEC-CIS-10001122,"Cisco Speaker Phone, VoIP",1124,193.917,10,7,0.17252402135231318
TEC-CIS-10001661,"Cisco Signal Booster, VoIP",1307,-121.788,10,4,-0.09318133129303749
TEC-CIS-10001717,"Cisco Smart Phone, with Caller ID",5691,1661.5980000000002,11,5,0.2919694254085398
TEC-CIS-10001767,"Cisco Office Telephone, Cordless",359,29.132999999999996,5,3,0.08115041782729804
TEC-CIS-10001877,"Cisco Office Telephone, with Caller ID",851,-57.384,13,7,-0.06743125734430082
TEC-CIS-10001938,"Cisco Audio Dock, VoIP",2113,668.496,13,5,0.31637292948414575
TEC-CIS-10002153,"Cisco Audio Dock, Cordless",1110,144.18,6,5,0.1298918918918919
TEC-CIS-10002259,"Cisco Smart Phone, Cordless",14266,1367.7120000000002,33,11,0.0958721435581102
TEC-CIS-10002344,"Cisco Smart Phone, Full Size",15178,2982.7470000000003,24,8,0.19651778890499408
TEC-CIS-10002544,"Cisco Headset, Full Size",808,274.32,9,2,0.3395049504950495
TEC-CIS-10002565,"Cisco Speaker Phone, Full Size",658,103.41900000000001,6,5,0.15717173252279637
TEC-CIS-10002598,"Cisco Audio Dock, with Caller ID",1529,251.20799999999997,9,7,0.16429561805101373
TEC-CIS-10002814,"Cisco Headset, Cordless",246,-335.217,7,3,-1.362670731707317
TEC-CIS-10002986,"Cisco Speaker Phone, Cordless",847,84.78,6,3,0.10009445100354192
TEC-CIS-10003017,"Cisco Signal Booster, with Caller ID",2703,-30.54600000000005,24,7,-0.011300776914539418
TEC-CIS-10003103,"Cisco Office Telephone, VoIP",830,-168.885,21,7,-0.20347590361445783
TEC-CIS-10003439,"Cisco Headset, VoIP",1417,56.64,16,6,0.039971771347918135
TEC-CIS-10003501,"Cisco Signal Booster, Full Size",2112,-114.89399999999999,15,4,-0.054400568181818175
TEC-CIS-10003676,"Cisco Headset, with Caller ID",1591,636.66,18,9,0.40016341923318666
TEC-CIS-10004967,"Cisco Office Telephone, Full Size",353,20.324999999999996,5,3,0.05757790368271953
TEC-CO-10000011,"HP Personal Copier, High-Speed",1836,386.79,16,5,0.2106699346405229
TEC-CO-10000013,"Brother Fax Machine, Laser",10879,3548.0910000000003,39,8,0.3261412813677728
TEC-CO-10000043,"Brother Fax Machine, Laser",1738,17.269520000000014,9,4,0.009936432681242816
TEC-CO-10000051,"Sharp Wireless Fax, Color",3091,1418.3457600000002,13,3,0.45886307343901656
TEC-CO-10000070,"Hewlett Copy Machine, High-Speed",3942,579.9465,17,5,0.14711986301369864
TEC-CO-10000082,"Canon Fax and Copier, Digital",3724,154.53,21,4,0.04149570354457573
TEC-CO-10000119,"HP Fax Machine, Color",874,-30.138,3,2,-0.03448283752860412
TEC-CO-10000129,"Brother Fax and Copier, Color",2732,474.2388,15,6,0.17358667642752562
TEC-CO-10000135,"HP Wireless Fax, High-Speed",4292,206.31816,18,4,0.04807040074557316
TEC-CO-10000137,"Canon Wireless Fax, Color",9860,1772.1144,42,9,0.17972762677484785
TEC-CO-10000172,"Hewlett Ink, Digital",1837,412.0416,16,4,0.22430136091453456
TEC-CO-10000178,"Hewlett Ink, Laser",2720,-288.936,23,5,-0.10622647058823528
TEC-CO-10000208,"Brother Wireless Fax, Color",5788,-296.595,16,4,-0.05124308914996545
TEC-CO-10000222,"Sharp Fax and Copier, Color",2014,505.66032,19,5,0.2510726514399206
TEC-CO-10000228,"Hewlett Personal Copier, Laser",1458,-34.803,11,3,-0.023870370370370368
TEC-CO-10000243,"Canon Fax and Copier, Digital",229,38.196,2,1,0.16679475982532752
TEC-CO-10000259,"Hewlett Ink, Color",1194,-90.126,9,2,-0.07548241206030151
TEC-CO-10000262,"Brother Ink, Laser",1802,172.552,20,5,0.0957558268590455
TEC-CO-10000263,"Hewlett Fax Machine, Digital",2270,715.566,9,3,0.3152273127753304
TEC-CO-10000266,"Canon Copy Machine, Color",4172,1367.25568,28,7,0.32772187919463086
TEC-CO-10000269,"HP Ink, Laser",2692,59.004000000000005,22,7,0.021918276374442797
TEC-CO-10000270,"Hewlett Fax Machine, High-Speed",4072,63.456,14,4,0.015583497053045188
TEC-CO-10000279,"Hewlett Personal Copier, High-Speed",427,132.48,3,1,0.31025761124121776
TEC-CO-10000296,"Canon Fax and Copier, Digital",2616,959.70456,21,6,0.3668595412844037
TEC-CO-10000338,"Hewlett Fax and Copier, High-Speed",2149,406.77750000000003,12,5,0.18928687761749652
TEC-CO-10000344,"Hewlett Copy Machine, Color",2160,253.38376000000002,14,4,0.11730729629629631
TEC-CO-10000372,"Brother Ink, High-Speed",1510,113.296,16,6,0.07503046357615895
TEC-CO-10000387,"Hewlett Fax Machine, Color",982,-292.33536000000004,7,3,-0.2976938492871691
TEC-CO-10000388,"Canon Fax Machine, Color",3192,-647.33592,18,6,-0.20279947368421053
TEC-CO-10000395,"Hewlett Fax Machine, Laser",3193,1486.13504,16,4,0.4654353398058252
TEC-CO-10000405,"Canon Fax Machine, Digital",5215,1052.562,17,7,0.20183355704697983
TEC-CO-10000407,"HP Copy Machine, Color",1415,253.87650000000002,6,2,0.17941802120141345
TEC-CO-10000415,"Brother Ink, Color",1487,74.1,10,2,0.04983187626092804
TEC-CO-10000422,"Brother Personal Copier, Digital",1175,377.0974,15,5,0.3209339574468085
TEC-CO-10000427,"HP Fax Machine, Color",2408,120.46619999999999,11,5,0.05002749169435215
TEC-CO-10000447,"Canon Wireless Fax, Color",10529,3222.69,31,6,0.30607750023743946
TEC-CO-10000452,"HP Copy Machine, Laser",4187,-389.39070000000004,19,5,-0.0929999283496537
TEC-CO-10000500,"Canon Fax and Copier, High-Speed",2672,28.313999999999993,15,5,0.010596556886227543
TEC-CO-10000534,"Sharp Copy Machine, Color",3299,-476.81088,24,5,-0.14453194301303426
TEC-CO-10000556,"HP Wireless Fax, Laser",5079,-1354.6290000000001,19,5,-0.26671175428233906
TEC-CO-10000560,"Hewlett Ink, High-Speed",3087,-223.8924,23,6,-0.07252750242954326
TEC-CO-10000562,"HP Wireless Fax, Digital",6082,747.975,19,5,0.12298174942453141
TEC-CO-10000565,"Canon Fax and Copier, Color",1022,420.174,6,3,0.41112915851272014
TEC-CO-10000594,"Hewlett Fax and Copier, Laser",2646,647.8163999999999,14,4,0.2448285714285714
TEC-CO-10000601,"Brother Ink, Laser",1061,-477.36,12,2,-0.44991517436380773
TEC-CO-10000620,"Brother Wireless Fax, Digital",6754,-132.66750000000005,20,8,-0.019642804264139776
TEC-CO-10000660,"Brother Fax and Copier, Laser",4555,367.03709999999995,27,9,0.08057894621295279
TEC-CO-10000660,"Hewlett Copy Machine, Color",2265,562.8254999999999,13,3,0.24848807947019863
TEC-CO-10000663,"HP Fax Machine, High-Speed",5814,267.93,20,4,0.04608359133126935
TEC-CO-10000666,"Hewlett Copy Machine, Laser",4796,-66.0849,26,6,-0.013779170141784822
TEC-CO-10000679,"Hewlett Personal Copier, High-Speed",5760,-21.973200000000006,41,10,-0.0038147916666666677
TEC-CO-10000764,"Brother Fax Machine, Color",3072,-870.732,14,4,-0.28344140624999997
TEC-CO-10000771,"Canon Wireless Fax, Laser",3224,234.03392000000002,16,4,0.07259116625310175
TEC-CO-10000775,"Sharp Fax and Copier, Laser",2394,910.44,16,3,0.38030075187969925
TEC-CO-10000777,"Brother Personal Copier, Laser",429,42.84,3,1,0.09986013986013986
TEC-CO-10000778,"Sharp Fax and Copier, Color",3126,218.8956,19,9,0.07002418426103647
TEC-CO-10000786,"Canon Fax Machine, Color",2768,175.7295,10,5,0.06348609104046243
TEC-CO-10000791,"Sharp Personal Copier, Laser",3666,1019.9999999999999,35,8,0.27823240589198034
TEC-CO-10000794,"Hewlett Wireless Fax, High-Speed",8608,2251.2525,28,6,0.2615302625464684
TEC-CO-10000821,"Canon Ink, High-Speed",1213,-81.5175,9,3,-0.06720321516900248
TEC-CO-10000825,"Brother Ink, Color",2001,-119.39700000000002,15,4,-0.05966866566716643
TEC-CO-10000847,"Canon Personal Copier, Laser",1027,182.688,8,2,0.1778851022395326
TEC-CO-10000854,"Canon Personal Copier, Color",3173,158.39999999999998,22,3,0.04992121021115663
TEC-CO-10000865,"Brother Fax Machine, High-Speed",6607,-158.64359999999996,24,5,-0.024011442409565608
TEC-CO-10000887,"Hewlett Copy Machine, High-Speed",2000,16.793279999999996,12,4,0.008396639999999999
TEC-CO-10000915,"Hewlett Ink, High-Speed",1426,89.8944,15,5,0.06303955119214587
TEC-CO-10000917,"Hewlett Copy Machine, Color",3455,151.04744,22,8,0.04371850651230101
TEC-CO-10000953,"HP Wireless Fax, Laser",3747,893.004,11,4,0.23832506004803844
TEC-CO-10000956,"Sharp Copy Machine, Laser",4165,977.14912,29,9,0.23460963265306123
TEC-CO-10000961,"Canon Copy Machine, Color",280,-120.97376,4,1,-0.43204914285714285
TEC-CO-10000967,"HP Fax Machine, Laser",4350,1469.6100000000001,16,5,0.33784137931034486
TEC-CO-10000971,Hewlett Packard 310 Color Digital Copier,4200,839.972,16,6,0.19999333333333333
TEC-CO-10000972,"Sharp Fax and Copier, Digital",4089,1816.4820000000002,25,5,0.44423624358033753
TEC-CO-10001001,"HP Fax Machine, Digital",2629,-570.56592,18,3,-0.2170277367820464
TEC-CO-10001008,"Canon Fax and Copier, Laser",5740,2697.3,30,6,0.46991289198606273
TEC-CO-10001037,"Hewlett Personal Copier, High-Speed",2559,199.53108,27,9,0.07797228604923799
TEC-CO-10001040,"Canon Personal Copier, Laser",874,330.9688,10,4,0.3786828375286041
TEC-CO-10001042,"Sharp Fax and Copier, High-Speed",1731,610.2016,16,5,0.3525139225880994
TEC-CO-10001046,Canon Imageclass D680 Copier / Fax,8960,2799.96,16,5,0.31249553571428573
TEC-CO-10001087,"Hewlett Ink, Laser",1386,260.70464,14,3,0.18809858585858585
TEC-CO-10001093,"HP Personal Copier, Digital",247,96.16428,3,1,0.38932906882591095
TEC-CO-10001142,"Brother Ink, Digital",441,110.16,3,1,0.24979591836734694
TEC-CO-10001145,"Canon Personal Copier, Digital",812,-0.053999999999998494,6,3,-6.650246305418534e-05
TEC-CO-10001157,"Hewlett Personal Copier, Color",2892,728.0235,27,6,0.2517370331950208
TEC-CO-10001162,"Canon Wireless Fax, Laser",4921,2411.76,13,5,0.4900955090428775
TEC-CO-10001162,"HP Fax and Copier, Color",349,146.4,2,1,0.4194842406876791
TEC-CO-10001166,"HP Personal Copier, Digital",2210,112.5426,19,6,0.05092425339366516
TEC-CO-10001177,"HP Fax and Copier, Color",1994,205.90764000000001,19,6,0.1032636108324975
TEC-CO-10001191,"Sharp Wireless Fax, High-Speed",5507,463.686,16,3,0.0841993826039586
TEC-CO-10001192,"HP Personal Copier, Digital",3359,338.733,29,6,0.10084340577552843
TEC-CO-10001196,"Brother Fax Machine, Color",768,-358.488,4,1,-0.46678125
TEC-CO-10001204,"Canon Fax Machine, High-Speed",633,132.96,2,1,0.21004739336492892
TEC-CO-10001204,"Sharp Copy Machine, Color",4790,541.5876000000001,21,5,0.11306630480167015
TEC-CO-10001221,"Brother Fax and Copier, Laser",2903,63.76499999999999,25,7,0.021965208405098174
TEC-CO-10001222,"Sharp Fax Machine, Laser",4364,-310.866,17,5,-0.07123418881759853
TEC-CO-10001234,"Canon Fax Machine, Digital",5670,327.30287999999996,28,8,0.05772537566137565
TEC-CO-10001264,"Canon Ink, Color",2076,931.59948,21,5,0.44874734104046243
TEC-CO-10001271,"Sharp Personal Copier, Color",64,-66.71584,2,1,-1.042435
TEC-CO-10001275,"Brother Fax and Copier, Digital",890,131.91612,7,1,0.14822035955056181
TEC-CO-10001301,"Sharp Copy Machine, Laser",287,43.008,2,1,0.1498536585365854
TEC-CO-10001309,"Hewlett Wireless Fax, Laser",6374,-511.08176000000003,28,8,-0.08018226545340446
TEC-CO-10001317,"Sharp Fax Machine, Digital",354,-129.972,2,1,-0.36715254237288136
TEC-CO-10001342,"HP Wireless Fax, Digital",6244,2208.9375,19,4,0.3537696188340807
TEC-CO-10001343,"Canon Fax Machine, Digital",636,12.72,2,1,0.02
TEC-CO-10001352,"HP Ink, Digital",1136,275.709,10,4,0.24270158450704227
TEC-CO-10001371,"Sharp Fax and Copier, Laser",515,-40.483999999999995,5,3,-0.07860970873786406
TEC-CO-10001375,"Brother Copy Machine, Color",4813,1956.8025,19,5,0.4065660710575525
TEC-CO-10001382,"HP Personal Copier, Laser",1839,552.942,15,4,0.30067536704730835
TEC-CO-10001391,"Sharp Ink, Color",630,-50.43,6,3,-0.08004761904761905
TEC-CO-10001407,"Canon Ink, Digital",3041,619.2888,22,7,0.2036464320947057
TEC-CO-10001410,"Canon Personal Copier, High-Speed",4295,-219.3876,33,10,-0.05107976717112922
TEC-CO-10001413,"Hewlett Wireless Fax, High-Speed",4163,2039.4,11,4,0.4898871006485708
TEC-CO-10001419,"Hewlett Copy Machine, Color",4925,-474.61620000000005,21,5,-0.09636877157360407
TEC-CO-10001425,"HP Personal Copier, Color",698,109.3815,6,2,0.1567070200573066
TEC-CO-10001445,"Brother Personal Copier, High-Speed",1411,606.5999999999999,10,2,0.4299078667611622
TEC-CO-10001449,Hewlett Packard LaserJet 3310 Copier,18840,6983.8836,38,8,0.37069445859872613
TEC-CO-10001450,"Canon Personal Copier, High-Speed",562,-255.7192,10,3,-0.45501637010676155
TEC-CO-10001468,"Brother Fax Machine, Digital",4022,991.9109599999999,21,7,0.24662132272501242
TEC-CO-10001472,"Sharp Copy Machine, Laser",3697,1503.3888,18,5,0.406651014335948
TEC-CO-10001482,"Sharp Ink, High-Speed",1349,175.23,11,3,0.1298962194217939
TEC-CO-10001487,"Canon Ink, Digital",1101,55.725,8,3,0.05061307901907357
TEC-CO-10001501,"Canon Fax and Copier, Laser",2197,244.66320000000002,12,4,0.11136240327719618
TEC-CO-10001523,"HP Copy Machine, High-Speed",1195,-221.949,7,2,-0.18573138075313808
TEC-CO-10001531,"Hewlett Fax and Copier, Color",573,161.2545,4,2,0.2814214659685864
TEC-CO-10001560,"Hewlett Ink, Color",300,83.45952,3,2,0.2781984
TEC-CO-10001567,"Brother Copy Machine, Laser",3497,-393.0345,15,6,-0.11239190734915641
TEC-CO-10001571,Sharp 1540cs Digital Laser Copier,4400,1649.97,10,7,0.3749931818181818
TEC-CO-10001580,"HP Ink, Digital",1623,549.26872,19,6,0.33842804682686384
TEC-CO-10001589,"Hewlett Wireless Fax, Digital",3790,1701.5034,15,4,0.4489454881266491
TEC-CO-10001595,"Brother Copy Machine, Color",3086,1062.38248,18,7,0.3442587427090084
TEC-CO-10001596,"Brother Wireless Fax, Color",5305,798.1875,15,5,0.15045947219604147
TEC-CO-10001626,"Brother Copy Machine, Color",4522,91.96950000000001,20,6,0.02033823529411765
TEC-CO-10001628,"Sharp Personal Copier, Digital",5090,2398.782,45,10,0.4712734774066798
TEC-CO-10001629,"Sharp Copy Machine, Color",241,-62.64,2,1,-0.25991701244813276
TEC-CO-10001630,"Canon Personal Copier, Digital",1461,583.6788,11,4,0.3995063655030801
TEC-CO-10001633,"Sharp Fax Machine, High-Speed",8376,945.2849999999999,32,8,0.11285637535816617
TEC-CO-10001654,"Hewlett Wireless Fax, Digital",9482,3429.8568,27,6,0.361722927652394
TEC-CO-10001674,"Sharp Personal Copier, Color",829,150.5208,9,5,0.18156911942098916
TEC-CO-10001678,"Brother Fax Machine, Digital",3182,1017.9000000000001,10,3,0.31989314896291643
TEC-CO-10001703,"Brother Copy Machine, Laser",3144,1199.3999999999999,14,4,0.38148854961832057
TEC-CO-10001703,"Brother Fax and Copier, High-Speed",1972,574.566,11,4,0.29136206896551725
TEC-CO-10001725,"Canon Ink, High-Speed",967,123.86200000000001,10,2,0.1280889348500517
TEC-CO-10001726,"HP Fax and Copier, High-Speed",2331,251.1567,16,5,0.10774633204633205
TEC-CO-10001741,"Brother Copy Machine, Color",521,187.5,2,1,0.3598848368522073
TEC-CO-10001742,"Sharp Copy Machine, Color",2370,970.1544,17,5,0.40934784810126584
TEC-CO-10001756,"Canon Personal Copier, Color",1669,554.67544,19,9,0.3323399880167765
TEC-CO-10001766,"Canon Fax Machine, Digital",3243,-1119.474,14,4,-0.3451970397779833
TEC-CO-10001766,Canon PC940 Copier,5670,2092.4535,15,3,0.36903941798941803
TEC-CO-10001775,"Sharp Wireless Fax, Laser",6664,2199.2424,22,6,0.3300183673469388
TEC-CO-10001787,"HP Fax and Copier, Laser",2706,603.3285000000001,16,4,0.22295953436807098
TEC-CO-10001795,"Sharp Personal Copier, High-Speed",1477,501.0,14,3,0.3392010832769127
TEC-CO-10001818,"Brother Ink, Digital",1505,-226.41848,19,4,-0.15044417275747507
TEC-CO-10001818,"Sharp Wireless Fax, Digital",8041,-641.34096,37,9,-0.07975885586369855
TEC-CO-10001824,"Sharp Personal Copier, Color",648,121.74464,8,4,0.18787753086419753
TEC-CO-10001831,"Sharp Personal Copier, Laser",480,28.8,4,2,0.060000000000000005
TEC-CO-10001831,"Sharp Wireless Fax, High-Speed",425,-84.996,2,1,-0.19999058823529411
TEC-CO-10001839,"Hewlett Fax and Copier, Laser",3655,530.0865,20,4,0.14503050615595076
TEC-CO-10001846,"Hewlett Fax and Copier, Digital",1113,-196.4922,8,2,-0.17654285714285714
TEC-CO-10001864,"Brother Ink, High-Speed",524,34.92,6,1,0.06664122137404581
TEC-CO-10001869,"Brother Fax and Copier, High-Speed",379,125.16,2,1,0.3302374670184696
TEC-CO-10001893,"HP Wireless Fax, Color",3607,786.8604,18,7,0.21814815636262824
TEC-CO-10001894,"Sharp Copy Machine, High-Speed",3674,1261.53,18,6,0.3433669025585193
TEC-CO-10001895,"Sharp Wireless Fax, Color",7547,-425.50680000000006,23,4,-0.05638091957069035
TEC-CO-10001919,"Brother Fax Machine, Color",3407,1426.45376,16,3,0.41868322864690344
TEC-CO-10001926,"Hewlett Wireless Fax, Laser",6653,1668.6750000000002,19,4,0.25081542161430936
TEC-CO-10001933,"HP Fax Machine, High-Speed",5038,309.9759199999999,29,8,0.061527574434299306
TEC-CO-10001937,"Brother Fax and Copier, High-Speed",504,69.78832,4,2,0.1384688888888889
TEC-CO-10001943,Canon PC-428 Personal Copier,4120,1469.9265,25,6,0.3567782766990291
TEC-CO-10001952,"Hewlett Personal Copier, Digital",648,57.495,5,1,0.08872685185185185
TEC-CO-10001954,"Brother Wireless Fax, Laser",6625,2090.6469,21,5,0.31556934339622644
TEC-CO-10001968,"Canon Personal Copier, Color",269,-142.68968,7,3,-0.530444907063197
TEC-CO-10001968,"Sharp Ink, High-Speed",1060,72.23476,13,4,0.068146
TEC-CO-10001978,"Hewlett Fax and Copier, High-Speed",1399,585.47764,11,3,0.4184972408863474
TEC-CO-10002009,"Brother Wireless Fax, High-Speed",4062,-266.94827999999995,21,7,-0.06571843426883307
TEC-CO-10002035,"Canon Wireless Fax, High-Speed",10260,-144.07080000000002,30,7,-0.01404198830409357
TEC-CO-10002040,"Brother Fax Machine, Digital",8215,2678.6076000000003,30,7,0.32606300669507005
TEC-CO-10002040,"Hewlett Fax and Copier, High-Speed",229,-7.656,2,1,-0.03343231441048035
TEC-CO-10002043,"Canon Wireless Fax, Digital",1892,832.2,5,1,0.43985200845665967
TEC-CO-10002055,"Hewlett Ink, Digital",1224,489.24,9,3,0.3997058823529412
TEC-CO-10002057,"Sharp Copy Machine, Color",3695,382.23,17,6,0.10344519621109607
TEC-CO-10002062,"Brother Personal Copier, Digital",1026,-171.144,12,3,-0.16680701754385965
TEC-CO-10002063,"Sharp Fax Machine, Color",3755,481.53371999999996,19,6,0.12823800798934754
TEC-CO-10002065,"HP Fax Machine, High-Speed",179,-98.406,1,1,-0.5497541899441342
TEC-CO-10002065,"Hewlett Copy Machine, Laser",1785,-401.76712,14,4,-0.22507961904761903
TEC-CO-10002083,"HP Fax and Copier, High-Speed",291,-22.257000000000005,3,2,-0.07648453608247424
TEC-CO-10002089,"Brother Personal Copier, Laser",1235,135.1222,15,5,0.10941068825910931
TEC-CO-10002095,Hewlett Packard 610 Color Digital Copier / Printer,8900,3124.9375,21,7,0.35111657303370786
TEC-CO-10002108,"Brother Personal Copier, Color",2159,426.8568,24,4,0.19771042149143123
TEC-CO-10002110,"Brother Personal Copier, Color",2361,698.61612,27,7,0.2958983989834816
TEC-CO-10002113,"Canon Ink, Digital",3145,915.81324,33,7,0.2911965786963434
TEC-CO-10002119,"Sharp Fax Machine, Digital",4988,628.5681,18,5,0.1260160585404972
TEC-CO-10002122,"Hewlett Fax Machine, Digital",1917,747.72,6,1,0.39004694835680753
TEC-CO-10002150,"Canon Fax and Copier, Digital",3056,1432.35,17,6,0.46870091623036647
TEC-CO-10002157,"Canon Fax Machine, Laser",3709,-16.036500000000004,13,3,-0.004323672148827178
TEC-CO-10002174,"HP Copy Machine, Laser",6753,3102.0074999999997,30,7,0.4593525099955575
TEC-CO-10002197,"Hewlett Fax and Copier, High-Speed",2245,586.4925,14,4,0.26124387527839643
TEC-CO-10002201,"Sharp Ink, Color",871,-5.4535999999999945,12,4,-0.006261308840413312
TEC-CO-10002232,"HP Ink, Laser",3160,70.78499999999997,30,5,0.022400316455696193
TEC-CO-10002240,"Canon Copy Machine, High-Speed",2083,374.88,8,4,0.1799711953912626
TEC-CO-10002242,"Brother Fax and Copier, Color",4708,1041.492,25,7,0.22121750212404417
TEC-CO-10002244,"Sharp Ink, Laser",2271,-28.957499999999968,22,6,-0.012750990752972244
TEC-CO-10002269,"Brother Ink, Color",3464,1568.892,25,5,0.4529133949191686
TEC-CO-10002271,"Sharp Fax Machine, Laser",3972,-17.22660000000002,23,5,-0.004337009063444114
TEC-CO-10002283,"Brother Copy Machine, Color",4368,1200.3573,19,5,0.2748070741758242
TEC-CO-10002284,"Hewlett Copy Machine, Color",5978,1428.4905,26,8,0.23895792907326868
TEC-CO-10002313,Canon PC1080F Personal Copier,6000,1973.9670999999998,11,4,0.3289945166666666
TEC-CO-10002316,"Brother Personal Copier, Laser",3743,419.3991,31,5,0.11204891798022976
TEC-CO-10002323,"Brother Copy Machine, Color",781,-594.09,6,1,-0.7606786171574904
TEC-CO-10002326,"Canon Copy Machine, Color",1055,65.82,5,3,0.062388625592417056
TEC-CO-10002350,"Canon Wireless Fax, Digital",5935,-601.713,18,5,-0.1013838247683235
TEC-CO-10002376,"Hewlett Fax Machine, Laser",8172,3345.7367999999997,29,8,0.409414684287812
TEC-CO-10002379,"Canon Copy Machine, Digital",4083,167.478,17,3,0.04101836884643645
TEC-CO-10002380,"Canon Fax and Copier, High-Speed",3051,86.964,17,5,0.028503441494591938
TEC-CO-10002381,"Brother Personal Copier, High-Speed",1708,10.477719999999998,19,5,0.0061344964871194365
TEC-CO-10002404,"HP Fax Machine, Color",1605,-3.21472,8,3,-0.002002940809968847
TEC-CO-10002423,"Canon Personal Copier, High-Speed",2679,-203.33999999999997,28,5,-0.07590145576707726
TEC-CO-10002427,"Canon Copy Machine, Laser",3452,959.92904,23,7,0.2780790961761298
TEC-CO-10002434,"Canon Fax and Copier, Laser",1630,218.27632,14,4,0.1339118527607362
TEC-CO-10002465,"HP Copy Machine, Color",968,474.0,4,1,0.4896694214876033
TEC-CO-10002466,"Brother Personal Copier, High-Speed",2081,209.8875,17,3,0.10085896203748197
TEC-CO-10002467,"Sharp Personal Copier, Laser",64,-25.92,2,1,-0.405
TEC-CO-10002493,"Hewlett Personal Copier, Color",1843,199.22868,19,4,0.10810020618556701
TEC-CO-10002504,"Brother Copy Machine, Laser",1359,632.68208,8,4,0.4655497277409861
TEC-CO-10002523,"Hewlett Personal Copier, Laser",1709,629.9091599999999,19,4,0.3685834757167934
TEC-CO-10002526,"Sharp Wireless Fax, Digital",9113,3288.7428,26,6,0.3608847580379677
TEC-CO-10002538,"Brother Fax and Copier, Color",232,-69.504,2,1,-0.29958620689655174
TEC-CO-10002550,"Sharp Ink, Digital",688,301.2975,6,2,0.43793241279069767
TEC-CO-10002567,"Hewlett Fax and Copier, Laser",154,-162.79548,3,1,-1.0571135064935064
TEC-CO-10002571,"Hewlett Personal Copier, Digital",1244,284.28556,13,4,0.2285253697749196
TEC-CO-10002578,"Canon Copy Machine, Laser",4077,537.117,18,4,0.13174319352465047
TEC-CO-10002583,"Canon Fax and Copier, Color",2699,647.64,14,4,0.2399555390885513
TEC-CO-10002586,"Brother Ink, Color",2097,208.31904,28,6,0.09934145922746782
TEC-CO-10002587,"Sharp Fax and Copier, Laser",3567,1243.9560000000001,26,7,0.3487401177460051
TEC-CO-10002601,"Brother Fax and Copier, Digital",5466,41.11800000000001,33,8,0.007522502744237104
TEC-CO-10002617,"Brother Fax Machine, High-Speed",6322,2647.7304,30,7,0.41881214805441314
TEC-CO-10002657,"Canon Copy Machine, High-Speed",3359,826.1216,20,6,0.2459427210479309
TEC-CO-10002658,"Hewlett Ink, Laser",2813,1220.3856,21,6,0.4338377532883043
TEC-CO-10002659,"Sharp Fax Machine, Color",4917,270.22950000000003,17,3,0.0549582062233069
TEC-CO-10002663,"Sharp Wireless Fax, Laser",2847,711.84,8,1,0.25003161222339304
TEC-CO-10002673,"Brother Fax and Copier, Laser",2153,430.5825,12,4,0.19999187180678124
TEC-CO-10002674,"Sharp Fax and Copier, High-Speed",4830,-344.202,33,8,-0.07126335403726708
TEC-CO-10002678,"Brother Wireless Fax, High-Speed",1508,437.28,4,1,0.289973474801061
TEC-CO-10002681,"HP Personal Copier, Digital",297,-143.808,4,1,-0.4842020202020202
TEC-CO-10002686,"Hewlett Fax Machine, Laser",1952,-175.998,7,3,-0.09016290983606556
TEC-CO-10002696,"Hewlett Personal Copier, Color",583,262.2,4,1,0.4497427101200686
TEC-CO-10002697,"Brother Wireless Fax, High-Speed",3066,388.19129999999996,10,4,0.12661164383561643
TEC-CO-10002700,"Hewlett Fax and Copier, Digital",2048,570.29976,18,6,0.2784666796875
TEC-CO-10002759,"HP Copy Machine, Laser",2849,-490.32124,21,10,-0.17210292734292734
TEC-CO-10002768,"Sharp Fax Machine, High-Speed",3129,902.5312,16,5,0.2884407798018536
TEC-CO-10002769,"HP Fax Machine, Digital",4598,-194.727,16,6,-0.04235036972596781
TEC-CO-10002788,"Hewlett Personal Copier, Digital",757,299.2266,6,2,0.39527952443857334
TEC-CO-10002796,"Canon Wireless Fax, Color",3573,-1786.56,15,3,-0.500016792611251
TEC-CO-10002812,"Canon Ink, Color",357,-124.824,4,1,-0.3496470588235294
TEC-CO-10002817,"Sharp Fax and Copier, Digital",908,242.136,6,3,0.2666696035242291
TEC-CO-10002857,"Sharp Fax and Copier, Color",4089,1574.292,29,6,0.38500660308143797
TEC-CO-10002872,"Canon Ink, Color",891,169.38,6,2,0.1901010101010101
TEC-CO-10002911,"Hewlett Wireless Fax, Laser",6728,877.7429999999999,19,4,0.13046120689655172
TEC-CO-10002916,"Hewlett Ink, Color",1359,67.386,10,3,0.049584988962472404
TEC-CO-10002937,"Canon Ink, High-Speed",1687,302.15999999999997,14,6,0.17911084765856547
TEC-CO-10002962,"Sharp Wireless Fax, Color",7076,1807.6080000000002,22,8,0.255456189937818
TEC-CO-10002981,"HP Wireless Fax, High-Speed",1971,480.13499999999993,8,2,0.24359969558599692
TEC-CO-10002998,"Sharp Ink, Laser",1822,543.71064,22,6,0.29841418221734356
TEC-CO-10003002,"Canon Personal Copier, Digital",3125,525.69528,33,8,0.1682224896
TEC-CO-10003007,"Hewlett Fax and Copier, Color",750,232.63844,7,4,0.31018458666666665
TEC-CO-10003017,"Sharp Ink, Laser",1195,-269.064,12,3,-0.22515815899581593
TEC-CO-10003019,"Brother Fax Machine, High-Speed",3801,417.96,12,2,0.10996053670086818
TEC-CO-10003048,"Hewlett Wireless Fax, Color",3249,257.37224000000003,14,4,0.07921583256386582
TEC-CO-10003083,"HP Fax Machine, High-Speed",2684,133.92000000000002,9,2,0.049895678092399406
TEC-CO-10003087,"Canon Wireless Fax, Laser",3408,613.17,9,1,0.1799207746478873
TEC-CO-10003102,"Canon Copy Machine, Color",8549,-411.1848,34,7,-0.04809741490232776
TEC-CO-10003113,"Hewlett Fax Machine, Color",3085,96.15599999999999,10,3,0.031168881685575363
TEC-CO-10003124,"Canon Ink, Laser",2060,968.1,14,4,0.46995145631067964
TEC-CO-10003135,"Canon Fax and Copier, High-Speed",2344,858.60888,21,5,0.36630071672354947
TEC-CO-10003142,"Hewlett Fax and Copier, Laser",4774,555.2896,40,9,0.116315374947633
TEC-CO-10003158,"Sharp Wireless Fax, Laser",5019,1601.82656,24,5,0.3191525323769675
TEC-CO-10003160,"Brother Wireless Fax, Laser",7657,-1267.41704,38,10,-0.16552397022332507
TEC-CO-10003166,"Canon Fax Machine, Color",384,-134.364,2,1,-0.34990625000000003
TEC-CO-10003204,"HP Fax and Copier, High-Speed",910,390.49504,8,3,0.4291154285714286
TEC-CO-10003212,"HP Copy Machine, High-Speed",4378,166.18716,27,6,0.037959607126541804
TEC-CO-10003217,"Canon Wireless Fax, Laser",757,136.26,2,1,0.18
TEC-CO-10003226,"Canon Fax Machine, Laser",637,286.5,2,1,0.4497645211930926
TEC-CO-10003228,"Hewlett Copy Machine, Laser",4398,10.257000000000005,17,4,0.0023321964529331527
TEC-CO-10003236,Canon Image Class D660 Copier,3960,1691.9718,7,2,0.4272656060606061
TEC-CO-10003250,"Brother Personal Copier, Digital",2269,371.83230000000003,19,5,0.16387496694579112
TEC-CO-10003262,"HP Wireless Fax, Laser",5366,-3.3912799999999663,26,6,-0.0006319940365262703
TEC-CO-10003268,"HP Fax and Copier, Color",968,350.31149999999997,6,3,0.3618920454545454
TEC-CO-10003298,"Hewlett Wireless Fax, Digital",4824,478.46099999999996,13,4,0.09918345771144278
TEC-CO-10003307,"Hewlett Fax and Copier, Digital",1926,635.1,10,2,0.3297507788161994
TEC-CO-10003318,"Hewlett Ink, Digital",1717,382.57456,19,4,0.22281570180547466
TEC-CO-10003342,"Canon Fax Machine, High-Speed",7294,1041.4836,25,6,0.14278634494104744
TEC-CO-10003342,"Canon Wireless Fax, High-Speed",5125,942.096,15,2,0.18382360975609757
TEC-CO-10003346,"Brother Wireless Fax, Digital",4532,944.5572,18,5,0.20841950573698145
TEC-CO-10003349,"Hewlett Copy Machine, Color",636,-392.376,4,2,-0.616943396226415
TEC-CO-10003353,"HP Personal Copier, High-Speed",1802,-502.6821,19,5,-0.27895788013318534
TEC-CO-10003354,"Brother Fax Machine, Laser",6338,1433.166,22,5,0.22612275165667403
TEC-CO-10003362,"Sharp Fax and Copier, High-Speed",1352,-410.40000000000003,12,4,-0.3035502958579882
TEC-CO-10003370,"HP Ink, Color",2060,373.24296,27,7,0.18118590291262135
TEC-CO-10003393,"Sharp Personal Copier, Digital",2500,-633.414,27,5,-0.25336559999999997
TEC-CO-10003406,"HP Fax and Copier, Laser",692,290.4,4,1,0.4196531791907514
TEC-CO-10003410,"Brother Ink, High-Speed",1659,680.94,12,3,0.41045207956600366
TEC-CO-10003420,"Sharp Wireless Fax, High-Speed",2120,356.83056,9,2,0.16831630188679245
TEC-CO-10003448,"Canon Ink, Laser",2839,1171.125,21,5,0.4125132088763649
TEC-CO-10003448,"Canon Personal Copier, Laser",2226,431.034,17,5,0.19363611859838276
TEC-CO-10003471,"Hewlett Fax and Copier, Color",1166,256.32,6,2,0.21982847341337908
TEC-CO-10003474,"Brother Personal Copier, Digital",1961,-275.0925,16,5,-0.1402817440081591
TEC-CO-10003496,"Brother Wireless Fax, Digital",4352,2035.935,12,3,0.46781594669117643
TEC-CO-10003506,"HP Fax Machine, Laser",6996,2171.3208,24,6,0.31036603773584903
TEC-CO-10003516,"Sharp Ink, High-Speed",2146,1.904999999999994,19,5,0.0008876980428704538
TEC-CO-10003522,"Sharp Personal Copier, High-Speed",1260,-495.438,15,4,-0.3932047619047619
TEC-CO-10003523,"Brother Wireless Fax, High-Speed",3110,463.52250000000004,9,3,0.14904260450160772
TEC-CO-10003525,"Sharp Ink, Color",1064,329.5125,11,4,0.3096921992481203
TEC-CO-10003534,"HP Fax and Copier, Digital",1985,948.735,12,4,0.47795214105793454
TEC-CO-10003541,"HP Copy Machine, Color",2673,189.81804,19,6,0.0710131088664422
TEC-CO-10003561,"Sharp Copy Machine, Color",2850,-266.4,16,4,-0.0934736842105263
TEC-CO-10003568,"HP Copy Machine, Color",130,-131.39768,2,1,-1.0107513846153846
TEC-CO-10003570,"Sharp Wireless Fax, High-Speed",5141,1062.3024,16,5,0.20663341762303056
TEC-CO-10003574,"Brother Personal Copier, High-Speed",2208,842.1594,17,6,0.38141277173913046
TEC-CO-10003587,"Hewlett Personal Copier, Laser",923,-184.752,8,2,-0.20016468039003252
TEC-CO-10003589,"HP Fax Machine, Digital",3220,164.445,12,4,0.051069875776397516
TEC-CO-10003597,"Brother Copy Machine, High-Speed",525,57.66,2,1,0.10982857142857143
TEC-CO-10003608,"Canon Fax Machine, Color",1919,-479.82000000000005,10,2,-0.25003647733194373
TEC-CO-10003622,"Sharp Ink, Digital",743,102.5514,9,2,0.1380234185733513
TEC-CO-10003633,"Canon Ink, Laser",176,-74.2086,3,1,-0.42163977272727277
TEC-CO-10003655,"Hewlett Wireless Fax, High-Speed",4230,1050.08664,18,5,0.24824743262411347
TEC-CO-10003678,"HP Personal Copier, Color",2693,228.4366,35,9,0.08482606758262161
TEC-CO-10003682,"Sharp Ink, Digital",2290,131.163,20,4,0.057276419213973806
TEC-CO-10003694,"Brother Wireless Fax, Color",6476,-196.99599999999998,28,8,-0.030419394688079058
TEC-CO-10003702,"Brother Ink, Digital",1702,653.8746,14,5,0.3841801410105758
TEC-CO-10003759,"Canon Fax Machine, Laser",3964,1687.1355,13,5,0.425614404641776
TEC-CO-10003763,Canon PC1060 Personal Laser Copier,11620,4570.9347,19,4,0.3933678743545611
TEC-CO-10003777,"Hewlett Copy Machine, Color",7041,962.9856,29,6,0.13676829995739243
TEC-CO-10003784,"HP Fax Machine, Laser",3593,1180.44144,18,4,0.3285392262733092
TEC-CO-10003800,"Hewlett Wireless Fax, Color",8338,95.24549999999994,27,6,0.011423063084672575
TEC-CO-10003807,"HP Personal Copier, Laser",1380,395.019,12,4,0.28624565217391307
TEC-CO-10003813,"Sharp Ink, Color",302,-151.08,4,1,-0.5002649006622517
TEC-CO-10003819,"Sharp Copy Machine, High-Speed",5180,-564.984,24,6,-0.10907027027027028
TEC-CO-10003901,"HP Copy Machine, Color",4781,2311.9464,20,6,0.48356962978456386
TEC-CO-10003917,"HP Fax and Copier, Digital",3562,1458.9344999999998,23,3,0.4095829590117911
TEC-CO-10003924,"Brother Ink, Digital",147,72.0,1,1,0.4897959183673469
TEC-CO-10003924,"Hewlett Fax Machine, Digital",2225,664.6176,8,3,0.29870453932584273
TEC-CO-10003931,"Hewlett Fax Machine, High-Speed",7574,-907.7023999999999,40,12,-0.11984452072880906
TEC-CO-10003951,"HP Copy Machine, High-Speed",4911,921.1104,21,7,0.1875606597434331
TEC-CO-10003964,"Canon Fax Machine, High-Speed",3791,524.12184,18,6,0.1382542442627275
TEC-CO-10003965,"Brother Ink, Laser",1842,-220.95,14,4,-0.11995114006514658
TEC-CO-10003982,"HP Ink, High-Speed",3688,1299.834,33,10,0.35244956616052064
TEC-CO-10003992,"HP Ink, Color",2542,120.6342,20,6,0.04745641227380016
TEC-CO-10004005,"Sharp Copy Machine, Laser",5007,432.108,22,6,0.08630077890952666
TEC-CO-10004027,"Sharp Fax Machine, Color",4662,-338.6979,17,5,-0.0726507722007722
TEC-CO-10004034,"Canon Fax Machine, High-Speed",3972,-484.5555,16,5,-0.1219928247734139
TEC-CO-10004042,"Brother Wireless Fax, Laser",7349,2336.634,21,7,0.3179526466185876
TEC-CO-10004045,"Hewlett Ink, High-Speed",441,132.12,3,1,0.29959183673469386
TEC-CO-10004078,"HP Personal Copier, Laser",249,77.04,2,1,0.3093975903614458
TEC-CO-10004078,"Sharp Fax Machine, Laser",8973,362.7375,32,6,0.04042544299565363
TEC-CO-10004081,"HP Personal Copier, High-Speed",537,-168.11388,9,2,-0.31306122905027933
TEC-CO-10004089,"Canon Copy Machine, Laser",3303,-36.876000000000005,14,3,-0.011164396003633063
TEC-CO-10004099,"Sharp Fax Machine, Digital",4282,-442.93500000000006,16,3,-0.10344114899579637
TEC-CO-10004115,Sharp AL-1530CS Digital Copier,6400,2064.9587,17,4,0.322649796875
TEC-CO-10004125,"HP Ink, High-Speed",1351,443.69280000000003,16,3,0.32841806069578094
TEC-CO-10004125,"Sharp Ink, Laser",722,-10.122,6,3,-0.014019390581717452
TEC-CO-10004128,"Brother Fax and Copier, Color",2567,-119.37375999999999,24,6,-0.04650321776392676
TEC-CO-10004138,"Sharp Wireless Fax, Digital",249,-433.788,2,1,-1.742120481927711
TEC-CO-10004143,"HP Personal Copier, Color",869,245.0343,8,3,0.28197272727272726
TEC-CO-10004147,"Brother Fax and Copier, High-Speed",4618,672.9314999999999,26,5,0.14571925075790385
TEC-CO-10004152,"HP Ink, Laser",1577,168.088,20,7,0.10658719086873811
TEC-CO-10004154,"Canon Copy Machine, Digital",6612,-846.375,32,10,-0.12800589836660617
TEC-CO-10004169,"HP Ink, Digital",2271,261.738,18,5,0.11525231175693527
TEC-CO-10004170,"HP Wireless Fax, High-Speed",6035,1404.9444,19,7,0.23279940347970177
TEC-CO-10004171,"Sharp Fax and Copier, Digital",2464,981.98496,22,6,0.39853285714285713
TEC-CO-10004182,"Hewlett Wireless Fax, Laser",1292,-247.25400000000002,5,2,-0.1913730650154799
TEC-CO-10004185,"Sharp Personal Copier, High-Speed",393,89.812,5,3,0.228529262086514
TEC-CO-10004191,"HP Ink, Laser",137,-144.8464,4,1,-1.0572729927007298
TEC-CO-10004202,Brother DCP1000 Digital 3 in 1 Multifunction Machine,4860,1154.9615000000001,19,7,0.23764639917695476
TEC-CO-10004234,"Canon Fax Machine, Laser",2331,485.49028,11,3,0.2082755383955384
TEC-CO-10004252,"HP Ink, Color",1497,340.65000000000003,12,3,0.2275551102204409
TEC-CO-10004263,"Hewlett Personal Copier, Laser",1566,-96.7905,12,4,-0.061807471264367815
TEC-CO-10004267,"Brother Ink, Laser",2531,97.04699999999998,19,5,0.03834334255235084
TEC-CO-10004306,"HP Copy Machine, Color",611,-42.02460000000001,5,2,-0.06878003273322424
TEC-CO-10004325,"Canon Personal Copier, Laser",1569,706.53,11,3,0.4503059273422562
TEC-CO-10004343,"HP Wireless Fax, Color",868,86.76,4,1,0.09995391705069125
TEC-CO-10004365,"HP Wireless Fax, Color",5425,54.0,15,3,0.009953917050691244
TEC-CO-10004367,"Canon Wireless Fax, Digital",3272,977.0228000000001,13,3,0.2986011002444988
TEC-CO-10004377,"Brother Fax Machine, High-Speed",950,208.98,3,1,0.21997894736842105
TEC-CO-10004394,"Canon Wireless Fax, Digital",757,30.24,2,1,0.03994715984147952
TEC-CO-10004398,"Brother Copy Machine, Color",2981,1167.38024,18,6,0.39160692385105667
TEC-CO-10004404,"Brother Copy Machine, High-Speed",4406,1775.382,17,3,0.4029464366772583
TEC-CO-10004406,"Sharp Fax Machine, Digital",627,-916.71776,8,1,-1.462069792663477
TEC-CO-10004409,"Hewlett Fax and Copier, High-Speed",253,-116.0138,5,1,-0.4585525691699605
TEC-CO-10004468,"Canon Copy Machine, Digital",1045,71.10576,6,3,0.06804378947368421
TEC-CO-10004481,"Canon Fax and Copier, Color",1130,-17.17144,11,5,-0.015195964601769913
TEC-CO-10004507,"Brother Fax and Copier, Digital",2667,815.8548000000001,17,6,0.3059073115860518
TEC-CO-10004521,"HP Personal Copier, Laser",2397,958.78268,31,9,0.39999277430120983
TEC-CO-10004535,"Hewlett Fax Machine, High-Speed",7113,2430.1332,23,6,0.34164673133698864
TEC-CO-10004558,"HP Ink, High-Speed",1352,-438.165,15,4,-0.32408653846153845
TEC-CO-10004563,"HP Copy Machine, Color",5074,1029.441,25,6,0.20288549467875444
TEC-CO-10004567,"Brother Fax Machine, Color",7856,3455.259,25,6,0.43982421079429734
TEC-CO-10004570,"Sharp Personal Copier, Digital",1018,228.6352,15,3,0.2245925343811395
TEC-CO-10004589,"Canon Wireless Fax, High-Speed",4060,516.3658399999999,17,6,0.12718370443349752
TEC-CO-10004605,"HP Copy Machine, Color",2834,1333.2228,12,3,0.47043853211009173
TEC-CO-10004649,"Brother Copy Machine, High-Speed",139,-144.09144,2,1,-1.0366290647482015
TEC-CO-10004662,"Hewlett Fax Machine, Color",4338,1205.01,15,6,0.27778008298755186
TEC-CO-10004664,"Hewlett Personal Copier, Color",1290,43.4835,9,2,0.03370813953488372
TEC-CO-10004689,"Canon Ink, Color",1932,366.99,13,4,0.18995341614906833
TEC-CO-10004690,"HP Wireless Fax, Digital",2490,790.4824,12,4,0.31746281124497994
TEC-CO-10004701,"Sharp Copy Machine, High-Speed",2676,552.5352,19,4,0.20647802690582961
TEC-CO-10004722,Canon imageCLASS 2200 Advanced Copier,61600,25199.928,20,5,0.40908974025974026
TEC-CO-10004756,"Sharp Wireless Fax, Digital",1564,220.40400000000002,6,2,0.14092327365728902
TEC-CO-10004813,"Hewlett Ink, Digital",890,355.86,6,1,0.3998426966292135
TEC-CO-10004831,"Brother Copy Machine, High-Speed",4746,496.5004,30,8,0.10461449641803625
TEC-CO-10004897,"Sharp Fax Machine, High-Speed",4072,1515.8609999999999,15,5,0.372264489194499
TEC-CO-10004901,"HP Fax and Copier, Laser",989,65.76132,9,3,0.06649274014155712
TEC-CO-10004904,"Sharp Fax Machine, Digital",1335,-594.6892,10,2,-0.4454600749063671
TEC-CO-10004928,"Brother Copy Machine, Color",207,-94.86996,3,1,-0.4583089855072464
TEC-CO-10004929,"Canon Personal Copier, Color",1083,-46.348200000000006,9,5,-0.042796121883656515
TEC-CO-10004961,"HP Wireless Fax, Color",2893,1330.8,8,3,0.4600069132388524
TEC-CO-10004976,"Brother Ink, High-Speed",874,-84.38999999999999,7,2,-0.09655606407322653
TEC-CO-10004981,"Canon Copy Machine, High-Speed",4047,530.8235999999999,18,5,0.13116471460340992
TEC-CO-10004981,"Sharp Personal Copier, Laser",912,237.6,15,6,0.26052631578947366
TEC-CO-10004985,"Hewlett Copy Machine, Color",351,-399.4874,5,2,-1.1381407407407407
TEC-CO-10004997,"Hewlett Wireless Fax, Color",10610,4854.264,29,8,0.45751781338360037
TEC-CO-10004998,"HP Fax and Copier, Color",2356,839.9916,15,3,0.3565329371816638
TEC-CO-10004998,"HP Fax and Copier, Digital",2641,47.60908,23,5,0.0180269140477092
TEC-ENE-10000154,"Enermax Router, Bluetooth",2583,232.2,10,4,0.08989547038327526
TEC-ENE-10000235,"Enermax Mouse, Programmable",836,0.0,20,2,0.0
TEC-ENE-10000690,"Enermax Keyboard, USB",544,-16.845,10,4,-0.030965073529411764
TEC-ENE-10000817,"Enermax Mouse, USB",1014,121.50000000000001,25,6,0.1198224852071006
TEC-ENE-10000895,"Enermax Mouse, Bluetooth",313,-4.878,9,8,-0.015584664536741214
TEC-ENE-10000995,"Enermax Memory Card, USB",940,-34.379999999999995,10,5,-0.03657446808510638
TEC-ENE-10001355,"Enermax Numeric Keypad, USB",220,63.96,4,3,0.2907272727272727
TEC-ENE-10001466,"Enermax Memory Card, Erganomic",560,263.55,5,4,0.470625
TEC-ENE-10001541,"Enermax Router, USB",776,139.59,3,2,0.1798840206185567
TEC-ENE-10002254,"Enermax Keyboard, Programmable",620,232.60799999999998,8,6,0.37517419354838705
TEC-ENE-10002686,"Enermax Numeric Keypad, Erganomic",824,90.3,14,6,0.1095873786407767
TEC-ENE-10002744,"Enermax Numeric Keypad, Bluetooth",230,52.92,4,1,0.23008695652173913
TEC-ENE-10003090,"Enermax Memory Card, Programmable",162,-25.554,2,2,-0.15774074074074074
TEC-ENE-10003125,"Enermax Flash Drive, Programmable",413,110.052,11,6,0.2664697336561743
TEC-ENE-10003801,"Enermax Flash Drive, USB",526,169.21800000000002,14,5,0.3217072243346008
TEC-ENE-10003873,"Enermax Numeric Keypad, Bluetooth",631,258.39,11,3,0.4094928684627575
TEC-ENE-10004052,"Enermax Flash Drive, Erganomic",157,69.12,4,1,0.4402547770700637
TEC-ENE-10004192,"Enermax Keyboard, Bluetooth",475,171.85199999999998,7,5,0.36179368421052627
TEC-ENE-10004236,"Enermax Flash Drive, Bluetooth",54,-2.5440000000000005,2,2,-0.04711111111111112
TEC-ENE-10004509,"Enermax Router, Programmable",520,213.06,2,2,0.40973076923076923
TEC-ENE-10004520,"Enermax Mouse, Erganomic",343,23.76,9,2,0.06927113702623908
TEC-ENE-10004627,"Enermax Router, Erganomic",2817,1126.95,11,5,0.40005324813631526
TEC-ENE-10004728,"Enermax Keyboard, Erganomic",325,81.17999999999999,6,5,0.24978461538461535
TEC-ENE-10005000,"Enermax Memory Card, Bluetooth",583,-89.24100000000001,7,5,-0.15307204116638082
TEC-EPS-10000053,"Epson Receipt Printer, Red",1142,570.9,10,1,0.4999124343257443
TEC-EPS-10000689,"Epson Card Printer, Wireless",1479,16.96499999999999,10,5,0.011470588235294111
TEC-EPS-10000774,"Epson Phone, Red",859,128.7,11,3,0.149825378346915
TEC-EPS-10001129,"Epson Inkjet, White",1648,329.778,6,3,0.20010800970873788
TEC-EPS-10001323,"Epson Calculator, Wireless",223,13.788000000000004,9,7,0.06182959641255607
TEC-EPS-10001341,"Epson Calculator, White",224,17.849999999999998,5,2,0.0796875
TEC-EPS-10001473,"Epson Calculator, Durable",19,-15.378,1,1,-0.8093684210526316
TEC-EPS-10001644,"Epson Phone, Durable",932,-183.46499999999997,16,6,-0.19685085836909869
TEC-EPS-10001651,"Epson Phone, White",746,253.87199999999999,10,3,0.3403109919571045
TEC-EPS-10002212,"Epson Receipt Printer, White",737,-51.024000000000015,12,6,-0.06923202170963368
TEC-EPS-10002523,"Epson Card Printer, White",573,-165.036,6,3,-0.28802094240837695
TEC-EPS-10002711,"Epson Card Printer, Red",835,375.90000000000003,5,2,0.4501796407185629
TEC-EPS-10002920,"Epson Printer, Red",260,54.54,1,1,0.20976923076923076
TEC-EPS-10002958,"Epson Receipt Printer, Wireless",398,-402.648,9,2,-1.0116783919597991
TEC-EPS-10003277,"Epson Printer, White",965,-287.139,5,4,-0.2975533678756477
TEC-EPS-10003473,"Epson Phone, Wireless",1523,631.236,20,5,0.4144688115561392
TEC-EPS-10003568,"Epson Receipt Printer, Durable",702,49.13999999999999,6,4,0.06999999999999999
TEC-EPS-10003962,"Epson Card Printer, Durable",2329,309.27900000000005,18,7,0.13279476170030058
TEC-EPS-10004111,"Epson Inkjet, Wireless",1079,-841.89,7,4,-0.7802502316960148
TEC-EPS-10004171,"Epson Calculator, Red",367,-219.99599999999998,21,5,-0.5994441416893732
TEC-EPS-10004328,"Epson Printer, Durable",1656,514.962,7,4,0.3109673913043478
TEC-EPS-10004558,"Epson Inkjet, Durable",4999,1505.079,17,6,0.3010760152030406
TEC-EPS-10004965,"Epson Inkjet, Wireless",1849,203.4,6,1,0.1100054083288264
TEC-HEW-10000365,"Hewlett Copy Machine, Laser",1948,-115.98599999999999,8,6,-0.059541067761806975
TEC-HEW-10000839,"Hewlett Wireless Fax, Color",1070,-152.676,4,4,-0.1426878504672897
TEC-HEW-10000930,"Hewlett Ink, Digital",1081,-141.264,15,6,-0.1306790009250694
TEC-HEW-10001056,"Hewlett Ink, High-Speed",147,44.04,1,1,0.29959183673469386
TEC-HEW-10001074,"Hewlett Fax Machine, Color",4273,1349.628,14,6,0.3158502223262345
TEC-HEW-10001558,"Hewlett Personal Copier, High-Speed",341,46.99799999999999,3,3,0.1378240469208211
TEC-HEW-10001710,"Hewlett Ink, Laser",1086,38.483999999999995,8,3,0.03543646408839778
TEC-HEW-10001908,"Hewlett Fax and Copier, Laser",309,-160.12800000000001,3,2,-0.5182135922330098
TEC-HEW-10002302,"Hewlett Copy Machine, Color",1571,785.52,6,1,0.5000127307447485
TEC-HEW-10002304,"Hewlett Fax Machine, High-Speed",2227,222.60000000000002,7,2,0.09995509654243377
TEC-HEW-10002435,"Hewlett Personal Copier, Digital",964,-334.02299999999997,11,3,-0.34649688796680495
TEC-HEW-10002501,"Hewlett Fax Machine, Laser",832,-991.788,6,3,-1.1920528846153846
TEC-HEW-10003260,"Hewlett Fax and Copier, Digital",770,254.04,4,2,0.3299220779220779
TEC-HEW-10003460,"Hewlett Fax and Copier, Color",2332,512.64,12,3,0.21982847341337908
TEC-HEW-10003531,"Hewlett Copy Machine, High-Speed",2373,593.1899999999999,9,2,0.24997471554993678
TEC-HEW-10003695,"Hewlett Wireless Fax, Digital",3950,273.372,11,4,0.06920810126582279
TEC-HEW-10003829,"Hewlett Wireless Fax, High-Speed",6810,3337.2000000000003,18,7,0.49004405286343616
TEC-HEW-10004172,"Hewlett Wireless Fax, Laser",494,-30.453000000000003,2,2,-0.06164574898785426
TEC-HEW-10004522,"Hewlett Copy Machine, Color",1326,-774.3299999999999,12,6,-0.5839592760180995
TEC-HEW-10004652,"Hewlett Personal Copier, Laser",1487,-5.948999999999998,11,4,-0.004000672494956286
TEC-HEW-10004690,"Hewlett Fax and Copier, High-Speed",2674,641.76,14,4,0.24
TEC-HEW-10004833,"Hewlett Ink, Color",1560,140.928,11,5,0.09033846153846153
TEC-HEW-10004937,"Hewlett Fax Machine, Digital",768,249.174,3,3,0.3244453125
TEC-HP -10000081,"HP Ink, Color",794,23.214000000000013,8,4,0.029236775818639815
TEC-HP -10000464,"HP Fax and Copier, Color",940,15.551999999999964,9,4,0.01654468085106379
TEC-HP -10001115,"HP Ink, Digital",257,33.36,2,1,0.12980544747081713
TEC-HP -10001426,"HP Personal Copier, Color",930,145.84199999999998,8,4,0.15681935483870965
TEC-HP -10001574,"HP Fax Machine, Laser",3240,1079.712,12,3,0.33324444444444445
TEC-HP -10001577,"HP Copy Machine, Laser",827,340.60200000000003,4,3,0.4118524788391778
TEC-HP -10001905,"HP Personal Copier, Laser",471,62.05199999999999,5,4,0.1317452229299363
TEC-HP -10002095,"HP Copy Machine, Color",1078,269.622,5,5,0.250113172541744
TEC-HP -10002221,"HP Ink, High-Speed",635,37.95,5,5,0.05976377952755906
TEC-HP -10002307,"HP Fax and Copier, Laser",346,145.2,2,2,0.4196531791907514
TEC-HP -10002603,"HP Copy Machine, High-Speed",1462,248.4,6,4,0.16990424076607388
TEC-HP -10003248,"HP Fax Machine, High-Speed",1818,-447.426,8,6,-0.2461089108910891
TEC-HP -10003345,"HP Fax and Copier, High-Speed",2293,309.57599999999996,19,4,0.13500915830789356
TEC-HP -10003559,"HP Wireless Fax, Digital",360,147.51,1,1,0.40974999999999995
TEC-HP -10003618,"HP Fax Machine, Digital",3595,0.0,12,5,0.0
TEC-HP -10003894,"HP Wireless Fax, Laser",3385,-0.12600000000000477,10,5,-3.722304283604277e-05
TEC-HP -10004012,"HP Personal Copier, Digital",1042,103.84199999999998,9,3,0.09965642994241841
TEC-HP -10004082,"HP Fax and Copier, Digital",242,68.982,2,2,0.2850495867768595
TEC-HP -10004149,"HP Copy Machine, Color",2735,410.997,12,5,0.15027312614259597
TEC-HP -10004451,"HP Ink, Laser",283,-231.65999999999997,5,2,-0.8185865724381625
TEC-HP -10004590,"HP Fax Machine, Color",1596,-210.966,6,5,-0.1321842105263158
TEC-HP -10004801,"HP Personal Copier, High-Speed",1224,318.29999999999995,10,5,0.2600490196078431
TEC-HP -10004971,"HP Wireless Fax, Color",217,-499.11,2,1,-2.300046082949309
TEC-KON-10000005,"Konica Phone, Durable",380,-120.936,10,4,-0.3182526315789474
TEC-KON-10000091,"Konica Calculator, Red",167,46.812,4,3,0.280311377245509
TEC-KON-10000302,"Konica Phone, White",524,139.59,7,4,0.2663931297709924
TEC-KON-10000562,"Konica Phone, Wireless",1620,34.06200000000001,23,5,0.021025925925925934
TEC-KON-10000837,"Konica Printer, Durable",1447,305.424,6,3,0.21107394609536972
TEC-KON-10001017,"Konica Receipt Printer, White",483,164.04,4,3,0.33962732919254657
TEC-KON-10001388,"Konica Printer, Red",1298,278.06100000000004,7,5,0.21422265023112483
TEC-KON-10001507,"Konica Card Printer, Durable",1666,-858.945,20,5,-0.5155732292917167
TEC-KON-10001519,"Konica Calculator, White",150,43.47,3,2,0.2898
TEC-KON-10001624,"Konica Receipt Printer, Durable",1346,390.06,11,7,0.2897919762258544
TEC-KON-10002034,"Konica Receipt Printer, Wireless",2323,464.54999999999995,19,8,0.1999784761084804
TEC-KON-10002050,"Konica Printer, Wireless",536,16.02,2,1,0.029888059701492536
TEC-KON-10002052,"Konica Inkjet, Wireless",1974,131.502,7,4,0.06661702127659574
TEC-KON-10002194,"Konica Printer, White",1677,372.645,7,4,0.2222093023255814
TEC-KON-10002309,"Konica Inkjet, Wireless",721,-59.65199999999999,3,2,-0.08273509015256586
TEC-KON-10002482,"Konica Phone, Red",492,56.46599999999998,9,6,0.11476829268292679
TEC-KON-10003077,"Konica Calculator, Wireless",104,48.48,2,2,0.46615384615384614
TEC-KON-10003116,"Konica Receipt Printer, Red",574,-250.98000000000002,10,4,-0.4372473867595819
TEC-KON-10003211,"Konica Inkjet, White",1553,590.0999999999999,5,3,0.3799742433998712
TEC-KON-10003726,"Konica Card Printer, Wireless",473,-73.64099999999999,4,4,-0.15568921775898517
TEC-KON-10004519,"Konica Card Printer, Red",517,-279.18,6,3,-0.54
TEC-KON-10004735,"Konica Card Printer, White",1111,-173.68800000000002,10,2,-0.15633483348334834
TEC-KON-10004774,"Konica Inkjet, Durable",2901,-31.394999999999982,10,5,-0.01082213029989658
TEC-LOG-10000368,"Logitech Flash Drive, Programmable",288,135.27,9,3,0.46968750000000004
TEC-LOG-10000546,"Logitech Mouse, Bluetooth",204,92.19,7,4,0.45191176470588235
TEC-LOG-10001123,"Logitech Memory Card, Bluetooth",248,-285.408,6,2,-1.1508387096774195
TEC-LOG-10001137,"Logitech Keyboard, Bluetooth",289,28.92,4,3,0.10006920415224914
TEC-LOG-10001434,"Logitech Keyboard, USB",203,-26.232000000000003,4,2,-0.1292216748768473
TEC-LOG-10001482,"Logitech Keyboard, Erganomic",232,-23.982,4,3,-0.1033706896551724
TEC-LOG-10001629,"Logitech Mouse, Programmable",185,49.86,6,3,0.2695135135135135
TEC-LOG-10001750,"Logitech Mouse, USB",176,22.86,6,3,0.12988636363636363
TEC-LOG-10001871,"Logitech Router, USB",941,-148.536,5,3,-0.1578490967056323
TEC-LOG-10002018,"Logitech Memory Card, Erganomic",2063,-18.503999999999998,21,5,-0.008969461948618515
TEC-LOG-10002218,"Logitech Numeric Keypad, USB",307,68.148,9,3,0.22198045602605862
TEC-LOG-10002262,"Logitech Flash Drive, Bluetooth",116,28.938,5,3,0.2494655172413793
TEC-LOG-10002431,"Logitech Numeric Keypad, Bluetooth",296,20.718,7,4,0.06999324324324324
TEC-LOG-10002589,"Logitech Memory Card, USB",1170,126.20699999999998,12,5,0.10786923076923075
TEC-LOG-10003079,"Logitech Flash Drive, Erganomic",73,11.232000000000001,4,3,0.15386301369863015
TEC-LOG-10003254,"Logitech Keyboard, Programmable",977,-22.410000000000004,15,9,-0.022937563971340842
TEC-LOG-10003539,"Logitech Mouse, Erganomic",203,-68.265,13,6,-0.3362807881773399
TEC-LOG-10003634,"Logitech Numeric Keypad, Programmable",498,39.618,11,6,0.07955421686746988
TEC-LOG-10003651,"Logitech Router, Programmable",1742,626.85,7,4,0.35984500574052813
TEC-LOG-10003896,"Logitech Router, Erganomic",2451,441.0,10,4,0.1799265605875153
TEC-LOG-10003995,"Logitech Numeric Keypad, Erganomic",405,41.43599999999999,14,6,0.10231111111111109
TEC-LOG-10004405,"Logitech Router, Bluetooth",3216,257.01,13,4,0.0799160447761194
TEC-LOG-10004419,"Logitech Flash Drive, USB",242,6.078000000000003,11,4,0.025115702479338853
TEC-LOG-10004917,"Logitech Memory Card, Programmable",735,300.93,7,4,0.4094285714285714
TEC-MA-10000002,"Epson Card Printer, Durable",5560,1519.929,36,7,0.2733685251798561
TEC-MA-10000003,"Konica Phone, Durable",652,251.08049999999997,8,2,0.3850927914110429
TEC-MA-10000010,Hewlett-Packard Deskjet 3050a All-in-One Color Inkjet Printer,3040,1459.2,8,1,0.48000000000000004
TEC-MA-10000029,"Epson WorkForce WF-2530 All-in-One Printer, Copier Scanner",280,120.3828,4,2,0.42993857142857145
TEC-MA-10000045,Zebra ZM400 Thermal Label Printer,6966,3343.536,6,2,0.4799793281653747
TEC-MA-10000087,"StarTech Calculator, White",96,35.6013,3,1,0.370846875
TEC-MA-10000110,"StarTech Phone, Wireless",991,-174.744,17,4,-0.17633097880928356
TEC-MA-10000112,Panasonic KX MB2061 Multifunction Printer,2396,179.73,10,1,0.07501252086811352
TEC-MA-10000122,"Okidata Calculator, Red",139,9.831999999999999,5,2,0.07073381294964028
TEC-MA-10000124,"Konica Card Printer, White",1504,255.57999999999998,13,2,0.16993351063829787
TEC-MA-10000154,"Panasonic Receipt Printer, Red",189,-377.84,8,1,-1.9991534391534391
TEC-MA-10000161,"Konica Receipt Printer, Durable",3120,773.865,27,6,0.24803365384615386
TEC-MA-10000161,"Okidata Inkjet, Wireless",6015,2189.025,21,3,0.363927680798005
TEC-MA-10000170,"Okidata Receipt Printer, White",647,181.12,8,2,0.2799381761978362
TEC-MA-10000172,"StarTech Inkjet, Wireless",724,72.408,4,1,0.1000110497237569
TEC-MA-10000199,"Okidata Inkjet, White",747,-435.84,4,1,-0.5834538152610441
TEC-MA-10000232,"Konica Card Printer, Durable",958,148.21200000000002,11,2,0.15470981210855952
TEC-MA-10000240,"Okidata Inkjet, Wireless",838,351.76,4,2,0.4197613365155131
TEC-MA-10000258,"Panasonic Inkjet, Wireless",518,180.9894,2,1,0.3494003861003861
TEC-MA-10000261,"StarTech Calculator, Red",778,83.1345,22,5,0.10685668380462725
TEC-MA-10000317,"StarTech Receipt Printer, Red",323,6.39,3,1,0.01978328173374613
TEC-MA-10000327,"Epson Phone, Durable",1487,-185.99849999999998,24,6,-0.12508305312710152
TEC-MA-10000331,"Okidata Printer, White",6873,-1055.1675,30,8,-0.1535235704932344
TEC-MA-10000334,"Panasonic Printer, Wireless",2132,340.91999999999996,12,3,0.159906191369606
TEC-MA-10000345,"Konica Phone, Red",863,42.489000000000004,12,3,0.049234067207415994
TEC-MA-10000354,"StarTech Calculator, Wireless",592,-96.19200000000001,20,4,-0.1624864864864865
TEC-MA-10000366,"Epson Card Printer, Red",111,51.24,1,1,0.4616216216216216
TEC-MA-10000374,"Konica Receipt Printer, Red",557,139.3,7,1,0.2500897666068223
TEC-MA-10000379,"Okidata Phone, Wireless",104,-12.18,2,1,-0.11711538461538461
TEC-MA-10000418,Cubify CubeX 3D Printer Double Head Print,11100,-8879.9704,9,3,-0.7999973333333333
TEC-MA-10000423,Texas Instruments TI-34 Scientific Calculator,205,64.6506,12,3,0.31536878048780487
TEC-MA-10000429,"Konica Card Printer, Red",3902,1089.0048,24,4,0.2790888774987186
TEC-MA-10000433,"Epson Inkjet, Durable",3373,1112.76,11,3,0.3299021642454788
TEC-MA-10000461,"Epson Inkjet, Wireless",1711,-484.233,8,3,-0.2830116890707189
TEC-MA-10000473,"Epson Receipt Printer, Durable",1052,337.10699999999997,10,3,0.32044391634980984
TEC-MA-10000473,"Konica Phone, Red",2234,782.712,30,7,0.35036347358997316
TEC-MA-10000488,Bady BDG101FRU Card Printer,9280,1327.9834,14,4,0.14310165948275863
TEC-MA-10000555,"Panasonic Card Printer, Red",2278,-116.2596,14,4,-0.05103582089552239
TEC-MA-10000559,"Epson Card Printer, Red",1571,651.54,10,3,0.4147294716740929
TEC-MA-10000560,"StarTech Inkjet, Wireless",201,100.62,1,1,0.5005970149253731
TEC-MA-10000572,"Epson Card Printer, Red",766,123.618,6,2,0.1613812010443864
TEC-MA-10000597,Lexmark S315 Color Inkjet Printer,300,34.996500000000005,5,2,0.11665500000000001
TEC-MA-10000605,"Epson Card Printer, Wireless",2344,405.9105,15,4,0.1731700085324232
TEC-MA-10000606,"Epson Phone, Wireless",1296,595.6800000000001,16,2,0.45962962962962967
TEC-MA-10000606,"Okidata Printer, White",5088,800.6046,22,6,0.15735153301886792
TEC-MA-10000684,"Okidata Calculator, White",162,-22.32,4,2,-0.13777777777777778
TEC-MA-10000686,"Epson Phone, Wireless",943,364.15049999999997,13,3,0.386161717921527
TEC-MA-10000687,"Konica Calculator, Red",664,187.248,16,6,0.282
TEC-MA-10000697,"StarTech Card Printer, Wireless",3480,457.44,24,4,0.13144827586206898
TEC-MA-10000711,"StarTech Receipt Printer, Durable",89,-153.52,4,1,-1.7249438202247191
TEC-MA-10000742,"Konica Inkjet, White",1987,74.49600000000004,8,2,0.03749169602415704
TEC-MA-10000752,Texas Instrument TI-15 Fraction Calculator,42,-20.519,8,2,-0.488547619047619
TEC-MA-10000753,"Epson Printer, Red",2066,218.1015,9,4,0.10556703775411422
TEC-MA-10000755,"Panasonic Phone, Durable",68,-65.712,4,1,-0.9663529411764706
TEC-MA-10000765,"Okidata Phone, Wireless",812,324.6375,11,2,0.3997998768472906
TEC-MA-10000768,"Epson Card Printer, White",1064,-79.20479999999999,7,2,-0.07444060150375939
TEC-MA-10000772,"Okidata Phone, Durable",522,15.48,6,1,0.029655172413793104
TEC-MA-10000772,"StarTech Printer, Red",456,-1018.404,9,2,-2.2333421052631577
TEC-MA-10000776,"Okidata Calculator, Wireless",314,78.3,6,2,0.24936305732484076
TEC-MA-10000811,"Okidata Phone, Durable",765,-48.98400000000001,12,4,-0.06403137254901962
TEC-MA-10000822,Lexmark MX611dhe Monochrome Laser Printer,16830,-4589.973,18,4,-0.2727256684491979
TEC-MA-10000843,"Konica Phone, Red",167,30.0,2,1,0.17964071856287425
TEC-MA-10000858,"Panasonic Printer, White",530,68.82,2,1,0.12984905660377358
TEC-MA-10000864,Cisco 9971 IP Video Phone Charcoal,4268,466.4,16,2,0.10927835051546392
TEC-MA-10000868,"Panasonic Phone, Wireless",598,-150.318,9,2,-0.2513678929765886
TEC-MA-10000875,"Okidata Inkjet, Wireless",3235,-2052.234,17,4,-0.634384544049459
TEC-MA-10000888,"Okidata Phone, White",336,57.916000000000004,8,3,0.17236904761904764
TEC-MA-10000904,"Brother MFC-9340CDW LED All-In-One Printer, Copier Scanner",342,-319.1916,3,1,-0.9333087719298245
TEC-MA-10000946,"Panasonic Calculator, Red",953,295.623,21,4,0.310202518363064
TEC-MA-10000964,"Okidata Calculator, Red",148,68.22,3,1,0.46094594594594596
TEC-MA-10000982,"Konica Inkjet, Wireless",6409,90.40800000000002,24,5,0.014106412856919959
TEC-MA-10000984,Okidata MB760 Printer,7835,881.37,7,2,0.11249138481174219
TEC-MA-10001009,"Panasonic Inkjet, Red",4701,915.2280000000001,17,4,0.19468793873643908
TEC-MA-10001015,"StarTech Card Printer, Durable",1186,204.405,8,3,0.17234822934232716
TEC-MA-10001016,Canon PC170 Desktop Personal Copier,576,67.179,6,2,0.11663020833333333
TEC-MA-10001031,Socket Bluetooth Cordless Hand Scanner (CHS),506,177.198,3,1,0.3501936758893281
TEC-MA-10001047,"3D Systems Cube Printer, 2nd Generation, Magenta",14300,3717.9714000000004,11,2,0.259998
TEC-MA-10001080,"Epson Phone, Red",364,61.879999999999995,7,3,0.16999999999999998
TEC-MA-10001098,"StarTech Printer, Durable",1538,615.06,9,2,0.39990897269180753
TEC-MA-10001127,"Epson Inkjet, Wireless",771,-447.15,5,1,-0.5799610894941634
TEC-MA-10001127,"HP Designjet T520 Inkjet Large Format Printer - 24"" Color",18375,4094.9766,12,3,0.2228558693877551
TEC-MA-10001128,"StarTech Card Printer, White",194,-3.288,2,1,-0.016948453608247423
TEC-MA-10001139,"Okidata Receipt Printer, Wireless",902,95.8185,9,3,0.1062289356984479
TEC-MA-10001142,"Epson Card Printer, Wireless",2822,-540.51,23,4,-0.19153437278525867
TEC-MA-10001148,Okidata MB491 Multifunction Printer,2844,-434.13,9,2,-0.1526476793248945
TEC-MA-10001148,Swingline SM12-08 MicroCut Jam Free Shredder,2360,-447.9888,13,3,-0.1898257627118644
TEC-MA-10001187,"Okidata Calculator, Wireless",244,77.98,7,2,0.31959016393442624
TEC-MA-10001197,"StarTech Phone, Red",825,274.305,13,3,0.3324909090909091
TEC-MA-10001210,"Okidata Calculator, Durable",881,2.9880000000000013,18,5,0.0033916004540295135
TEC-MA-10001248,"StarTech Inkjet, Wireless",725,-471.024,4,1,-0.649688275862069
TEC-MA-10001259,"StarTech Inkjet, White",897,403.47,3,1,0.449799331103679
TEC-MA-10001261,"Konica Printer, Wireless",3027,1290.672,12,3,0.42638652130822596
TEC-MA-10001267,"Epson Calculator, Red",203,9.4896,6,3,0.04674679802955665
TEC-MA-10001279,"Panasonic Calculator, Wireless",503,9.9,10,2,0.019681908548707754
TEC-MA-10001290,"Panasonic Printer, White",2048,533.28,13,3,0.260390625
TEC-MA-10001296,"Epson Calculator, White",62,-15.251999999999999,2,2,-0.24599999999999997
TEC-MA-10001298,"StarTech Receipt Printer, Wireless",1360,-79.62599999999999,14,5,-0.0585485294117647
TEC-MA-10001302,"Panasonic Calculator, Durable",131,14.039999999999996,6,2,0.10717557251908394
TEC-MA-10001305,"Okidata Card Printer, White",871,66.0,11,3,0.07577497129735936
TEC-MA-10001308,"Okidata Printer, Durable",1153,-249.8202,6,2,-0.21666973113616653
TEC-MA-10001311,"Epson Printer, Wireless",1050,94.44,4,1,0.08994285714285714
TEC-MA-10001330,"Konica Card Printer, Red",414,-55.152,4,2,-0.13321739130434782
TEC-MA-10001335,"Epson Printer, Durable",3390,782.946,16,4,0.2309575221238938
TEC-MA-10001358,"StarTech Phone, Wireless",582,206.1612,9,2,0.35422886597938147
TEC-MA-10001360,"Okidata Receipt Printer, White",403,145.5024,4,1,0.36104813895781634
TEC-MA-10001372,"Konica Card Printer, White",989,364.446,6,4,0.3684994944388271
TEC-MA-10001403,"Panasonic Calculator, White",130,38.88,4,1,0.2990769230769231
TEC-MA-10001411,"Epson Calculator, Wireless",19,-23.516,2,1,-1.2376842105263157
TEC-MA-10001447,"Konica Phone, Red",167,30.0,3,2,0.17964071856287425
TEC-MA-10001475,"StarTech Receipt Printer, Wireless",1016,164.53019999999998,10,3,0.16193917322834644
TEC-MA-10001494,"Okidata Inkjet, Durable",2782,-621.951,11,4,-0.22356254493170383
TEC-MA-10001527,"Panasonic Calculator, White",202,-7.3365,5,1,-0.03631930693069307
TEC-MA-10001546,"Okidata Phone, Red",605,262.08,8,2,0.43319008264462805
TEC-MA-10001569,"Okidata Phone, Red",718,128.51999999999998,9,2,0.17899721448467965
TEC-MA-10001570,Cisco Desktop Collaboration Experience DX650 IP Video Phone,386,130.2075,5,1,0.33732512953367877
TEC-MA-10001598,"Panasonic Card Printer, Wireless",348,-0.06,5,1,-0.00017241379310344826
TEC-MA-10001607,"Konica Phone, Durable",453,-84.6825,7,2,-0.18693708609271525
TEC-MA-10001622,"Okidata Card Printer, Red",1384,138.24,12,2,0.09988439306358382
TEC-MA-10001624,"Panasonic Phone, Red",344,69.558,5,2,0.20220348837209304
TEC-MA-10001627,"Konica Printer, White",3548,1272.57,14,5,0.3586724915445321
TEC-MA-10001681,Lexmark MarkNet N8150 Wireless Print Server,723,-506.457,6,2,-0.70049377593361
TEC-MA-10001695,Zebra GK420t Direct Thermal/Thermal Transfer Printer,704,-938.28,6,1,-1.332784090909091
TEC-MA-10001711,"Konica Phone, White",1029,192.57600000000002,13,4,0.18714868804664725
TEC-MA-10001726,"Epson Receipt Printer, White",1094,-123.8244,11,4,-0.11318500914076782
TEC-MA-10001727,"Konica Receipt Printer, Wireless",1553,90.46499999999999,13,3,0.05825177076625885
TEC-MA-10001731,"Okidata Card Printer, White",186,-106.944,4,1,-0.5749677419354838
TEC-MA-10001752,"Konica Printer, Durable",2090,589.368,8,2,0.28199425837320574
TEC-MA-10001777,"Okidata Printer, Red",4171,-300.46500000000003,17,5,-0.0720366818508751
TEC-MA-10001792,"Epson Inkjet, White",779,119.0835,3,1,0.15286713735558408
TEC-MA-10001811,"Okidata Card Printer, Durable",1272,-248.2515,9,2,-0.19516627358490565
TEC-MA-10001825,"Epson Calculator, Durable",178,-27.126,6,3,-0.1523932584269663
TEC-MA-10001831,"Konica Card Printer, Durable",1490,6.855000000000004,9,2,0.0046006711409396
TEC-MA-10001832,"Okidata Card Printer, Durable",141,-178.36,4,1,-1.2649645390070923
TEC-MA-10001841,"Konica Printer, White",355,170.4,2,1,0.48000000000000004
TEC-MA-10001856,Okidata C610n Printer,649,-272.58,2,1,-0.42
TEC-MA-10001859,"Okidata Printer, Wireless",1790,554.8,10,4,0.30994413407821225
TEC-MA-10001881,"Konica Card Printer, Red",2663,406.61400000000003,17,5,0.15269019902365755
TEC-MA-10001922,"Konica Calculator, Wireless",293,19.93,12,3,0.06802047781569966
TEC-MA-10001934,"StarTech Printer, Red",1507,496.31399999999996,7,3,0.3293390842733908
TEC-MA-10001940,"Okidata Card Printer, Wireless",211,-126.624,2,1,-0.6001137440758294
TEC-MA-10001966,"Epson Card Printer, Durable",340,54.42,2,1,0.16005882352941178
TEC-MA-10001972,Okidata C331dn Printer,3211,111.68,12,5,0.034780442229834944
TEC-MA-10001991,"Konica Calculator, White",488,58.730399999999996,11,3,0.12034918032786884
TEC-MA-10002029,"StarTech Receipt Printer, Durable",520,110.64,5,3,0.21276923076923077
TEC-MA-10002039,"Panasonic Calculator, Wireless",705,-31.499999999999993,17,5,-0.044680851063829775
TEC-MA-10002040,"Panasonic Card Printer, Durable",1160,405.8,10,2,0.3498275862068966
TEC-MA-10002043,"Epson Receipt Printer, White",2044,858.528,18,4,0.42002348336594914
TEC-MA-10002055,"Epson Calculator, Wireless",93,45.48,2,1,0.4890322580645161
TEC-MA-10002073,"3D Systems Cube Printer, 2nd Generation, White",2340,-467.9964,3,2,-0.19999846153846154
TEC-MA-10002080,"Epson Printer, Durable",910,101.552,6,3,0.1115956043956044
TEC-MA-10002093,"StarTech Card Printer, Durable",736,8.04,5,1,0.01092391304347826
TEC-MA-10002109,"HP Officejet Pro 8600 e-All-In-One Printer, Copier, Scanner, Fax",450,47.9968,4,2,0.10665955555555556
TEC-MA-10002118,"Konica Printer, Red",1007,278.11199999999997,5,2,0.27617874875868914
TEC-MA-10002134,"Konica Inkjet, Wireless",3854,391.722,13,4,0.10164037363777892
TEC-MA-10002135,"Epson Printer, White",261,39.15,1,1,0.15
TEC-MA-10002148,"Epson Printer, Durable",4466,580.38,17,3,0.1299552171965965
TEC-MA-10002149,"Panasonic Receipt Printer, Durable",2203,914.364,19,5,0.41505401724920565
TEC-MA-10002155,"Panasonic Receipt Printer, Durable",605,54.45,5,2,0.09000000000000001
TEC-MA-10002165,"Konica Card Printer, Red",138,-41.364,3,1,-0.29973913043478256
TEC-MA-10002178,Cisco CP-7937G Unified IP Conference Station Phone,1392,-55.656,4,2,-0.03998275862068965
TEC-MA-10002193,"Panasonic Card Printer, Red",570,91.1,5,2,0.15982456140350876
TEC-MA-10002195,"Epson Receipt Printer, Red",650,308.286,6,3,0.47428615384615386
TEC-MA-10002210,Epson TM-T88V Direct Thermal Printer - Monochrome - Desktop,1213,-1057.23,10,2,-0.8715828524319869
TEC-MA-10002226,"Epson Phone, Red",258,-11.003999999999998,4,2,-0.042651162790697666
TEC-MA-10002242,"StarTech Calculator, Durable",108,-12.024,3,1,-0.11133333333333333
TEC-MA-10002249,"StarTech Calculator, Wireless",144,-6.504,4,1,-0.04516666666666666
TEC-MA-10002263,"Panasonic Inkjet, White",166,-202.88,2,1,-1.2221686746987952
TEC-MA-10002264,"Panasonic Printer, Durable",5066,1063.62,19,6,0.20995262534544018
TEC-MA-10002267,"Konica Calculator, White",100,28.98,2,2,0.2898
TEC-MA-10002268,"StarTech Receipt Printer, White",278,62.1045,3,1,0.2233974820143885
TEC-MA-10002306,"Epson Phone, White",583,273.46,11,2,0.4690566037735849
TEC-MA-10002316,"Konica Printer, Durable",2399,305.382,11,3,0.12729553980825345
TEC-MA-10002340,"Konica Receipt Printer, White",2147,714.048,18,4,0.3325794131346064
TEC-MA-10002368,"Panasonic Receipt Printer, White",143,-64.428,2,1,-0.4505454545454545
TEC-MA-10002389,"StarTech Receipt Printer, White",2379,508.8117,22,4,0.2138762925598991
TEC-MA-10002392,"Konica Card Printer, Wireless",3154,1576.26,18,4,0.4997653772986684
TEC-MA-10002412,Cisco TelePresence System EX90 Videoconferencing Unit,22638,-1811.0784,6,1,-0.08000169626292075
TEC-MA-10002413,"Panasonic Card Printer, Durable",322,-95.721,3,2,-0.29727018633540375
TEC-MA-10002424,"StarTech Phone, Durable",224,-188.1,6,2,-0.8397321428571428
TEC-MA-10002428,Fellowes Powershred HS-440 4-Sheet High Security Shredder,2542,1092.6795,17,3,0.42985031471282453
TEC-MA-10002435,"Epson Receipt Printer, Wireless",1720,119.24099999999999,18,6,0.06932616279069767
TEC-MA-10002459,"StarTech Printer, White",423,10.1628,2,1,0.02402553191489362
TEC-MA-10002464,"Panasonic Printer, Durable",480,58.638,2,1,0.1221625
TEC-MA-10002468,"Panasonic Inkjet, White",7142,37.25999999999999,26,4,0.005217026043125174
TEC-MA-10002471,"Epson Phone, Durable",1270,620.9094,16,3,0.48890503937007873
TEC-MA-10002520,"Panasonic Receipt Printer, White",1800,-173.0052,19,4,-0.096114
TEC-MA-10002521,"Okidata Card Printer, Wireless",1186,-149.4675,8,3,-0.12602655986509276
TEC-MA-10002525,"StarTech Phone, Durable",45,-100.056,3,1,-2.2234666666666665
TEC-MA-10002538,"Okidata Phone, Wireless",208,-24.36,4,1,-0.11711538461538461
TEC-MA-10002571,"Konica Phone, Durable",346,0.0,6,2,0.0
TEC-MA-10002614,"Okidata Receipt Printer, Wireless",1066,276.9,13,2,0.25975609756097556
TEC-MA-10002629,"Konica Inkjet, Wireless",1599,37.476,6,1,0.02343714821763602
TEC-MA-10002633,"StarTech Inkjet, Durable",648,-198.15120000000002,3,2,-0.3057888888888889
TEC-MA-10002660,"Epson Phone, White",278,80.91,4,2,0.2910431654676259
TEC-MA-10002680,"Konica Inkjet, White",5393,1086.9624,18,5,0.2015506026330428
TEC-MA-10002686,"Okidata Card Printer, White",1507,11.915999999999997,13,4,0.007907100199071
TEC-MA-10002694,Hewlett-Packard Deskjet F4180 All-in-One Color Ink-jet - Printer / copier / scanner,102,-71.3958,2,1,-0.6999588235294117
TEC-MA-10002701,"Konica Inkjet, Durable",1778,554.925,7,4,0.3121062992125984
TEC-MA-10002710,"Okidata Printer, Durable",680,-236.45600000000002,8,3,-0.3477294117647059
TEC-MA-10002711,"Epson Card Printer, Durable",2074,217.67400000000004,13,3,0.10495371263259404
TEC-MA-10002712,"Okidata Printer, Wireless",1208,-163.89000000000001,7,2,-0.13567052980132452
TEC-MA-10002722,"Epson Receipt Printer, Wireless",156,57.72,2,1,0.37
TEC-MA-10002729,"StarTech Receipt Printer, Red",409,-222.686,11,3,-0.5444645476772616
TEC-MA-10002771,"StarTech Inkjet, White",4857,1342.0500000000002,21,5,0.2763125386040766
TEC-MA-10002779,"Panasonic Receipt Printer, Red",1581,678.72,15,5,0.4292979127134725
TEC-MA-10002780,"Okidata Inkjet, Wireless",2768,832.4982,11,3,0.3007580202312139
TEC-MA-10002790,NeatDesk Desktop Scanner & Digital Filing System,480,55.9986,2,1,0.11666375000000001
TEC-MA-10002827,"StarTech Printer, Red",1583,-362.43,8,3,-0.2289513581806696
TEC-MA-10002844,"Konica Calculator, Durable",104,36.18,3,1,0.3478846153846154
TEC-MA-10002844,"Okidata Receipt Printer, White",1208,-161.586,12,5,-0.1337632450331126
TEC-MA-10002859,Ativa MDM8000 8-Sheet Micro-Cut Shredder,918,393.2563,11,2,0.4283837690631808
TEC-MA-10002864,"Okidata Calculator, White",1296,-146.20499999999998,29,6,-0.11281249999999998
TEC-MA-10002864,"Panasonic Card Printer, Durable",139,-86.988,3,1,-0.6258129496402878
TEC-MA-10002871,"Panasonic Receipt Printer, Red",1687,465.91499999999996,15,7,0.27617960877296976
TEC-MA-10002874,"Epson Receipt Printer, Wireless",2370,324.0075,23,4,0.13671202531645568
TEC-MA-10002898,"StarTech Printer, Durable",577,-7.7175,3,1,-0.01337521663778163
TEC-MA-10002910,"Panasonic Inkjet, Red",3463,-1385.472,16,3,-0.4000785446144961
TEC-MA-10002918,"StarTech Card Printer, White",2162,121.1985,15,3,0.05605851063829787
TEC-MA-10002927,Canon imageCLASS MF7460 Monochrome Digital Laser Multifunction Copier,3992,1995.99,2,1,0.49999749498998
TEC-MA-10002930,Ricoh - Ink Collector Unit for GX3000 Series Printers,466,36.916,14,3,0.07921888412017167
TEC-MA-10002931,"Konica Receipt Printer, Red",1170,346.02,10,3,0.2957435897435897
TEC-MA-10002931,"Okidata Calculator, Durable",901,231.312,18,3,0.25672807991120977
TEC-MA-10002937,"Canon Color ImageCLASS MF8580Cdw Wireless Laser All-In-One Printer, Copier, Scanner",1008,43.1991,3,1,0.04285625
TEC-MA-10002941,"Okidata Card Printer, Red",1470,458.37,9,2,0.31181632653061225
TEC-MA-10002952,"StarTech Calculator, White",230,62.1,9,1,0.27
TEC-MA-10002981,I.R.I.S IRISCard Anywhere 5 Card Scanner,351,152.0883,3,1,0.4333
TEC-MA-10002989,"Panasonic Printer, White",141,-91.84,2,1,-0.6513475177304965
TEC-MA-10002992,"Konica Card Printer, Wireless",175,87.57,1,1,0.5004
TEC-MA-10002998,"Okidata Receipt Printer, Durable",1978,-81.2376,18,4,-0.04107057633973711
TEC-MA-10003066,Wasp CCD Handheld Bar Code Reader,337,44.868,3,1,0.13313946587537093
TEC-MA-10003078,"Epson Printer, White",5768,-746.577,26,6,-0.12943429264909848
TEC-MA-10003079,"Panasonic Card Printer, Wireless",174,24.33,1,1,0.13982758620689653
TEC-MA-10003084,"Okidata Receipt Printer, Red",1320,0.0,11,2,0.0
TEC-MA-10003101,"Panasonic Printer, Red",1661,-184.548,7,2,-0.11110656231186032
TEC-MA-10003101,"Panasonic Receipt Printer, Wireless",387,-60.57000000000001,5,2,-0.15651162790697676
TEC-MA-10003112,"StarTech Phone, Durable",298,14.88,4,2,0.049932885906040274
TEC-MA-10003121,"StarTech Card Printer, Wireless",588,-127.62,6,2,-0.21704081632653063
TEC-MA-10003146,"Okidata Inkjet, Durable",1341,293.66790000000003,5,2,0.21899172259507832
TEC-MA-10003154,"Panasonic Printer, Red",264,0.0,1,1,0.0
TEC-MA-10003170,"Konica Calculator, Wireless",1108,384.06239999999997,27,5,0.346626714801444
TEC-MA-10003173,Hewlett-Packard 300S Scientific Calculator,131,60.306,10,2,0.46035114503816793
TEC-MA-10003176,Okidata B400 Printer,1029,115.83,3,2,0.11256559766763848
TEC-MA-10003176,"Panasonic Inkjet, Wireless",312,143.55,1,1,0.4600961538461539
TEC-MA-10003178,"Okidata Receipt Printer, Wireless",977,268.92449999999997,9,2,0.27525537359263047
TEC-MA-10003183,DYMO CardScan Personal V9 Business Card Scanner,1344,463.971,11,3,0.34521651785714286
TEC-MA-10003185,"Epson Phone, Red",566,35.01,8,2,0.06185512367491166
TEC-MA-10003198,"Konica Phone, White",1742,477.99,23,6,0.2743915040183697
TEC-MA-10003223,"StarTech Inkjet, Durable",2836,-102.279,11,4,-0.036064527503526095
TEC-MA-10003230,Okidata C610n Printer,1363,-19.47,3,1,-0.014284666177549522
TEC-MA-10003246,Hewlett-Packard Deskjet D4360 Printer,448,139.99,4,1,0.3124776785714286
TEC-MA-10003251,"Konica Phone, White",169,25.38,3,1,0.1501775147928994
TEC-MA-10003261,"Panasonic Phone, Durable",1142,454.212,15,5,0.3977338003502627
TEC-MA-10003280,"Panasonic Receipt Printer, White",2141,667.5945,19,5,0.3118143390938814
TEC-MA-10003298,"Konica Card Printer, Wireless",928,-301.44899999999996,9,2,-0.32483728448275856
TEC-MA-10003314,"Epson Phone, White",893,304.515,13,2,0.3410022396416573
TEC-MA-10003315,"Panasonic Card Printer, Red",342,-102.66,4,1,-0.3001754385964912
TEC-MA-10003326,"Epson Printer, Red",866,129.8,5,1,0.14988452655889148
TEC-MA-10003326,"StarTech Calculator, Durable",370,-72.3,13,4,-0.1954054054054054
TEC-MA-10003329,"Vtech AT&T CL2940 Corded Speakerphone, Black",72,24.2919,3,1,0.33738749999999995
TEC-MA-10003330,"Panasonic Receipt Printer, Wireless",1511,32.331,13,4,0.02139708802117803
TEC-MA-10003332,"Panasonic Receipt Printer, Durable",726,57.96,9,2,0.07983471074380165
TEC-MA-10003337,Okidata B401 Printer,180,-251.9874,3,1,-1.3999300000000001
TEC-MA-10003338,"Panasonic Phone, Red",1083,139.2678,16,4,0.128594459833795
TEC-MA-10003349,"Panasonic Calculator, Wireless",161,-12.144000000000002,4,2,-0.07542857142857144
TEC-MA-10003351,"Okidata Card Printer, White",3153,1200.3539999999998,19,4,0.38070218839200753
TEC-MA-10003353,Xerox WorkCentre 6505DN Laser Multifunction Printer,2520,-251.9958,7,1,-0.09999833333333333
TEC-MA-10003356,Panasonic KX MC6040 Color Laser Multifunction Printer,1620,-22.497500000000002,5,2,-0.013887345679012347
TEC-MA-10003361,"Konica Printer, Red",212,-132.528,3,1,-0.625132075471698
TEC-MA-10003366,"Epson Card Printer, White",1773,-337.00800000000004,20,4,-0.19007783417935703
TEC-MA-10003390,"Okidata Printer, Durable",143,-85.976,2,1,-0.6012307692307692
TEC-MA-10003400,"Panasonic Printer, Durable",1421,184.8,8,3,0.13004926108374384
TEC-MA-10003404,"Konica Card Printer, Durable",596,91.146,4,1,0.15292953020134228
TEC-MA-10003422,"Panasonic Calculator, Red",28,-34.182,3,1,-1.2207857142857144
TEC-MA-10003441,"Okidata Inkjet, Wireless",2607,995.6700000000001,9,3,0.38192174913693905
TEC-MA-10003461,"Epson Calculator, Red",651,204.822,16,5,0.3146267281105991
TEC-MA-10003471,"StarTech Phone, Wireless",328,61.487999999999985,8,3,0.18746341463414629
TEC-MA-10003478,"StarTech Receipt Printer, Durable",1307,140.55,13,2,0.10753634276970161
TEC-MA-10003486,"StarTech Phone, White",277,8.694,4,2,0.031386281588447654
TEC-MA-10003492,"Okidata Printer, Wireless",6630,-330.255,27,7,-0.04981221719457014
TEC-MA-10003493,Penpower WorldCard Pro Card Scanner,91,-1.8295,1,1,-0.020104395604395604
TEC-MA-10003515,"Panasonic Printer, Red",4957,26.232,22,4,0.00529191042969538
TEC-MA-10003536,"Konica Calculator, Red",195,23.4,4,1,0.12
TEC-MA-10003553,"Epson Printer, Red",2938,-135.2013,13,4,-0.04601814159292036
TEC-MA-10003557,"Panasonic Inkjet, Durable",7133,389.9385,27,8,0.05466683022571148
TEC-MA-10003558,"Panasonic Calculator, Durable",920,-33.900000000000006,22,7,-0.036847826086956526
TEC-MA-10003589,Cisco 8961 IP Phone Charcoal,225,-164.9538,3,1,-0.733128
TEC-MA-10003607,"Okidata Receipt Printer, Red",2382,91.011,23,4,0.038207808564231734
TEC-MA-10003624,"StarTech Inkjet, Wireless",2097,793.6215,8,3,0.37845565092989986
TEC-MA-10003625,"Panasonic Inkjet, White",828,91.04,4,2,0.10995169082125604
TEC-MA-10003626,Hewlett-Packard Deskjet 6540 Color Inkjet Printer,1396,139.621,6,2,0.1000150429799427
TEC-MA-10003630,"Epson Calculator, White",90,-75.36,4,1,-0.8373333333333334
TEC-MA-10003631,"Okidata Card Printer, Wireless",1538,-149.5875,10,2,-0.0972610533159948
TEC-MA-10003632,"Epson Calculator, Wireless",821,395.39699999999993,18,4,0.48160414129110835
TEC-MA-10003673,Hewlett-Packard Desktjet 6988DT Refurbished Printer,3405,1668.205,5,1,0.489928046989721
TEC-MA-10003674,Hewlett-Packard Deskjet 5550 Printer,597,49.761,3,1,0.08335175879396986
TEC-MA-10003682,"Panasonic Phone, White",167,19.98,2,1,0.11964071856287425
TEC-MA-10003698,"Okidata Phone, White",1794,-62.517,22,6,-0.034847826086956524
TEC-MA-10003704,"StarTech Printer, Wireless",1486,-153.71400000000003,10,2,-0.10344145356662182
TEC-MA-10003730,"StarTech Card Printer, White",216,97.12,2,1,0.44962962962962966
TEC-MA-10003743,"StarTech Printer, Durable",2614,-451.24199999999996,13,3,-0.17262509563886763
TEC-MA-10003757,"Panasonic Printer, Red",703,351.52,4,1,0.5000284495021337
TEC-MA-10003773,"Panasonic Card Printer, Wireless",869,252.0,5,1,0.2899884925201381
TEC-MA-10003779,"Konica Printer, Durable",214,-142.912,4,1,-0.6678130841121496
TEC-MA-10003780,"Epson Card Printer, White",2273,429.21000000000004,15,4,0.18882974043114828
TEC-MA-10003787,"Panasonic Inkjet, Wireless",2356,34.2795,8,3,0.014549872665534805
TEC-MA-10003796,"Konica Calculator, Durable",332,58.3575,8,3,0.17577560240963855
TEC-MA-10003801,"StarTech Card Printer, Red",1767,494.66999999999996,11,2,0.2799490662139219
TEC-MA-10003812,"Panasonic Printer, Wireless",4784,785.6954999999999,20,6,0.1642340091973244
TEC-MA-10003816,"Epson Calculator, White",90,8.94,3,1,0.09933333333333333
TEC-MA-10003856,"Okidata Calculator, Red",262,51.252,6,3,0.19561832061068704
TEC-MA-10003868,"StarTech Phone, Durable",784,-67.32,12,3,-0.0858673469387755
TEC-MA-10003885,"Okidata Calculator, Wireless",157,3.06,3,1,0.019490445859872613
TEC-MA-10003886,"Panasonic Phone, Wireless",113,7.88,2,1,0.06973451327433629
TEC-MA-10003909,"StarTech Calculator, Red",173,24.22,7,2,0.13999999999999999
TEC-MA-10003923,"Okidata Receipt Printer, Durable",2712,-3.718499999999999,23,7,-0.0013711283185840703
TEC-MA-10003927,"StarTech Inkjet, Wireless",4949,-320.29200000000003,18,5,-0.06471852899575672
TEC-MA-10003936,"Epson Printer, White",348,149.64,2,1,0.42999999999999994
TEC-MA-10003953,"Epson Inkjet, Durable",1227,232.92,6,1,0.18982885085574572
TEC-MA-10003975,"Epson Phone, Wireless",324,148.92,4,2,0.4596296296296296
TEC-MA-10003979,Ativa V4110MDD Micro-Cut Shredder,7700,3772.9461,11,2,0.489993
TEC-MA-10003986,"Konica Receipt Printer, Wireless",575,85.57499999999999,5,2,0.14882608695652172
TEC-MA-10003990,"Panasonic Card Printer, White",643,-932.568,14,1,-1.450339035769829
TEC-MA-10003998,"Epson Card Printer, Wireless",238,-547.3299999999999,7,2,-2.299705882352941
TEC-MA-10004002,Zebra GX420t Direct Thermal/Thermal Transfer Printer,5787,509.712,14,3,0.08807879730430275
TEC-MA-10004023,"Konica Phone, Wireless",2166,932.3247,27,4,0.43043614958448756
TEC-MA-10004049,"Epson Printer, White",825,-284.5452,5,2,-0.3449032727272728
TEC-MA-10004059,"Epson Inkjet, White",2565,-73.332,9,2,-0.028589473684210522
TEC-MA-10004063,"Okidata Printer, Durable",967,-435.168,6,1,-0.4500186142709411
TEC-MA-10004064,"Panasonic Calculator, Red",332,85.29,8,3,0.2568975903614458
TEC-MA-10004086,Plantronics Single Ear Headset,30,-21.945,5,1,-0.7315
TEC-MA-10004116,"StarTech Inkjet, Wireless",483,-114.756,2,2,-0.23759006211180125
TEC-MA-10004125,Cubify CubeX 3D Printer Triple Head Print,8000,-3839.9904,4,1,-0.4799988
TEC-MA-10004143,"Konica Calculator, Wireless",219,82.4775,5,1,0.3766095890410959
TEC-MA-10004168,"Panasonic Card Printer, Wireless",695,201.6,4,1,0.2900719424460432
TEC-MA-10004172,"Konica Printer, Red",1320,-222.7698,6,1,-0.168765
TEC-MA-10004198,"Panasonic Card Printer, White",1378,203.04,11,3,0.14734397677793903
TEC-MA-10004212,Cisco SPA525G2 5-Line IP Phone,1380,648.5624,8,1,0.4699727536231884
TEC-MA-10004224,"StarTech Inkjet, Wireless",1328,-181.134,5,2,-0.1363960843373494
TEC-MA-10004236,"StarTech Inkjet, Durable",1601,368.16,8,1,0.22995627732667084
TEC-MA-10004241,Star Micronics TSP800 TSP847IIU Receipt Printer,1287,360.318,4,2,0.27996736596736593
TEC-MA-10004249,"Epson Calculator, Durable",93,8.34,3,1,0.08967741935483871
TEC-MA-10004255,Konica Minolta magicolor 1690MF Multifunction Printer,320,118.3704,8,1,0.3699075
TEC-MA-10004295,"Panasonic Phone, Red",328,91.8,4,1,0.2798780487804878
TEC-MA-10004298,"Panasonic Calculator, Durable",984,-114.93599999999999,22,6,-0.11680487804878048
TEC-MA-10004303,"Panasonic Receipt Printer, Durable",242,21.78,2,1,0.09000000000000001
TEC-MA-10004323,"Konica Calculator, Durable",337,-4.245000000000001,7,2,-0.012596439169139469
TEC-MA-10004323,"Panasonic Phone, White",874,-35.23500000000001,12,3,-0.04031464530892449
TEC-MA-10004408,"Konica Inkjet, Durable",624,37.38,2,1,0.059903846153846155
TEC-MA-10004414,"Okidata Phone, Red",672,329.28,8,1,0.48999999999999994
TEC-MA-10004421,"Konica Inkjet, Wireless",4767,2106.9120000000003,16,4,0.4419786028949025
TEC-MA-10004423,"StarTech Card Printer, White",4032,1364.229,27,6,0.3383504464285714
TEC-MA-10004424,"Panasonic Phone, Durable",962,105.30720000000001,12,4,0.10946694386694387
TEC-MA-10004428,"Panasonic Card Printer, Durable",2999,1247.1156,19,4,0.4158438146048683
TEC-MA-10004446,"StarTech Printer, Wireless",2075,276.507,9,2,0.13325638554216868
TEC-MA-10004452,"Epson Receipt Printer, Durable",1342,-184.07250000000002,14,4,-0.13716281669150523
TEC-MA-10004458,Lexmark X 9575 Professional All-in-One Color Printer,396,190.08,4,1,0.48000000000000004
TEC-MA-10004482,"Panasonic Card Printer, White",974,-112.0305,9,3,-0.11502104722792608
TEC-MA-10004482,"StarTech Card Printer, Red",1414,-16.08,10,3,-0.01137199434229137
TEC-MA-10004486,"StarTech Phone, Red",239,107.5,5,1,0.4497907949790795
TEC-MA-10004502,"Epson Inkjet, Wireless",4355,1543.7885999999999,16,4,0.354486475315729
TEC-MA-10004521,Epson Perfection V600 Photo Scanner,207,-172.4925,3,1,-0.8332971014492754
TEC-MA-10004533,"Konica Receipt Printer, Durable",2407,506.27160000000003,21,3,0.2103330286663897
TEC-MA-10004534,"Konica Printer, Wireless",3536,-881.6220000000001,17,4,-0.24932748868778282
TEC-MA-10004535,"Konica Printer, White",2836,598.8825,12,2,0.21117154442877295
TEC-MA-10004552,Star Micronics TSP100 TSP143LAN Receipt Printer,1036,269.308,4,1,0.25994980694980696
TEC-MA-10004553,"Epson Receipt Printer, Red",1376,-63.230999999999995,15,3,-0.04595276162790697
TEC-MA-10004584,"Epson Calculator, Wireless",139,-0.09,6,2,-0.0006474820143884892
TEC-MA-10004587,"Konica Inkjet, White",1035,352.0,5,1,0.34009661835748795
TEC-MA-10004603,"Okidata Printer, Durable",1801,381.354,8,4,0.21174569683509162
TEC-MA-10004609,"Epson Phone, Durable",286,-21.642000000000003,6,2,-0.07567132867132868
TEC-MA-10004609,"Okidata Inkjet, White",7221,179.94,26,7,0.024918986289987535
TEC-MA-10004613,"Okidata Phone, White",623,178.0206,9,2,0.2857473515248796
TEC-MA-10004615,"Okidata Calculator, Durable",126,-48.916,5,2,-0.3882222222222222
TEC-MA-10004617,"Konica Receipt Printer, Wireless",571,165.34,7,1,0.28956217162872155
TEC-MA-10004626,Lexmark 20R1285 X6650 Wireless All-in-One Printer,600,218.4,6,2,0.364
TEC-MA-10004655,"Konica Receipt Printer, White",2165,333.89700000000005,23,6,0.15422494226327946
TEC-MA-10004666,"Panasonic Inkjet, Red",1237,24.72,4,1,0.01998383185125303
TEC-MA-10004669,"Epson Inkjet, Wireless",6657,-200.44799999999998,25,7,-0.03011086074808472
TEC-MA-10004679,StarTech.com 10/100 VDSL2 Ethernet Extender Kit,2332,-785.762,13,4,-0.3369476843910806
TEC-MA-10004684,"StarTech Phone, White",340,61.18000000000001,7,2,0.17994117647058824
TEC-MA-10004693,"Panasonic Calculator, White",662,74.66399999999999,18,3,0.11278549848942596
TEC-MA-10004772,"Konica Inkjet, White",7361,2354.163,26,7,0.31981565004754786
TEC-MA-10004814,"Panasonic Inkjet, White",1335,-208.14000000000004,7,2,-0.1559101123595506
TEC-MA-10004820,"Okidata Card Printer, Wireless",141,-103.176,4,1,-0.7317446808510638
TEC-MA-10004822,"Epson Calculator, Durable",152,-32.6775,5,2,-0.21498355263157895
TEC-MA-10004842,"Konica Calculator, Red",176,-121.392,11,2,-0.6897272727272727
TEC-MA-10004857,"Konica Calculator, White",40,-25.368,2,1,-0.6342
TEC-MA-10004896,"StarTech Phone, White",824,307.509,12,5,0.37319053398058255
TEC-MA-10004897,"StarTech Calculator, White",651,-137.73,21,6,-0.21156682027649767
TEC-MA-10004902,"Konica Phone, Wireless",115,13.76,2,1,0.11965217391304347
TEC-MA-10004929,"Panasonic Printer, White",2596,322.98,11,3,0.1244144838212635
TEC-MA-10004933,"Konica Phone, Wireless",1957,94.323,27,5,0.048197751660705154
TEC-MA-10004954,"StarTech Calculator, Red",456,179.6286,13,4,0.39392236842105266
TEC-MA-10004955,"Okidata Card Printer, Durable",2199,-66.945,14,4,-0.030443383356070938
TEC-MA-10004956,"Konica Card Printer, Red",1495,716.8199999999999,13,4,0.4794782608695652
TEC-MA-10004975,"Konica Calculator, White",30,-9.036,1,1,-0.30119999999999997
TEC-MA-10004985,"StarTech Card Printer, Durable",698,-165.888,8,2,-0.2376618911174785
TEC-MA-10004993,"Konica Inkjet, Wireless",585,-175.53199999999998,7,2,-0.3000547008547008
TEC-MA-10004997,"Konica Receipt Printer, Red",2174,199.17,19,4,0.09161453541858325
TEC-MEM-10000178,"Memorex Keyboard, Programmable",255,-40.949999999999996,7,4,-0.16058823529411764
TEC-MEM-10000263,"Memorex Flash Drive, Programmable",205,38.099999999999994,8,4,0.18585365853658534
TEC-MEM-10000312,"Memorex Mouse, Programmable",238,16.56,8,4,0.0695798319327731
TEC-MEM-10000374,"Memorex Router, Programmable",2229,1047.6,9,3,0.4699865410497981
TEC-MEM-10000582,"Memorex Flash Drive, Bluetooth",146,30.75,5,4,0.2106164383561644
TEC-MEM-10000649,"Memorex Numeric Keypad, Bluetooth",287,4.445999999999998,10,4,0.015491289198606265
TEC-MEM-10000723,"Memorex Mouse, Bluetooth",169,6.66,6,2,0.03940828402366864
TEC-MEM-10000919,"Memorex Keyboard, USB",379,-32.985,6,4,-0.08703166226912928
TEC-MEM-10001163,"Memorex Mouse, Erganomic",208,8.16,8,3,0.03923076923076923
TEC-MEM-10001409,"Memorex Keyboard, Bluetooth",570,79.68,8,4,0.13978947368421055
TEC-MEM-10001436,"Memorex Memory Card, USB",470,3.9480000000000075,6,6,0.008400000000000017
TEC-MEM-10001732,"Memorex Numeric Keypad, USB",103,16.758,3,3,0.1626990291262136
TEC-MEM-10002005,"Memorex Router, Erganomic",4465,1219.986,19,5,0.2732331466965286
TEC-MEM-10002202,"Memorex Router, USB",4682,374.49,19,3,0.07998504912430586
TEC-MEM-10002280,"Memorex Flash Drive, Erganomic",163,16.200000000000003,6,2,0.09938650306748469
TEC-MEM-10002524,"Memorex Mouse, USB",357,12.438000000000002,15,6,0.03484033613445379
TEC-MEM-10002883,"Memorex Memory Card, Erganomic",300,-110.16,5,5,-0.36719999999999997
TEC-MEM-10002919,"Memorex Flash Drive, USB",208,18.48,7,4,0.08884615384615385
TEC-MEM-10003302,"Memorex Numeric Keypad, Erganomic",351,-120.555,12,5,-0.3434615384615385
TEC-MEM-10003743,"Memorex Numeric Keypad, Bluetooth",510,131.073,12,8,0.2570058823529412
TEC-MEM-10004014,"Memorex Router, Bluetooth",2314,329.66400000000004,13,5,0.14246499567847884
TEC-MEM-10004524,"Memorex Memory Card, Programmable",1038,145.2,10,4,0.1398843930635838
TEC-MEM-10004782,"Memorex Keyboard, Erganomic",691,13.799999999999999,10,4,0.01997105643994211
TEC-MOT-10000554,"Motorola Smart Phone, Full Size",9273,2060.352,16,6,0.22218828857974765
TEC-MOT-10000851,"Motorola Headset, with Caller ID",1515,499.89,19,5,0.329960396039604
TEC-MOT-10000939,"Motorola Speaker Phone, Cordless",2123,106.08,16,3,0.049967027790861984
TEC-MOT-10001088,"Motorola Audio Dock, VoIP",1647,-199.82999999999998,15,6,-0.12132969034608378
TEC-MOT-10001178,"Motorola Signal Booster, with Caller ID",572,228.96,4,4,0.4002797202797203
TEC-MOT-10001196,"Motorola Audio Dock, Cordless",1779,214.90200000000004,12,6,0.1207993254637437
TEC-MOT-10001244,"Motorola Audio Dock, with Caller ID",1040,405.54,6,1,0.3899423076923077
TEC-MOT-10001342,"Motorola Signal Booster, VoIP",1388,-1196.286,19,8,-0.8618775216138329
TEC-MOT-10001535,"Motorola Headset, VoIP",288,-154.24200000000002,7,3,-0.5355625
TEC-MOT-10001927,"Motorola Speaker Phone, VoIP",663,-833.8229999999999,12,4,-1.257651583710407
TEC-MOT-10001950,"Motorola Headset, Full Size",956,134.424,13,4,0.14061087866108787
TEC-MOT-10002260,"Motorola Office Telephone, Cordless",642,-573.414,22,4,-0.8931682242990654
TEC-MOT-10002272,"Motorola Smart Phone, with Caller ID",4519,1039.29,7,3,0.22998229696835581
TEC-MOT-10002372,"Motorola Speaker Phone, Full Size",497,-85.284,5,4,-0.1715975855130785
TEC-MOT-10002560,"Motorola Signal Booster, Full Size",2598,415.8,18,5,0.1600461893764434
TEC-MOT-10002689,"Motorola Headset, Cordless",248,79.19999999999999,3,2,0.31935483870967735
TEC-MOT-10002855,"Motorola Speaker Phone, with Caller ID",208,-197.352,4,1,-0.9488076923076924
TEC-MOT-10003050,"Motorola Smart Phone, Cordless",10350,-3998.6820000000002,24,7,-0.3863460869565218
TEC-MOT-10003348,"Motorola Smart Phone, Full Size",8999,2621.82,16,8,0.29134570507834207
TEC-MOT-10003366,"Motorola Audio Dock, Full Size",2761,680.868,17,9,0.2466019558131112
TEC-MOT-10004111,"Motorola Office Telephone, with Caller ID",230,-179.508,6,3,-0.7804695652173913
TEC-MOT-10004136,"Motorola Signal Booster, Cordless",570,7.152000000000008,7,4,0.012547368421052646
TEC-MOT-10004345,"Motorola Office Telephone, Full Size",854,-238.275,22,7,-0.2790105386416862
TEC-MOT-10004682,"Motorola Office Telephone, VoIP",209,-33.19499999999999,6,3,-0.1588277511961722
TEC-NOK-10000002,"Nokia Headset, with Caller ID",621,-279.46500000000003,14,6,-0.450024154589372
TEC-NOK-10000534,"Nokia Smart Phone, with Caller ID",2684,638.7719999999999,5,4,0.23799254843517137
TEC-NOK-10000784,"Nokia Speaker Phone, Cordless",3150,1067.22,29,8,0.3388
TEC-NOK-10001058,"Nokia Office Telephone, Full Size",198,49.769999999999996,3,3,0.25136363636363634
TEC-NOK-10001070,"Nokia Speaker Phone, with Caller ID",2216,177.12,18,3,0.07992779783393503
TEC-NOK-10001172,"Nokia Speaker Phone, VoIP",1478,-553.47,17,8,-0.3744722598105548
TEC-NOK-10001219,"Nokia Signal Booster, Cordless",753,167.13,6,4,0.22195219123505974
TEC-NOK-10001282,"Nokia Signal Booster, with Caller ID",1434,-117.63,16,5,-0.08202928870292887
TEC-NOK-10001283,"Nokia Smart Phone, Full Size",5480,-1326.03,12,9,-0.24197627737226277
TEC-NOK-10001319,"Nokia Headset, Full Size",595,11.76,8,2,0.01976470588235294
TEC-NOK-10001678,"Nokia Audio Dock, Cordless",1527,-237.66000000000003,13,7,-0.1556385068762279
TEC-NOK-10001844,"Nokia Office Telephone, with Caller ID",312,-250.326,9,6,-0.8023269230769231
TEC-NOK-10002555,"Nokia Audio Dock, VoIP",1168,326.96999999999997,7,2,0.2799400684931507
TEC-NOK-10002716,"Nokia Audio Dock, with Caller ID",1333,-83.58000000000001,10,7,-0.06270067516879221
TEC-NOK-10003034,"Nokia Speaker Phone, Full Size",1070,74.48400000000001,10,5,0.06961121495327104
TEC-NOK-10003341,"Nokia Headset, Cordless",448,-144.336,10,6,-0.3221785714285715
TEC-NOK-10003560,"Nokia Headset, VoIP",584,245.76,8,6,0.42082191780821915
TEC-NOK-10003562,"Nokia Audio Dock, Full Size",1949,-3.4319999999999595,14,2,-0.0017609030271934117
TEC-NOK-10003743,"Nokia Signal Booster, VoIP",683,191.1,5,3,0.2797950219619326
TEC-NOK-10004183,"Nokia Office Telephone, VoIP",228,-59.42999999999999,7,4,-0.2606578947368421
TEC-NOK-10004278,"Nokia Signal Booster, Full Size",1681,265.728,13,4,0.15807733491969067
TEC-NOK-10004339,"Nokia Smart Phone, Cordless",4453,1424.85,7,3,0.319975297552212
TEC-NOK-10004541,"Nokia Office Telephone, Cordless",204,18.27,3,3,0.08955882352941176
TEC-OKI-10000372,"Okidata Inkjet, Durable",5314,53.04,17,7,0.00998118178396688
TEC-OKI-10000592,"Okidata Phone, White",119,-49.476,2,2,-0.4157647058823529
TEC-OKI-10000616,"Okidata Card Printer, Durable",880,70.35,5,3,0.07994318181818182
TEC-OKI-10000794,"Okidata Calculator, White",912,17.82,18,6,0.019539473684210527
TEC-OKI-10001062,"Okidata Printer, White",908,-678.126,6,4,-0.7468348017621145
TEC-OKI-10001385,"Okidata Inkjet, White",3362,111.77999999999997,12,7,0.03324806662700772
TEC-OKI-10001433,"Okidata Calculator, Red",271,-114.50999999999999,11,6,-0.4225461254612546
TEC-OKI-10001454,"Okidata Calculator, Durable",121,-25.707,3,2,-0.21245454545454545
TEC-OKI-10002547,"Okidata Phone, Durable",313,-26.208,5,3,-0.08373162939297124
TEC-OKI-10002736,"Okidata Card Printer, Red",1626,-353.238,13,6,-0.21724354243542435
TEC-OKI-10002750,"Okidata Inkjet, Wireless",3959,-396.228,14,5,-0.10008284920434453
TEC-OKI-10002752,"Okidata Phone, Wireless",782,382.86,9,2,0.4895907928388747
TEC-OKI-10003050,"Okidata Card Printer, White",2787,947.52,16,4,0.339978471474704
TEC-OKI-10003124,"Okidata Inkjet, Wireless",3581,1394.46,12,6,0.38940519407986596
TEC-OKI-10003221,"Okidata Receipt Printer, Red",1224,-270.288,15,4,-0.22082352941176472
TEC-OKI-10003433,"Okidata Card Printer, Wireless",809,-193.422,6,4,-0.2390877626699629
TEC-OKI-10003655,"Okidata Calculator, Wireless",230,-26.274,5,2,-0.11423478260869566
TEC-OKI-10003770,"Okidata Receipt Printer, Durable",209,-145.17899999999997,3,3,-0.6946363636363635
TEC-OKI-10003868,"Okidata Printer, Wireless",538,-247.07999999999998,4,4,-0.4592565055762082
TEC-OKI-10004199,"Okidata Receipt Printer, White",278,-63.144000000000005,3,3,-0.22713669064748204
TEC-OKI-10004464,"Okidata Printer, Red",1064,-515.46,6,6,-0.48445488721804514
TEC-OKI-10004735,"Okidata Receipt Printer, Wireless",3197,772.95,27,9,0.24177353769158588
TEC-PAN-10000092,"Panasonic Inkjet, Red",2473,692.64,8,4,0.28008087343307725
TEC-PAN-10000131,"Panasonic Receipt Printer, Red",212,31.860000000000003,3,2,0.15028301886792456
TEC-PAN-10000377,"Panasonic Inkjet, Durable",1560,312.15,5,3,0.20009615384615384
TEC-PAN-10000391,"Panasonic Printer, Red",422,-250.47600000000003,3,2,-0.5935450236966825
TEC-PAN-10000577,"Panasonic Inkjet, White",932,270.09000000000003,3,2,0.28979613733905585
TEC-PAN-10000878,"Panasonic Phone, Wireless",510,-224.01000000000002,9,5,-0.4392352941176471
TEC-PAN-10000979,"Panasonic Receipt Printer, Wireless",1572,408.33,13,4,0.25975190839694656
TEC-PAN-10001172,"Panasonic Receipt Printer, Durable",484,-261.72,11,2,-0.5407438016528926
TEC-PAN-10001593,"Panasonic Calculator, Durable",15,-28.23,1,1,-1.8820000000000001
TEC-PAN-10001674,"Panasonic Receipt Printer, White",239,83.46,2,1,0.34920502092050204
TEC-PAN-10002365,"Panasonic Printer, White",3179,699.12,12,5,0.21991821327461467
TEC-PAN-10002454,"Panasonic Phone, Red",1174,18.29700000000001,21,9,0.015585178875638851
TEC-PAN-10002583,"Panasonic Calculator, Wireless",120,-27.198,3,3,-0.22665
TEC-PAN-10002613,"Panasonic Printer, Durable",1333,279.9,5,3,0.2099774943735934
TEC-PAN-10002690,"Panasonic Card Printer, Wireless",1043,145.98,6,3,0.13996164908916586
TEC-PAN-10002756,"Panasonic Card Printer, White",896,147.99600000000004,7,3,0.16517410714285718
TEC-PAN-10002884,"Panasonic Inkjet, Wireless",1685,-56.213999999999984,6,5,-0.0333614243323442
TEC-PAN-10003382,"Panasonic Card Printer, Durable",382,-452.352,6,2,-1.1841675392670157
TEC-PAN-10003688,"Panasonic Printer, Wireless",2398,599.3999999999999,9,4,0.24995829858215174
TEC-PAN-10004279,"Panasonic Phone, Durable",85,39.06,1,1,0.4595294117647059
TEC-PAN-10004360,"Panasonic Calculator, White",780,256.8,16,5,0.32923076923076927
TEC-PAN-10004404,"Panasonic Calculator, Red",758,257.76,16,2,0.3400527704485488
TEC-PAN-10004651,"Panasonic Phone, White",474,-55.935,7,4,-0.11800632911392406
TEC-PH-10000004,Belkin iPhone and iPad Lightning Cable,84,6.2958,7,2,0.07495
TEC-PH-10000004,"Cisco Headset, with Caller ID",177,74.28,2,1,0.41966101694915253
TEC-PH-10000011,PureGear Roll-On Screen Protector,572,218.2908,34,5,0.3816272727272727
TEC-PH-10000014,"Motorola Headset, VoIP",511,218.09199999999998,11,3,0.4267945205479452
TEC-PH-10000018,"Nokia Smart Phone, Full Size",13090,2617.1600000000003,32,9,0.19993582887700537
TEC-PH-10000019,"Motorola Audio Dock, Full Size",559,27.911999999999992,4,2,0.049932021466905174
TEC-PH-10000026,"Nokia Office Telephone, Cordless",1367,-57.072,23,6,-0.04174981711777615
TEC-PH-10000030,"Samsung Smart Phone, with Caller ID",13716,3638.274,24,5,0.26525765529308837
TEC-PH-10000036,"Nokia Smart Phone, Full Size",3816,457.91999999999996,6,2,0.12
TEC-PH-10000037,"Cisco Signal Booster, Cordless",6078,-900.7560000000001,48,9,-0.1481994076999013
TEC-PH-10000038,Jawbone MINI JAMBOX Wireless Bluetooth Speaker,2027,-339.7104,18,5,-0.16759269856931425
TEC-PH-10000038,"Nokia Speaker Phone, with Caller ID",296,-157.68,4,1,-0.5327027027027027
TEC-PH-10000070,"Nokia Headset, with Caller ID",1854,-12.81150000000001,29,6,-0.0069101941747572865
TEC-PH-10000072,"Cisco Speaker Phone, VoIP",166,-72.096,2,1,-0.4343132530120482
TEC-PH-10000087,"Apple Signal Booster, Cordless",2325,-472.44,32,7,-0.2032
TEC-PH-10000100,"Motorola Office Telephone, Full Size",780,241.28000000000003,16,4,0.30933333333333335
TEC-PH-10000106,"Apple Smart Phone, Full Size",10115,977.5,25,8,0.09663865546218488
TEC-PH-10000127,iOttie XL Car Mount,224,-50.3748,14,2,-0.2248875
TEC-PH-10000141,Clearsounds A400,488,-48.8326,11,3,-0.10006680327868853
TEC-PH-10000148,Cyber Acoustics AC-202b Speech Recognition Stereo Headset,120,-20.5242,11,5,-0.171035
TEC-PH-10000149,Cisco SPA525G2 IP Phone - Wireless,428,43.092,26,5,0.1006822429906542
TEC-PH-10000158,"Apple Signal Booster, VoIP",1443,88.617,11,3,0.06141164241164242
TEC-PH-10000160,"Motorola Signal Booster, Cordless",350,-17.568,4,1,-0.05019428571428572
TEC-PH-10000160,"Motorola Smart Phone, with Caller ID",13460,1032.7590000000002,25,6,0.07672800891530462
TEC-PH-10000169,ARKON Windshield Dashboard Air Vent Car Mount Holder,218,-15.594000000000001,14,4,-0.07153211009174312
TEC-PH-10000169,"Apple Smart Phone, with Caller ID",13335,4954.152,28,7,0.3715149606299213
TEC-PH-10000193,Jensen SMPS-640 - speaker phone,496,88.28160000000001,12,4,0.17798709677419358
TEC-PH-10000213,Seidio BD2-HK3IPH5-BK DILEX Case and Holster Combo for Apple iPhone 5/5s - Black,274,27.288800000000002,11,3,0.09959416058394162
TEC-PH-10000214,"Apple Speaker Phone, VoIP",2653,779.535,23,4,0.2938315114964191
TEC-PH-10000215,Plantronics Cordless Phone Headset with In-line Volume - M214C,909,219.8355,27,6,0.24184323432343233
TEC-PH-10000237,"Motorola Office Telephone, with Caller ID",77,-88.096,4,1,-1.144103896103896
TEC-PH-10000258,"Motorola Audio Dock, Cordless",2062,-155.196,17,5,-0.07526479146459748
TEC-PH-10000270,"Apple Office Telephone, VoIP",2181,521.6279999999999,41,9,0.2391691884456671
TEC-PH-10000286,"Motorola Signal Booster, with Caller ID",1050,388.3,11,3,0.3698095238095238
TEC-PH-10000289,"Samsung Audio Dock, Full Size",1008,302.58,9,3,0.3001785714285714
TEC-PH-10000292,"Samsung Office Telephone, Full Size",613,-144.108,16,5,-0.23508646003262643
TEC-PH-10000297,"Apple Office Telephone, with Caller ID",806,247.7952,14,7,0.3074382133995037
TEC-PH-10000298,"Nokia Speaker Phone, Cordless",454,-143.64,6,1,-0.31638766519823786
TEC-PH-10000303,"Samsung Smart Phone, VoIP",16797,5356.806,31,6,0.31891444900875154
TEC-PH-10000307,Shocksock Galaxy S4 Armband,64,-10.074,7,3,-0.15740625
TEC-PH-10000309,"Motorola Audio Dock, with Caller ID",2419,831.8115,15,5,0.3438658536585366
TEC-PH-10000332,"Samsung Smart Phone, VoIP",848,-996.78,5,1,-1.1754481132075472
TEC-PH-10000342,"Samsung Office Telephone, Full Size",505,-106.524,10,2,-0.21093861386138615
TEC-PH-10000347,"Cisco Speaker Phone, VoIP",1627,112.62799999999999,21,7,0.06922433927473877
TEC-PH-10000347,Cush Cases Heavy Duty Rugged Cover Case for Samsung Galaxy S5 - Purple,66,3.9105000000000003,17,6,0.059250000000000004
TEC-PH-10000358,"Samsung Headset, with Caller ID",1353,59.568,19,4,0.04402660753880266
TEC-PH-10000365,"Cisco Office Telephone, with Caller ID",864,8.564999999999998,14,3,0.009913194444444441
TEC-PH-10000369,HTC One Mini,2042,317.4948,19,4,0.1554822722820764
TEC-PH-10000373,"Motorola Speaker Phone, with Caller ID",138,-51.968,4,1,-0.3765797101449276
TEC-PH-10000376,Square Credit Card Reader,174,11.1888,22,7,0.06430344827586207
TEC-PH-10000381,"Apple Signal Booster, Full Size",1196,334.62,13,5,0.2797826086956522
TEC-PH-10000412,"Cisco Office Telephone, Full Size",655,209.28,8,2,0.3195114503816794
TEC-PH-10000419,"Apple Smart Phone, Full Size",11027,330.72,26,6,0.029991838215289744
TEC-PH-10000437,"Cisco Signal Booster, VoIP",2674,102.852,18,5,0.03846372475691848
TEC-PH-10000439,GE DSL Phone Line Filter,496,69.9825,15,4,0.14109375
TEC-PH-10000441,VTech DS6151,2748,478.762,25,8,0.17422197962154293
TEC-PH-10000455,GE 30522EE2,1160,336.371,10,3,0.289975
TEC-PH-10000458,"Nokia Office Telephone, Full Size",584,-13.463999999999999,12,2,-0.02305479452054794
TEC-PH-10000486,Plantronics HL10 Handset Lifter,2227,250.5384,24,3,0.1125004041311181
TEC-PH-10000490,"Motorola Audio Dock, Full Size",821,209.50199999999998,5,2,0.2551790499390986
TEC-PH-10000493,"Apple Smart Phone, Full Size",12592,2033.625,23,7,0.1615013500635324
TEC-PH-10000494,"Apple Speaker Phone, Cordless",1752,179.085,16,5,0.10221746575342466
TEC-PH-10000497,"Nokia Office Telephone, Cordless",347,81.558,6,2,0.23503746397694528
TEC-PH-10000499,"Motorola Smart Phone, Full Size",11170,790.2522,19,4,0.07074773500447627
TEC-PH-10000505,"Apple Smart Phone, with Caller ID",3419,-1757.529,10,2,-0.5140476747587014
TEC-PH-10000526,Vtech CS6719,2631,418.5164,32,7,0.1590712276700874
TEC-PH-10000560,Samsung Galaxy S III - 16GB - pebble blue (T-Mobile),7140,83.99760000000003,28,6,0.011764369747899165
TEC-PH-10000562,Samsung Convoy 3,688,-31.077199999999998,9,2,-0.0451703488372093
TEC-PH-10000571,"Apple Audio Dock, with Caller ID",334,76.74,2,1,0.22976047904191615
TEC-PH-10000576,AT&T 1080 Corded phone,1944,145.2094,18,7,0.07469619341563785
TEC-PH-10000577,"Samsung Headset, Cordless",1328,196.22,31,6,0.14775602409638555
TEC-PH-10000586,AT&T SB67148 SynJ,476,89.7464,8,3,0.18854285714285712
TEC-PH-10000599,"Samsung Audio Dock, Cordless",1040,356.284,11,4,0.34258076923076924
TEC-PH-10000611,"Samsung Signal Booster, VoIP",164,-95.724,2,1,-0.5836829268292684
TEC-PH-10000641,"Motorola Headset, Full Size",1596,16.041000000000004,25,5,0.010050751879699251
TEC-PH-10000647,"Samsung Office Telephone, VoIP",242,56.126999999999995,4,2,0.23192975206611569
TEC-PH-10000673,Plantronics Voyager Pro HD - Bluetooth Headset,1222,376.942,25,5,0.3084631751227496
TEC-PH-10000675,Panasonic KX TS3282B Corded phone,591,44.2746,9,3,0.07491472081218274
TEC-PH-10000688,"Nokia Speaker Phone, VoIP",1146,40.482,13,2,0.03532460732984293
TEC-PH-10000693,"Apple Speaker Phone, with Caller ID",1578,-0.1600000000000037,20,4,-0.00010139416983523681
TEC-PH-10000702,"Square Credit Card Reader, 4 1/2"" x 4 1/2"" x 1"", White",198,54.8451,27,5,0.27699545454545454
TEC-PH-10000705,"Apple Headset, Cordless",2203,338.73449999999997,31,8,0.15376055379028597
TEC-PH-10000720,"Samsung Audio Dock, Full Size",5058,1616.7996,33,8,0.31965195729537366
TEC-PH-10000730,Samsung Galaxy S4 Active,4000,1039.9792,8,2,0.25999479999999997
TEC-PH-10000730,"Samsung Office Telephone, VoIP",1111,499.29,17,3,0.4494059405940594
TEC-PH-10000774,"Motorola Signal Booster, VoIP",572,28.56,6,2,0.049930069930069924
TEC-PH-10000780,"Cisco Smart Phone, with Caller ID",11657,3938.3568000000005,20,6,0.33785337565411344
TEC-PH-10000785,"Apple Speaker Phone, Cordless",269,-376.8,8,1,-1.4007434944237918
TEC-PH-10000788,"Cisco Office Telephone, Full Size",436,103.4,10,3,0.2371559633027523
TEC-PH-10000800,"Cisco Smart Phone, Full Size",6918,1605.408,11,4,0.23206244579358196
TEC-PH-10000808,"Samsung Smart Phone, Cordless",1363,-1806.24,8,1,-1.3251944240645634
TEC-PH-10000810,"Nokia Headset, VoIP",519,137.39999999999998,9,4,0.26473988439306356
TEC-PH-10000822,"Apple Speaker Phone, Full Size",1251,210.3195,11,5,0.168121103117506
TEC-PH-10000824,"Cisco Office Telephone, Full Size",734,121.8075,11,2,0.16595027247956404
TEC-PH-10000840,"Cisco Audio Dock, VoIP",1093,338.76,6,2,0.309935956084172
TEC-PH-10000841,"Nokia Signal Booster, VoIP",410,69.66,3,2,0.16990243902439023
TEC-PH-10000879,"Cisco Smart Phone, Full Size",5211,1146.24,8,2,0.21996545768566494
TEC-PH-10000895,Polycom VVX 310 VoIP phone,6228,899.95,40,8,0.14450064226075787
TEC-PH-10000896,"Cisco Signal Booster, VoIP",7141,2125.74,50,10,0.2976809970592354
TEC-PH-10000912,Anker 24W Portable Micro USB Car Charger,61,14.0672,8,2,0.23060983606557375
TEC-PH-10000922,"Nokia Headset, with Caller ID",2300,428.7717,40,9,0.18642247826086958
TEC-PH-10000923,"Belkin SportFit Armband For iPhone 5s/5c, Fuchsia",240,79.2971,21,5,0.33040458333333333
TEC-PH-10000931,"Motorola Speaker Phone, VoIP",866,69.2,10,4,0.07990762124711316
TEC-PH-10000956,"Motorola Speaker Phone, with Caller ID",591,-118.251,7,2,-0.20008629441624368
TEC-PH-10000960,"Samsung Headset, with Caller ID",957,136.48,20,4,0.14261233019853709
TEC-PH-10000984,Panasonic KX-TG9471B,4978,1168.1004,27,7,0.23465255122539172
TEC-PH-10000990,"Cisco Signal Booster, with Caller ID",1761,131.44799999999998,23,5,0.07464395229982963
TEC-PH-10001002,"Apple Signal Booster, Full Size",1890,711.6779999999999,14,4,0.3765492063492063
TEC-PH-10001014,"Cisco Speaker Phone, with Caller ID",2111,-281.46000000000004,18,5,-0.13333017527238278
TEC-PH-10001051,HTC One,1120,125.9874,14,4,0.11248875
TEC-PH-10001061,Apple iPhone 5C,1340,229.977,15,4,0.17162462686567165
TEC-PH-10001063,"Samsung Speaker Phone, Full Size",1926,846.564,25,4,0.43954517133956383
TEC-PH-10001066,"Apple Smart Phone, Cordless",8050,604.395,15,6,0.07508012422360248
TEC-PH-10001070,"Samsung Headset, VoIP",1324,387.6645,22,7,0.2927979607250755
TEC-PH-10001071,"Nokia Headset, Full Size",149,46.08,2,1,0.30926174496644293
TEC-PH-10001076,"Nokia Smart Phone, Cordless",2630,-593.78,8,2,-0.2257718631178707
TEC-PH-10001079,Polycom SoundPoint Pro SE-225 Corded phone,1904,276.0568,19,4,0.1449878151260504
TEC-PH-10001084,"Nokia Office Telephone, VoIP",39,-3.288,1,1,-0.0843076923076923
TEC-PH-10001087,"Apple Signal Booster, Cordless",558,44.64,4,1,0.08
TEC-PH-10001095,"Nokia Headset, with Caller ID",790,-8.892000000000003,18,6,-0.01125569620253165
TEC-PH-10001117,"Apple Smart Phone, Full Size",2258,426.1455,4,2,0.18872697077059344
TEC-PH-10001128,Motorola Droid Maxx,2610,341.9771999999999,21,4,0.13102574712643675
TEC-PH-10001137,"Samsung Speaker Phone, with Caller ID",164,-119.18,5,1,-0.7267073170731708
TEC-PH-10001146,"Nokia Smart Phone, Full Size",850,-786.1,5,1,-0.9248235294117647
TEC-PH-10001148,"Samsung Signal Booster, VoIP",2296,582.2339999999999,19,4,0.2535862369337979
TEC-PH-10001163,"Motorola Speaker Phone, Cordless",1525,-112.755,13,6,-0.07393770491803278
TEC-PH-10001183,"Samsung Office Telephone, with Caller ID",261,12.96,4,1,0.04965517241379311
TEC-PH-10001187,"Cisco Signal Booster, with Caller ID",1214,230.64,8,2,0.18998352553542008
TEC-PH-10001198,Avaya 4621SW VoIP phone,708,79.866,12,4,0.11280508474576272
TEC-PH-10001254,Jabra BIZ 2300 Duo QD Duo Corded Headset,1727,129.5298,17,4,0.07500277938621887
TEC-PH-10001264,"Cisco Signal Booster, VoIP",2795,-24.511999999999986,32,8,-0.008769946332737026
TEC-PH-10001284,"Apple Smart Phone, Cordless",3055,984.0,8,3,0.3220949263502455
TEC-PH-10001288,"Motorola Speaker Phone, with Caller ID",1904,761.04,24,6,0.39970588235294113
TEC-PH-10001289,"Motorola Smart Phone, Full Size",771,-321.372,2,1,-0.4168249027237354
TEC-PH-10001298,"Motorola Office Telephone, VoIP",969,-57.300000000000004,23,6,-0.05913312693498452
TEC-PH-10001299,Polycom CX300 Desktop Phone USB VoIP phone,1680,59.995999999999995,15,5,0.03571190476190476
TEC-PH-10001300,"iKross Bluetooth Portable Keyboard + Cell Phone Stand Holder + Brush for Apple iPhone 5S 5C 5, 4S 4",479,115.64399999999999,24,5,0.2414279749478079
TEC-PH-10001304,"Apple Office Telephone, Cordless",881,394.368,21,6,0.4476367763904654
TEC-PH-10001305,Panasonic KX TS208W Corded phone,1284,154.8084,32,6,0.12056728971962617
TEC-PH-10001321,"Cisco Speaker Phone, Full Size",3955,641.1932999999999,30,8,0.16212219974715547
TEC-PH-10001329,"Motorola Headset, Cordless",44,-58.392,2,1,-1.327090909090909
TEC-PH-10001336,Digium D40 VoIP phone,3044,571.4257,27,9,0.1877219776609724
TEC-PH-10001354,"Motorola Speaker Phone, Full Size",3951,459.7004999999999,37,9,0.11635041761579346
TEC-PH-10001360,"Apple Smart Phone, Full Size",1275,140.22,2,1,0.10997647058823529
TEC-PH-10001362,"Cisco Office Telephone, Cordless",1708,314.595,22,5,0.18418911007025762
TEC-PH-10001363,Apple iPhone 5S,4902,512.991,11,4,0.10464932680538555
TEC-PH-10001382,"Apple Office Telephone, Cordless",1431,476.49,28,8,0.3329769392033543
TEC-PH-10001396,"Nokia Smart Phone, Cordless",9987,2633.355,17,4,0.2636782817662962
TEC-PH-10001413,"Motorola Audio Dock, with Caller ID",139,-107.544,3,1,-0.7736978417266187
TEC-PH-10001424,"Nokia Signal Booster, Full Size",1176,18.108000000000004,15,4,0.015397959183673473
TEC-PH-10001425,Mophie Juice Pack Helium for iPhone,1584,201.57479999999998,24,6,0.12725681818181817
TEC-PH-10001427,"Motorola Headset, Full Size",1588,332.068,31,7,0.20911083123425692
TEC-PH-10001428,"Motorola Headset, VoIP",1244,60.9948,17,6,0.049031189710610934
TEC-PH-10001432,"Motorola Signal Booster, Cordless",3423,692.691,34,8,0.20236371603856268
TEC-PH-10001433,Cisco Small Business SPA 502G VoIP phone,882,58.4649,11,4,0.06628673469387755
TEC-PH-10001433,"Motorola Headset, Full Size",607,224.35469999999998,8,3,0.3696123558484349
TEC-PH-10001448,Anker Astro 15000mAh USB Portable Charger,600,-23.9952,13,5,-0.039992
TEC-PH-10001457,"Apple Smart Phone, Full Size",18718,1695.3,30,8,0.09057057377924992
TEC-PH-10001459,Samsung Galaxy Mega 6.3,13944,1822.7566,39,6,0.13071977911646585
TEC-PH-10001468,Panasonic Business Telephones KX-T7736,546,163.818,3,1,0.30003296703296706
TEC-PH-10001470,"Cisco Office Telephone, with Caller ID",354,-66.096,6,2,-0.18671186440677967
TEC-PH-10001475,"Cisco Office Telephone, VoIP",171,-81.76,8,2,-0.47812865497076024
TEC-PH-10001478,"Nokia Headset, Full Size",1397,368.544,20,6,0.2638110236220472
TEC-PH-10001492,"Nokia Headset, VoIP",586,93.6,8,1,0.15972696245733786
TEC-PH-10001494,Polycom CX600 IP Phone VoIP phone,4620,896.8505000000001,17,4,0.19412348484848488
TEC-PH-10001527,Plantronics MX500i Earset,619,-6.4425,15,7,-0.010407915993537964
TEC-PH-10001530,Cisco Unified IP Phone 7945G VoIP phone,6751,102.29699999999998,26,6,0.015152866242038213
TEC-PH-10001530,Plantronics Voyager Pro Legend,1359,173.0316,8,3,0.12732273730684326
TEC-PH-10001535,"Nokia Speaker Phone, Cordless",2017,126.0,19,5,0.06246901338621715
TEC-PH-10001536,Spigen Samsung Galaxy S5 Case Wallet,234,45.873,15,5,0.19603846153846152
TEC-PH-10001548,"Nokia Speaker Phone, Full Size",1411,98.6,17,4,0.06987951807228915
TEC-PH-10001552,I Need's 3d Hello Kitty Hybrid Silicone Case Cover for HTC One X 4g with 3d Hello Kitty Stylus Pen Green/pink,543,95.2016,52,10,0.17532523020257826
TEC-PH-10001555,"Motorola Signal Booster, Full Size",289,37.5,2,1,0.12975778546712802
TEC-PH-10001557,"Apple Speaker Phone, VoIP",1129,240.5385,12,4,0.21305447298494243
TEC-PH-10001557,Pyle PMP37LED,3591,576.8999,43,10,0.16065160122528543
TEC-PH-10001573,"Nokia Smart Phone, with Caller ID",3993,312.8175,9,3,0.07834147257700977
TEC-PH-10001574,"Nokia Audio Dock, Cordless",628,-50.967,5,2,-0.08115764331210192
TEC-PH-10001575,"Samsung Office Telephone, VoIP",436,156.6,10,3,0.3591743119266055
TEC-PH-10001578,Polycom SoundStation2 EX Conference phone,3969,518.336,12,4,0.13059611992945327
TEC-PH-10001580,"Apple Office Telephone, VoIP",654,235.2,15,5,0.35963302752293574
TEC-PH-10001580,Logitech Mobile Speakerphone P710e - speaker phone,1917,241.61419999999998,17,5,0.12603766301512778
TEC-PH-10001585,"Nokia Signal Booster, Cordless",6038,730.812,47,10,0.12103544219940378
TEC-PH-10001587,"Apple Headset, Cordless",1786,101.24799999999999,40,9,0.05668980963045912
TEC-PH-10001590,"Motorola Headset, with Caller ID",1139,142.3698,16,3,0.12499543459174714
TEC-PH-10001602,"Samsung Office Telephone, Full Size",142,-102.912,8,2,-0.7247323943661972
TEC-PH-10001614,"Motorola Audio Dock, VoIP",2890,516.3636,19,5,0.1786725259515571
TEC-PH-10001615,AT&T CL82213,481,131.3247,17,5,0.27302432432432433
TEC-PH-10001619,"Cisco Signal Booster, Full Size",2234,28.900799999999993,16,6,0.01293679498657117
TEC-PH-10001619,LG G3,1803,411.579,10,4,0.22827454242928452
TEC-PH-10001640,"Motorola Office Telephone, Full Size",1325,506.7675,19,6,0.38246603773584903
TEC-PH-10001644,"BlueLounge Milo Smartphone Stand, White/Metallic",336,76.7744,12,3,0.22849523809523808
TEC-PH-10001651,"Samsung Speaker Phone, VoIP",164,36.16,2,2,0.22048780487804875
TEC-PH-10001664,"Motorola Office Telephone, VoIP",1887,597.7425,32,8,0.316768680445151
TEC-PH-10001670,"Motorola Smart Phone, Full Size",13821,4237.3308,24,5,0.30658641198176684
TEC-PH-10001677,"Nokia Office Telephone, Full Size",2081,354.16,50,9,0.17018740989908698
TEC-PH-10001699,"Samsung Smart Phone, Full Size",12301,662.832,22,6,0.0538843996423055
TEC-PH-10001700,Panasonic KX-TG6844B Expandable Digital Cordless Telephone,1136,75.2286,22,7,0.06622235915492958
TEC-PH-10001708,"Cisco Audio Dock, with Caller ID",3167,469.638,19,5,0.14829112724976318
TEC-PH-10001712,"Nokia Smart Phone, Full Size",5936,2315.04,14,3,0.39
TEC-PH-10001725,"Motorola Speaker Phone, Cordless",3183,159.12,24,6,0.04999057492931197
TEC-PH-10001730,"Motorola Signal Booster, Full Size",1381,123.9552,10,5,0.08975756698044896
TEC-PH-10001732,"Samsung Audio Dock, Cordless",4121,-190.11599999999999,31,8,-0.04613346275175928
TEC-PH-10001750,Samsung Rugby III,1385,229.6452,24,8,0.16580880866425993
TEC-PH-10001751,"Samsung Smart Phone, Cordless",14563,4338.81,25,6,0.2979338048479023
TEC-PH-10001754,"Cisco Office Telephone, with Caller ID",290,-77.364,6,2,-0.26677241379310346
TEC-PH-10001760,Bose SoundLink Bluetooth Speaker,2865,967.14,18,5,0.3375706806282722
TEC-PH-10001795,ClearOne CHATAttach 160 - speaker phone,6696,1053.9830000000002,13,4,0.1574048685782557
TEC-PH-10001795,RCA H5401RE1 DECT 6.0 4-Line Cordless Handset With Caller ID/Call Waiting,240,2.3997,3,1,0.00999875
TEC-PH-10001805,"Nokia Speaker Phone, Full Size",1462,252.57,12,3,0.17275649794801642
TEC-PH-10001809,Panasonic KX T7736-B Digital phone,1260,134.95499999999998,10,5,0.10710714285714285
TEC-PH-10001817,Wilson Electronics DB Pro Signal Booster,8878,515.52,32,10,0.05806713223699031
TEC-PH-10001819,Innergie mMini Combo Duo USB Travel Charging Kit,747,302.3328,19,6,0.40472931726907635
TEC-PH-10001824,"Samsung Speaker Phone, Cordless",504,201.72,4,1,0.4002380952380952
TEC-PH-10001835,Jawbone JAMBOX Wireless Bluetooth Speaker,2022,872.1048000000001,14,3,0.43130801186943624
TEC-PH-10001845,"Apple Speaker Phone, VoIP",123,41.94,1,1,0.34097560975609753
TEC-PH-10001846,"Nokia Audio Dock, Cordless",90,-38.472,2,1,-0.42746666666666666
TEC-PH-10001870,Lunatik TT5L-002 Taktik Strike Impact Protection System for iPhone 5,282,6.123,6,3,0.021712765957446808
TEC-PH-10001884,"Nokia Office Telephone, Full Size",2461,-89.6748,40,7,-0.03643835839089801
TEC-PH-10001900,"Motorola Signal Booster, VoIP",1975,857.6537999999999,15,4,0.43425508860759493
TEC-PH-10001917,"Apple Signal Booster, Cordless",2860,163.215,21,5,0.057068181818181817
TEC-PH-10001917,"Motorola Speaker Phone, Full Size",2708,-31.70000000000001,32,8,-0.011706056129985232
TEC-PH-10001918,Nortel Business Series Terminal T7208 Digital phone,1001,100.0728,9,3,0.09997282717282717
TEC-PH-10001921,"Nokia Signal Booster, with Caller ID",3558,-210.67499999999998,31,10,-0.05921163575042158
TEC-PH-10001924,iHome FM Clock Radio with Lightning Dock,700,17.4975,13,5,0.02499642857142857
TEC-PH-10001937,"Nokia Audio Dock, Full Size",2965,176.32950000000002,20,7,0.05947032040472176
TEC-PH-10001944,Wi-Ex zBoost YX540 Cellular Phone Signal Booster,2482,540.015,19,6,0.21757252215954875
TEC-PH-10001949,Cisco SPA 501G IP Phone,213,16.011,3,1,0.07516901408450703
TEC-PH-10001961,"Cisco Speaker Phone, Full Size",224,2.7719999999999985,2,2,0.012374999999999994
TEC-PH-10001963,"Nokia Speaker Phone, Full Size",1394,-99.822,15,4,-0.07160832137733142
TEC-PH-10001990,"Cisco Smart Phone, Full Size",12055,2734.1495999999997,21,4,0.2268062712567399
TEC-PH-10002018,"Samsung Audio Dock, VoIP",1252,16.5,10,4,0.013178913738019169
TEC-PH-10002033,Konftel 250 Conference phone - Charcoal black,2222,324.6948,9,4,0.14612727272727272
TEC-PH-10002035,"Samsung Smart Phone, Cordless",11342,-1137.42,21,5,-0.10028390054664081
TEC-PH-10002042,"Cisco Audio Dock, Full Size",4063,366.0576,24,5,0.09009539748953975
TEC-PH-10002068,"Apple Office Telephone, with Caller ID",1769,325.552,43,13,0.18403165630299606
TEC-PH-10002070,"Apple Headset, with Caller ID",1063,116.82000000000001,15,5,0.10989651928504234
TEC-PH-10002070,Griffin GC36547 PowerJolt SE Lightning Charger,175,17.992,10,3,0.10281142857142858
TEC-PH-10002075,AT&T EL51110 DECT,378,109.6113,3,1,0.28997698412698414
TEC-PH-10002076,"Samsung Audio Dock, Full Size",2756,270.408,17,6,0.09811611030478956
TEC-PH-10002079,"Motorola Headset, with Caller ID",1930,540.528,26,5,0.2800663212435233
TEC-PH-10002085,Clarity 53712,753,68.6296,14,4,0.09114156706507304
TEC-PH-10002094,"Nokia Smart Phone, with Caller ID",767,-178.908,2,1,-0.23325684485006518
TEC-PH-10002102,"Nokia Headset, Cordless",1621,761.6,32,7,0.46983343615052436
TEC-PH-10002103,Jabra SPEAK 410,3159,654.1704,37,9,0.20708148148148148
TEC-PH-10002104,"Cisco Speaker Phone, Cordless",3713,902.9390999999999,28,6,0.24318316725020198
TEC-PH-10002114,Xiaomi Mi3,2280,592.7896,4,1,0.2599954385964912
TEC-PH-10002115,Plantronics 81402,845,112.18299999999999,15,4,0.13276094674556213
TEC-PH-10002119,"Samsung Headset, Full Size",446,53.46,6,2,0.11986547085201794
TEC-PH-10002121,"Apple Headset, with Caller ID",793,367.56800000000004,17,5,0.46351576292559904
TEC-PH-10002127,"Cisco Smart Phone, Cordless",6169,-994.756,17,7,-0.1612507699789269
TEC-PH-10002138,"Apple Audio Dock, Cordless",1934,60.876000000000005,12,6,0.031476732161323684
TEC-PH-10002152,"Apple Headset, Cordless",1449,241.7055,23,5,0.16680848861283645
TEC-PH-10002154,"Cisco Headset, Full Size",1951,313.4502,24,6,0.16066130189646335
TEC-PH-10002170,ClearSounds CSC500 Amplified Spirit Phone Corded phone,1120,162.3768,19,6,0.14497928571428573
TEC-PH-10002183,"Apple Audio Dock, with Caller ID",1781,444.8,16,5,0.2497473329590118
TEC-PH-10002185,QVS USB Car Charger 2-Port 2.1Amp for iPod/iPhone/iPad/iPad 2/iPad 3,80,29.5375,13,5,0.36921875000000004
TEC-PH-10002200,Aastra 6757i CT Wireless VoIP phone,2931,482.5856,16,6,0.1646487888092801
TEC-PH-10002200,Samsung Galaxy Note 2,4508,-128.79719999999998,14,2,-0.028570807453416145
TEC-PH-10002217,"Cisco Audio Dock, Cordless",888,-221.904,6,2,-0.2498918918918919
TEC-PH-10002218,"Apple Speaker Phone, Cordless",1614,-161.56,22,5,-0.10009913258983891
TEC-PH-10002222,"Cisco Office Telephone, VoIP",527,147.2025,8,3,0.27932163187855785
TEC-PH-10002251,"Motorola Speaker Phone, Cordless",654,9.548000000000002,9,3,0.014599388379204896
TEC-PH-10002255,"Apple Audio Dock, Full Size",2052,62.01599999999999,13,4,0.030222222222222216
TEC-PH-10002262,LG Electronics Tone+ HBS-730 Bluetooth Headset,905,133.30239999999998,18,4,0.14729546961325965
TEC-PH-10002275,Mitel 5320 IP Phone VoIP phone,2116,211.66879999999998,14,4,0.10003251417769375
TEC-PH-10002292,"Cisco Signal Booster, Full Size",1040,356.136,11,4,0.3424384615384616
TEC-PH-10002293,Anker 36W 4-Port USB Wall Charger Travel Power Adapter for iPhone 5s 5c 5,340,23.1884,22,6,0.06820117647058824
TEC-PH-10002296,"Nokia Headset, Full Size",1269,-44.22,18,4,-0.034846335697399526
TEC-PH-10002296,"Nokia Signal Booster, with Caller ID",2322,381.9,20,4,0.16447028423772608
TEC-PH-10002299,"Nokia Headset, VoIP",396,26.28,6,2,0.06636363636363636
TEC-PH-10002306,"Motorola Smart Phone, Full Size",4208,429.276,11,4,0.10201425855513309
TEC-PH-10002310,Panasonic KX T7731-B Digital phone,660,75.9924,8,3,0.11514
TEC-PH-10002310,Plantronics Calisto P620-M USB Wireless Speakerphone System,2509,505.6542,14,4,0.2015361498605022
TEC-PH-10002312,"Samsung Audio Dock, with Caller ID",2336,-577.68,18,5,-0.24729452054794518
TEC-PH-10002320,"Samsung Speaker Phone, Full Size",2926,85.52969999999999,24,5,0.029230929596719066
TEC-PH-10002332,"Motorola Audio Dock, VoIP",2452,-92.512,22,6,-0.03772920065252855
TEC-PH-10002350,Apple EarPods with Remote and Mic,252,50.382000000000005,10,4,0.19992857142857146
TEC-PH-10002352,Avaya IP Phone 1140E VoIP phone,1395,362.687,5,1,0.25999068100358425
TEC-PH-10002353,"Samsung Signal Booster, Full Size",331,-209.688,4,1,-0.6334984894259819
TEC-PH-10002365,Belkin Grip Candy Sheer Case / Cover for iPhone 5 and 5S,65,12.994399999999999,8,3,0.19991384615384614
TEC-PH-10002387,"Motorola Signal Booster, Cordless",2259,870.824,25,6,0.3854909251881363
TEC-PH-10002392,"Nokia Signal Booster, Cordless",1023,439.34,11,3,0.42946236559139783
TEC-PH-10002398,AT&T 1070 Corded Phone,1070,133.788,12,3,0.1250355140186916
TEC-PH-10002415,Polycom VoiceStation 500 Conference phone,3658,339.1925,15,5,0.09272621651175506
TEC-PH-10002419,"Motorola Headset, Cordless",1528,179.35500000000002,24,5,0.1173789267015707
TEC-PH-10002428,"Apple Headset, VoIP",1919,-143.337,29,6,-0.07469359041167274
TEC-PH-10002443,"Cisco Signal Booster, with Caller ID",1743,21.00839999999998,14,5,0.01205301204819276
TEC-PH-10002447,AT&T CL83451 4-Handset Telephone,1937,473.777,10,4,0.24459318533815178
TEC-PH-10002456,"Cisco Speaker Phone, Cordless",2494,-49.52549999999999,20,6,-0.019857858861267036
TEC-PH-10002468,"Plantronics CS 50-USB - headset - Convertible, Monaural",1470,178.1469,13,5,0.12118836734693876
TEC-PH-10002483,Motorola Moto X,1632,142.79579999999999,6,2,0.08749742647058822
TEC-PH-10002483,"Motorola Office Telephone, with Caller ID",431,-186.84,15,3,-0.4335034802784223
TEC-PH-10002491,"Samsung Office Telephone, Cordless",544,81.6,8,2,0.15
TEC-PH-10002493,"Nokia Signal Booster, with Caller ID",309,-45.5,5,2,-0.14724919093851133
TEC-PH-10002496,Cisco SPA301,4182,904.742,30,9,0.21634194165471066
TEC-PH-10002517,"Cisco Speaker Phone, Cordless",339,-62.208,4,1,-0.18350442477876105
TEC-PH-10002538,Grandstream GXP1160 VoIP phone,804,157.70559999999998,24,6,0.1961512437810945
TEC-PH-10002549,Polycom SoundPoint IP 450 VoIP phone,3840,162.61920000000003,22,6,0.04234875000000001
TEC-PH-10002555,Nortel Meridian M5316 Digital phone,2745,253.77100000000002,13,4,0.09244845173041895
TEC-PH-10002563,Adtran 1202752G1,1990,312.4552,18,5,0.15701266331658292
TEC-PH-10002564,"Motorola Signal Booster, Full Size",2881,212.13899999999998,22,7,0.07363380770565775
TEC-PH-10002564,OtterBox Defender Series Case - Samsung Galaxy S4,690,122.959,27,8,0.17820144927536233
TEC-PH-10002565,"Apple Audio Dock, with Caller ID",4640,241.57199999999997,31,8,0.05206293103448275
TEC-PH-10002570,"Samsung Headset, Full Size",727,-211.67759999999998,15,4,-0.29116588720770287
TEC-PH-10002572,"Nokia Audio Dock, Cordless",678,291.6,6,3,0.4300884955752213
TEC-PH-10002574,"Cisco Speaker Phone, Cordless",1602,368.22,17,4,0.22985018726591763
TEC-PH-10002583,iOttie HLCRIO102 Car Mount,216,-11.994,12,5,-0.05552777777777778
TEC-PH-10002584,Samsung Galaxy S4,6135,438.193,13,5,0.07142510187449062
TEC-PH-10002586,"Nokia Office Telephone, with Caller ID",1468,-345.2685,29,8,-0.2351965258855586
TEC-PH-10002590,"Motorola Audio Dock, Cordless",211,-66.996,2,1,-0.3175165876777251
TEC-PH-10002597,"Apple Signal Booster, with Caller ID",4578,-646.185,42,9,-0.14115006553079945
TEC-PH-10002597,Xblue XB-1670-86 X16 Small Office Telephone - Titanium,605,132.2895,5,2,0.2186603305785124
TEC-PH-10002601,"Motorola Smart Phone, Cordless",13211,-983.481,23,9,-0.07444409961395806
TEC-PH-10002602,"Nokia Headset, Cordless",1823,696.72,26,5,0.38218321448162373
TEC-PH-10002623,"Cisco Smart Phone, with Caller ID",13215,4055.898,25,7,0.3069162315550511
TEC-PH-10002624,Samsung Galaxy S4 Mini,6110,1104.4765,15,5,0.1807653846153846
TEC-PH-10002641,"Motorola Office Telephone, Full Size",438,179.64,6,1,0.41013698630136985
TEC-PH-10002645,LG G2,1500,-374.9925,5,1,-0.249995
TEC-PH-10002645,"Motorola Signal Booster, with Caller ID",1138,364.87350000000004,9,3,0.32062697715289984
TEC-PH-10002647,"Nokia Headset, VoIP",1552,236.53999999999996,35,7,0.15240979381443295
TEC-PH-10002652,"Cisco Smart Phone, Cordless",5863,260.52,10,3,0.04443458980044346
TEC-PH-10002658,"Apple Signal Booster, with Caller ID",273,68.28,2,1,0.2501098901098901
TEC-PH-10002660,Nortel Networks T7316 E Nt8 B27,1877,397.7415,29,6,0.21190277037826316
TEC-PH-10002663,"Nokia Signal Booster, VoIP",2391,422.925,20,5,0.17688205771643664
TEC-PH-10002672,"Cisco Smart Phone, Full Size",7816,1406.8799999999999,18,3,0.18
TEC-PH-10002680,Samsung Galaxy Note 3,2156,153.993,13,3,0.07142532467532467
TEC-PH-10002683,"Apple Smart Phone, Cordless",12241,3021.942,23,7,0.24687051711461483
TEC-PH-10002695,"Samsung Headset, with Caller ID",293,20.4,4,1,0.06962457337883958
TEC-PH-10002699,"Cisco Signal Booster, Full Size",306,30.6,2,1,0.1
TEC-PH-10002708,"Nokia Speaker Phone, with Caller ID",1641,262.4,20,8,0.15990249847653867
TEC-PH-10002713,"Samsung Headset, Cordless",183,-6.12,4,1,-0.03344262295081967
TEC-PH-10002715,"Cisco Audio Dock, VoIP",2914,1136.6399999999999,16,4,0.39006177076183934
TEC-PH-10002726,netTALK DUO VoIP Telephone Service,1113,430.418,26,7,0.3867187780772687
TEC-PH-10002742,"Motorola Audio Dock, Cordless",2680,313.39619999999996,17,5,0.11693888059701492
TEC-PH-10002755,"Apple Headset, VoIP",1078,324.6,24,8,0.30111317254174397
TEC-PH-10002759,"Cisco Smart Phone, Cordless",14723,3387.348,29,6,0.2300718603545473
TEC-PH-10002774,"Nokia Smart Phone, with Caller ID",10394,3236.696,28,6,0.3114004233211468
TEC-PH-10002780,"Motorola Smart Phone, Cordless",1715,702.72,4,2,0.40974927113702625
TEC-PH-10002789,LG Exalt,1155,-212.1464,12,3,-0.1836765367965368
TEC-PH-10002799,"Apple Audio Dock, Full Size",673,235.44,4,1,0.3498365527488856
TEC-PH-10002806,"Apple Audio Dock, VoIP",5764,878.1096,38,8,0.15234378903539209
TEC-PH-10002807,Motorla HX550 Universal Bluetooth Headset,420,122.60499999999999,15,4,0.29191666666666666
TEC-PH-10002815,"Samsung Smart Phone, VoIP",15101,1077.336,38,8,0.07134203032911728
TEC-PH-10002816,"Samsung Signal Booster, Cordless",2474,702.5759999999999,28,7,0.283983831851253
TEC-PH-10002817,RCA ViSYS 25425RE1 Corded phone,324,36.4473,3,1,0.11249166666666666
TEC-PH-10002824,Jabra SPEAK 410 Multidevice Speakerphone,2019,10.299500000000009,13,3,0.005101287766220906
TEC-PH-10002834,Google Nexus 5,3816,710.9605,23,5,0.1863104035639413
TEC-PH-10002844,Speck Products Candyshell Flip Case,189,-18.1948,8,4,-0.09626878306878307
TEC-PH-10002867,"Apple Signal Booster, Cordless",186,-251.1,5,1,-1.3499999999999999
TEC-PH-10002867,"Cisco Smart Phone, with Caller ID",11253,-405.672,27,8,-0.03605011996800853
TEC-PH-10002871,"Motorola Audio Dock, with Caller ID",1897,418.072,18,6,0.22038587243015287
TEC-PH-10002885,Apple iPhone 5,12998,1611.5783999999999,24,6,0.12398664409909216
TEC-PH-10002890,AT&T 17929 Lendline Telephone,1339,167.388,35,10,0.12500970873786407
TEC-PH-10002892,"Nokia Speaker Phone, Cordless",1193,298.2,15,6,0.24995808885163454
TEC-PH-10002898,"Samsung Smart Phone, Full Size",2167,790.416,4,1,0.364751269035533
TEC-PH-10002904,"Motorola Office Telephone, Cordless",1546,90.9192,25,7,0.05880931435963778
TEC-PH-10002904,"Samsung Smart Phone, Full Size",3400,-884.08,12,4,-0.2600235294117647
TEC-PH-10002907,"Motorola Headset, VoIP",1174,37.881,18,4,0.03226660988074957
TEC-PH-10002916,"Apple Speaker Phone, with Caller ID",102,30.819,1,1,0.3021470588235294
TEC-PH-10002922,ShoreTel ShorePhone IP 230 VoIP phone,2906,422.475,21,4,0.14538024776324845
TEC-PH-10002923,"Logitech B530 USB Headset - headset - Full size, Binaural",741,64.73249999999999,25,10,0.08735829959514169
TEC-PH-10002932,"Samsung Speaker Phone, VoIP",1554,399.558,13,3,0.2571158301158301
TEC-PH-10002935,"Samsung Smart Phone, VoIP",11134,-1209.0,20,5,-0.10858631219687444
TEC-PH-10002936,"Nokia Smart Phone, Full Size",3180,381.6,5,1,0.12000000000000001
TEC-PH-10002962,"Motorola Smart Phone, Full Size",8501,2910.756,14,3,0.3424015998117868
TEC-PH-10002991,"Apple Smart Phone, Full Size",7258,-4574.6439,20,4,-0.6302898732433178
TEC-PH-10003002,"Cisco Smart Phone, Full Size",10422,1667.52,16,4,0.16
TEC-PH-10003011,"Cisco Audio Dock, Full Size",2297,610.912,20,7,0.2659608184588594
TEC-PH-10003012,Nortel Meridian M3904 Professional Digital phone,4435,936.2592,32,10,0.2111069222096956
TEC-PH-10003055,"Apple Audio Dock, Cordless",891,66.195,6,2,0.07429292929292929
TEC-PH-10003062,"Apple Audio Dock, Full Size",2185,435.5382,16,5,0.19933098398169338
TEC-PH-10003072,Panasonic KX-TG9541B DECT 6.0 Digital 2-Line Expandable Cordless Phone With Digital Answering System,3060,1147.4235,25,5,0.37497500000000006
TEC-PH-10003075,"Samsung Signal Booster, Full Size",1639,-118.9356,13,6,-0.0725659548505186
TEC-PH-10003078,"Cisco Speaker Phone, with Caller ID",166,2.736,2,1,0.016481927710843374
TEC-PH-10003092,Motorola L804,608,-13.337100000000007,19,6,-0.021936019736842116
TEC-PH-10003095,Samsung HM1900 Bluetooth Headset,493,195.355,27,7,0.3962576064908722
TEC-PH-10003102,"Samsung Audio Dock, with Caller ID",1780,-142.52,18,5,-0.08006741573033709
TEC-PH-10003137,"Nokia Signal Booster, Cordless",1463,292.45500000000004,12,3,0.19990088858509913
TEC-PH-10003153,"Samsung Signal Booster, with Caller ID",921,-443.9175,10,3,-0.4819951140065147
TEC-PH-10003157,"Nokia Speaker Phone, VoIP",2646,394.952,33,6,0.14926379440665155
TEC-PH-10003171,Plantronics Encore H101 Dual Earpieces Headset,747,163.618,18,7,0.2190334672021419
TEC-PH-10003174,RCA ViSYS 25825 Wireless digital phone,728,90.993,7,2,0.12499038461538461
TEC-PH-10003177,"Samsung Speaker Phone, with Caller ID",1413,279.152,20,6,0.19755980184005661
TEC-PH-10003182,"Cisco Office Telephone, with Caller ID",397,145.83599999999998,9,3,0.36734508816120903
TEC-PH-10003187,Anker Astro Mini 3000mAh Ultra-Compact Portable Charger,148,-31.984,9,4,-0.21610810810810813
TEC-PH-10003215,Jackery Bar Premium Fast-charging Portable Charger,468,192.279,18,4,0.4108525641025641
TEC-PH-10003215,"Samsung Headset, Full Size",1073,401.976,27,5,0.3746281453867661
TEC-PH-10003220,"Cisco Headset, VoIP",295,17.7,5,1,0.06
TEC-PH-10003239,"Samsung Signal Booster, with Caller ID",1384,432.8967,12,3,0.3127866329479769
TEC-PH-10003254,"Samsung Office Telephone, Full Size",1383,404.208,32,8,0.29226898047722344
TEC-PH-10003273,AT&T TR1909W,1738,340.173,15,4,0.19572669735327963
TEC-PH-10003303,"Cisco Office Telephone, Cordless",100,-26.688,2,1,-0.26688
TEC-PH-10003312,"Cisco Office Telephone, VoIP",1965,602.32,43,10,0.30652417302798984
TEC-PH-10003325,"Samsung Speaker Phone, with Caller ID",2718,-63.198,24,8,-0.023251655629139074
TEC-PH-10003348,"Cisco Speaker Phone, with Caller ID",2371,736.3776,20,7,0.3105768030366934
TEC-PH-10003353,"Motorola Office Telephone, Cordless",358,26.748,6,2,0.07471508379888268
TEC-PH-10003356,"SmartStand Mobile Device Holder, Assorted Colors",76,10.0656,13,3,0.1324421052631579
TEC-PH-10003357,Grandstream GXP2100 Mainstream Business Phone,597,45.894000000000005,10,4,0.07687437185929649
TEC-PH-10003361,"Samsung Signal Booster, with Caller ID",711,70.928,13,4,0.09975808720112517
TEC-PH-10003368,"Samsung Signal Booster, Full Size",423,-117.708,7,2,-0.2782695035460993
TEC-PH-10003400,"Motorola Signal Booster, VoIP",372,148.90200000000002,3,2,0.4002741935483871
TEC-PH-10003405,"Apple Office Telephone, Full Size",480,-32.135999999999996,12,4,-0.06695
TEC-PH-10003416,"Samsung Office Telephone, with Caller ID",1556,515.384,38,6,0.33122365038560414
TEC-PH-10003430,"Cisco Speaker Phone, VoIP",1258,66.31559999999999,10,4,0.05271510333863274
TEC-PH-10003437,Blue Parrot B250XT Professional Grade Wireless Bluetooth Headset with,1230,127.483,21,4,0.10364471544715448
TEC-PH-10003439,"Apple Audio Dock, VoIP",3174,788.0699999999999,21,5,0.248289224952741
TEC-PH-10003442,Samsung Replacement EH64AVFWE Premium Headset,105,17.875,21,5,0.17023809523809524
TEC-PH-10003457,"Cisco Smart Phone, Full Size",14271,4507.816,34,9,0.31587246864270196
TEC-PH-10003481,"Apple Office Telephone, Full Size",1344,0.6369000000000056,24,6,0.0004738839285714327
TEC-PH-10003484,Ooma Telo VoIP Home Phone System,2017,314.975,18,5,0.15616013882002977
TEC-PH-10003486,"Apple Audio Dock, Cordless",204,-67.932,3,1,-0.333
TEC-PH-10003487,"Motorola Office Telephone, with Caller ID",759,294.1008,12,3,0.38748458498023713
TEC-PH-10003488,"Nokia Signal Booster, VoIP",3388,553.182,25,6,0.16327685950413223
TEC-PH-10003491,"Samsung Office Telephone, Full Size",1660,-53.510400000000004,28,5,-0.03223518072289157
TEC-PH-10003492,"Cisco Audio Dock, Full Size",4373,164.37599999999998,27,7,0.03758884061285159
TEC-PH-10003505,Geemarc AmpliPOWER60,3412,384.192,46,11,0.11260023446658851
TEC-PH-10003511,"Samsung Speaker Phone, Full Size",747,37.26,6,2,0.04987951807228915
TEC-PH-10003513,"Nokia Speaker Phone, VoIP",1689,-224.412,16,3,-0.13286678507992897
TEC-PH-10003522,"Apple Headset, Full Size",1154,496.88,24,8,0.43057192374350084
TEC-PH-10003535,RCA ViSYS 25423RE1 Corded phone,160,13.9986,2,1,0.08749124999999999
TEC-PH-10003546,"Apple Signal Booster, with Caller ID",2610,252.28499999999997,23,7,0.09666091954022987
TEC-PH-10003549,"Samsung Headset, with Caller ID",1112,-139.08,18,6,-0.12507194244604317
TEC-PH-10003555,Motorola HK250 Universal Bluetooth Headset,833,-91.5002,41,9,-0.10984417767106844
TEC-PH-10003556,"Samsung Speaker Phone, VoIP",3551,1146.204,30,7,0.3227834412841453
TEC-PH-10003560,"Cisco Audio Dock, Cordless",3082,215.5,25,5,0.06992212848799481
TEC-PH-10003572,"Apple Office Telephone, VoIP",1137,442.998,18,5,0.38962005277044853
TEC-PH-10003580,"Apple Speaker Phone, Full Size",996,19.92,12,3,0.02
TEC-PH-10003580,Cisco IP Phone 7961G-GE VoIP phone,2253,-119.119,15,4,-0.05287128273413227
TEC-PH-10003589,invisibleSHIELD by ZAGG Smudge-Free Screen Protector,442,171.2648,29,7,0.3874769230769231
TEC-PH-10003601,"Apple Office Telephone, with Caller ID",412,-202.536,10,3,-0.4915922330097087
TEC-PH-10003601,"Ativa D5772 2-Line 5.8GHz Digital Expandable Corded/Cordless Phone System with Answering & Caller ID/Call Waiting, Black/Silver",1980,593.964,12,4,0.2999818181818182
TEC-PH-10003613,"Apple Signal Booster, VoIP",3834,443.847,31,6,0.11576604068857589
TEC-PH-10003620,"Apple Signal Booster, Cordless",4255,487.71000000000004,36,10,0.11462044653349002
TEC-PH-10003636,"Samsung Speaker Phone, Cordless",806,151.17600000000002,10,5,0.1875632754342432
TEC-PH-10003645,Aastra 57i VoIP phone,3686,575.3316,26,7,0.15608562126966902
TEC-PH-10003646,"Nokia Audio Dock, Full Size",403,-60.528,4,1,-0.15019354838709678
TEC-PH-10003652,"Motorola Headset, Cordless",842,-12.4479,11,3,-0.01478372921615202
TEC-PH-10003655,Sannysis Cute Owl Design Soft Skin Case Cover for Samsung Galaxy S4,14,2.2967999999999997,8,2,0.16405714285714285
TEC-PH-10003683,"Motorola Audio Dock, VoIP",4978,543.822,36,8,0.10924507834471675
TEC-PH-10003691,BlackBerry Q10,3099,548.0565,27,6,0.17684946757018394
TEC-PH-10003698,"Nokia Signal Booster, Full Size",483,-62.084999999999994,5,2,-0.12854037267080745
TEC-PH-10003713,"Cisco Audio Dock, Cordless",3023,-355.24800000000005,21,5,-0.11751505127356932
TEC-PH-10003713,"Nokia Smart Phone, Cordless",8587,2175.465,14,3,0.25334400838476767
TEC-PH-10003723,"Samsung Audio Dock, with Caller ID",1111,-130.1922,8,4,-0.117184698469847
TEC-PH-10003752,"Nokia Office Telephone, VoIP",489,64.95,10,4,0.13282208588957056
TEC-PH-10003762,"Motorola Smart Phone, Full Size",8483,2107.668,16,3,0.2484578568902511
TEC-PH-10003764,"Cisco Office Telephone, Cordless",366,99.844,8,4,0.27279781420765026
TEC-PH-10003770,"Apple Speaker Phone, Full Size",991,351.1305,9,4,0.3543193743693239
TEC-PH-10003772,"Cisco Headset, Cordless",1186,144.0942,15,5,0.12149595278246206
TEC-PH-10003774,"Cisco Headset, with Caller ID",1274,424.416,16,4,0.33313657770800625
TEC-PH-10003784,"Motorola Signal Booster, Full Size",405,-28.924,5,2,-0.07141728395061728
TEC-PH-10003784,"Motorola Signal Booster, with Caller ID",1355,-109.0989,11,3,-0.08051579335793357
TEC-PH-10003793,"Nokia Office Telephone, VoIP",609,158.20000000000002,14,6,0.2597701149425288
TEC-PH-10003794,"Nokia Smart Phone, Full Size",6042,-612.162,12,5,-0.10131777557100298
TEC-PH-10003796,"Apple Headset, with Caller ID",425,-142.362,9,3,-0.33496941176470585
TEC-PH-10003800,i.Sound Portable Power - 8000 mAh,414,-58.8189,9,5,-0.1420746376811594
TEC-PH-10003811,Jabra Supreme Plus Driver Edition Headset,2160,259.1784,22,5,0.11999
TEC-PH-10003813,"Samsung Signal Booster, VoIP",956,-212.07,9,2,-0.22183054393305437
TEC-PH-10003823,"Apple Headset, Full Size",1853,626.0985000000001,27,8,0.3378837021046951
TEC-PH-10003847,"Apple Headset, with Caller ID",1905,-25.919999999999984,31,7,-0.013606299212598417
TEC-PH-10003856,"Motorola Smart Phone, with Caller ID",9683,1355.4,15,3,0.13997727976866675
TEC-PH-10003870,"Samsung Signal Booster, VoIP",1366,83.6,16,3,0.06120058565153733
TEC-PH-10003875,KLD Oscar II Style Snap-on Ultra Thin Side Flip Synthetic Leather Cover Case for HTC One HTC M7,126,36.644400000000005,13,3,0.2908285714285715
TEC-PH-10003877,"Samsung Office Telephone, Cordless",1333,81.372,30,6,0.061044261065266316
TEC-PH-10003885,"Cisco Headset, with Caller ID",118,33.0,2,1,0.2796610169491525
TEC-PH-10003885,Cisco SPA508G,911,207.86849999999998,15,5,0.2281761800219539
TEC-PH-10003891,"Cisco Audio Dock, with Caller ID",3431,1252.2195000000002,21,4,0.36497216554940254
TEC-PH-10003913,"Samsung Signal Booster, Cordless",1992,298.3476,15,4,0.14977289156626505
TEC-PH-10003916,"Motorola Office Telephone, with Caller ID",427,-50.358,7,1,-0.11793442622950819
TEC-PH-10003927,"Cisco Signal Booster, Full Size",2112,33.635999999999996,14,6,0.01592613636363636
TEC-PH-10003927,"Nokia Audio Dock, with Caller ID",2929,862.0218,20,8,0.29430583817002387
TEC-PH-10003931,JBL Micro Wireless Portable Bluetooth Speaker,780,14.997499999999999,17,6,0.019227564102564102
TEC-PH-10003932,"Apple Audio Dock, VoIP",2895,-98.32,28,8,-0.03396200345423143
TEC-PH-10003935,"Cisco Speaker Phone, Full Size",1118,-559.0799999999999,18,5,-0.5000715563506261
TEC-PH-10003945,"Nokia Audio Dock, VoIP",4806,-40.57599999999999,44,13,-0.008442779858510194
TEC-PH-10003946,"Cisco Office Telephone, VoIP",927,-26.835000000000008,13,4,-0.028948220064724927
TEC-PH-10003954,"Cisco Signal Booster, Cordless",1512,117.5304,11,3,0.07773174603174603
TEC-PH-10003960,"Apple Speaker Phone, with Caller ID",2935,344.82000000000005,28,6,0.11748551959114141
TEC-PH-10003963,"Apple Signal Booster, Full Size",3243,-1083.72,33,8,-0.33417206290471785
TEC-PH-10003963,GE 2-Jack Phone Line Splitter,1771,94.75540000000001,11,3,0.05350389610389611
TEC-PH-10003970,"Cisco Headset, Full Size",837,301.28,14,3,0.3599522102747909
TEC-PH-10003980,"Apple Signal Booster, VoIP",455,41.0,5,2,0.09010989010989011
TEC-PH-10003982,"Cisco Speaker Phone, VoIP",185,-175.54,5,1,-0.9488648648648649
TEC-PH-10003988,"LF Elite 3D Dazzle Designer Hard Case Cover, Lf Stylus Pen and Wiper For Apple Iphone 5c Mini Lite",264,41.856,28,8,0.15854545454545454
TEC-PH-10003994,"Apple Office Telephone, Full Size",533,85.2,8,1,0.1598499061913696
TEC-PH-10003995,"Nokia Audio Dock, VoIP",3413,648.9135,23,7,0.19012994433050104
TEC-PH-10004006,"Nokia Audio Dock, Full Size",1119,307.4298,7,2,0.2747361930294906
TEC-PH-10004006,Panasonic KX - TS880B Telephone,453,122.4234,11,3,0.2702503311258278
TEC-PH-10004028,"Apple Headset, Full Size",2288,246.315,33,5,0.10765515734265735
TEC-PH-10004042,ClearOne Communications CHAT 70 OC Speaker Phone,1686,273.4628,12,4,0.16219620403321472
TEC-PH-10004048,"Apple Audio Dock, Full Size",2913,120.72000000000003,28,8,0.04144181256436664
TEC-PH-10004057,"Motorola Smart Phone, with Caller ID",2582,516.36,6,1,0.19998450813323007
TEC-PH-10004071,PayAnywhere Card Reader,200,17.4825,25,5,0.0874125
TEC-PH-10004074,"Samsung Smart Phone, with Caller ID",6870,-50.96000000000001,17,5,-0.007417758369723437
TEC-PH-10004080,Avaya 5410 Digital phone,625,-10.878400000000003,13,4,-0.017405440000000005
TEC-PH-10004085,"Apple Audio Dock, with Caller ID",1943,271.83959999999996,13,4,0.13990715388574368
TEC-PH-10004093,"Motorola Audio Dock, VoIP",347,97.08,2,1,0.27976945244956775
TEC-PH-10004093,Panasonic Kx-TS550,846,95.1993,23,7,0.11252872340425531
TEC-PH-10004094,Motorola L703CM,4212,467.97,32,6,0.11110398860398861
TEC-PH-10004100,Griffin GC17055 Auxiliary Audio Cable,396,46.0544,27,6,0.1162989898989899
TEC-PH-10004105,"Motorola Speaker Phone, VoIP",3377,134.94,26,5,0.03995854308557892
TEC-PH-10004120,AT&T 1080 Phone,1590,271.2402,13,3,0.170591320754717
TEC-PH-10004144,"Apple Speaker Phone, Full Size",897,-239.47200000000004,12,2,-0.2669698996655519
TEC-PH-10004152,"Apple Headset, VoIP",605,37.3275,9,4,0.06169834710743802
TEC-PH-10004162,"Samsung Speaker Phone, Cordless",965,22.558500000000002,9,2,0.023376683937823838
TEC-PH-10004165,Mitel MiVoice 5330e IP Phone,7700,780.9716,34,9,0.10142488311688311
TEC-PH-10004182,"Motorola Smart Phone, Full Size",4713,1225.1799999999998,11,3,0.25995756418417143
TEC-PH-10004184,"Motorola Headset, with Caller ID",617,128.496,18,5,0.20825931928687197
TEC-PH-10004188,OtterBox Commuter Series Case - Samsung Galaxy S4,385,-55.9776,18,4,-0.14539636363636363
TEC-PH-10004196,"Samsung Smart Phone, Cordless",16274,-1951.08,46,10,-0.11988939412559911
TEC-PH-10004200,"Motorola Audio Dock, Full Size",1507,47.06579999999999,11,4,0.031231453218314525
TEC-PH-10004211,"Cisco Headset, Cordless",949,116.73599999999999,12,2,0.1230094836670179
TEC-PH-10004221,"Samsung Speaker Phone, Cordless",3489,1220.3712,30,7,0.34977678417884783
TEC-PH-10004223,"Cisco Speaker Phone, Full Size",1111,280.92150000000004,9,2,0.25285463546354636
TEC-PH-10004235,"Nokia Signal Booster, VoIP",1457,30.640000000000008,18,3,0.021029512697323272
TEC-PH-10004237,"Nokia Office Telephone, with Caller ID",1086,401.5,25,6,0.36970534069981587
TEC-PH-10004241,"Cisco Headset, Cordless",1283,36.1245,15,4,0.028156274356975836
TEC-PH-10004241,Nokia Lumia 1020,1440,143.9968,4,1,0.09999777777777778
TEC-PH-10004242,"Apple Speaker Phone, VoIP",1809,269.4,24,8,0.14892205638474293
TEC-PH-10004251,"Nokia Audio Dock, Full Size",1165,197.088,12,3,0.1691742489270386
TEC-PH-10004261,"Nokia Signal Booster, Full Size",4121,848.7468,33,10,0.20595651540888135
TEC-PH-10004263,"Cisco Signal Booster, with Caller ID",3273,424.93649999999997,25,7,0.12983088909257562
TEC-PH-10004271,"Cisco Speaker Phone, VoIP",2183,604.0275,17,5,0.27669606046724693
TEC-PH-10004272,"Nokia Headset, Cordless",273,13.535999999999998,6,2,0.049582417582417576
TEC-PH-10004281,"Samsung Audio Dock, Cordless",5130,1937.6664,33,7,0.37771274853801173
TEC-PH-10004287,"Cisco Headset, Cordless",1302,70.524,23,6,0.05416589861751152
TEC-PH-10004297,"Motorola Speaker Phone, Full Size",1867,-115.64249999999998,17,4,-0.061940278521692545
TEC-PH-10004300,"Apple Office Telephone, Cordless",2296,959.5409999999999,37,9,0.4179185540069686
TEC-PH-10004327,"Motorola Smart Phone, Full Size",3220,965.85,5,1,0.29995341614906834
TEC-PH-10004328,"Motorola Audio Dock, Cordless",2889,159.448,28,7,0.0551914157147802
TEC-PH-10004345,Cisco SPA 502G IP Phone,2064,299.875,21,5,0.14528827519379844
TEC-PH-10004348,OtterBox Defender Series Case - iPhone 5c,133,3.6979999999999995,5,2,0.027804511278195485
TEC-PH-10004350,"Samsung Headset, Cordless",1364,326.817,22,4,0.23960190615835777
TEC-PH-10004358,"Cisco Audio Dock, VoIP",2065,149.28,19,5,0.07229055690072639
TEC-PH-10004358,"Samsung Office Telephone, Cordless",2667,32.87400000000002,43,7,0.012326209223847025
TEC-PH-10004389,Nokia Lumia 925,1310,284.7374,11,3,0.21735679389312976
TEC-PH-10004402,"Cisco Headset, with Caller ID",3118,910.7256,43,10,0.2920864656831302
TEC-PH-10004404,"Samsung Headset, VoIP",1027,359.1,21,6,0.3496592015579358
TEC-PH-10004434,Cisco IP Phone 7961G VoIP phone - Dark gray,1387,228.39600000000002,12,3,0.16466906993511177
TEC-PH-10004437,"Cisco Speaker Phone, with Caller ID",2197,732.896,26,5,0.33358944014565317
TEC-PH-10004447,Toshiba IPT2010-SD IP Telephone,3614,425.3094,31,8,0.11768384061981184
TEC-PH-10004450,"Cisco Office Telephone, Full Size",1545,154.035,21,4,0.09969902912621359
TEC-PH-10004503,"Apple Audio Dock, VoIP",134,-187.056,3,1,-1.3959402985074627
TEC-PH-10004505,"Nokia Smart Phone, Full Size",11249,-1230.7124999999999,22,6,-0.10940639167926036
TEC-PH-10004509,"Nokia Audio Dock, Cordless",2973,665.9127000000001,20,6,0.2239867810292634
TEC-PH-10004522,Dexim XPower Skin Super-Thin Power Case for iPhone 5 - Black,468,-14.622499999999997,11,3,-0.031244658119658115
TEC-PH-10004531,AT&T CL2909,755,50.395999999999994,8,3,0.06674966887417218
TEC-PH-10004531,OtterBox Commuter Series Case - iPhone 5 & 5s,286,102.91319999999999,16,4,0.3598363636363636
TEC-PH-10004536,Avaya 5420 Digital phone,1539,323.976,12,3,0.21051072124756334
TEC-PH-10004539,Wireless Extenders zBoost YX545 SOHO Signal Booster,4045,733.2812,24,7,0.18128088998763905
TEC-PH-10004544,"Motorola Speaker Phone, with Caller ID",1191,149.24040000000002,11,3,0.1253068010075567
TEC-PH-10004552,"Motorola Office Telephone, Full Size",1345,102.11999999999999,25,5,0.07592565055762081
TEC-PH-10004553,"Cisco Audio Dock, VoIP",729,225.84,4,1,0.30979423868312755
TEC-PH-10004554,"Samsung Audio Dock, VoIP",1861,619.158,12,2,0.33270177324019345
TEC-PH-10004559,"Nokia Speaker Phone, with Caller ID",2367,281.9145,22,5,0.11910202788339669
TEC-PH-10004570,"Apple Speaker Phone, Cordless",303,-75.72,4,1,-0.2499009900990099
TEC-PH-10004575,"Motorola Smart Phone, Cordless",2571,102.84,4,1,0.04
TEC-PH-10004577,"Samsung Office Telephone, with Caller ID",157,-90.072,9,1,-0.5737070063694267
TEC-PH-10004578,"Nokia Office Telephone, with Caller ID",1047,7.790399999999991,21,6,0.007440687679083086
TEC-PH-10004583,"Motorola Smart Phone, Cordless",11088,-270.435,19,4,-0.02438988095238095
TEC-PH-10004586,Wilson SignalBoost 841262 DB PRO Amplifier Kit,5328,1043.855,17,6,0.19591873123123124
TEC-PH-10004597,"Apple Signal Booster, with Caller ID",1604,-127.84,20,4,-0.07970074812967581
TEC-PH-10004601,"Nokia Audio Dock, with Caller ID",3284,166.27799999999996,22,6,0.050632764920828244
TEC-PH-10004614,AT&T 841000 Phone,1615,165.6,28,7,0.10253869969040247
TEC-PH-10004614,"Cisco Headset, Full Size",1728,483.0525,21,6,0.27954427083333333
TEC-PH-10004618,"Motorola Signal Booster, Cordless",3550,974.7936,28,5,0.27458974647887324
TEC-PH-10004618,"Motorola Speaker Phone, VoIP",2650,-13.152000000000001,25,7,-0.004963018867924529
TEC-PH-10004626,"Cisco Smart Phone, with Caller ID",1308,536.46,2,1,0.4101376146788991
TEC-PH-10004631,"Cisco Audio Dock, with Caller ID",1481,515.736,15,3,0.34823497636731937
TEC-PH-10004635,"Samsung Office Telephone, with Caller ID",1382,-23.495999999999995,28,7,-0.01700144717800289
TEC-PH-10004636,"Nokia Audio Dock, with Caller ID",333,146.7,3,1,0.4405405405405405
TEC-PH-10004655,"Apple Speaker Phone, Cordless",1338,203.0115,12,4,0.15172757847533633
TEC-PH-10004655,"Motorola Office Telephone, Cordless",199,95.44,4,1,0.4795979899497487
TEC-PH-10004664,"Nokia Smart Phone, with Caller ID",30042,5455.9482,52,10,0.1816106850409427
TEC-PH-10004667,Cisco 8x8 Inc. 6753i IP Business Phone System,2646,83.69379999999998,26,6,0.031630309901738464
TEC-PH-10004675,"Nokia Audio Dock, VoIP",2659,586.7502,18,7,0.2206657389996239
TEC-PH-10004680,"Samsung Speaker Phone, with Caller ID",2317,960.912,20,4,0.4147224859732413
TEC-PH-10004682,"Cisco Headset, VoIP",854,93.7692,11,3,0.1098
TEC-PH-10004700,PowerGen Dual USB Car Charger,128,52.3476,14,4,0.408965625
TEC-PH-10004707,"Samsung Signal Booster, Cordless",809,232.72199999999998,7,3,0.2876662546353523
TEC-PH-10004714,"Motorola Office Telephone, VoIP",535,173.661,9,3,0.3246
TEC-PH-10004732,"Cisco Office Telephone, Cordless",1249,196.52999999999997,16,3,0.15734987990392313
TEC-PH-10004760,"Samsung Office Telephone, with Caller ID",614,-191.36759999999998,13,4,-0.31167361563517915
TEC-PH-10004772,"Motorola Signal Booster, VoIP",1861,-179.33999999999997,15,4,-0.09636754433100482
TEC-PH-10004774,Gear Head AU3700S Headset,190,-11.950800000000001,16,3,-0.06289894736842105
TEC-PH-10004800,"Apple Headset, Full Size",536,172.92,8,2,0.3226119402985074
TEC-PH-10004810,"Samsung Speaker Phone, Full Size",1992,194.13000000000002,19,5,0.09745481927710845
TEC-PH-10004823,"Nokia Smart Phone, Full Size",22261,8121.4800000000005,39,11,0.3648299716993846
TEC-PH-10004825,"Cisco Headset, VoIP",399,-111.555,6,3,-0.27958646616541355
TEC-PH-10004827,"Samsung Headset, Cordless",1053,408.1725,16,5,0.3876282051282051
TEC-PH-10004830,Pyle PRT45 Retro Home Telephone,202,22.6764,4,1,0.11225940594059407
TEC-PH-10004833,Macally Suction Cup Mount,279,-31.07,26,4,-0.11136200716845879
TEC-PH-10004871,"Motorola Headset, Cordless",1386,-97.86800000000001,29,9,-0.07061183261183261
TEC-PH-10004875,PNY Rapid USB Car Charger - Black,10,-2.0774,2,1,-0.20773999999999998
TEC-PH-10004879,"Nokia Headset, Cordless",1344,40.992,22,6,0.0305
TEC-PH-10004880,"Cisco Signal Booster, Cordless",927,306.18,9,3,0.33029126213592236
TEC-PH-10004882,"Nokia Office Telephone, VoIP",574,-1.4639999999999986,14,3,-0.0025505226480836214
TEC-PH-10004888,"Samsung Audio Dock, VoIP",2071,877.8480000000001,21,8,0.4238763882182521
TEC-PH-10004896,Nokia Lumia 521 (T-Mobile),516,83.972,20,5,0.16273643410852712
TEC-PH-10004897,Mediabridge Sport Armband iPhone 5s,258,-38.961,30,7,-0.15101162790697673
TEC-PH-10004901,"Nokia Office Telephone, Cordless",1516,54.188,35,10,0.03574406332453826
TEC-PH-10004908,Panasonic KX TS3282W Corded phone,1666,178.47899999999998,25,7,0.10713025210084033
TEC-PH-10004910,"Samsung Signal Booster, Full Size",4537,2026.752,35,7,0.4467163323782235
TEC-PH-10004912,Cisco SPA112 2 Port Phone Adapter,517,87.37049999999999,11,3,0.16899516441005802
TEC-PH-10004915,"Nokia Speaker Phone, Cordless",466,35.28,6,2,0.07570815450643777
TEC-PH-10004922,RCA Visys Integrated PBX 8-Line Router,1086,130.63049999999998,19,5,0.12028591160220993
TEC-PH-10004924,"SKILCRAFT Telephone Shoulder Rest, 2"" x 6.5"" x 2.5"", Black",57,13.006400000000001,8,3,0.2281824561403509
TEC-PH-10004933,"Samsung Headset, VoIP",623,240.375,9,3,0.3858346709470305
TEC-PH-10004940,"Nokia Signal Booster, with Caller ID",546,60.0,4,1,0.10989010989010989
TEC-PH-10004959,Classic Ivory Antique Telephone ZL1810,341,40.196,4,2,0.11787683284457477
TEC-PH-10004959,"Motorola Audio Dock, with Caller ID",2167,788.775,15,5,0.36399400092293493
TEC-PH-10004970,"Nokia Headset, Full Size",248,59.5,5,2,0.2399193548387097
TEC-PH-10004977,GE 30524EE4,5291,838.8371999999999,32,9,0.15854038934038933
TEC-PH-10004992,"Apple Office Telephone, Full Size",627,178.278,12,5,0.28433492822966505
TEC-SAM-10000345,"Samsung Audio Dock, with Caller ID",2436,-1286.832,23,6,-0.5282561576354681
TEC-SAM-10000588,"Samsung Office Telephone, Full Size",306,22.446000000000005,6,2,0.0733529411764706
TEC-SAM-10000613,"Samsung Speaker Phone, with Caller ID",1774,-79.10400000000001,16,6,-0.04459075535512966
TEC-SAM-10000765,"Samsung Signal Booster, Full Size",1626,479.784,16,8,0.295070110701107
TEC-SAM-10000779,"Samsung Signal Booster, Cordless",3249,862.5419999999999,29,14,0.26547922437673127
TEC-SAM-10001013,"Samsung Audio Dock, Cordless",2174,223.944,14,9,0.10301011959521618
TEC-SAM-10001017,"Samsung Speaker Phone, Cordless",1753,-550.0889999999999,22,8,-0.3137986309184255
TEC-SAM-10001131,"Samsung Smart Phone, VoIP",1526,-324.504,3,3,-0.2126500655307995
TEC-SAM-10001843,"Samsung Audio Dock, Full Size",906,-262.392,8,6,-0.2896158940397351
TEC-SAM-10001935,"Samsung Office Telephone, Cordless",380,-23.897999999999996,7,4,-0.06288947368421052
TEC-SAM-10001985,"Samsung Headset, Cordless",943,418.86,13,2,0.44417815482502654
TEC-SAM-10002496,"Samsung Speaker Phone, VoIP",542,98.652,5,2,0.18201476014760148
TEC-SAM-10002682,"Samsung Headset, Full Size",170,-25.412999999999997,3,3,-0.14948823529411762
TEC-SAM-10003205,"Samsung Audio Dock, VoIP",434,-60.16799999999999,4,3,-0.1386359447004608
TEC-SAM-10003493,"Samsung Signal Booster, VoIP",2858,781.7819999999999,23,6,0.2735416375087473
TEC-SAM-10003520,"Samsung Headset, VoIP",1261,410.38800000000003,20,3,0.3254464710547185
TEC-SAM-10003538,"Samsung Speaker Phone, Full Size",425,44.80199999999999,4,4,0.10541647058823528
TEC-SAM-10003891,"Samsung Headset, with Caller ID",513,-252.54,11,6,-0.49228070175438593
TEC-SAM-10003948,"Samsung Signal Booster, with Caller ID",548,-409.77,7,4,-0.7477554744525547
TEC-SAM-10004230,"Samsung Smart Phone, Cordless",5112,357.84000000000003,8,3,0.07
TEC-SAM-10004384,"Samsung Office Telephone, VoIP",1123,-360.828,32,11,-0.32130721282279606
TEC-SAM-10004785,"Samsung Smart Phone, with Caller ID",5725,2805.3,9,5,0.4900087336244542
TEC-SAM-10004851,"Samsung Office Telephone, with Caller ID",325,75.0,5,4,0.23076923076923078
TEC-SAM-10004940,"Samsung Smart Phone, Full Size",3124,1402.3560000000002,5,2,0.448897567221511
TEC-SAN-10000060,"SanDisk Mouse, Bluetooth",436,-74.916,15,6,-0.1718256880733945
TEC-SAN-10000142,"SanDisk Mouse, Erganomic",28,-28.944,2,2,-1.0337142857142856
TEC-SAN-10000235,"SanDisk Router, USB",2643,1005.4380000000001,11,5,0.38041543700340524
TEC-SAN-10000250,"SanDisk Memory Card, USB",676,-108.12,8,4,-0.15994082840236687
TEC-SAN-10000260,"SanDisk Keyboard, Programmable",548,-79.812,9,6,-0.14564233576642335
TEC-SAN-10000740,"SanDisk Numeric Keypad, Bluetooth",399,-100.008,9,4,-0.2506466165413534
TEC-SAN-10001506,"SanDisk Router, Programmable",1238,-1176.1200000000001,12,4,-0.9500161550888531
TEC-SAN-10001738,"SanDisk Mouse, Programmable",56,7.134,2,2,0.12739285714285714
TEC-SAN-10001899,"SanDisk Keyboard, Erganomic",1230,-13.00500000000001,18,10,-0.010573170731707325
TEC-SAN-10002254,"SanDisk Mouse, USB",156,29.16,4,4,0.18692307692307691
TEC-SAN-10002477,"SanDisk Flash Drive, Bluetooth",1194,446.50800000000004,35,6,0.3739597989949749
TEC-SAN-10002684,"SanDisk Flash Drive, USB",296,-11.13,8,6,-0.037601351351351356
TEC-SAN-10002871,"SanDisk Numeric Keypad, USB",265,85.05000000000001,5,3,0.32094339622641516
TEC-SAN-10002954,"SanDisk Memory Card, Programmable",456,45.48,4,3,0.09973684210526315
TEC-SAN-10003238,"SanDisk Router, Erganomic",2287,914.76,9,5,0.399982509838216
TEC-SAN-10003336,"SanDisk Numeric Keypad, Erganomic",137,-5.129999999999999,3,2,-0.03744525547445255
TEC-SAN-10003793,"SanDisk Memory Card, Erganomic",771,-41.97,9,5,-0.05443579766536965
TEC-SAN-10004027,"SanDisk Memory Card, Bluetooth",1664,-194.53200000000004,19,4,-0.11690625000000002
TEC-SAN-10004181,"SanDisk Keyboard, USB",115,-35.994,2,2,-0.31299130434782607
TEC-SAN-10004215,"SanDisk Keyboard, Bluetooth",196,21.942,3,2,0.11194897959183674
TEC-SAN-10004424,"SanDisk Router, Bluetooth",2231,666.3449999999999,10,5,0.29867548184670545
TEC-SAN-10004721,"SanDisk Numeric Keypad, Bluetooth",498,79.64999999999999,9,6,0.15993975903614457
TEC-SAN-10004885,"SanDisk Flash Drive, Erganomic",421,-90.765,14,8,-0.2155938242280285
TEC-SAN-10004999,"SanDisk Flash Drive, Programmable",16,-7.824,1,1,-0.489
TEC-SHA-10000052,"Sharp Copy Machine, Color",2481,811.512,11,3,0.3270906892382104
TEC-SHA-10000244,"Sharp Fax Machine, Laser",1479,132.89999999999998,5,4,0.08985801217038537
TEC-SHA-10000306,"Sharp Copy Machine, Color",2185,-266.40000000000003,12,4,-0.12192219679633869
TEC-SHA-10000479,"Sharp Personal Copier, Digital",598,299.1,5,3,0.5001672240802676
TEC-SHA-10000501,"Sharp Wireless Fax, High-Speed",2833,311.52,8,1,0.10996117190257677
TEC-SHA-10000971,"Sharp Fax Machine, Color",2732,-546.732,12,7,-0.20012152269399705
TEC-SHA-10001103,"Sharp Copy Machine, Laser",1291,42.876000000000005,6,5,0.03321146398140976
TEC-SHA-10001231,"Sharp Wireless Fax, Color",3716,1082.4840000000002,11,6,0.29130355220667387
TEC-SHA-10001309,"Sharp Fax Machine, Digital",2362,0.0,8,4,0.0
TEC-SHA-10001413,"Sharp Personal Copier, Color",546,-340.32,10,5,-0.6232967032967033
TEC-SHA-10001976,"Sharp Ink, High-Speed",123,9.78,1,1,0.07951219512195122
TEC-SHA-10002034,"Sharp Personal Copier, Laser",1872,-45.599999999999994,17,4,-0.024358974358974356
TEC-SHA-10002696,"Sharp Ink, Color",1296,562.335,11,4,0.433900462962963
TEC-SHA-10002753,"Sharp Fax and Copier, High-Speed",1002,120.06,6,3,0.11982035928143712
TEC-SHA-10003039,"Sharp Fax and Copier, Digital",2186,743.3399999999999,13,5,0.3400457456541628
TEC-SHA-10003353,"Sharp Copy Machine, High-Speed",431,-373.5,6,1,-0.8665893271461717
TEC-SHA-10003670,"Sharp Wireless Fax, Laser",2706,302.53200000000004,9,4,0.11180044345898006
TEC-SHA-10004083,"Sharp Fax and Copier, Laser",1348,606.96,8,3,0.4502670623145401
TEC-SHA-10004151,"Sharp Fax and Copier, Color",510,249.93,3,2,0.49005882352941177
TEC-SHA-10004184,"Sharp Personal Copier, High-Speed",507,159.51000000000002,5,4,0.31461538461538463
TEC-SHA-10004390,"Sharp Wireless Fax, Digital",1779,71.10000000000001,5,4,0.039966273187183814
TEC-SHA-10004658,"Sharp Ink, Laser",124,19.89,1,1,0.1604032258064516
TEC-SHA-10004874,"Sharp Fax Machine, High-Speed",2439,349.425,9,5,0.14326568265682657
TEC-STA-10000008,"StarTech Calculator, Wireless",632,-7.661999999999999,17,5,-0.012123417721518986
TEC-STA-10000546,"StarTech Calculator, Red",831,105.38399999999999,23,7,0.12681588447653427
TEC-STA-10000699,"StarTech Phone, Red",381,126.051,6,5,0.33084251968503936
TEC-STA-10000893,"StarTech Inkjet, White",1615,609.768,6,4,0.37756532507739937
TEC-STA-10001232,"StarTech Phone, Durable",462,-155.262,9,6,-0.33606493506493507
TEC-STA-10001407,"StarTech Phone, Wireless",449,35.64,6,5,0.07937639198218263
TEC-STA-10001487,"StarTech Calculator, White",325,-200.535,14,7,-0.6170307692307693
TEC-STA-10001994,"StarTech Printer, Wireless",1536,338.04,6,4,0.220078125
TEC-STA-10002286,"StarTech Receipt Printer, White",1090,370.5,10,3,0.33990825688073395
TEC-STA-10002459,"StarTech Printer, Durable",308,-635.652,4,1,-2.063805194805195
TEC-STA-10002497,"StarTech Card Printer, White",2672,-865.0050000000001,26,6,-0.3237294161676647
TEC-STA-10002650,"StarTech Card Printer, Wireless",735,-457.94999999999993,10,5,-0.6230612244897958
TEC-STA-10003065,"StarTech Receipt Printer, Durable",44,-45.39,1,1,-1.031590909090909
TEC-STA-10003081,"StarTech Phone, White",1320,459.03299999999996,20,6,0.3477522727272727
TEC-STA-10003330,"StarTech Printer, Red",3495,1329.516,15,7,0.3804051502145923
TEC-STA-10003386,"StarTech Inkjet, Wireless",3321,0.0,11,3,0.0
TEC-STA-10003447,"StarTech Printer, White",1884,213.73200000000003,8,4,0.11344585987261148
TEC-STA-10003550,"StarTech Card Printer, Red",2153,150.99,14,6,0.07013005109150024
TEC-STA-10003925,"StarTech Card Printer, Durable",1112,130.776,8,5,0.1176043165467626
TEC-STA-10004181,"StarTech Inkjet, Durable",3121,182.892,11,6,0.05860044857417494
TEC-STA-10004536,"StarTech Inkjet, Wireless",1812,54.18,6,5,0.02990066225165563
TEC-STA-10004542,"StarTech Calculator, Durable",897,113.952,23,5,0.12703678929765885
TEC-STA-10004834,"StarTech Receipt Printer, Red",204,-145.563,5,2,-0.7135441176470587
TEC-STA-10004927,"StarTech Receipt Printer, Wireless",221,15.48,2,1,0.07004524886877828
